[info] Loaded 0 existing articles from output file.
[info] Processing 860 articles for steps: [0.25, 0.5, 0.75]
[info] [1/860] Generating steps [0.25, 0.5, 0.75] for 'https://www.apotheken-umschau.de/einfache-sprache/krankheiten/weitsichtigkeit-753261.html'...
  -> Calling model for step 0.25...
  -> Success (12.0s, 3156 chars)
  -> Calling model for step 0.50...
  -> Success (9.3s, 2860 chars)
  -> Calling model for step 0.75...
  -> Success (10.7s, 2938 chars)
[info] [1/860] Completed all steps for 'https://www.apotheken-umschau.de/einfache-sprache/krankheiten/weitsichtigkeit-753261.html'.
[info] [2/860] Generating steps [0.25, 0.5, 0.75] for 'https://www.apotheken-umschau.de/einfache-sprache/medikamente-heilpflanzen/baldrian-769821.html'...
  -> Calling model for step 0.25...
  -> Success (8.4s, 2841 chars)
  -> Calling model for step 0.50...
  -> Success (9.4s, 3062 chars)
  -> Calling model for step 0.75...
  -> Success (7.3s, 2308 chars)
[info] [2/860] Completed all steps for 'https://www.apotheken-umschau.de/einfache-sprache/medikamente-heilpflanzen/baldrian-769821.html'.
[info] [3/860] Generating steps [0.25, 0.5, 0.75] for 'https://www.apotheken-umschau.de/einfache-sprache/krankheiten/magenschleimhaut-entzuendung-722625.html'...
  -> Calling model for step 0.25...
  -> Success (13.1s, 3936 chars)
  -> Calling model for step 0.50...
  -> Success (10.8s, 3500 chars)
  -> Calling model for step 0.75...
  -> Success (11.3s, 3259 chars)
[info] [3/860] Completed all steps for 'https://www.apotheken-umschau.de/einfache-sprache/krankheiten/magenschleimhaut-entzuendung-722625.html'.
[info] [4/860] Generating steps [0.25, 0.5, 0.75] for 'https://www.apotheken-umschau.de/einfache-sprache/krankheiten/zwangsstoerung-912051.html'...
  -> Calling model for step 0.25...
  -> Success (15.8s, 5242 chars)
  -> Calling model for step 0.50...
  -> Success (14.1s, 5091 chars)
  -> Calling model for step 0.75...
  -> Success (10.8s, 3378 chars)
[info] [4/860] Completed all steps for 'https://www.apotheken-umschau.de/einfache-sprache/krankheiten/zwangsstoerung-912051.html'.
[info] [5/860] Generating steps [0.25, 0.5, 0.75] for 'https://www.apotheken-umschau.de/einfache-sprache/krankheiten/mandelentzuendung-722661.html'...
  -> Calling model for step 0.25...
  -> Success (11.9s, 3283 chars)
  -> Calling model for step 0.50...
  -> Success (11.1s, 3331 chars)
  -> Calling model for step 0.75...
  -> Success (12.5s, 3426 chars)
[info] [5/860] Completed all steps for 'https://www.apotheken-umschau.de/einfache-sprache/krankheiten/mandelentzuendung-722661.html'.
[info] [6/860] Generating steps [0.25, 0.5, 0.75] for 'https://www.apotheken-umschau.de/einfache-sprache/krankheiten/reisedurchfall-769781.html'...
  -> Calling model for step 0.25...
  -> Success (12.7s, 2961 chars)
  -> Calling model for step 0.50...
  -> Success (6.8s, 2227 chars)
  -> Calling model for step 0.75...
  -> Success (12.8s, 3371 chars)
[info] [6/860] Completed all steps for 'https://www.apotheken-umschau.de/einfache-sprache/krankheiten/reisedurchfall-769781.html'.
[info] [7/860] Generating steps [0.25, 0.5, 0.75] for 'https://www.apotheken-umschau.de/einfache-sprache/untersuchungen-therapien/darmspiegelung-722805.html'...
  -> Calling model for step 0.25...
  -> Success (13.8s, 4351 chars)
  -> Calling model for step 0.50...
  -> Success (11.9s, 4490 chars)
  -> Calling model for step 0.75...
  -> Success (13.3s, 4319 chars)
[info] [7/860] Completed all steps for 'https://www.apotheken-umschau.de/einfache-sprache/untersuchungen-therapien/darmspiegelung-722805.html'.
[info] [8/860] Generating steps [0.25, 0.5, 0.75] for 'https://www.apotheken-umschau.de/einfache-sprache/medikamente-heilpflanzen/antibiotika-richtig-einnehmen-761829.html'...
  -> Calling model for step 0.25...
  -> Success (10.9s, 3598 chars)
  -> Calling model for step 0.50...
  -> Success (10.2s, 3208 chars)
  -> Calling model for step 0.75...
  -> Success (10.2s, 3257 chars)
[info] [8/860] Completed all steps for 'https://www.apotheken-umschau.de/einfache-sprache/medikamente-heilpflanzen/antibiotika-richtig-einnehmen-761829.html'.
[info] [9/860] Generating steps [0.25, 0.5, 0.75] for 'https://www.apotheken-umschau.de/einfache-sprache/untersuchungen-therapien/migraene-apps-837725.html'...
  -> Calling model for step 0.25...
  -> Success (9.3s, 2499 chars)
  -> Calling model for step 0.50...
  -> Success (7.5s, 2530 chars)
  -> Calling model for step 0.75...
  -> Success (7.1s, 2139 chars)
[info] [9/860] Completed all steps for 'https://www.apotheken-umschau.de/einfache-sprache/untersuchungen-therapien/migraene-apps-837725.html'.
[info] [10/860] Generating steps [0.25, 0.5, 0.75] for 'https://www.apotheken-umschau.de/einfache-sprache/krankheiten/wechseljahre-722097.html'...
  -> Calling model for step 0.25...
  -> Success (10.9s, 3366 chars)
  -> Calling model for step 0.50...
  -> Success (8.9s, 2643 chars)
  -> Calling model for step 0.75...
  -> Success (9.6s, 2724 chars)
[info] [10/860] Completed all steps for 'https://www.apotheken-umschau.de/einfache-sprache/krankheiten/wechseljahre-722097.html'.
[info] [11/860] Generating steps [0.25, 0.5, 0.75] for 'https://www.apotheken-umschau.de/einfache-sprache/krankheiten/diabetes-typ-1-862049.html'...
  -> Calling model for step 0.25...
  -> Success (14.5s, 3707 chars)
  -> Calling model for step 0.50...
  -> Success (12.5s, 3246 chars)
  -> Calling model for step 0.75...
  -> Success (11.4s, 3153 chars)
[info] [11/860] Completed all steps for 'https://www.apotheken-umschau.de/einfache-sprache/krankheiten/diabetes-typ-1-862049.html'.
[info] [12/860] Generating steps [0.25, 0.5, 0.75] for 'https://www.apotheken-umschau.de/einfache-sprache/krankheiten/kopflaeuse-769767.html'...
  -> Calling model for step 0.25...
  -> Success (12.4s, 3269 chars)
  -> Calling model for step 0.50...
  -> Success (16.8s, 4423 chars)
  -> Calling model for step 0.75...
  -> Success (12.2s, 3130 chars)
[info] [12/860] Completed all steps for 'https://www.apotheken-umschau.de/einfache-sprache/krankheiten/kopflaeuse-769767.html'.
[info] [13/860] Generating steps [0.25, 0.5, 0.75] for 'https://www.apotheken-umschau.de/einfache-sprache/verhuetung/kupferspirale-937179.html'...
  -> Calling model for step 0.25...
  -> Success (13.1s, 4290 chars)
  -> Calling model for step 0.50...
  -> Success (14.3s, 3673 chars)
  -> Calling model for step 0.75...
  -> Success (14.7s, 4505 chars)
[info] [13/860] Completed all steps for 'https://www.apotheken-umschau.de/einfache-sprache/verhuetung/kupferspirale-937179.html'.
[info] [14/860] Generating steps [0.25, 0.5, 0.75] for 'https://www.apotheken-umschau.de/einfache-sprache/untersuchungen-therapien/stuhlgang-753637.html'...
  -> Calling model for step 0.25...
  -> Success (12.7s, 3491 chars)
  -> Calling model for step 0.50...
  -> Success (9.6s, 2886 chars)
  -> Calling model for step 0.75...
  -> Success (9.2s, 2852 chars)
[info] [14/860] Completed all steps for 'https://www.apotheken-umschau.de/einfache-sprache/untersuchungen-therapien/stuhlgang-753637.html'.
[info] [15/860] Generating steps [0.25, 0.5, 0.75] for 'https://www.apotheken-umschau.de/einfache-sprache/krankheiten/knochenbruch-788579.html'...
  -> Calling model for step 0.25...
  -> Success (8.5s, 2848 chars)
  -> Calling model for step 0.50...
  -> Success (7.1s, 2475 chars)
  -> Calling model for step 0.75...
  -> Success (8.5s, 2101 chars)
[info] [15/860] Completed all steps for 'https://www.apotheken-umschau.de/einfache-sprache/krankheiten/knochenbruch-788579.html'.
[info] [16/860] Generating steps [0.25, 0.5, 0.75] for 'https://www.apotheken-umschau.de/einfache-sprache/medikamente-heilpflanzen/flohsamen-769873.html'...
  -> Calling model for step 0.25...
  -> Success (12.0s, 3665 chars)
  -> Calling model for step 0.50...
  -> Success (11.1s, 3428 chars)
  -> Calling model for step 0.75...
  -> Success (8.0s, 2228 chars)
[info] [16/860] Completed all steps for 'https://www.apotheken-umschau.de/einfache-sprache/medikamente-heilpflanzen/flohsamen-769873.html'.
[info] [17/860] Generating steps [0.25, 0.5, 0.75] for 'https://www.apotheken-umschau.de/einfache-sprache/krankheiten/oberschenkelhals-bruch-769825.html'...
  -> Calling model for step 0.25...
  -> Success (14.4s, 4466 chars)
  -> Calling model for step 0.50...
  -> Success (15.5s, 4664 chars)
  -> Calling model for step 0.75...
  -> Success (12.6s, 3787 chars)
[info] [17/860] Completed all steps for 'https://www.apotheken-umschau.de/einfache-sprache/krankheiten/oberschenkelhals-bruch-769825.html'.
[info] [18/860] Generating steps [0.25, 0.5, 0.75] for 'https://www.apotheken-umschau.de/einfache-sprache/krankheiten/schilddruesenueberfunktion-722735.html'...
  -> Calling model for step 0.25...
  -> Success (14.1s, 4768 chars)
  -> Calling model for step 0.50...
  -> Success (13.0s, 4161 chars)
  -> Calling model for step 0.75...
  -> Success (12.5s, 4121 chars)
[info] [18/860] Completed all steps for 'https://www.apotheken-umschau.de/einfache-sprache/krankheiten/schilddruesenueberfunktion-722735.html'.
[info] [19/860] Generating steps [0.25, 0.5, 0.75] for 'https://www.apotheken-umschau.de/einfache-sprache/erste-hilfe/erste-hilfe-apps-837713.html'...
  -> Calling model for step 0.25...
  -> Success (8.5s, 2033 chars)
  -> Calling model for step 0.50...
  -> Success (8.9s, 2886 chars)
  -> Calling model for step 0.75...
  -> Success (9.2s, 2280 chars)
[info] [19/860] Completed all steps for 'https://www.apotheken-umschau.de/einfache-sprache/erste-hilfe/erste-hilfe-apps-837713.html'.
[info] [20/860] Generating steps [0.25, 0.5, 0.75] for 'https://www.apotheken-umschau.de/einfache-sprache/krankheiten/spinalkanal-stenose-911545.html'...
  -> Calling model for step 0.25...
  -> Success (13.9s, 3801 chars)
  -> Calling model for step 0.50...
  -> Success (9.9s, 3218 chars)
  -> Calling model for step 0.75...
  -> Success (12.4s, 3631 chars)
[info] [20/860] Completed all steps for 'https://www.apotheken-umschau.de/einfache-sprache/krankheiten/spinalkanal-stenose-911545.html'.
[info] [21/860] Generating steps [0.25, 0.5, 0.75] for 'https://www.apotheken-umschau.de/einfache-sprache/krankheiten/syphilis-769763.html'...
  -> Calling model for step 0.25...
  -> Success (20.7s, 5005 chars)
  -> Calling model for step 0.50...
  -> Success (15.4s, 4553 chars)
  -> Calling model for step 0.75...
  -> Success (15.3s, 4498 chars)
[info] [21/860] Completed all steps for 'https://www.apotheken-umschau.de/einfache-sprache/krankheiten/syphilis-769763.html'.
[info] [22/860] Generating steps [0.25, 0.5, 0.75] for 'https://www.apotheken-umschau.de/einfache-sprache/krankheiten/geschwuere-im-magen-und-zwoelffingerdarm-786353.html'...
  -> Calling model for step 0.25...
  -> Success (18.4s, 5633 chars)
  -> Calling model for step 0.50...
  -> Success (17.7s, 5217 chars)
  -> Calling model for step 0.75...
  -> Success (12.1s, 3512 chars)
[info] [22/860] Completed all steps for 'https://www.apotheken-umschau.de/einfache-sprache/krankheiten/geschwuere-im-magen-und-zwoelffingerdarm-786353.html'.
[info] [23/860] Generating steps [0.25, 0.5, 0.75] for 'https://www.apotheken-umschau.de/einfache-sprache/medikamente-heilpflanzen/l-thyroxin-722969.html'...
  -> Calling model for step 0.25...
  -> Success (18.1s, 4281 chars)
  -> Calling model for step 0.50...
  -> Success (11.5s, 3593 chars)
  -> Calling model for step 0.75...
  -> Success (14.2s, 2867 chars)
[info] [23/860] Completed all steps for 'https://www.apotheken-umschau.de/einfache-sprache/medikamente-heilpflanzen/l-thyroxin-722969.html'.
[info] [24/860] Generating steps [0.25, 0.5, 0.75] for 'https://www.apotheken-umschau.de/einfache-sprache/medikamente-heilpflanzen/traubensilberkerze-769869.html'...
  -> Calling model for step 0.25...
  -> Success (10.8s, 2016 chars)
  -> Calling model for step 0.50...
  -> Success (8.3s, 2453 chars)
  -> Calling model for step 0.75...
  -> Success (9.0s, 2265 chars)
[info] [24/860] Completed all steps for 'https://www.apotheken-umschau.de/einfache-sprache/medikamente-heilpflanzen/traubensilberkerze-769869.html'.
[info] [25/860] Generating steps [0.25, 0.5, 0.75] for 'https://www.apotheken-umschau.de/einfache-sprache/krankheiten/thrombose-749541.html'...
  -> Calling model for step 0.25...
  -> Success (14.4s, 4190 chars)
  -> Calling model for step 0.50...
  -> Success (13.4s, 5060 chars)
  -> Calling model for step 0.75...
  -> Success (11.8s, 3233 chars)
[info] [25/860] Completed all steps for 'https://www.apotheken-umschau.de/einfache-sprache/krankheiten/thrombose-749541.html'.
[info] [26/860] Generating steps [0.25, 0.5, 0.75] for 'https://www.apotheken-umschau.de/einfache-sprache/erste-hilfe/defibrillator-896773.html'...
  -> Calling model for step 0.25...
  -> Success (8.9s, 2768 chars)
  -> Calling model for step 0.50...
  -> Success (5.5s, 2688 chars)
  -> Calling model for step 0.75...
  -> Success (6.8s, 2899 chars)
[info] [26/860] Completed all steps for 'https://www.apotheken-umschau.de/einfache-sprache/erste-hilfe/defibrillator-896773.html'.
[info] [27/860] Generating steps [0.25, 0.5, 0.75] for 'https://www.apotheken-umschau.de/einfache-sprache/krankheiten/rueckenschmerzen-906277.html'...
  -> Calling model for step 0.25...
  -> Success (12.4s, 4333 chars)
  -> Calling model for step 0.50...
  -> Success (11.5s, 4700 chars)
  -> Calling model for step 0.75...
  -> Success (7.9s, 3570 chars)
[info] [27/860] Completed all steps for 'https://www.apotheken-umschau.de/einfache-sprache/krankheiten/rueckenschmerzen-906277.html'.
[info] [28/860] Generating steps [0.25, 0.5, 0.75] for 'https://www.apotheken-umschau.de/einfache-sprache/krankheiten/haemorriden-723237.html'...
  -> Calling model for step 0.25...
  -> Success (11.7s, 5311 chars)
  -> Calling model for step 0.50...
  -> Success (13.4s, 4589 chars)
  -> Calling model for step 0.75...
  -> Success (8.8s, 3462 chars)
[info] [28/860] Completed all steps for 'https://www.apotheken-umschau.de/einfache-sprache/krankheiten/haemorriden-723237.html'.
[info] [29/860] Generating steps [0.25, 0.5, 0.75] for 'https://www.apotheken-umschau.de/einfache-sprache/untersuchungen-therapien/richtig-inhalieren-942573.html'...
  -> Calling model for step 0.25...
  -> Success (9.3s, 2847 chars)
  -> Calling model for step 0.50...
  -> Success (5.1s, 1963 chars)
  -> Calling model for step 0.75...
  -> Success (5.9s, 2144 chars)
[info] [29/860] Completed all steps for 'https://www.apotheken-umschau.de/einfache-sprache/untersuchungen-therapien/richtig-inhalieren-942573.html'.
[info] [30/860] Generating steps [0.25, 0.5, 0.75] for 'https://www.apotheken-umschau.de/einfache-sprache/krankheiten/kurzsichtigkeit-723523.html'...
  -> Calling model for step 0.25...
  -> Success (7.9s, 3462 chars)
  -> Calling model for step 0.50...
  -> Success (8.4s, 3424 chars)
  -> Calling model for step 0.75...
  -> Success (8.1s, 2773 chars)
[info] [30/860] Completed all steps for 'https://www.apotheken-umschau.de/einfache-sprache/krankheiten/kurzsichtigkeit-723523.html'.
[info] [31/860] Generating steps [0.25, 0.5, 0.75] for 'https://www.apotheken-umschau.de/einfache-sprache/krankheiten/bipolare-stoerung-1118963.html'...
  -> Calling model for step 0.25...
  -> Success (13.4s, 4840 chars)
  -> Calling model for step 0.50...
  -> Success (8.0s, 3459 chars)
  -> Calling model for step 0.75...
  -> Success (8.5s, 3888 chars)
[info] [31/860] Completed all steps for 'https://www.apotheken-umschau.de/einfache-sprache/krankheiten/bipolare-stoerung-1118963.html'.
[info] [32/860] Generating steps [0.25, 0.5, 0.75] for 'https://www.apotheken-umschau.de/einfache-sprache/krankheiten/sehnenscheidenentzuendung-722089.html'...
  -> Calling model for step 0.25...
  -> Success (8.1s, 3866 chars)
  -> Calling model for step 0.50...
  -> Success (8.8s, 3507 chars)
  -> Calling model for step 0.75...
  -> Success (9.5s, 3329 chars)
[info] [32/860] Completed all steps for 'https://www.apotheken-umschau.de/einfache-sprache/krankheiten/sehnenscheidenentzuendung-722089.html'.
[info] [33/860] Generating steps [0.25, 0.5, 0.75] for 'https://www.apotheken-umschau.de/einfache-sprache/erste-hilfe/erste-hilfe-fremdkoerper-im-auge-788185.html'...
  -> Calling model for step 0.25...
  -> Success (5.7s, 1860 chars)
  -> Calling model for step 0.50...
  -> Success (3.5s, 1499 chars)
  -> Calling model for step 0.75...
  -> Success (7.0s, 1785 chars)
[info] [33/860] Completed all steps for 'https://www.apotheken-umschau.de/einfache-sprache/erste-hilfe/erste-hilfe-fremdkoerper-im-auge-788185.html'.
[info] [34/860] Generating steps [0.25, 0.5, 0.75] for 'https://www.apotheken-umschau.de/einfache-sprache/medikamente-heilpflanzen/antazida-769857.html'...
  -> Calling model for step 0.25...
  -> Success (8.0s, 2960 chars)
  -> Calling model for step 0.50...
  -> Success (7.7s, 2917 chars)
  -> Calling model for step 0.75...
  -> Success (7.7s, 3345 chars)
[info] [34/860] Completed all steps for 'https://www.apotheken-umschau.de/einfache-sprache/medikamente-heilpflanzen/antazida-769857.html'.
[info] [35/860] Generating steps [0.25, 0.5, 0.75] for 'https://www.apotheken-umschau.de/einfache-sprache/untersuchungen-therapien/impfungen-fuer-kinder-und-erwachsene-800069.html'...
  -> Calling model for step 0.25...
  -> Success (14.1s, 6073 chars)
  -> Calling model for step 0.50...
  -> Success (12.7s, 4206 chars)
  -> Calling model for step 0.75...
  -> Success (9.9s, 4757 chars)
[info] [35/860] Completed all steps for 'https://www.apotheken-umschau.de/einfache-sprache/untersuchungen-therapien/impfungen-fuer-kinder-und-erwachsene-800069.html'.
[info] [36/860] Generating steps [0.25, 0.5, 0.75] for 'https://www.apotheken-umschau.de/einfache-sprache/medikamente-heilpflanzen/arnika-775213.html'...
  -> Calling model for step 0.25...
  -> Success (5.5s, 2686 chars)
  -> Calling model for step 0.50...
  -> Success (6.6s, 2334 chars)
  -> Calling model for step 0.75...
  -> Success (5.4s, 2083 chars)
[info] [36/860] Completed all steps for 'https://www.apotheken-umschau.de/einfache-sprache/medikamente-heilpflanzen/arnika-775213.html'.
[info] [37/860] Generating steps [0.25, 0.5, 0.75] for 'https://www.apotheken-umschau.de/einfache-sprache/krankheiten/herzbeutel-entzuendung-936561.html'...
  -> Calling model for step 0.25...
  -> Success (9.3s, 4938 chars)
  -> Calling model for step 0.50...
  -> Success (7.3s, 4371 chars)
  -> Calling model for step 0.75...
  -> Success (7.6s, 4424 chars)
[info] [37/860] Completed all steps for 'https://www.apotheken-umschau.de/einfache-sprache/krankheiten/herzbeutel-entzuendung-936561.html'.
[info] [38/860] Generating steps [0.25, 0.5, 0.75] for 'https://www.apotheken-umschau.de/einfache-sprache/untersuchungen-therapien/fieber-richtig-messen-761839.html'...
  -> Calling model for step 0.25...
  -> Success (6.4s, 4143 chars)
  -> Calling model for step 0.50...
  -> Success (6.4s, 3836 chars)
  -> Calling model for step 0.75...
  -> Success (6.8s, 3301 chars)
[info] [38/860] Completed all steps for 'https://www.apotheken-umschau.de/einfache-sprache/untersuchungen-therapien/fieber-richtig-messen-761839.html'.
[info] [39/860] Generating steps [0.25, 0.5, 0.75] for 'https://www.apotheken-umschau.de/einfache-sprache/krankheiten/gerstenkorn-722641.html'...
  -> Calling model for step 0.25...
  -> Success (7.9s, 4047 chars)
  -> Calling model for step 0.50...
  -> Success (6.8s, 2986 chars)
  -> Calling model for step 0.75...
  -> Success (5.2s, 2626 chars)
[info] [39/860] Completed all steps for 'https://www.apotheken-umschau.de/einfache-sprache/krankheiten/gerstenkorn-722641.html'.
[info] [40/860] Generating steps [0.25, 0.5, 0.75] for 'https://www.apotheken-umschau.de/einfache-sprache/wegweiser-gesundheitssystem/e-rezept-einfache-sprache-1109215.html'...
  -> Calling model for step 0.25...
  -> Success (7.5s, 4131 chars)
  -> Calling model for step 0.50...
  -> Success (9.3s, 4399 chars)
  -> Calling model for step 0.75...
  -> Success (6.9s, 3566 chars)
[info] [40/860] Completed all steps for 'https://www.apotheken-umschau.de/einfache-sprache/wegweiser-gesundheitssystem/e-rezept-einfache-sprache-1109215.html'.
[info] [41/860] Generating steps [0.25, 0.5, 0.75] for 'https://www.apotheken-umschau.de/einfache-sprache/krankheiten/akute-bauchspeicheldruesenentzuendung-726169.html'...
  -> Calling model for step 0.25...
  -> Success (7.1s, 3475 chars)
  -> Calling model for step 0.50...
  -> Success (7.5s, 4174 chars)
  -> Calling model for step 0.75...
  -> Success (7.0s, 2839 chars)
[info] [41/860] Completed all steps for 'https://www.apotheken-umschau.de/einfache-sprache/krankheiten/akute-bauchspeicheldruesenentzuendung-726169.html'.
[info] [42/860] Generating steps [0.25, 0.5, 0.75] for 'https://www.apotheken-umschau.de/einfache-sprache/wegweiser-gesundheitssystem/telemedizin-837701.html'...
  -> Calling model for step 0.25...
  -> Success (5.4s, 3562 chars)
  -> Calling model for step 0.50...
  -> Success (5.0s, 3060 chars)
  -> Calling model for step 0.75...
  -> Success (4.7s, 2855 chars)
[info] [42/860] Completed all steps for 'https://www.apotheken-umschau.de/einfache-sprache/wegweiser-gesundheitssystem/telemedizin-837701.html'.
[info] [43/860] Generating steps [0.25, 0.5, 0.75] for 'https://www.apotheken-umschau.de/einfache-sprache/krankheiten/analfissur-723191.html'...
  -> Calling model for step 0.25...
  -> Success (7.7s, 3430 chars)
  -> Calling model for step 0.50...
  -> Success (8.0s, 3417 chars)
  -> Calling model for step 0.75...
  -> Success (5.3s, 2595 chars)
[info] [43/860] Completed all steps for 'https://www.apotheken-umschau.de/einfache-sprache/krankheiten/analfissur-723191.html'.
[info] [44/860] Generating steps [0.25, 0.5, 0.75] for 'https://www.apotheken-umschau.de/einfache-sprache/medikamente-heilpflanzen/johanniskraut-769807.html'...
  -> Calling model for step 0.25...
  -> Success (4.8s, 2945 chars)
  -> Calling model for step 0.50...
  -> Success (3.8s, 2292 chars)
  -> Calling model for step 0.75...
  -> Success (6.4s, 2463 chars)
[info] [44/860] Completed all steps for 'https://www.apotheken-umschau.de/einfache-sprache/medikamente-heilpflanzen/johanniskraut-769807.html'.
[info] [45/860] Generating steps [0.25, 0.5, 0.75] for 'https://www.apotheken-umschau.de/einfache-sprache/krankheiten/karies-761741.html'...
  -> Calling model for step 0.25...
  -> Success (7.6s, 3781 chars)
  -> Calling model for step 0.50...
  -> Success (5.9s, 3485 chars)
  -> Calling model for step 0.75...
  -> Success (6.2s, 3311 chars)
[info] [45/860] Completed all steps for 'https://www.apotheken-umschau.de/einfache-sprache/krankheiten/karies-761741.html'.
[info] [46/860] Generating steps [0.25, 0.5, 0.75] for 'https://www.apotheken-umschau.de/einfache-sprache/krankheiten/kraetze-722743.html'...
  -> Calling model for step 0.25...
  -> Success (8.0s, 4947 chars)
  -> Calling model for step 0.50...
  -> Success (11.8s, 5622 chars)
  -> Calling model for step 0.75...
  -> Success (7.6s, 4564 chars)
[info] [46/860] Completed all steps for 'https://www.apotheken-umschau.de/einfache-sprache/krankheiten/kraetze-722743.html'.
[info] [47/860] Generating steps [0.25, 0.5, 0.75] for 'https://www.apotheken-umschau.de/einfache-sprache/krankheiten/aids-953305.html'...
  -> Calling model for step 0.25...
  -> Success (10.0s, 5103 chars)
  -> Calling model for step 0.50...
  -> Success (8.0s, 4822 chars)
  -> Calling model for step 0.75...
  -> Success (9.0s, 4189 chars)
[info] [47/860] Completed all steps for 'https://www.apotheken-umschau.de/einfache-sprache/krankheiten/aids-953305.html'.
[info] [48/860] Generating steps [0.25, 0.5, 0.75] for 'https://www.apotheken-umschau.de/einfache-sprache/medikamente-heilpflanzen/teufelskralle-769865.html'...
  -> Calling model for step 0.25...
  -> Success (4.7s, 2515 chars)
  -> Calling model for step 0.50...
  -> Success (4.6s, 2373 chars)
  -> Calling model for step 0.75...
  -> Success (4.1s, 2068 chars)
[info] [48/860] Completed all steps for 'https://www.apotheken-umschau.de/einfache-sprache/medikamente-heilpflanzen/teufelskralle-769865.html'.
[info] [49/860] Generating steps [0.25, 0.5, 0.75] for 'https://www.apotheken-umschau.de/einfache-sprache/erste-hilfe/unterkuehlungen-800819.html'...
  -> Calling model for step 0.25...
  -> Success (12.2s, 5550 chars)
  -> Calling model for step 0.50...
  -> Success (7.6s, 3669 chars)
  -> Calling model for step 0.75...
  -> Success (8.5s, 3783 chars)
[info] [49/860] Completed all steps for 'https://www.apotheken-umschau.de/einfache-sprache/erste-hilfe/unterkuehlungen-800819.html'.
[info] [50/860] Generating steps [0.25, 0.5, 0.75] for 'https://www.apotheken-umschau.de/einfache-sprache/krankheiten/kropf-750463.html'...
  -> Calling model for step 0.25...
  -> Success (5.3s, 2779 chars)
  -> Calling model for step 0.50...
  -> Success (5.6s, 3017 chars)
  -> Calling model for step 0.75...
  -> Success (4.4s, 2267 chars)
[info] [50/860] Completed all steps for 'https://www.apotheken-umschau.de/einfache-sprache/krankheiten/kropf-750463.html'.
[info] [51/860] Generating steps [0.25, 0.5, 0.75] for 'https://www.apotheken-umschau.de/einfache-sprache/krankheiten/bandscheibenvorfall-722983.html'...
  -> Calling model for step 0.25...
  -> Success (8.3s, 4947 chars)
  -> Calling model for step 0.50...
  -> Success (7.9s, 4697 chars)
  -> Calling model for step 0.75...
  -> Success (8.2s, 4629 chars)
[info] [51/860] Completed all steps for 'https://www.apotheken-umschau.de/einfache-sprache/krankheiten/bandscheibenvorfall-722983.html'.
[info] [52/860] Generating steps [0.25, 0.5, 0.75] for 'https://www.apotheken-umschau.de/einfache-sprache/verhuetung/kondom-1104727.html'...
  -> Calling model for step 0.25...
  -> Success (7.4s, 4060 chars)
  -> Calling model for step 0.50...
  -> Success (5.5s, 2963 chars)
  -> Calling model for step 0.75...
  -> Success (5.0s, 2988 chars)
[info] [52/860] Completed all steps for 'https://www.apotheken-umschau.de/einfache-sprache/verhuetung/kondom-1104727.html'.
[info] [53/860] Generating steps [0.25, 0.5, 0.75] for 'https://www.apotheken-umschau.de/einfache-sprache/krankheiten/parodontitis-753269.html'...
  -> Calling model for step 0.25...
  -> Success (11.0s, 5515 chars)
  -> Calling model for step 0.50...
  -> Success (7.0s, 3721 chars)
  -> Calling model for step 0.75...
  -> Success (6.5s, 3762 chars)
[info] [53/860] Completed all steps for 'https://www.apotheken-umschau.de/einfache-sprache/krankheiten/parodontitis-753269.html'.
[info] [54/860] Generating steps [0.25, 0.5, 0.75] for 'https://www.apotheken-umschau.de/einfache-sprache/krankheiten/phobien-865741.html'...
  -> Calling model for step 0.25...
  -> Success (8.0s, 4589 chars)
  -> Calling model for step 0.50...
  -> Success (6.5s, 4189 chars)
  -> Calling model for step 0.75...
  -> Success (6.9s, 3646 chars)
[info] [54/860] Completed all steps for 'https://www.apotheken-umschau.de/einfache-sprache/krankheiten/phobien-865741.html'.
[info] [55/860] Generating steps [0.25, 0.5, 0.75] for 'https://www.apotheken-umschau.de/einfache-sprache/krankheiten/akute-mittelohr-entzuendung-722797.html'...
  -> Calling model for step 0.25...
  -> Success (7.1s, 4195 chars)
  -> Calling model for step 0.50...
  -> Success (6.8s, 3706 chars)
  -> Calling model for step 0.75...
  -> Success (6.2s, 3277 chars)
[info] [55/860] Completed all steps for 'https://www.apotheken-umschau.de/einfache-sprache/krankheiten/akute-mittelohr-entzuendung-722797.html'.
[info] [56/860] Generating steps [0.25, 0.5, 0.75] for 'https://www.apotheken-umschau.de/einfache-sprache/untersuchungen-therapien/blutbild-937621.html'...
  -> Calling model for step 0.25...
  -> Success (6.6s, 3158 chars)
  -> Calling model for step 0.50...
  -> Success (5.0s, 2723 chars)
  -> Calling model for step 0.75...
  -> Success (6.3s, 2531 chars)
[info] [56/860] Completed all steps for 'https://www.apotheken-umschau.de/einfache-sprache/untersuchungen-therapien/blutbild-937621.html'.
[info] [57/860] Generating steps [0.25, 0.5, 0.75] for 'https://www.apotheken-umschau.de/einfache-sprache/krankheiten/lebensmittel-vergiftung-722055.html'...
  -> Calling model for step 0.25...
  -> Success (9.5s, 4469 chars)
  -> Calling model for step 0.50...
  -> Success (7.0s, 4437 chars)
  -> Calling model for step 0.75...
  -> Success (8.1s, 3756 chars)
[info] [57/860] Completed all steps for 'https://www.apotheken-umschau.de/einfache-sprache/krankheiten/lebensmittel-vergiftung-722055.html'.
[info] [58/860] Generating steps [0.25, 0.5, 0.75] for 'https://www.apotheken-umschau.de/einfache-sprache/verhuetung/verhuetungsring-862665.html'...
  -> Calling model for step 0.25...
  -> Success (7.7s, 3835 chars)
  -> Calling model for step 0.50...
  -> Success (6.2s, 3362 chars)
  -> Calling model for step 0.75...
  -> Success (6.6s, 3045 chars)
[info] [58/860] Completed all steps for 'https://www.apotheken-umschau.de/einfache-sprache/verhuetung/verhuetungsring-862665.html'.
[info] [59/860] Generating steps [0.25, 0.5, 0.75] for 'https://www.apotheken-umschau.de/einfache-sprache/erste-hilfe/erste-hilfe-bei-einem-schlaganfall-oder-einem-herzinfarkt-797059.html'...
  -> Calling model for step 0.25...
  -> Success (4.9s, 2016 chars)
  -> Calling model for step 0.50...
  -> Success (3.9s, 2221 chars)
  -> Calling model for step 0.75...
  -> Success (3.6s, 1935 chars)
[info] [59/860] Completed all steps for 'https://www.apotheken-umschau.de/einfache-sprache/erste-hilfe/erste-hilfe-bei-einem-schlaganfall-oder-einem-herzinfarkt-797059.html'.
[info] [60/860] Generating steps [0.25, 0.5, 0.75] for 'https://www.apotheken-umschau.de/einfache-sprache/untersuchungen-therapien/corona-tests-800247.html'...
  -> Calling model for step 0.25...
  -> Success (8.2s, 4865 chars)
  -> Calling model for step 0.50...
  -> Success (7.8s, 4580 chars)
  -> Calling model for step 0.75...
  -> Success (6.6s, 3727 chars)
[info] [60/860] Completed all steps for 'https://www.apotheken-umschau.de/einfache-sprache/untersuchungen-therapien/corona-tests-800247.html'.
[info] [61/860] Generating steps [0.25, 0.5, 0.75] for 'https://www.apotheken-umschau.de/einfache-sprache/krankheiten/multiple-sklerose-722701.html'...
  -> Calling model for step 0.25...
  -> Success (8.6s, 4822 chars)
  -> Calling model for step 0.50...
  -> Success (9.0s, 5320 chars)
  -> Calling model for step 0.75...
  -> Success (6.9s, 4153 chars)
[info] [61/860] Completed all steps for 'https://www.apotheken-umschau.de/einfache-sprache/krankheiten/multiple-sklerose-722701.html'.
[info] [62/860] Generating steps [0.25, 0.5, 0.75] for 'https://www.apotheken-umschau.de/einfache-sprache/krankheiten/schlafstoerungen-936207.html'...
  -> Calling model for step 0.25...
  -> Success (11.0s, 6078 chars)
  -> Calling model for step 0.50...
  -> Success (6.2s, 3824 chars)
  -> Calling model for step 0.75...
  -> Success (7.6s, 3861 chars)
[info] [62/860] Completed all steps for 'https://www.apotheken-umschau.de/einfache-sprache/krankheiten/schlafstoerungen-936207.html'.
[info] [63/860] Generating steps [0.25, 0.5, 0.75] for 'https://www.apotheken-umschau.de/einfache-sprache/verhuetung/apps-fuer-die-familienplanung-837787.html'...
  -> Calling model for step 0.25...
  -> Success (5.2s, 2903 chars)
  -> Calling model for step 0.50...
  -> Success (5.0s, 2974 chars)
  -> Calling model for step 0.75...
  -> Success (5.4s, 2725 chars)
[info] [63/860] Completed all steps for 'https://www.apotheken-umschau.de/einfache-sprache/verhuetung/apps-fuer-die-familienplanung-837787.html'.
[info] [64/860] Generating steps [0.25, 0.5, 0.75] for 'https://www.apotheken-umschau.de/einfache-sprache/untersuchungen-therapien/digitales-blutdruck-management-837841.html'...
  -> Calling model for step 0.25...
  -> Success (6.1s, 3309 chars)
  -> Calling model for step 0.50...
  -> Success (4.9s, 3414 chars)
  -> Calling model for step 0.75...
  -> Success (4.1s, 2415 chars)
[info] [64/860] Completed all steps for 'https://www.apotheken-umschau.de/einfache-sprache/untersuchungen-therapien/digitales-blutdruck-management-837841.html'.
[info] [65/860] Generating steps [0.25, 0.5, 0.75] for 'https://www.apotheken-umschau.de/einfache-sprache/krankheiten/schluesselbeinbruch-753253.html'...
  -> Calling model for step 0.25...
  -> Success (7.3s, 3974 chars)
  -> Calling model for step 0.50...
  -> Success (5.9s, 3343 chars)
  -> Calling model for step 0.75...
  -> Success (6.0s, 3093 chars)
[info] [65/860] Completed all steps for 'https://www.apotheken-umschau.de/einfache-sprache/krankheiten/schluesselbeinbruch-753253.html'.
[info] [66/860] Generating steps [0.25, 0.5, 0.75] for 'https://www.apotheken-umschau.de/einfache-sprache/erste-hilfe/stabile-seitenlage-796347.html'...
  -> Calling model for step 0.25...
  -> Success (5.8s, 2850 chars)
  -> Calling model for step 0.50...
  -> Success (4.5s, 2103 chars)
  -> Calling model for step 0.75...
  -> Success (4.2s, 2369 chars)
[info] [66/860] Completed all steps for 'https://www.apotheken-umschau.de/einfache-sprache/erste-hilfe/stabile-seitenlage-796347.html'.
[info] [67/860] Generating steps [0.25, 0.5, 0.75] for 'https://www.apotheken-umschau.de/einfache-sprache/medikamente-heilpflanzen/schmerzmittel-welches-hilft-wann-753623.html'...
  -> Calling model for step 0.25...
  -> Success (10.3s, 5366 chars)
  -> Calling model for step 0.50...
  -> Success (9.4s, 4961 chars)
  -> Calling model for step 0.75...
  -> Success (8.2s, 3903 chars)
[info] [67/860] Completed all steps for 'https://www.apotheken-umschau.de/einfache-sprache/medikamente-heilpflanzen/schmerzmittel-welches-hilft-wann-753623.html'.
[info] [68/860] Generating steps [0.25, 0.5, 0.75] for 'https://www.apotheken-umschau.de/einfache-sprache/krankheiten/entzuendung-der-eileiter-und-eierstoecke-896987.html'...
  -> Calling model for step 0.25...
  -> Success (6.2s, 3924 chars)
  -> Calling model for step 0.50...
  -> Success (7.7s, 3643 chars)
  -> Calling model for step 0.75...
  -> Success (8.0s, 3876 chars)
[info] [68/860] Completed all steps for 'https://www.apotheken-umschau.de/einfache-sprache/krankheiten/entzuendung-der-eileiter-und-eierstoecke-896987.html'.
[info] [69/860] Generating steps [0.25, 0.5, 0.75] for 'https://www.apotheken-umschau.de/einfache-sprache/medikamente-heilpflanzen/tilidin-761733.html'...
  -> Calling model for step 0.25...
  -> Success (5.2s, 3121 chars)
  -> Calling model for step 0.50...
  -> Success (6.1s, 3276 chars)
  -> Calling model for step 0.75...
  -> Success (4.8s, 2814 chars)
[info] [69/860] Completed all steps for 'https://www.apotheken-umschau.de/einfache-sprache/medikamente-heilpflanzen/tilidin-761733.html'.
[info] [70/860] Generating steps [0.25, 0.5, 0.75] for 'https://www.apotheken-umschau.de/einfache-sprache/untersuchungen-therapien/zyklus-apps-837717.html'...
  -> Calling model for step 0.25...
  -> Success (5.0s, 2867 chars)
  -> Calling model for step 0.50...
  -> Success (4.7s, 3021 chars)
  -> Calling model for step 0.75...
  -> Success (6.8s, 2114 chars)
[info] [70/860] Completed all steps for 'https://www.apotheken-umschau.de/einfache-sprache/untersuchungen-therapien/zyklus-apps-837717.html'.
[info] [71/860] Generating steps [0.25, 0.5, 0.75] for 'https://www.apotheken-umschau.de/einfache-sprache/krankheiten/hexenschuss-750365.html'...
  -> Calling model for step 0.25...
  -> Success (9.6s, 5119 chars)
  -> Calling model for step 0.50...
  -> Success (7.3s, 4467 chars)
  -> Calling model for step 0.75...
  -> Success (7.6s, 3819 chars)
[info] [71/860] Completed all steps for 'https://www.apotheken-umschau.de/einfache-sprache/krankheiten/hexenschuss-750365.html'.
[info] [72/860] Generating steps [0.25, 0.5, 0.75] for 'https://www.apotheken-umschau.de/einfache-sprache/krankheiten/rheuma-722071.html'...
  -> Calling model for step 0.25...
  -> Success (4.4s, 1769 chars)
  -> Calling model for step 0.50...
  -> Success (3.9s, 1747 chars)
  -> Calling model for step 0.75...
  -> Success (4.3s, 1688 chars)
[info] [72/860] Completed all steps for 'https://www.apotheken-umschau.de/einfache-sprache/krankheiten/rheuma-722071.html'.
[info] [73/860] Generating steps [0.25, 0.5, 0.75] for 'https://www.apotheken-umschau.de/einfache-sprache/krankheiten/alkohol-sucht-725867.html'...
  -> Calling model for step 0.25...
  -> Success (10.0s, 6057 chars)
  -> Calling model for step 0.50...
  -> Success (9.9s, 5252 chars)
  -> Calling model for step 0.75...
  -> Success (7.4s, 3951 chars)
[info] [73/860] Completed all steps for 'https://www.apotheken-umschau.de/einfache-sprache/krankheiten/alkohol-sucht-725867.html'.
[info] [74/860] Generating steps [0.25, 0.5, 0.75] for 'https://www.apotheken-umschau.de/einfache-sprache/untersuchungen-therapien/psychotherapie-954435.html'...
  -> Calling model for step 0.25...
  -> Success (12.2s, 7433 chars)
  -> Calling model for step 0.50...
  -> Success (9.6s, 6916 chars)
  -> Calling model for step 0.75...
  -> Success (7.2s, 4583 chars)
[info] [74/860] Completed all steps for 'https://www.apotheken-umschau.de/einfache-sprache/untersuchungen-therapien/psychotherapie-954435.html'.
[info] [75/860] Generating steps [0.25, 0.5, 0.75] for 'https://www.apotheken-umschau.de/einfache-sprache/krankheiten/laktose-intoleranz-1098199.html'...
  -> Calling model for step 0.25...
  -> Success (12.0s, 6158 chars)
  -> Calling model for step 0.50...
  -> Success (8.2s, 4871 chars)
  -> Calling model for step 0.75...
  -> Success (6.0s, 3262 chars)
[info] [75/860] Completed all steps for 'https://www.apotheken-umschau.de/einfache-sprache/krankheiten/laktose-intoleranz-1098199.html'.
[info] [76/860] Generating steps [0.25, 0.5, 0.75] for 'https://www.apotheken-umschau.de/einfache-sprache/krankheiten/gallensteine-769771.html'...
  -> Calling model for step 0.25...
  -> Success (10.5s, 5472 chars)
  -> Calling model for step 0.50...
  -> Success (8.3s, 4738 chars)
  -> Calling model for step 0.75...
  -> Success (6.4s, 3111 chars)
[info] [76/860] Completed all steps for 'https://www.apotheken-umschau.de/einfache-sprache/krankheiten/gallensteine-769771.html'.
[info] [77/860] Generating steps [0.25, 0.5, 0.75] for 'https://www.apotheken-umschau.de/einfache-sprache/erste-hilfe/vergiftungen-800827.html'...
  -> Calling model for step 0.25...
  -> Success (8.7s, 3428 chars)
  -> Calling model for step 0.50...
  -> Success (5.7s, 2902 chars)
  -> Calling model for step 0.75...
  -> Success (5.2s, 2556 chars)
[info] [77/860] Completed all steps for 'https://www.apotheken-umschau.de/einfache-sprache/erste-hilfe/vergiftungen-800827.html'.
[info] [78/860] Generating steps [0.25, 0.5, 0.75] for 'https://www.apotheken-umschau.de/einfache-sprache/wegweiser-gesundheitssystem/disease-management-programme-1247821.html'...
  -> Calling model for step 0.25...
  -> Success (6.1s, 2768 chars)
  -> Calling model for step 0.50...
  -> Success (5.1s, 3031 chars)
  -> Calling model for step 0.75...
  -> Success (6.3s, 2496 chars)
[info] [78/860] Completed all steps for 'https://www.apotheken-umschau.de/einfache-sprache/wegweiser-gesundheitssystem/disease-management-programme-1247821.html'.
[info] [79/860] Generating steps [0.25, 0.5, 0.75] for 'https://www.apotheken-umschau.de/einfache-sprache/medikamente-heilpflanzen/cayennepfeffer-769889.html'...
  -> Calling model for step 0.25...
  -> Success (4.6s, 1966 chars)
  -> Calling model for step 0.50...
  -> Success (3.9s, 1993 chars)
  -> Calling model for step 0.75...
  -> Success (3.4s, 1628 chars)
[info] [79/860] Completed all steps for 'https://www.apotheken-umschau.de/einfache-sprache/medikamente-heilpflanzen/cayennepfeffer-769889.html'.
[info] [80/860] Generating steps [0.25, 0.5, 0.75] for 'https://www.apotheken-umschau.de/einfache-sprache/krankheiten/adipositas-769803.html'...
  -> Calling model for step 0.25...
  -> Success (10.0s, 5316 chars)
  -> Calling model for step 0.50...
  -> Success (9.6s, 5313 chars)
  -> Calling model for step 0.75...
  -> Success (10.7s, 5987 chars)
[info] [80/860] Completed all steps for 'https://www.apotheken-umschau.de/einfache-sprache/krankheiten/adipositas-769803.html'.
[info] [81/860] Generating steps [0.25, 0.5, 0.75] for 'https://www.apotheken-umschau.de/einfache-sprache/krankheiten/zahnwurzel-entzuendung-1119187.html'...
  -> Calling model for step 0.25...
  -> Success (6.9s, 3305 chars)
  -> Calling model for step 0.50...
  -> Success (6.8s, 3619 chars)
  -> Calling model for step 0.75...
  -> Success (5.9s, 2942 chars)
[info] [81/860] Completed all steps for 'https://www.apotheken-umschau.de/einfache-sprache/krankheiten/zahnwurzel-entzuendung-1119187.html'.
[info] [82/860] Generating steps [0.25, 0.5, 0.75] for 'https://www.apotheken-umschau.de/einfache-sprache/erste-hilfe/wunden-richtig-versorgen-788179.html'...
  -> Calling model for step 0.25...
  -> Success (6.9s, 4062 chars)
  -> Calling model for step 0.50...
  -> Success (8.9s, 3768 chars)
  -> Calling model for step 0.75...
  -> Success (4.9s, 2848 chars)
[info] [82/860] Completed all steps for 'https://www.apotheken-umschau.de/einfache-sprache/erste-hilfe/wunden-richtig-versorgen-788179.html'.
[info] [83/860] Generating steps [0.25, 0.5, 0.75] for 'https://www.apotheken-umschau.de/einfache-sprache/krankheiten/nagelbett-entzuendung-722761.html'...
  -> Calling model for step 0.25...
  -> Success (7.3s, 4269 chars)
  -> Calling model for step 0.50...
  -> Success (7.9s, 4113 chars)
  -> Calling model for step 0.75...
  -> Success (9.2s, 3766 chars)
[info] [83/860] Completed all steps for 'https://www.apotheken-umschau.de/einfache-sprache/krankheiten/nagelbett-entzuendung-722761.html'.
[info] [84/860] Generating steps [0.25, 0.5, 0.75] for 'https://www.apotheken-umschau.de/einfache-sprache/krankheiten/spezifische-rueckenschmerzen-912043.html'...
  -> Calling model for step 0.25...
  -> Success (8.9s, 5020 chars)
  -> Calling model for step 0.50...
  -> Success (8.1s, 4425 chars)
  -> Calling model for step 0.75...
  -> Success (5.6s, 3118 chars)
[info] [84/860] Completed all steps for 'https://www.apotheken-umschau.de/einfache-sprache/krankheiten/spezifische-rueckenschmerzen-912043.html'.
[info] [85/860] Generating steps [0.25, 0.5, 0.75] for 'https://www.apotheken-umschau.de/einfache-sprache/untersuchungen-therapien/wadenwickel-1120431.html'...
  -> Calling model for step 0.25...
  -> Success (6.6s, 3632 chars)
  -> Calling model for step 0.50...
  -> Success (8.9s, 4050 chars)
  -> Calling model for step 0.75...
  -> Success (11.6s, 3471 chars)
[info] [85/860] Completed all steps for 'https://www.apotheken-umschau.de/einfache-sprache/untersuchungen-therapien/wadenwickel-1120431.html'.
[info] [86/860] Generating steps [0.25, 0.5, 0.75] for 'https://www.apotheken-umschau.de/einfache-sprache/krankheiten/nicht-spezifische-rueckenschmerzen-906943.html'...
  -> Calling model for step 0.25...
  -> Success (10.8s, 6241 chars)
  -> Calling model for step 0.50...
  -> Success (9.9s, 4788 chars)
  -> Calling model for step 0.75...
  -> Success (5.5s, 3169 chars)
[info] [86/860] Completed all steps for 'https://www.apotheken-umschau.de/einfache-sprache/krankheiten/nicht-spezifische-rueckenschmerzen-906943.html'.
[info] [87/860] Generating steps [0.25, 0.5, 0.75] for 'https://www.apotheken-umschau.de/einfache-sprache/krankheiten/grauer-star-1100087.html'...
  -> Calling model for step 0.25...
  -> Success (7.8s, 5135 chars)
  -> Calling model for step 0.50...
  -> Success (7.1s, 4594 chars)
  -> Calling model for step 0.75...
  -> Success (8.4s, 4855 chars)
[info] [87/860] Completed all steps for 'https://www.apotheken-umschau.de/einfache-sprache/krankheiten/grauer-star-1100087.html'.
[info] [88/860] Generating steps [0.25, 0.5, 0.75] for 'https://www.apotheken-umschau.de/einfache-sprache/krankheiten/kehlkopf-entzuendung-753607.html'...
  -> Calling model for step 0.25...
  -> Success (6.9s, 3893 chars)
  -> Calling model for step 0.50...
  -> Success (8.1s, 4586 chars)
  -> Calling model for step 0.75...
  -> Success (9.1s, 3560 chars)
[info] [88/860] Completed all steps for 'https://www.apotheken-umschau.de/einfache-sprache/krankheiten/kehlkopf-entzuendung-753607.html'.
[info] [89/860] Generating steps [0.25, 0.5, 0.75] for 'https://www.apotheken-umschau.de/einfache-sprache/krankheiten/distale-radiusfraktur-771193.html'...
  -> Calling model for step 0.25...
  -> Success (8.7s, 4271 chars)
  -> Calling model for step 0.50...
  -> Success (5.3s, 3161 chars)
  -> Calling model for step 0.75...
  -> Success (5.6s, 2722 chars)
[info] [89/860] Completed all steps for 'https://www.apotheken-umschau.de/einfache-sprache/krankheiten/distale-radiusfraktur-771193.html'.
[info] [90/860] Generating steps [0.25, 0.5, 0.75] for 'https://www.apotheken-umschau.de/einfache-sprache/medikamente-heilpflanzen/wie-verwendet-man-fluessige-arzneimittel-769757.html'...
  -> Calling model for step 0.25...
  -> Success (8.0s, 3900 chars)
  -> Calling model for step 0.50...
  -> Success (5.8s, 3427 chars)
  -> Calling model for step 0.75...
  -> Success (6.2s, 3073 chars)
[info] [90/860] Completed all steps for 'https://www.apotheken-umschau.de/einfache-sprache/medikamente-heilpflanzen/wie-verwendet-man-fluessige-arzneimittel-769757.html'.
[info] [91/860] Generating steps [0.25, 0.5, 0.75] for 'https://www.apotheken-umschau.de/einfache-sprache/krankheiten/lungenkrebs-769843.html'...
  -> Calling model for step 0.25...
  -> Success (12.2s, 5236 chars)
  -> Calling model for step 0.50...
  -> Success (11.7s, 5593 chars)
  -> Calling model for step 0.75...
  -> Success (10.0s, 3285 chars)
[info] [91/860] Completed all steps for 'https://www.apotheken-umschau.de/einfache-sprache/krankheiten/lungenkrebs-769843.html'.
[info] [92/860] Generating steps [0.25, 0.5, 0.75] for 'https://www.apotheken-umschau.de/einfache-sprache/erste-hilfe/verbrennungen-858533.html'...
  -> Calling model for step 0.25...
  -> Success (6.7s, 3240 chars)
  -> Calling model for step 0.50...
  -> Success (5.3s, 3192 chars)
  -> Calling model for step 0.75...
  -> Success (6.0s, 3158 chars)
[info] [92/860] Completed all steps for 'https://www.apotheken-umschau.de/einfache-sprache/erste-hilfe/verbrennungen-858533.html'.
[info] [93/860] Generating steps [0.25, 0.5, 0.75] for 'https://www.apotheken-umschau.de/einfache-sprache/krankheiten/besenreiser-722837.html'...
  -> Calling model for step 0.25...
  -> Success (7.2s, 4259 chars)
  -> Calling model for step 0.50...
  -> Success (6.0s, 3799 chars)
  -> Calling model for step 0.75...
  -> Success (6.5s, 3637 chars)
[info] [93/860] Completed all steps for 'https://www.apotheken-umschau.de/einfache-sprache/krankheiten/besenreiser-722837.html'.
[info] [94/860] Generating steps [0.25, 0.5, 0.75] for 'https://www.apotheken-umschau.de/einfache-sprache/medikamente-heilpflanzen/medikamente-gegen-covid-19-724673.html'...
  -> Calling model for step 0.25...
  -> Success (7.3s, 3575 chars)
  -> Calling model for step 0.50...
  -> Success (6.0s, 3553 chars)
  -> Calling model for step 0.75...
  -> Success (6.3s, 3266 chars)
[info] [94/860] Completed all steps for 'https://www.apotheken-umschau.de/einfache-sprache/medikamente-heilpflanzen/medikamente-gegen-covid-19-724673.html'.
[info] [95/860] Generating steps [0.25, 0.5, 0.75] for 'https://www.apotheken-umschau.de/einfache-sprache/erste-hilfe/insektenstich-821989.html'...
  -> Calling model for step 0.25...
  -> Success (6.3s, 2359 chars)
  -> Calling model for step 0.50...
  -> Success (6.3s, 2855 chars)
  -> Calling model for step 0.75...
  -> Success (5.7s, 2631 chars)
[info] [95/860] Completed all steps for 'https://www.apotheken-umschau.de/einfache-sprache/erste-hilfe/insektenstich-821989.html'.
[info] [96/860] Generating steps [0.25, 0.5, 0.75] for 'https://www.apotheken-umschau.de/einfache-sprache/krankheiten/schleimbeutel-entzuendung-723391.html'...
  -> Calling model for step 0.25...
  -> Success (7.8s, 4402 chars)
  -> Calling model for step 0.50...
  -> Success (6.6s, 3965 chars)
  -> Calling model for step 0.75...
  -> Success (5.5s, 2959 chars)
[info] [96/860] Completed all steps for 'https://www.apotheken-umschau.de/einfache-sprache/krankheiten/schleimbeutel-entzuendung-723391.html'.
[info] [97/860] Generating steps [0.25, 0.5, 0.75] for 'https://www.apotheken-umschau.de/einfache-sprache/medikamente-heilpflanzen/amlodipin-769839.html'...
  -> Calling model for step 0.25...
  -> Success (8.1s, 3763 chars)
  -> Calling model for step 0.50...
  -> Success (7.1s, 3247 chars)
  -> Calling model for step 0.75...
  -> Success (7.0s, 2643 chars)
[info] [97/860] Completed all steps for 'https://www.apotheken-umschau.de/einfache-sprache/medikamente-heilpflanzen/amlodipin-769839.html'.
[info] [98/860] Generating steps [0.25, 0.5, 0.75] for 'https://www.apotheken-umschau.de/einfache-sprache/krankheiten/zahnfleisch-entzuendung-1101701.html'...
  -> Calling model for step 0.25...
  -> Success (8.0s, 4094 chars)
  -> Calling model for step 0.50...
  -> Success (7.8s, 3776 chars)
  -> Calling model for step 0.75...
  -> Success (5.7s, 3101 chars)
[info] [98/860] Completed all steps for 'https://www.apotheken-umschau.de/einfache-sprache/krankheiten/zahnfleisch-entzuendung-1101701.html'.
[info] [99/860] Generating steps [0.25, 0.5, 0.75] for 'https://www.apotheken-umschau.de/einfache-sprache/medikamente-heilpflanzen/citalopram-wirkung-und-nebenwirkungen-725981.html'...
  -> Calling model for step 0.25...
  -> Success (5.2s, 2792 chars)
  -> Calling model for step 0.50...
  -> Success (4.8s, 2200 chars)
  -> Calling model for step 0.75...
  -> Success (5.2s, 2251 chars)
[info] [99/860] Completed all steps for 'https://www.apotheken-umschau.de/einfache-sprache/medikamente-heilpflanzen/citalopram-wirkung-und-nebenwirkungen-725981.html'.
[info] [100/860] Generating steps [0.25, 0.5, 0.75] for 'https://www.apotheken-umschau.de/einfache-sprache/verhuetung/pille-805349.html'...
  -> Calling model for step 0.25...
  -> Success (10.0s, 5272 chars)
  -> Calling model for step 0.50...
  -> Success (7.7s, 4548 chars)
  -> Calling model for step 0.75...
  -> Success (6.7s, 3369 chars)
[info] [100/860] Completed all steps for 'https://www.apotheken-umschau.de/einfache-sprache/verhuetung/pille-805349.html'.
[info] [101/860] Generating steps [0.25, 0.5, 0.75] for 'https://www.apotheken-umschau.de/einfache-sprache/medikamente-heilpflanzen/ingwer-769861.html'...
  -> Calling model for step 0.25...
  -> Success (8.7s, 3828 chars)
  -> Calling model for step 0.50...
  -> Success (6.1s, 3625 chars)
  -> Calling model for step 0.75...
  -> Success (8.6s, 4047 chars)
[info] [101/860] Completed all steps for 'https://www.apotheken-umschau.de/einfache-sprache/medikamente-heilpflanzen/ingwer-769861.html'.
[info] [102/860] Generating steps [0.25, 0.5, 0.75] for 'https://www.apotheken-umschau.de/einfache-sprache/krankheiten/ohrenschmerzen-1126409.html'...
  -> Calling model for step 0.25...
  -> Success (8.7s, 4740 chars)
  -> Calling model for step 0.50...
  -> Success (7.6s, 4041 chars)
  -> Calling model for step 0.75...
  -> Success (9.0s, 4488 chars)
[info] [102/860] Completed all steps for 'https://www.apotheken-umschau.de/einfache-sprache/krankheiten/ohrenschmerzen-1126409.html'.
[info] [103/860] Generating steps [0.25, 0.5, 0.75] for 'https://www.apotheken-umschau.de/einfache-sprache/krankheiten/fusspilz-1104659.html'...
  -> Calling model for step 0.25...
  -> Success (9.6s, 4436 chars)
  -> Calling model for step 0.50...
  -> Success (7.7s, 3319 chars)
  -> Calling model for step 0.75...
  -> Success (7.3s, 3287 chars)
[info] [103/860] Completed all steps for 'https://www.apotheken-umschau.de/einfache-sprache/krankheiten/fusspilz-1104659.html'.
[info] [104/860] Generating steps [0.25, 0.5, 0.75] for 'https://www.apotheken-umschau.de/einfache-sprache/krankheiten/depressive-verstimmung-1153459.html'...
  -> Calling model for step 0.25...
  -> Success (6.9s, 3722 chars)
  -> Calling model for step 0.50...
  -> Success (5.4s, 3439 chars)
  -> Calling model for step 0.75...
  -> Success (5.1s, 3132 chars)
[info] [104/860] Completed all steps for 'https://www.apotheken-umschau.de/einfache-sprache/krankheiten/depressive-verstimmung-1153459.html'.
[info] [105/860] Generating steps [0.25, 0.5, 0.75] for 'https://www.apotheken-umschau.de/einfache-sprache/medikamente-heilpflanzen/paracetamol-723403.html'...
  -> Calling model for step 0.25...
  -> Success (6.4s, 2904 chars)
  -> Calling model for step 0.50...
  -> Success (4.2s, 2601 chars)
  -> Calling model for step 0.75...
  -> Success (5.3s, 2866 chars)
[info] [105/860] Completed all steps for 'https://www.apotheken-umschau.de/einfache-sprache/medikamente-heilpflanzen/paracetamol-723403.html'.
[info] [106/860] Generating steps [0.25, 0.5, 0.75] for 'https://www.apotheken-umschau.de/einfache-sprache/medikamente-heilpflanzen/thymian-774199.html'...
  -> Calling model for step 0.25...
  -> Success (6.3s, 3041 chars)
  -> Calling model for step 0.50...
  -> Success (5.0s, 2340 chars)
  -> Calling model for step 0.75...
  -> Success (6.0s, 2134 chars)
[info] [106/860] Completed all steps for 'https://www.apotheken-umschau.de/einfache-sprache/medikamente-heilpflanzen/thymian-774199.html'.
[info] [107/860] Generating steps [0.25, 0.5, 0.75] for 'https://www.apotheken-umschau.de/einfache-sprache/krankheiten/osteoporose-896995.html'...
  -> Calling model for step 0.25...
  -> Success (8.2s, 4695 chars)
  -> Calling model for step 0.50...
  -> Success (6.5s, 3799 chars)
  -> Calling model for step 0.75...
  -> Success (7.4s, 3762 chars)
[info] [107/860] Completed all steps for 'https://www.apotheken-umschau.de/einfache-sprache/krankheiten/osteoporose-896995.html'.
[info] [108/860] Generating steps [0.25, 0.5, 0.75] for 'https://www.apotheken-umschau.de/einfache-sprache/krankheiten/posttraumatische-belastungsstoerung-ptbs-1097581.html'...
  -> Calling model for step 0.25...
  -> Success (5.9s, 3923 chars)
  -> Calling model for step 0.50...
  -> Success (5.5s, 3054 chars)
  -> Calling model for step 0.75...
  -> Success (4.8s, 2955 chars)
[info] [108/860] Completed all steps for 'https://www.apotheken-umschau.de/einfache-sprache/krankheiten/posttraumatische-belastungsstoerung-ptbs-1097581.html'.
[info] [109/860] Generating steps [0.25, 0.5, 0.75] for 'https://www.apotheken-umschau.de/einfache-sprache/krankheiten/asthma-768147.html'...
  -> Calling model for step 0.25...
  -> Success (10.0s, 5854 chars)
  -> Calling model for step 0.50...
  -> Success (9.3s, 5214 chars)
  -> Calling model for step 0.75...
  -> Success (6.5s, 3893 chars)
[info] [109/860] Completed all steps for 'https://www.apotheken-umschau.de/einfache-sprache/krankheiten/asthma-768147.html'.
[info] [110/860] Generating steps [0.25, 0.5, 0.75] for 'https://www.apotheken-umschau.de/einfache-sprache/krankheiten/niedriger-blutdruck-723115.html'...
  -> Calling model for step 0.25...
  -> Success (6.9s, 3988 chars)
  -> Calling model for step 0.50...
  -> Success (7.2s, 3899 chars)
  -> Calling model for step 0.75...
  -> Success (6.1s, 3547 chars)
[info] [110/860] Completed all steps for 'https://www.apotheken-umschau.de/einfache-sprache/krankheiten/niedriger-blutdruck-723115.html'.
[info] [111/860] Generating steps [0.25, 0.5, 0.75] for 'https://www.apotheken-umschau.de/einfache-sprache/untersuchungen-therapien/blut-transfusion-768157.html'...
  -> Calling model for step 0.25...
  -> Success (7.0s, 3934 chars)
  -> Calling model for step 0.50...
  -> Success (6.8s, 4004 chars)
  -> Calling model for step 0.75...
  -> Success (7.0s, 3541 chars)
[info] [111/860] Completed all steps for 'https://www.apotheken-umschau.de/einfache-sprache/untersuchungen-therapien/blut-transfusion-768157.html'.
[info] [112/860] Generating steps [0.25, 0.5, 0.75] for 'https://www.apotheken-umschau.de/einfache-sprache/medikamente-heilpflanzen/diclofenac-723415.html'...
  -> Calling model for step 0.25...
  -> Success (7.2s, 2803 chars)
  -> Calling model for step 0.50...
  -> Success (7.1s, 3431 chars)
  -> Calling model for step 0.75...
  -> Success (6.9s, 2842 chars)
[info] [112/860] Completed all steps for 'https://www.apotheken-umschau.de/einfache-sprache/medikamente-heilpflanzen/diclofenac-723415.html'.
[info] [113/860] Generating steps [0.25, 0.5, 0.75] for 'https://www.apotheken-umschau.de/einfache-sprache/medikamente-heilpflanzen/hausmittel-gegen-schnupfen-769789.html'...
  -> Calling model for step 0.25...
  -> Success (8.8s, 4347 chars)
  -> Calling model for step 0.50...
  -> Success (7.4s, 4244 chars)
  -> Calling model for step 0.75...
  -> Success (6.9s, 3636 chars)
[info] [113/860] Completed all steps for 'https://www.apotheken-umschau.de/einfache-sprache/medikamente-heilpflanzen/hausmittel-gegen-schnupfen-769789.html'.
[info] [114/860] Generating steps [0.25, 0.5, 0.75] for 'https://www.apotheken-umschau.de/einfache-sprache/krankheiten/lippenherpes-761569.html'...
  -> Calling model for step 0.25...
  -> Success (9.4s, 5440 chars)
  -> Calling model for step 0.50...
  -> Success (7.2s, 3643 chars)
  -> Calling model for step 0.75...
  -> Success (7.5s, 4287 chars)
[info] [114/860] Completed all steps for 'https://www.apotheken-umschau.de/einfache-sprache/krankheiten/lippenherpes-761569.html'.
[info] [115/860] Generating steps [0.25, 0.5, 0.75] for 'https://www.apotheken-umschau.de/einfache-sprache/verhuetung/verhuetungsstaebchen-857815.html'...
  -> Calling model for step 0.25...
  -> Success (8.4s, 4300 chars)
  -> Calling model for step 0.50...
  -> Success (5.2s, 3430 chars)
  -> Calling model for step 0.75...
  -> Success (7.3s, 3483 chars)
[info] [115/860] Completed all steps for 'https://www.apotheken-umschau.de/einfache-sprache/verhuetung/verhuetungsstaebchen-857815.html'.
[info] [116/860] Generating steps [0.25, 0.5, 0.75] for 'https://www.apotheken-umschau.de/einfache-sprache/krankheiten/muskelfaserriss-und-muskelzerrung-723303.html'...
  -> Calling model for step 0.25...
  -> Success (8.3s, 4213 chars)
  -> Calling model for step 0.50...
  -> Success (4.9s, 3044 chars)
  -> Calling model for step 0.75...
  -> Success (6.1s, 3213 chars)
[info] [116/860] Completed all steps for 'https://www.apotheken-umschau.de/einfache-sprache/krankheiten/muskelfaserriss-und-muskelzerrung-723303.html'.
[info] [117/860] Generating steps [0.25, 0.5, 0.75] for 'https://www.apotheken-umschau.de/einfache-sprache/krankheiten/sprunggelenksbruch-801063.html'...
  -> Calling model for step 0.25...
  -> Success (9.3s, 5030 chars)
  -> Calling model for step 0.50...
  -> Success (9.8s, 4810 chars)
  -> Calling model for step 0.75...
  -> Success (10.0s, 4469 chars)
[info] [117/860] Completed all steps for 'https://www.apotheken-umschau.de/einfache-sprache/krankheiten/sprunggelenksbruch-801063.html'.
[info] [118/860] Generating steps [0.25, 0.5, 0.75] for 'https://www.apotheken-umschau.de/einfache-sprache/verhuetung/verhuetungspflaster-862847.html'...
  -> Calling model for step 0.25...
  -> Success (8.2s, 3490 chars)
  -> Calling model for step 0.50...
  -> Success (5.7s, 3586 chars)
  -> Calling model for step 0.75...
  -> Success (7.0s, 2746 chars)
[info] [118/860] Completed all steps for 'https://www.apotheken-umschau.de/einfache-sprache/verhuetung/verhuetungspflaster-862847.html'.
[info] [119/860] Generating steps [0.25, 0.5, 0.75] for 'https://www.apotheken-umschau.de/einfache-sprache/medikamente-heilpflanzen/ibuprofen-722713.html'...
  -> Calling model for step 0.25...
  -> Success (8.4s, 4099 chars)
  -> Calling model for step 0.50...
  -> Success (6.4s, 3980 chars)
  -> Calling model for step 0.75...
  -> Success (7.6s, 3084 chars)
[info] [119/860] Completed all steps for 'https://www.apotheken-umschau.de/einfache-sprache/medikamente-heilpflanzen/ibuprofen-722713.html'.
[info] [120/860] Generating steps [0.25, 0.5, 0.75] for 'https://www.apotheken-umschau.de/einfache-sprache/krankheiten/sodbrennen-862575.html'...
  -> Calling model for step 0.25...
  -> Success (7.6s, 3200 chars)
  -> Calling model for step 0.50...
  -> Success (6.5s, 4024 chars)
  -> Calling model for step 0.75...
  -> Success (6.2s, 3079 chars)
[info] [120/860] Completed all steps for 'https://www.apotheken-umschau.de/einfache-sprache/krankheiten/sodbrennen-862575.html'.
[info] [121/860] Generating steps [0.25, 0.5, 0.75] for 'https://www.apotheken-umschau.de/einfache-sprache/krankheiten/parkinson-750505.html'...
  -> Calling model for step 0.25...
  -> Success (9.0s, 5044 chars)
  -> Calling model for step 0.50...
  -> Success (11.0s, 6003 chars)
  -> Calling model for step 0.75...
  -> Success (8.2s, 4899 chars)
[info] [121/860] Completed all steps for 'https://www.apotheken-umschau.de/einfache-sprache/krankheiten/parkinson-750505.html'.
[info] [122/860] Generating steps [0.25, 0.5, 0.75] for 'https://www.apotheken-umschau.de/einfache-sprache/medikamente-heilpflanzen/magensaeure-blocker-936185.html'...
  -> Calling model for step 0.25...
  -> Success (5.9s, 2741 chars)
  -> Calling model for step 0.50...
  -> Success (4.8s, 2712 chars)
  -> Calling model for step 0.75...
  -> Success (4.8s, 2361 chars)
[info] [122/860] Completed all steps for 'https://www.apotheken-umschau.de/einfache-sprache/medikamente-heilpflanzen/magensaeure-blocker-936185.html'.
[info] [123/860] Generating steps [0.25, 0.5, 0.75] for 'https://www.apotheken-umschau.de/einfache-sprache/medikamente-heilpflanzen/hausmittel-bei-husten-722633.html'...
  -> Calling model for step 0.25...
  -> Success (7.0s, 3309 chars)
  -> Calling model for step 0.50...
  -> Success (6.3s, 3889 chars)
  -> Calling model for step 0.75...
  -> Success (5.4s, 3241 chars)
[info] [123/860] Completed all steps for 'https://www.apotheken-umschau.de/einfache-sprache/medikamente-heilpflanzen/hausmittel-bei-husten-722633.html'.
[info] [124/860] Generating steps [0.25, 0.5, 0.75] for 'https://www.apotheken-umschau.de/einfache-sprache/krankheiten/baenderriss-am-sprunggelenk-723251.html'...
  -> Calling model for step 0.25...
  -> Success (8.5s, 4762 chars)
  -> Calling model for step 0.50...
  -> Success (6.0s, 3698 chars)
  -> Calling model for step 0.75...
  -> Success (6.1s, 2747 chars)
[info] [124/860] Completed all steps for 'https://www.apotheken-umschau.de/einfache-sprache/krankheiten/baenderriss-am-sprunggelenk-723251.html'.
[info] [125/860] Generating steps [0.25, 0.5, 0.75] for 'https://www.apotheken-umschau.de/einfache-sprache/krankheiten/akute-bronchitis-750471.html'...
  -> Calling model for step 0.25...
  -> Success (5.8s, 3264 chars)
  -> Calling model for step 0.50...
  -> Success (6.7s, 3339 chars)
  -> Calling model for step 0.75...
  -> Success (5.2s, 3082 chars)
[info] [125/860] Completed all steps for 'https://www.apotheken-umschau.de/einfache-sprache/krankheiten/akute-bronchitis-750471.html'.
[info] [126/860] Generating steps [0.25, 0.5, 0.75] for 'https://www.apotheken-umschau.de/einfache-sprache/krankheiten/ringelroeteln-1136041.html'...
  -> Calling model for step 0.25...
  -> Success (9.9s, 5821 chars)
  -> Calling model for step 0.50...
  -> Success (7.8s, 5173 chars)
  -> Calling model for step 0.75...
  -> Success (7.9s, 4914 chars)
[info] [126/860] Completed all steps for 'https://www.apotheken-umschau.de/einfache-sprache/krankheiten/ringelroeteln-1136041.html'.
[info] [127/860] Generating steps [0.25, 0.5, 0.75] for 'https://www.apotheken-umschau.de/einfache-sprache/krankheiten/morbus-bechterew-912075.html'...
  -> Calling model for step 0.25...
  -> Success (8.8s, 4676 chars)
  -> Calling model for step 0.50...
  -> Success (8.3s, 4410 chars)
  -> Calling model for step 0.75...
  -> Success (7.9s, 3399 chars)
[info] [127/860] Completed all steps for 'https://www.apotheken-umschau.de/einfache-sprache/krankheiten/morbus-bechterew-912075.html'.
[info] [128/860] Generating steps [0.25, 0.5, 0.75] for 'https://www.apotheken-umschau.de/einfache-sprache/wegweiser-gesundheitssystem/seelsorge-794415.html'...
  -> Calling model for step 0.25...
  -> Success (2.8s, 1057 chars)
  -> Calling model for step 0.50...
  -> Success (3.1s, 782 chars)
  -> Calling model for step 0.75...
  -> Success (2.8s, 718 chars)
[info] [128/860] Completed all steps for 'https://www.apotheken-umschau.de/einfache-sprache/wegweiser-gesundheitssystem/seelsorge-794415.html'.
[info] [129/860] Generating steps [0.25, 0.5, 0.75] for 'https://www.apotheken-umschau.de/einfache-sprache/krankheiten/schilddruesenunterfunktion-722601.html'...
  -> Calling model for step 0.25...
  -> Success (6.8s, 3959 chars)
  -> Calling model for step 0.50...
  -> Success (7.0s, 4246 chars)
  -> Calling model for step 0.75...
  -> Success (7.0s, 3567 chars)
[info] [129/860] Completed all steps for 'https://www.apotheken-umschau.de/einfache-sprache/krankheiten/schilddruesenunterfunktion-722601.html'.
[info] [130/860] Generating steps [0.25, 0.5, 0.75] for 'https://www.apotheken-umschau.de/einfache-sprache/verhuetung/dreimonatsspritze-868523.html'...
  -> Calling model for step 0.25...
  -> Success (8.5s, 4396 chars)
  -> Calling model for step 0.50...
  -> Success (6.7s, 4100 chars)
  -> Calling model for step 0.75...
  -> Success (7.8s, 3769 chars)
[info] [130/860] Completed all steps for 'https://www.apotheken-umschau.de/einfache-sprache/verhuetung/dreimonatsspritze-868523.html'.
[info] [131/860] Generating steps [0.25, 0.5, 0.75] for 'https://www.apotheken-umschau.de/einfache-sprache/medikamente-heilpflanzen/pfefferminze-802797.html'...
  -> Calling model for step 0.25...
  -> Success (6.0s, 2675 chars)
  -> Calling model for step 0.50...
  -> Success (6.8s, 3087 chars)
  -> Calling model for step 0.75...
  -> Success (5.3s, 2378 chars)
[info] [131/860] Completed all steps for 'https://www.apotheken-umschau.de/einfache-sprache/medikamente-heilpflanzen/pfefferminze-802797.html'.
[info] [132/860] Generating steps [0.25, 0.5, 0.75] for 'https://www.apotheken-umschau.de/einfache-sprache/krankheiten/noroviren-infektion-750387.html'...
  -> Calling model for step 0.25...
  -> Success (7.4s, 3793 chars)
  -> Calling model for step 0.50...
  -> Success (8.8s, 3944 chars)
  -> Calling model for step 0.75...
  -> Success (6.4s, 3657 chars)
[info] [132/860] Completed all steps for 'https://www.apotheken-umschau.de/einfache-sprache/krankheiten/noroviren-infektion-750387.html'.
[info] [133/860] Generating steps [0.25, 0.5, 0.75] for 'https://www.apotheken-umschau.de/einfache-sprache/krankheiten/mumps-937211.html'...
  -> Calling model for step 0.25...
  -> Success (7.9s, 4051 chars)
  -> Calling model for step 0.50...
  -> Success (5.8s, 3795 chars)
  -> Calling model for step 0.75...
  -> Success (5.7s, 3158 chars)
[info] [133/860] Completed all steps for 'https://www.apotheken-umschau.de/einfache-sprache/krankheiten/mumps-937211.html'.
[info] [134/860] Generating steps [0.25, 0.5, 0.75] for 'https://www.apotheken-umschau.de/einfache-sprache/krankheiten/arthrose-der-hand-und-fingergelenke-722669.html'...
  -> Calling model for step 0.25...
  -> Success (8.5s, 4989 chars)
  -> Calling model for step 0.50...
  -> Success (9.4s, 5508 chars)
  -> Calling model for step 0.75...
  -> Success (6.1s, 3099 chars)
[info] [134/860] Completed all steps for 'https://www.apotheken-umschau.de/einfache-sprache/krankheiten/arthrose-der-hand-und-fingergelenke-722669.html'.
[info] [135/860] Generating steps [0.25, 0.5, 0.75] for 'https://www.apotheken-umschau.de/einfache-sprache/krankheiten/nierenbecken-entzuendung-722933.html'...
  -> Calling model for step 0.25...
  -> Success (6.9s, 4330 chars)
  -> Calling model for step 0.50...
  -> Success (6.8s, 3833 chars)
  -> Calling model for step 0.75...
  -> Success (9.3s, 4615 chars)
[info] [135/860] Completed all steps for 'https://www.apotheken-umschau.de/einfache-sprache/krankheiten/nierenbecken-entzuendung-722933.html'.
[info] [136/860] Generating steps [0.25, 0.5, 0.75] for 'https://www.apotheken-umschau.de/einfache-sprache/krankheiten/schock-800055.html'...
  -> Calling model for step 0.25...
  -> Success (9.2s, 4481 chars)
  -> Calling model for step 0.50...
  -> Success (6.6s, 3587 chars)
  -> Calling model for step 0.75...
  -> Success (6.3s, 2600 chars)
[info] [136/860] Completed all steps for 'https://www.apotheken-umschau.de/einfache-sprache/krankheiten/schock-800055.html'.
[info] [137/860] Generating steps [0.25, 0.5, 0.75] for 'https://www.apotheken-umschau.de/einfache-sprache/krankheiten/pfeiffersches-druesenfieber-722063.html'...
  -> Calling model for step 0.25...
  -> Success (6.3s, 3821 chars)
  -> Calling model for step 0.50...
  -> Success (5.8s, 3142 chars)
  -> Calling model for step 0.75...
  -> Success (6.4s, 2780 chars)
[info] [137/860] Completed all steps for 'https://www.apotheken-umschau.de/einfache-sprache/krankheiten/pfeiffersches-druesenfieber-722063.html'.
[info] [138/860] Generating steps [0.25, 0.5, 0.75] for 'https://www.apotheken-umschau.de/einfache-sprache/erste-hilfe/erste-hilfe-blutungen-richtig-versorgen-807921.html'...
  -> Calling model for step 0.25...
  -> Success (5.0s, 2588 chars)
  -> Calling model for step 0.50...
  -> Success (4.6s, 2763 chars)
  -> Calling model for step 0.75...
  -> Success (4.1s, 2154 chars)
[info] [138/860] Completed all steps for 'https://www.apotheken-umschau.de/einfache-sprache/erste-hilfe/erste-hilfe-blutungen-richtig-versorgen-807921.html'.
[info] [139/860] Generating steps [0.25, 0.5, 0.75] for 'https://www.apotheken-umschau.de/einfache-sprache/krankheiten/bindehaut-entzuendung-722019.html'...
  -> Calling model for step 0.25...
  -> Success (8.0s, 3494 chars)
  -> Calling model for step 0.50...
  -> Success (8.7s, 4350 chars)
  -> Calling model for step 0.75...
  -> Success (6.9s, 3151 chars)
[info] [139/860] Completed all steps for 'https://www.apotheken-umschau.de/einfache-sprache/krankheiten/bindehaut-entzuendung-722019.html'.
[info] [140/860] Generating steps [0.25, 0.5, 0.75] for 'https://www.apotheken-umschau.de/einfache-sprache/krankheiten/diabetes-typ-2-868609.html'...
  -> Calling model for step 0.25...
  -> Success (8.2s, 4533 chars)
  -> Calling model for step 0.50...
  -> Success (6.8s, 4116 chars)
  -> Calling model for step 0.75...
  -> Success (7.0s, 4008 chars)
[info] [140/860] Completed all steps for 'https://www.apotheken-umschau.de/einfache-sprache/krankheiten/diabetes-typ-2-868609.html'.
[info] [141/860] Generating steps [0.25, 0.5, 0.75] for 'https://www.apotheken-umschau.de/einfache-sprache/erste-hilfe/erfrierungen-801001.html'...
  -> Calling model for step 0.25...
  -> Success (8.1s, 4314 chars)
  -> Calling model for step 0.50...
  -> Success (11.9s, 4660 chars)
  -> Calling model for step 0.75...
  -> Success (8.4s, 4121 chars)
[info] [141/860] Completed all steps for 'https://www.apotheken-umschau.de/einfache-sprache/erste-hilfe/erfrierungen-801001.html'.
[info] [142/860] Generating steps [0.25, 0.5, 0.75] for 'https://www.apotheken-umschau.de/einfache-sprache/krankheiten/nikotin-abhaengigkeit-910543.html'...
  -> Calling model for step 0.25...
  -> Success (7.2s, 4322 chars)
  -> Calling model for step 0.50...
  -> Success (6.6s, 4353 chars)
  -> Calling model for step 0.75...
  -> Success (7.4s, 4333 chars)
[info] [142/860] Completed all steps for 'https://www.apotheken-umschau.de/einfache-sprache/krankheiten/nikotin-abhaengigkeit-910543.html'.
[info] [143/860] Generating steps [0.25, 0.5, 0.75] for 'https://www.apotheken-umschau.de/einfache-sprache/krankheiten/blasenentzuendung-722027.html'...
  -> Calling model for step 0.25...
  -> Success (6.6s, 2957 chars)
  -> Calling model for step 0.50...
  -> Success (6.6s, 3919 chars)
  -> Calling model for step 0.75...
  -> Success (4.9s, 2443 chars)
[info] [143/860] Completed all steps for 'https://www.apotheken-umschau.de/einfache-sprache/krankheiten/blasenentzuendung-722027.html'.
[info] [144/860] Generating steps [0.25, 0.5, 0.75] for 'https://www.apotheken-umschau.de/einfache-sprache/krankheiten/arzneimittel-allergie-953249.html'...
  -> Calling model for step 0.25...
  -> Success (7.9s, 3269 chars)
  -> Calling model for step 0.50...
  -> Success (6.5s, 3762 chars)
  -> Calling model for step 0.75...
  -> Success (5.5s, 3104 chars)
[info] [144/860] Completed all steps for 'https://www.apotheken-umschau.de/einfache-sprache/krankheiten/arzneimittel-allergie-953249.html'.
[info] [145/860] Generating steps [0.25, 0.5, 0.75] for 'https://www.apotheken-umschau.de/einfache-sprache/medikamente-heilpflanzen/medikamente-was-sind-wechselwirkungen-761795.html'...
  -> Calling model for step 0.25...
  -> Success (6.0s, 3369 chars)
  -> Calling model for step 0.50...
  -> Success (4.3s, 2983 chars)
  -> Calling model for step 0.75...
  -> Success (4.8s, 3073 chars)
[info] [145/860] Completed all steps for 'https://www.apotheken-umschau.de/einfache-sprache/medikamente-heilpflanzen/medikamente-was-sind-wechselwirkungen-761795.html'.
[info] [146/860] Generating steps [0.25, 0.5, 0.75] for 'https://www.apotheken-umschau.de/einfache-sprache/krankheiten/corona-virus-723743.html'...
  -> Calling model for step 0.25...
  -> Success (10.1s, 6466 chars)
  -> Calling model for step 0.50...
  -> Success (7.6s, 4788 chars)
  -> Calling model for step 0.75...
  -> Success (7.5s, 3918 chars)
[info] [146/860] Completed all steps for 'https://www.apotheken-umschau.de/einfache-sprache/krankheiten/corona-virus-723743.html'.
[info] [147/860] Generating steps [0.25, 0.5, 0.75] for 'https://www.apotheken-umschau.de/einfache-sprache/krankheiten/fsme-939565.html'...
  -> Calling model for step 0.25...
  -> Success (9.2s, 5039 chars)
  -> Calling model for step 0.50...
  -> Success (7.6s, 4276 chars)
  -> Calling model for step 0.75...
  -> Success (6.6s, 4095 chars)
[info] [147/860] Completed all steps for 'https://www.apotheken-umschau.de/einfache-sprache/krankheiten/fsme-939565.html'.
[info] [148/860] Generating steps [0.25, 0.5, 0.75] for 'https://www.apotheken-umschau.de/einfache-sprache/krankheiten/schlafapnoe-1104695.html'...
  -> Calling model for step 0.25...
  -> Success (9.2s, 4721 chars)
  -> Calling model for step 0.50...
  -> Success (8.4s, 4694 chars)
  -> Calling model for step 0.75...
  -> Success (6.0s, 3027 chars)
[info] [148/860] Completed all steps for 'https://www.apotheken-umschau.de/einfache-sprache/krankheiten/schlafapnoe-1104695.html'.
[info] [149/860] Generating steps [0.25, 0.5, 0.75] for 'https://www.apotheken-umschau.de/einfache-sprache/medikamente-heilpflanzen/baerentraube-777515.html'...
  -> Calling model for step 0.25...
  -> Success (3.7s, 1887 chars)
  -> Calling model for step 0.50...
  -> Success (4.8s, 2020 chars)
  -> Calling model for step 0.75...
  -> Success (3.8s, 1384 chars)
[info] [149/860] Completed all steps for 'https://www.apotheken-umschau.de/einfache-sprache/medikamente-heilpflanzen/baerentraube-777515.html'.
[info] [150/860] Generating steps [0.25, 0.5, 0.75] for 'https://www.apotheken-umschau.de/einfache-sprache/krankheiten/gallenblasenentzuendung-869551.html'...
  -> Calling model for step 0.25...
  -> Success (5.7s, 2921 chars)
  -> Calling model for step 0.50...
  -> Success (5.2s, 2631 chars)
  -> Calling model for step 0.75...
  -> Success (6.5s, 3047 chars)
[info] [150/860] Completed all steps for 'https://www.apotheken-umschau.de/einfache-sprache/krankheiten/gallenblasenentzuendung-869551.html'.
[info] [151/860] Generating steps [0.25, 0.5, 0.75] for 'https://www.apotheken-umschau.de/einfache-sprache/krankheiten/nachtschweiss-1098937.html'...
  -> Calling model for step 0.25...
  -> Success (6.2s, 3487 chars)
  -> Calling model for step 0.50...
  -> Success (7.1s, 3607 chars)
  -> Calling model for step 0.75...
  -> Success (5.6s, 2950 chars)
[info] [151/860] Completed all steps for 'https://www.apotheken-umschau.de/einfache-sprache/krankheiten/nachtschweiss-1098937.html'.
[info] [152/860] Generating steps [0.25, 0.5, 0.75] for 'https://www.apotheken-umschau.de/einfache-sprache/untersuchungen-therapien/impfung-und-covid-19-762305.html'...
  -> Calling model for step 0.25...
  -> Success (9.6s, 5475 chars)
  -> Calling model for step 0.50...
  -> Success (7.5s, 3773 chars)
  -> Calling model for step 0.75...
  -> Success (7.1s, 3966 chars)
[info] [152/860] Completed all steps for 'https://www.apotheken-umschau.de/einfache-sprache/untersuchungen-therapien/impfung-und-covid-19-762305.html'.
[info] [153/860] Generating steps [0.25, 0.5, 0.75] for 'https://www.apotheken-umschau.de/einfache-sprache/wegweiser-gesundheitssystem/kinderkrankentage-1164647.html'...
  -> Calling model for step 0.25...
  -> Success (11.9s, 7293 chars)
  -> Calling model for step 0.50...
  -> Success (11.1s, 7043 chars)
  -> Calling model for step 0.75...
  -> Success (11.7s, 5895 chars)
[info] [153/860] Completed all steps for 'https://www.apotheken-umschau.de/einfache-sprache/wegweiser-gesundheitssystem/kinderkrankentage-1164647.html'.
[info] [154/860] Generating steps [0.25, 0.5, 0.75] for 'https://www.behindertenbeauftragter.de/DE/LS/der-beauftragte/gesetzliche-aufgabe/gesetzliche-aufgabe.html'...
  -> Calling model for step 0.25...
  -> Success (4.2s, 2866 chars)
  -> Calling model for step 0.50...
  -> Success (3.9s, 2449 chars)
  -> Calling model for step 0.75...
  -> Success (4.1s, 2196 chars)
[info] [154/860] Completed all steps for 'https://www.behindertenbeauftragter.de/DE/LS/der-beauftragte/gesetzliche-aufgabe/gesetzliche-aufgabe.html'.
[info] [155/860] Generating steps [0.25, 0.5, 0.75] for 'https://www.behindertenbeauftragter.de/DE/LS/rechtliches/un-brk/un-brk.html'...
  -> Calling model for step 0.25...
  -> Success (4.9s, 3053 chars)
  -> Calling model for step 0.50...
  -> Success (4.8s, 2416 chars)
  -> Calling model for step 0.75...
  -> Success (4.6s, 2206 chars)
[info] [155/860] Completed all steps for 'https://www.behindertenbeauftragter.de/DE/LS/rechtliches/un-brk/un-brk.html'.
[info] [156/860] Generating steps [0.25, 0.5, 0.75] for 'https://www.behindertenbeauftragter.de/DE/LS/kultur-im-kleisthaus/kultur-im-kleisthaus.html'...
  -> Calling model for step 0.25...
  -> Success (4.1s, 2075 chars)
  -> Calling model for step 0.50...
  -> Success (4.1s, 2090 chars)
  -> Calling model for step 0.75...
  -> Success (3.7s, 1429 chars)
[info] [156/860] Completed all steps for 'https://www.behindertenbeauftragter.de/DE/LS/kultur-im-kleisthaus/kultur-im-kleisthaus.html'.
[info] [157/860] Generating steps [0.25, 0.5, 0.75] for 'https://www.behindertenbeauftragter.de/DE/LS/presse-und-aktuelles/veranstaltungen/sonderseiten/arbeit/ankuendigung.html'...
  -> Calling model for step 0.25...
  -> Success (4.4s, 2538 chars)
  -> Calling model for step 0.50...
  -> Success (5.4s, 2433 chars)
  -> Calling model for step 0.75...
  -> Success (3.4s, 2030 chars)
[info] [157/860] Completed all steps for 'https://www.behindertenbeauftragter.de/DE/LS/presse-und-aktuelles/veranstaltungen/sonderseiten/arbeit/ankuendigung.html'.
[info] [158/860] Generating steps [0.25, 0.5, 0.75] for 'https://www.behindertenbeauftragter.de/DE/LS/kultur-im-kleisthaus/salon-im-kleisthaus/gaeste/_documents/ninialagrande_inhalt.html'...
  -> Calling model for step 0.25...
  -> Success (3.3s, 1102 chars)
  -> Calling model for step 0.50...
  -> Success (2.7s, 992 chars)
  -> Calling model for step 0.75...
  -> Success (4.0s, 995 chars)
[info] [158/860] Completed all steps for 'https://www.behindertenbeauftragter.de/DE/LS/kultur-im-kleisthaus/salon-im-kleisthaus/gaeste/_documents/ninialagrande_inhalt.html'.
[info] [159/860] Generating steps [0.25, 0.5, 0.75] for 'https://www.behindertenbeauftragter.de/SharedDocs/Pressemitteilungen/DE/LS/LS_2021/PM19_DresdnerPositionen_LS.html'...
  -> Calling model for step 0.25...
  -> Success (6.2s, 2842 chars)
  -> Calling model for step 0.50...
  -> Success (5.0s, 2691 chars)
  -> Calling model for step 0.75...
  -> Success (6.0s, 2847 chars)
[info] [159/860] Completed all steps for 'https://www.behindertenbeauftragter.de/SharedDocs/Pressemitteilungen/DE/LS/LS_2021/PM19_DresdnerPositionen_LS.html'.
[info] [160/860] Generating steps [0.25, 0.5, 0.75] for 'https://www.behindertenbeauftragter.de/SharedDocs/DerBeauftragteAktuell/DE/LS/2024/20240131_T4_Ankuendigung.html'...
  -> Calling model for step 0.25...
  -> Success (5.2s, 1889 chars)
  -> Calling model for step 0.50...
  -> Success (6.3s, 1819 chars)
  -> Calling model for step 0.75...
  -> Success (4.5s, 1568 chars)
[info] [160/860] Completed all steps for 'https://www.behindertenbeauftragter.de/SharedDocs/DerBeauftragteAktuell/DE/LS/2024/20240131_T4_Ankuendigung.html'.
[info] [161/860] Generating steps [0.25, 0.5, 0.75] for 'https://www.behindertenbeauftragter.de/DE/LS/kultur-im-kleisthaus/erinnerungskultur-t4/erinnerungskultur-t4.html'...
  -> Calling model for step 0.25...
  -> Success (3.3s, 993 chars)
  -> Calling model for step 0.50...
  -> Success (3.5s, 1116 chars)
  -> Calling model for step 0.75...
  -> Success (3.5s, 881 chars)
[info] [161/860] Completed all steps for 'https://www.behindertenbeauftragter.de/DE/LS/kultur-im-kleisthaus/erinnerungskultur-t4/erinnerungskultur-t4.html'.
[info] [162/860] Generating steps [0.25, 0.5, 0.75] for 'https://www.behindertenbeauftragter.de/DE/LS/kultur-im-kleisthaus/kulturveranstaltungen/kulturveranstaltungen.html'...
  -> Calling model for step 0.25...
  -> Success (4.0s, 1632 chars)
  -> Calling model for step 0.50...
  -> Success (3.0s, 1557 chars)
  -> Calling model for step 0.75...
  -> Success (4.1s, 1163 chars)
[info] [162/860] Completed all steps for 'https://www.behindertenbeauftragter.de/DE/LS/kultur-im-kleisthaus/kulturveranstaltungen/kulturveranstaltungen.html'.
[info] [163/860] Generating steps [0.25, 0.5, 0.75] for 'https://www.behindertenbeauftragter.de/SharedDocs/Pressemitteilungen/DE/LS/LS_2021/PM20_Schweigen_brechen_LS.html'...
  -> Calling model for step 0.25...
  -> Success (6.4s, 3037 chars)
  -> Calling model for step 0.50...
  -> Success (6.8s, 2973 chars)
  -> Calling model for step 0.75...
  -> Success (5.8s, 2831 chars)
[info] [163/860] Completed all steps for 'https://www.behindertenbeauftragter.de/SharedDocs/Pressemitteilungen/DE/LS/LS_2021/PM20_Schweigen_brechen_LS.html'.
[info] [164/860] Generating steps [0.25, 0.5, 0.75] for 'https://www.behindertenbeauftragter.de/DE/LS/schwerpunkte/schwerpunkte.html'...
  -> Calling model for step 0.25...
  -> Success (5.8s, 2091 chars)
  -> Calling model for step 0.50...
  -> Success (4.0s, 2373 chars)
  -> Calling model for step 0.75...
  -> Success (5.7s, 2023 chars)
[info] [164/860] Completed all steps for 'https://www.behindertenbeauftragter.de/DE/LS/schwerpunkte/schwerpunkte.html'.
[info] [165/860] Generating steps [0.25, 0.5, 0.75] for 'https://www.behindertenbeauftragter.de/DE/LS/rechtliches/behindertengleichstellungsgesetz/behindertengleichstellungsgesetz.html'...
  -> Calling model for step 0.25...
  -> Success (4.9s, 2440 chars)
  -> Calling model for step 0.50...
  -> Success (5.3s, 2174 chars)
  -> Calling model for step 0.75...
  -> Success (4.3s, 1797 chars)
[info] [165/860] Completed all steps for 'https://www.behindertenbeauftragter.de/DE/LS/rechtliches/behindertengleichstellungsgesetz/behindertengleichstellungsgesetz.html'.
[info] [166/860] Generating steps [0.25, 0.5, 0.75] for 'https://www.behindertenbeauftragter.de/DE/LS/schwerpunkte/wohnen/wohnen.html'...
  -> Calling model for step 0.25...
  -> Success (3.0s, 1385 chars)
  -> Calling model for step 0.50...
  -> Success (4.5s, 1184 chars)
  -> Calling model for step 0.75...
  -> Success (3.7s, 830 chars)
[info] [166/860] Completed all steps for 'https://www.behindertenbeauftragter.de/DE/LS/schwerpunkte/wohnen/wohnen.html'.
[info] [167/860] Generating steps [0.25, 0.5, 0.75] for 'https://www.behindertenbeauftragter.de/DE/LS/rechtliches/allgemeines-gleichbehandlungsgesetz/allgemeines-gleichbehandlungsgesetz.html'...
  -> Calling model for step 0.25...
  -> Success (4.9s, 2805 chars)
  -> Calling model for step 0.50...
  -> Success (4.6s, 2805 chars)
  -> Calling model for step 0.75...
  -> Success (5.8s, 1826 chars)
[info] [167/860] Completed all steps for 'https://www.behindertenbeauftragter.de/DE/LS/rechtliches/allgemeines-gleichbehandlungsgesetz/allgemeines-gleichbehandlungsgesetz.html'.
[info] [168/860] Generating steps [0.25, 0.5, 0.75] for 'https://www.behindertenbeauftragter.de/DE/LS/schwerpunkte/teilhabe-am-arbeitsleben/teilhabe-am-arbeitsleben.html'...
  -> Calling model for step 0.25...
  -> Success (5.8s, 3535 chars)
  -> Calling model for step 0.50...
  -> Success (4.5s, 3107 chars)
  -> Calling model for step 0.75...
  -> Success (5.2s, 2831 chars)
[info] [168/860] Completed all steps for 'https://www.behindertenbeauftragter.de/DE/LS/schwerpunkte/teilhabe-am-arbeitsleben/teilhabe-am-arbeitsleben.html'.
[info] [169/860] Generating steps [0.25, 0.5, 0.75] for 'https://www.behindertenbeauftragter.de/DE/LS/presse-und-aktuelles/kontakt-und-medienbereich/pressefotos/pressefotos.html'...
  -> Calling model for step 0.25...
  -> Success (3.5s, 622 chars)
  -> Calling model for step 0.50...
  -> Success (3.2s, 561 chars)
  -> Calling model for step 0.75...
  -> Success (3.1s, 562 chars)
[info] [169/860] Completed all steps for 'https://www.behindertenbeauftragter.de/DE/LS/presse-und-aktuelles/kontakt-und-medienbereich/pressefotos/pressefotos.html'.
[info] [170/860] Generating steps [0.25, 0.5, 0.75] for 'https://www.behindertenbeauftragter.de/SharedDocs/DerBeauftragteAktuell/DE/LS/2026/20260128_T4_Ankuendigung.html'...
  -> Calling model for step 0.25...
  -> Success (7.1s, 2605 chars)
  -> Calling model for step 0.50...
  -> Success (6.0s, 2557 chars)
  -> Calling model for step 0.75...
  -> Success (5.5s, 1937 chars)
[info] [170/860] Completed all steps for 'https://www.behindertenbeauftragter.de/SharedDocs/DerBeauftragteAktuell/DE/LS/2026/20260128_T4_Ankuendigung.html'.
[info] [171/860] Generating steps [0.25, 0.5, 0.75] for 'https://www.behindertenbeauftragter.de/DE/LS/kultur-im-kleisthaus/kultur-im-kleisthaus-teaser.html'...
  -> Calling model for step 0.25...
  -> Success (5.6s, 2042 chars)
  -> Calling model for step 0.50...
  -> Success (3.4s, 1501 chars)
  -> Calling model for step 0.75...
  -> Success (4.9s, 1327 chars)
[info] [171/860] Completed all steps for 'https://www.behindertenbeauftragter.de/DE/LS/kultur-im-kleisthaus/kultur-im-kleisthaus-teaser.html'.
[info] [172/860] Generating steps [0.25, 0.5, 0.75] for 'https://www.behindertenbeauftragter.de/SharedDocs/Pressemitteilungen/DE/LS/LS_2022/PM04_Ukraine.html'...
  -> Calling model for step 0.25...
  -> Success (5.7s, 3274 chars)
  -> Calling model for step 0.50...
  -> Success (8.1s, 3707 chars)
  -> Calling model for step 0.75...
  -> Success (4.1s, 2304 chars)
[info] [172/860] Completed all steps for 'https://www.behindertenbeauftragter.de/SharedDocs/Pressemitteilungen/DE/LS/LS_2022/PM04_Ukraine.html'.
[info] [173/860] Generating steps [0.25, 0.5, 0.75] for 'https://www.behindertenbeauftragter.de/DE/LS/kultur-im-kleisthaus/salon-im-kleisthaus/gaeste/_documents/Helga-Schubert_inhalt.html'...
  -> Calling model for step 0.25...
  -> Success (3.4s, 1276 chars)
  -> Calling model for step 0.50...
  -> Success (3.5s, 1258 chars)
  -> Calling model for step 0.75...
  -> Success (3.9s, 1144 chars)
[info] [173/860] Completed all steps for 'https://www.behindertenbeauftragter.de/DE/LS/kultur-im-kleisthaus/salon-im-kleisthaus/gaeste/_documents/Helga-Schubert_inhalt.html'.
[info] [174/860] Generating steps [0.25, 0.5, 0.75] for 'https://www.behindertenbeauftragter.de/DE/LS/kultur-im-kleisthaus/salon-im-kleisthaus/gaeste/_documents/Roth-und-Levit_inhalt.html'...
  -> Calling model for step 0.25...
  -> Success (4.8s, 2409 chars)
  -> Calling model for step 0.50...
  -> Success (3.9s, 1658 chars)
  -> Calling model for step 0.75...
  -> Success (8.3s, 1965 chars)
[info] [174/860] Completed all steps for 'https://www.behindertenbeauftragter.de/DE/LS/kultur-im-kleisthaus/salon-im-kleisthaus/gaeste/_documents/Roth-und-Levit_inhalt.html'.
[info] [175/860] Generating steps [0.25, 0.5, 0.75] for 'https://www.behindertenbeauftragter.de/DE/LS/presse-und-aktuelles/veranstaltungen/sonderseiten/BRKKonferenz/2024_brk-konferenz.html'...
  -> Calling model for step 0.25...
  -> Success (4.0s, 1903 chars)
  -> Calling model for step 0.50...
  -> Success (4.9s, 2463 chars)
  -> Calling model for step 0.75...
  -> Success (5.1s, 1633 chars)
[info] [175/860] Completed all steps for 'https://www.behindertenbeauftragter.de/DE/LS/presse-und-aktuelles/veranstaltungen/sonderseiten/BRKKonferenz/2024_brk-konferenz.html'.
[info] [176/860] Generating steps [0.25, 0.5, 0.75] for 'https://www.behindertenbeauftragter.de/DE/LS/presse-und-aktuelles/veranstaltungen/sonderseiten/bts/Ankuendigung_bts-ls.html'...
  -> Calling model for step 0.25...
  -> Success (5.8s, 2398 chars)
  -> Calling model for step 0.50...
  -> Success (4.2s, 2388 chars)
  -> Calling model for step 0.75...
  -> Success (5.8s, 1788 chars)
[info] [176/860] Completed all steps for 'https://www.behindertenbeauftragter.de/DE/LS/presse-und-aktuelles/veranstaltungen/sonderseiten/bts/Ankuendigung_bts-ls.html'.
[info] [177/860] Generating steps [0.25, 0.5, 0.75] for 'https://www.behindertenbeauftragter.de/DE/LS/presse-und-aktuelles/veranstaltungen/sonderseiten/gesundheitsversorgung/ankuendigung.html'...
  -> Calling model for step 0.25...
  -> Success (7.3s, 3947 chars)
  -> Calling model for step 0.50...
  -> Success (9.8s, 3452 chars)
  -> Calling model for step 0.75...
  -> Success (9.2s, 3098 chars)
[info] [177/860] Completed all steps for 'https://www.behindertenbeauftragter.de/DE/LS/presse-und-aktuelles/veranstaltungen/sonderseiten/gesundheitsversorgung/ankuendigung.html'.
[info] [178/860] Generating steps [0.25, 0.5, 0.75] for 'https://www.behindertenbeauftragter.de/DE/LS/presse-und-aktuelles/publikationen/publikationen.html'...
  -> Calling model for step 0.25...
  -> Success (6.0s, 3414 chars)
  -> Calling model for step 0.50...
  -> Success (6.5s, 3296 chars)
  -> Calling model for step 0.75...
  -> Success (4.4s, 2183 chars)
[info] [178/860] Completed all steps for 'https://www.behindertenbeauftragter.de/DE/LS/presse-und-aktuelles/publikationen/publikationen.html'.
[info] [179/860] Generating steps [0.25, 0.5, 0.75] for 'https://www.behindertenbeauftragter.de/DE/LS/presse-und-aktuelles/kontakt-und-medienbereich/kontakt-und-medienbereich.html'...
  -> Calling model for step 0.25...
  -> Success (2.5s, 967 chars)
  -> Calling model for step 0.50...
  -> Success (3.8s, 1174 chars)
  -> Calling model for step 0.75...
  -> Success (3.6s, 1072 chars)
[info] [179/860] Completed all steps for 'https://www.behindertenbeauftragter.de/DE/LS/presse-und-aktuelles/kontakt-und-medienbereich/kontakt-und-medienbereich.html'.
[info] [180/860] Generating steps [0.25, 0.5, 0.75] for 'https://www.behindertenbeauftragter.de/DE/LS/der-beauftragte/behindertenbeauftragte-in-bundeslaendern/behindertenbeauftragte-in-bundeslaendern.html'...
  -> Calling model for step 0.25...
  -> Success (5.8s, 2116 chars)
  -> Calling model for step 0.50...
  -> Success (4.5s, 2067 chars)
  -> Calling model for step 0.75...
  -> Success (3.8s, 1771 chars)
[info] [180/860] Completed all steps for 'https://www.behindertenbeauftragter.de/DE/LS/der-beauftragte/behindertenbeauftragte-in-bundeslaendern/behindertenbeauftragte-in-bundeslaendern.html'.
[info] [181/860] Generating steps [0.25, 0.5, 0.75] for 'https://www.behindertenbeauftragter.de/DE/LS/kultur-im-kleisthaus/salon-im-kleisthaus/gaeste/_documents/Johann-Koenig_inhalt.html'...
  -> Calling model for step 0.25...
  -> Success (4.3s, 823 chars)
  -> Calling model for step 0.50...
  -> Success (3.8s, 786 chars)
  -> Calling model for step 0.75...
  -> Success (4.2s, 777 chars)
[info] [181/860] Completed all steps for 'https://www.behindertenbeauftragter.de/DE/LS/kultur-im-kleisthaus/salon-im-kleisthaus/gaeste/_documents/Johann-Koenig_inhalt.html'.
[info] [182/860] Generating steps [0.25, 0.5, 0.75] for 'https://www.behindertenbeauftragter.de/DE/LS/schwerpunkte/gesundheit/gesundheit.html'...
  -> Calling model for step 0.25...
  -> Success (6.3s, 4271 chars)
  -> Calling model for step 0.50...
  -> Success (6.0s, 3648 chars)
  -> Calling model for step 0.75...
  -> Success (4.1s, 2250 chars)
[info] [182/860] Completed all steps for 'https://www.behindertenbeauftragter.de/DE/LS/schwerpunkte/gesundheit/gesundheit.html'.
[info] [183/860] Generating steps [0.25, 0.5, 0.75] for 'https://www.behindertenbeauftragter.de/DE/LS/der-beauftragte/lebenslauf/lebenslauf.html'...
  -> Calling model for step 0.25...
  -> Success (5.1s, 1990 chars)
  -> Calling model for step 0.50...
  -> Success (4.5s, 1697 chars)
  -> Calling model for step 0.75...
  -> Success (4.7s, 1455 chars)
[info] [183/860] Completed all steps for 'https://www.behindertenbeauftragter.de/DE/LS/der-beauftragte/lebenslauf/lebenslauf.html'.
[info] [184/860] Generating steps [0.25, 0.5, 0.75] for 'https://www.behindertenbeauftragter.de/DE/LS/kultur-im-kleisthaus/teilhabe-an-kunst-und-kultur/teilhabe-an-kunst-und-kultur.html'...
  -> Calling model for step 0.25...
  -> Success (3.8s, 1993 chars)
  -> Calling model for step 0.50...
  -> Success (4.4s, 1817 chars)
  -> Calling model for step 0.75...
  -> Success (3.2s, 1240 chars)
[info] [184/860] Completed all steps for 'https://www.behindertenbeauftragter.de/DE/LS/kultur-im-kleisthaus/teilhabe-an-kunst-und-kultur/teilhabe-an-kunst-und-kultur.html'.
[info] [185/860] Generating steps [0.25, 0.5, 0.75] for 'https://www.behindertenbeauftragter.de/DE/LS/presse-und-aktuelles/veranstaltungen/sonderseiten/bildung/ankuendigung.html'...
  -> Calling model for step 0.25...
  -> Success (5.2s, 2469 chars)
  -> Calling model for step 0.50...
  -> Success (6.4s, 2411 chars)
  -> Calling model for step 0.75...
  -> Success (4.7s, 2037 chars)
[info] [185/860] Completed all steps for 'https://www.behindertenbeauftragter.de/DE/LS/presse-und-aktuelles/veranstaltungen/sonderseiten/bildung/ankuendigung.html'.
[info] [186/860] Generating steps [0.25, 0.5, 0.75] for 'https://www.behindertenbeauftragter.de/DE/LS/kultur-im-kleisthaus/salon-im-kleisthaus/salon-im-kleisthaus.html'...
  -> Calling model for step 0.25...
  -> Success (3.4s, 1330 chars)
  -> Calling model for step 0.50...
  -> Success (3.2s, 1192 chars)
  -> Calling model for step 0.75...
  -> Success (3.5s, 1115 chars)
[info] [186/860] Completed all steps for 'https://www.behindertenbeauftragter.de/DE/LS/kultur-im-kleisthaus/salon-im-kleisthaus/salon-im-kleisthaus.html'.
[info] [187/860] Generating steps [0.25, 0.5, 0.75] for 'https://www.behindertenbeauftragter.de/DE/LS/presse-und-aktuelles/veranstaltungen/sonderseiten/T4/ankuendigung-ls.html'...
  -> Calling model for step 0.25...
  -> Success (7.3s, 2981 chars)
  -> Calling model for step 0.50...
  -> Success (7.0s, 3038 chars)
  -> Calling model for step 0.75...
  -> Success (5.7s, 2085 chars)
[info] [187/860] Completed all steps for 'https://www.behindertenbeauftragter.de/DE/LS/presse-und-aktuelles/veranstaltungen/sonderseiten/T4/ankuendigung-ls.html'.
[info] [188/860] Generating steps [0.25, 0.5, 0.75] for 'https://www.behindertenbeauftragter.de/SharedDocs/Pressemitteilungen/DE/LS/LS_2021/PM21_Geburtstag-Schlichtungsstelle.html'...
  -> Calling model for step 0.25...
  -> Success (5.1s, 2664 chars)
  -> Calling model for step 0.50...
  -> Success (5.9s, 2970 chars)
  -> Calling model for step 0.75...
  -> Success (6.0s, 2756 chars)
[info] [188/860] Completed all steps for 'https://www.behindertenbeauftragter.de/SharedDocs/Pressemitteilungen/DE/LS/LS_2021/PM21_Geburtstag-Schlichtungsstelle.html'.
[info] [189/860] Generating steps [0.25, 0.5, 0.75] for 'https://www.behindertenbeauftragter.de/DE/LS/rechtliches/sozialgesetzbuch-und-bundesteilhabegesetz/sozialgesetzbuch-und-bundesteilhabegesetz.html'...
  -> Calling model for step 0.25...
  -> Success (5.6s, 2719 chars)
  -> Calling model for step 0.50...
  -> Success (5.6s, 2557 chars)
  -> Calling model for step 0.75...
  -> Success (5.1s, 2115 chars)
[info] [189/860] Completed all steps for 'https://www.behindertenbeauftragter.de/DE/LS/rechtliches/sozialgesetzbuch-und-bundesteilhabegesetz/sozialgesetzbuch-und-bundesteilhabegesetz.html'.
[info] [190/860] Generating steps [0.25, 0.5, 0.75] for 'https://www.behindertenbeauftragter.de/DE/LS/schwerpunkte/barrierefreiheit/barrierefreiheit.html'...
  -> Calling model for step 0.25...
  -> Success (5.5s, 3457 chars)
  -> Calling model for step 0.50...
  -> Success (6.9s, 3265 chars)
  -> Calling model for step 0.75...
  -> Success (5.3s, 2847 chars)
[info] [190/860] Completed all steps for 'https://www.behindertenbeauftragter.de/DE/LS/schwerpunkte/barrierefreiheit/barrierefreiheit.html'.
[info] [191/860] Generating steps [0.25, 0.5, 0.75] for 'https://www.behindertenbeauftragter.de/DE/LS/kultur-im-kleisthaus/salon-im-kleisthaus/gaeste/_documents/wedel-und-caglar_inhalt.html'...
  -> Calling model for step 0.25...
  -> Success (5.3s, 1972 chars)
  -> Calling model for step 0.50...
  -> Success (4.6s, 1825 chars)
  -> Calling model for step 0.75...
  -> Success (5.5s, 1539 chars)
[info] [191/860] Completed all steps for 'https://www.behindertenbeauftragter.de/DE/LS/kultur-im-kleisthaus/salon-im-kleisthaus/gaeste/_documents/wedel-und-caglar_inhalt.html'.
[info] [192/860] Generating steps [0.25, 0.5, 0.75] for 'https://www.behindertenbeauftragter.de/DE/LS/presse-und-aktuelles/kontakt-und-medienbereich/kontakt-und-medienbereich-teaser.html'...
  -> Calling model for step 0.25...
  -> Success (3.2s, 1115 chars)
  -> Calling model for step 0.50...
  -> Success (4.8s, 993 chars)
  -> Calling model for step 0.75...
  -> Success (4.0s, 1234 chars)
[info] [192/860] Completed all steps for 'https://www.behindertenbeauftragter.de/DE/LS/presse-und-aktuelles/kontakt-und-medienbereich/kontakt-und-medienbereich-teaser.html'.
[info] [193/860] Generating steps [0.25, 0.5, 0.75] for 'https://www.behindertenbeauftragter.de/DE/LS/der-beauftragte/dienstsitz/dienstsitz.html'...
  -> Calling model for step 0.25...
  -> Success (5.1s, 2811 chars)
  -> Calling model for step 0.50...
  -> Success (4.6s, 2635 chars)
  -> Calling model for step 0.75...
  -> Success (5.2s, 1949 chars)
[info] [193/860] Completed all steps for 'https://www.behindertenbeauftragter.de/DE/LS/der-beauftragte/dienstsitz/dienstsitz.html'.
[info] [194/860] Generating steps [0.25, 0.5, 0.75] for 'https://www.behindertenbeauftragter.de/DE/LS/service/barrierefreiheit/barrierefreiheit.html'...
  -> Calling model for step 0.25...
  -> Success (6.2s, 2912 chars)
  -> Calling model for step 0.50...
  -> Success (4.6s, 2507 chars)
  -> Calling model for step 0.75...
  -> Success (4.9s, 1804 chars)
[info] [194/860] Completed all steps for 'https://www.behindertenbeauftragter.de/DE/LS/service/barrierefreiheit/barrierefreiheit.html'.
[info] [195/860] Generating steps [0.25, 0.5, 0.75] for 'https://www.behindertenbeauftragter.de/SharedDocs/DerBeauftragteAktuell/DE/LS/2025/20250129_T4_Ankuendigung.html'...
  -> Calling model for step 0.25...
  -> Success (5.3s, 2208 chars)
  -> Calling model for step 0.50...
  -> Success (4.7s, 1986 chars)
  -> Calling model for step 0.75...
  -> Success (4.8s, 1797 chars)
[info] [195/860] Completed all steps for 'https://www.behindertenbeauftragter.de/SharedDocs/DerBeauftragteAktuell/DE/LS/2025/20250129_T4_Ankuendigung.html'.
[info] [196/860] Generating steps [0.25, 0.5, 0.75] for 'https://www.behindertenbeauftragter.de/DE/LS/schwerpunkte/kinder-und-jugendliche-mit-behinderungen/kinder-und-jugendliche-mit-behinderungen.html'...
  -> Calling model for step 0.25...
  -> Success (4.0s, 2229 chars)
  -> Calling model for step 0.50...
  -> Success (3.8s, 2105 chars)
  -> Calling model for step 0.75...
  -> Success (4.0s, 2153 chars)
[info] [196/860] Completed all steps for 'https://www.behindertenbeauftragter.de/DE/LS/schwerpunkte/kinder-und-jugendliche-mit-behinderungen/kinder-und-jugendliche-mit-behinderungen.html'.
[info] [197/860] Generating steps [0.25, 0.5, 0.75] for 'https://www.behindertenbeauftragter.de/DE/LS/schwerpunkte/umsetzung-bundesteilhabegesetz/umsetzung-bundesteilhabegesetz.html'...
  -> Calling model for step 0.25...
  -> Success (5.5s, 2203 chars)
  -> Calling model for step 0.50...
  -> Success (5.7s, 2529 chars)
  -> Calling model for step 0.75...
  -> Success (5.1s, 2168 chars)
[info] [197/860] Completed all steps for 'https://www.behindertenbeauftragter.de/DE/LS/schwerpunkte/umsetzung-bundesteilhabegesetz/umsetzung-bundesteilhabegesetz.html'.
[info] [198/860] Generating steps [0.25, 0.5, 0.75] for 'https://www.behindertenbeauftragter.de/SharedDocs/DerBeauftragteAktuell/DE/LS/2023/20230616_Digitaltag_LS.html'...
  -> Calling model for step 0.25...
  -> Success (2.6s, 959 chars)
  -> Calling model for step 0.50...
  -> Success (5.1s, 893 chars)
  -> Calling model for step 0.75...
  -> Success (3.6s, 830 chars)
[info] [198/860] Completed all steps for 'https://www.behindertenbeauftragter.de/SharedDocs/DerBeauftragteAktuell/DE/LS/2023/20230616_Digitaltag_LS.html'.
[info] [199/860] Generating steps [0.25, 0.5, 0.75] for 'https://www.behindertenbeauftragter.de/DE/LS/rechtliches/schwerbehinderung/schwerbehinderung.html'...
  -> Calling model for step 0.25...
  -> Success (6.3s, 2689 chars)
  -> Calling model for step 0.50...
  -> Success (4.8s, 2271 chars)
  -> Calling model for step 0.75...
  -> Success (4.8s, 1699 chars)
[info] [199/860] Completed all steps for 'https://www.behindertenbeauftragter.de/DE/LS/rechtliches/schwerbehinderung/schwerbehinderung.html'.
[info] [200/860] Generating steps [0.25, 0.5, 0.75] for 'https://www.behindertenbeauftragter.de/DE/LS/kultur-im-kleisthaus/salon-im-kleisthaus/gaeste/_documents/Felix-Klieser_inhalt.html'...
  -> Calling model for step 0.25...
  -> Success (6.0s, 1400 chars)
  -> Calling model for step 0.50...
  -> Success (3.2s, 1318 chars)
  -> Calling model for step 0.75...
  -> Success (3.7s, 1419 chars)
[info] [200/860] Completed all steps for 'https://www.behindertenbeauftragter.de/DE/LS/kultur-im-kleisthaus/salon-im-kleisthaus/gaeste/_documents/Felix-Klieser_inhalt.html'.
[info] [201/860] Generating steps [0.25, 0.5, 0.75] for 'unknown'...
  -> Calling model for step 0.25...
  -> Success (4.7s, 887 chars)
  -> Calling model for step 0.50...
  -> Success (3.3s, 900 chars)
  -> Calling model for step 0.75...
  -> Success (3.1s, 899 chars)
[info] [201/860] Completed all steps for 'unknown'.
[info] [202/860] Generating steps [0.25, 0.5, 0.75] for 'unknown'...
  -> Calling model for step 0.25...
  -> Success (4.2s, 1271 chars)
  -> Calling model for step 0.50...
  -> Success (2.8s, 1015 chars)
  -> Calling model for step 0.75...
  -> Success (2.1s, 869 chars)
[info] [202/860] Completed all steps for 'unknown'.
[info] [203/860] Generating steps [0.25, 0.5, 0.75] for 'unknown'...
  -> Calling model for step 0.25...
  -> Success (4.6s, 2170 chars)
  -> Calling model for step 0.50...
  -> Success (2.9s, 1101 chars)
  -> Calling model for step 0.75...
  -> Success (3.3s, 1103 chars)
[info] [203/860] Completed all steps for 'unknown'.
[info] [204/860] Generating steps [0.25, 0.5, 0.75] for 'unknown'...
  -> Calling model for step 0.25...
  -> Success (3.6s, 1217 chars)
  -> Calling model for step 0.50...
  -> Success (3.1s, 1177 chars)
  -> Calling model for step 0.75...
  -> Success (3.3s, 1174 chars)
[info] [204/860] Completed all steps for 'unknown'.
[info] [205/860] Generating steps [0.25, 0.5, 0.75] for 'unknown'...
  -> Calling model for step 0.25...
  -> Success (2.9s, 1240 chars)
  -> Calling model for step 0.50...
  -> Success (2.8s, 1376 chars)
  -> Calling model for step 0.75...
  -> Success (5.0s, 1204 chars)
[info] [205/860] Completed all steps for 'unknown'.
[info] [206/860] Generating steps [0.25, 0.5, 0.75] for 'unknown'...
  -> Calling model for step 0.25...
  -> Success (3.2s, 1355 chars)
  -> Calling model for step 0.50...
  -> Success (2.4s, 1017 chars)
  -> Calling model for step 0.75...
  -> Success (3.2s, 712 chars)
[info] [206/860] Completed all steps for 'unknown'.
[info] [207/860] Generating steps [0.25, 0.5, 0.75] for 'unknown'...
  -> Calling model for step 0.25...
  -> Success (3.4s, 1620 chars)
  -> Calling model for step 0.50...
  -> Success (3.5s, 1485 chars)
  -> Calling model for step 0.75...
  -> Success (2.8s, 1412 chars)
[info] [207/860] Completed all steps for 'unknown'.
[info] [208/860] Generating steps [0.25, 0.5, 0.75] for 'unknown'...
  -> Calling model for step 0.25...
  -> Success (2.6s, 742 chars)
  -> Calling model for step 0.50...
  -> Success (3.5s, 1077 chars)
  -> Calling model for step 0.75...
  -> Success (2.8s, 620 chars)
[info] [208/860] Completed all steps for 'unknown'.
[info] [209/860] Generating steps [0.25, 0.5, 0.75] for 'unknown'...
  -> Calling model for step 0.25...
  -> Success (2.8s, 1242 chars)
  -> Calling model for step 0.50...
  -> Success (2.5s, 1396 chars)
  -> Calling model for step 0.75...
  -> Success (3.2s, 919 chars)
[info] [209/860] Completed all steps for 'unknown'.
[info] [210/860] Generating steps [0.25, 0.5, 0.75] for 'unknown'...
  -> Calling model for step 0.25...
  -> Success (3.0s, 1570 chars)
  -> Calling model for step 0.50...
  -> Success (3.2s, 1225 chars)
  -> Calling model for step 0.75...
  -> Success (3.5s, 1471 chars)
[info] [210/860] Completed all steps for 'unknown'.
[info] [211/860] Generating steps [0.25, 0.5, 0.75] for 'unknown'...
  -> Calling model for step 0.25...
  -> Success (2.5s, 1328 chars)
  -> Calling model for step 0.50...
  -> Success (3.3s, 1402 chars)
  -> Calling model for step 0.75...
  -> Success (4.1s, 1022 chars)
[info] [211/860] Completed all steps for 'unknown'.
[info] [212/860] Generating steps [0.25, 0.5, 0.75] for 'unknown'...
  -> Calling model for step 0.25...
  -> Success (2.9s, 1432 chars)
  -> Calling model for step 0.50...
  -> Success (5.7s, 1394 chars)
  -> Calling model for step 0.75...
  -> Success (7.2s, 1312 chars)
[info] [212/860] Completed all steps for 'unknown'.
[info] [213/860] Generating steps [0.25, 0.5, 0.75] for 'unknown'...
  -> Calling model for step 0.25...
  -> Success (4.0s, 1473 chars)
  -> Calling model for step 0.50...
  -> Success (4.4s, 1186 chars)
  -> Calling model for step 0.75...
  -> Success (4.8s, 985 chars)
[info] [213/860] Completed all steps for 'unknown'.
[info] [214/860] Generating steps [0.25, 0.5, 0.75] for 'unknown'...
  -> Calling model for step 0.25...
  -> Success (3.0s, 1547 chars)
  -> Calling model for step 0.50...
  -> Success (2.8s, 1278 chars)
  -> Calling model for step 0.75...
  -> Success (2.9s, 830 chars)
[info] [214/860] Completed all steps for 'unknown'.
[info] [215/860] Generating steps [0.25, 0.5, 0.75] for 'unknown'...
  -> Calling model for step 0.25...
  -> Success (3.3s, 1346 chars)
  -> Calling model for step 0.50...
  -> Success (2.6s, 1036 chars)
  -> Calling model for step 0.75...
  -> Success (3.5s, 770 chars)
[info] [215/860] Completed all steps for 'unknown'.
[info] [216/860] Generating steps [0.25, 0.5, 0.75] for 'unknown'...
  -> Calling model for step 0.25...
  -> Success (2.6s, 1453 chars)
  -> Calling model for step 0.50...
  -> Success (4.7s, 1240 chars)
  -> Calling model for step 0.75...
  -> Success (2.6s, 1170 chars)
[info] [216/860] Completed all steps for 'unknown'.
[info] [217/860] Generating steps [0.25, 0.5, 0.75] for 'unknown'...
  -> Calling model for step 0.25...
  -> Success (5.3s, 1469 chars)
  -> Calling model for step 0.50...
  -> Success (3.4s, 1370 chars)
  -> Calling model for step 0.75...
  -> Success (3.5s, 1189 chars)
[info] [217/860] Completed all steps for 'unknown'.
[info] [218/860] Generating steps [0.25, 0.5, 0.75] for 'unknown'...
  -> Calling model for step 0.25...
  -> Success (4.1s, 965 chars)
  -> Calling model for step 0.50...
  -> Success (3.3s, 925 chars)
  -> Calling model for step 0.75...
  -> Success (3.1s, 943 chars)
[info] [218/860] Completed all steps for 'unknown'.
[info] [219/860] Generating steps [0.25, 0.5, 0.75] for 'unknown'...
  -> Calling model for step 0.25...
  -> Success (2.9s, 567 chars)
  -> Calling model for step 0.50...
  -> Success (1.7s, 408 chars)
  -> Calling model for step 0.75...
  -> Success (2.1s, 444 chars)
[info] [219/860] Completed all steps for 'unknown'.
[info] [220/860] Generating steps [0.25, 0.5, 0.75] for 'https://www.hamburg.de/barrierefrei/leichte-sprache/service-und-tipps/beratung-fuer-verbraucher-in-hamburg-575968'...
  -> Calling model for step 0.25...
  -> Success (6.6s, 2811 chars)
  -> Calling model for step 0.50...
  -> Success (4.3s, 2096 chars)
  -> Calling model for step 0.75...
  -> Success (4.7s, 2320 chars)
[info] [220/860] Completed all steps for 'https://www.hamburg.de/barrierefrei/leichte-sprache/service-und-tipps/beratung-fuer-verbraucher-in-hamburg-575968'.
[info] [221/860] Generating steps [0.25, 0.5, 0.75] for 'https://www.hamburg.de/barrierefrei/leichte-sprache/gesundheit/pflege-stuetz-punkte-575966'...
  -> Calling model for step 0.25...
  -> Success (4.6s, 2192 chars)
  -> Calling model for step 0.50...
  -> Success (4.1s, 2148 chars)
  -> Calling model for step 0.75...
  -> Success (5.7s, 2299 chars)
[info] [221/860] Completed all steps for 'https://www.hamburg.de/barrierefrei/leichte-sprache/gesundheit/pflege-stuetz-punkte-575966'.
[info] [222/860] Generating steps [0.25, 0.5, 0.75] for 'https://www.hamburg.de/politik-und-verwaltung/behoerden/bwfg/einrichtungen/hamburgisches-krebsregister/infos-ueber-menschen-mit-krebs-sammeln-1030538'...
  -> Calling model for step 0.25...
  -> Success (8.9s, 4828 chars)
  -> Calling model for step 0.50...
  -> Success (4.8s, 3015 chars)
  -> Calling model for step 0.75...
  -> Success (5.0s, 2912 chars)
[info] [222/860] Completed all steps for 'https://www.hamburg.de/politik-und-verwaltung/behoerden/bwfg/einrichtungen/hamburgisches-krebsregister/infos-ueber-menschen-mit-krebs-sammeln-1030538'.
[info] [223/860] Generating steps [0.25, 0.5, 0.75] for 'https://www.hamburg.de/barrierefrei/leichte-sprache/infos-fuer-menschen-mit-behinderung/ls-fahr-dienst-fuer-menschen-mit-behinderungenls--575940'...
  -> Calling model for step 0.25...
  -> Success (6.8s, 3158 chars)
  -> Calling model for step 0.50...
  -> Success (7.5s, 3312 chars)
  -> Calling model for step 0.75...
  -> Success (6.7s, 2890 chars)
[info] [223/860] Completed all steps for 'https://www.hamburg.de/barrierefrei/leichte-sprache/infos-fuer-menschen-mit-behinderung/ls-fahr-dienst-fuer-menschen-mit-behinderungenls--575940'.
[info] [224/860] Generating steps [0.25, 0.5, 0.75] for 'https://www.hamburg.de/barrierefrei/leichte-sprache/politik/ls-der-senat-576194'...
  -> Calling model for step 0.25...
  -> Success (3.8s, 1842 chars)
  -> Calling model for step 0.50...
  -> Success (3.0s, 1703 chars)
  -> Calling model for step 0.75...
  -> Success (3.3s, 1344 chars)
[info] [224/860] Completed all steps for 'https://www.hamburg.de/barrierefrei/leichte-sprache/politik/ls-der-senat-576194'.
[info] [225/860] Generating steps [0.25, 0.5, 0.75] for 'https://www.hamburg.de/barrierefrei/leichte-sprache/service-und-tipps/ls-trinkwasser-ist-kostbar-1004728'...
  -> Calling model for step 0.25...
  -> Success (4.3s, 2059 chars)
  -> Calling model for step 0.50...
  -> Success (3.8s, 1703 chars)
  -> Calling model for step 0.75...
  -> Success (3.0s, 1525 chars)
[info] [225/860] Completed all steps for 'https://www.hamburg.de/barrierefrei/leichte-sprache/service-und-tipps/ls-trinkwasser-ist-kostbar-1004728'.
[info] [226/860] Generating steps [0.25, 0.5, 0.75] for 'https://www.hamburg.de/barrierefrei/leichte-sprache/bezirke/kindergesundheit-576382'...
  -> Calling model for step 0.25...
  -> Success (6.6s, 4375 chars)
  -> Calling model for step 0.50...
  -> Success (6.4s, 4564 chars)
  -> Calling model for step 0.75...
  -> Success (6.4s, 3971 chars)
[info] [226/860] Completed all steps for 'https://www.hamburg.de/barrierefrei/leichte-sprache/bezirke/kindergesundheit-576382'.
[info] [227/860] Generating steps [0.25, 0.5, 0.75] for 'https://www.hamburg.de/barrierefrei/leichte-sprache/soziales-hilfen/schoeffen-bei-gericht-575928'...
  -> Calling model for step 0.25...
  -> Success (3.7s, 1707 chars)
  -> Calling model for step 0.50...
  -> Success (3.1s, 1558 chars)
  -> Calling model for step 0.75...
  -> Success (3.6s, 1341 chars)
[info] [227/860] Completed all steps for 'https://www.hamburg.de/barrierefrei/leichte-sprache/soziales-hilfen/schoeffen-bei-gericht-575928'.
[info] [228/860] Generating steps [0.25, 0.5, 0.75] for 'https://www.hamburg.de/barrierefrei/leichte-sprache/soziales-hilfen/justiz-kasse-hamburg-575932'...
  -> Calling model for step 0.25...
  -> Success (4.6s, 1188 chars)
  -> Calling model for step 0.50...
  -> Success (3.7s, 1126 chars)
  -> Calling model for step 0.75...
  -> Success (4.2s, 1116 chars)
[info] [228/860] Completed all steps for 'https://www.hamburg.de/barrierefrei/leichte-sprache/soziales-hilfen/justiz-kasse-hamburg-575932'.
[info] [229/860] Generating steps [0.25, 0.5, 0.75] for 'https://www.hamburg.de/barrierefrei/leichte-sprache/freizeit/landungsbruecken-575858'...
  -> Calling model for step 0.25...
  -> Success (5.3s, 2244 chars)
  -> Calling model for step 0.50...
  -> Success (5.2s, 2182 chars)
  -> Calling model for step 0.75...
  -> Success (7.4s, 1664 chars)
[info] [229/860] Completed all steps for 'https://www.hamburg.de/barrierefrei/leichte-sprache/freizeit/landungsbruecken-575858'.
[info] [230/860] Generating steps [0.25, 0.5, 0.75] for 'https://www.hamburg.de/barrierefrei/leichte-sprache/bezirke/pflege-stuetz-punkt-mitte-575910'...
  -> Calling model for step 0.25...
  -> Success (4.4s, 1891 chars)
  -> Calling model for step 0.50...
  -> Success (3.9s, 1615 chars)
  -> Calling model for step 0.75...
  -> Success (3.9s, 1761 chars)
[info] [230/860] Completed all steps for 'https://www.hamburg.de/barrierefrei/leichte-sprache/bezirke/pflege-stuetz-punkt-mitte-575910'.
[info] [231/860] Generating steps [0.25, 0.5, 0.75] for 'https://www.hamburg.de/barrierefrei/leichte-sprache/gesundheit/der-arzt-ruf-in-hamburg-575964'...
  -> Calling model for step 0.25...
  -> Success (3.8s, 1878 chars)
  -> Calling model for step 0.50...
  -> Success (4.6s, 1258 chars)
  -> Calling model for step 0.75...
  -> Success (3.6s, 1678 chars)
[info] [231/860] Completed all steps for 'https://www.hamburg.de/barrierefrei/leichte-sprache/gesundheit/der-arzt-ruf-in-hamburg-575964'.
[info] [232/860] Generating steps [0.25, 0.5, 0.75] for 'https://www.hamburg.de/barrierefrei/leichte-sprache/freizeit/ausfluege-575864'...
  -> Calling model for step 0.25...
  -> Success (10.3s, 5183 chars)
  -> Calling model for step 0.50...
  -> Success (11.6s, 5689 chars)
  -> Calling model for step 0.75...
  -> Success (11.6s, 2800 chars)
[info] [232/860] Completed all steps for 'https://www.hamburg.de/barrierefrei/leichte-sprache/freizeit/ausfluege-575864'.
[info] [233/860] Generating steps [0.25, 0.5, 0.75] for 'https://www.hamburg.de/barrierefrei/leichte-sprache/bezirke/beratung-fuer-menschen-mit-koerper-behinderungen-575916'...
  -> Calling model for step 0.25...
  -> Success (3.5s, 1766 chars)
  -> Calling model for step 0.50...
  -> Success (4.8s, 2010 chars)
  -> Calling model for step 0.75...
  -> Success (3.5s, 1696 chars)
[info] [233/860] Completed all steps for 'https://www.hamburg.de/barrierefrei/leichte-sprache/bezirke/beratung-fuer-menschen-mit-koerper-behinderungen-575916'.
[info] [234/860] Generating steps [0.25, 0.5, 0.75] for 'https://www.hamburg.de/barrierefrei/leichte-sprache/bezirke/soziale-integration-576388'...
  -> Calling model for step 0.25...
  -> Success (4.5s, 1762 chars)
  -> Calling model for step 0.50...
  -> Success (4.1s, 1739 chars)
  -> Calling model for step 0.75...
  -> Success (4.0s, 1548 chars)
[info] [234/860] Completed all steps for 'https://www.hamburg.de/barrierefrei/leichte-sprache/bezirke/soziale-integration-576388'.
[info] [235/860] Generating steps [0.25, 0.5, 0.75] for 'https://www.hamburg.de/barrierefrei/leichte-sprache/bezirke/integrationsrat-576384'...
  -> Calling model for step 0.25...
  -> Success (3.4s, 1390 chars)
  -> Calling model for step 0.50...
  -> Success (3.2s, 1432 chars)
  -> Calling model for step 0.75...
  -> Success (3.6s, 1385 chars)
[info] [235/860] Completed all steps for 'https://www.hamburg.de/barrierefrei/leichte-sprache/bezirke/integrationsrat-576384'.
[info] [236/860] Generating steps [0.25, 0.5, 0.75] for 'https://www.hamburg.de/barrierefrei/leichte-sprache/wohnen/laerm-schutz-nachbarschaft-576340'...
  -> Calling model for step 0.25...
  -> Success (6.1s, 3647 chars)
  -> Calling model for step 0.50...
  -> Success (5.8s, 2695 chars)
  -> Calling model for step 0.75...
  -> Success (6.2s, 3627 chars)
[info] [236/860] Completed all steps for 'https://www.hamburg.de/barrierefrei/leichte-sprache/wohnen/laerm-schutz-nachbarschaft-576340'.
[info] [237/860] Generating steps [0.25, 0.5, 0.75] for 'https://www.hamburg.de/barrierefrei/leichte-sprache/polizei-feuerwehr/sturmflut-576274'...
  -> Calling model for step 0.25...
  -> Success (7.8s, 4079 chars)
  -> Calling model for step 0.50...
  -> Success (6.0s, 3541 chars)
  -> Calling model for step 0.75...
  -> Success (5.4s, 2359 chars)
[info] [237/860] Completed all steps for 'https://www.hamburg.de/barrierefrei/leichte-sprache/polizei-feuerwehr/sturmflut-576274'.
[info] [238/860] Generating steps [0.25, 0.5, 0.75] for 'https://www.hamburg.de/barrierefrei/leichte-sprache/wohnen/wohn-raum-schutz-gesetz-hamburg-575876'...
  -> Calling model for step 0.25...
  -> Success (4.9s, 1864 chars)
  -> Calling model for step 0.50...
  -> Success (4.0s, 1979 chars)
  -> Calling model for step 0.75...
  -> Success (3.2s, 1428 chars)
[info] [238/860] Completed all steps for 'https://www.hamburg.de/barrierefrei/leichte-sprache/wohnen/wohn-raum-schutz-gesetz-hamburg-575876'.
[info] [239/860] Generating steps [0.25, 0.5, 0.75] for 'https://www.hamburg.de/barrierefrei/leichte-sprache/polizei-feuerwehr/sturmflut-infos-576268'...
  -> Calling model for step 0.25...
  -> Success (10.4s, 4940 chars)
  -> Calling model for step 0.50...
  -> Success (8.5s, 3528 chars)
  -> Calling model for step 0.75...
  -> Success (6.7s, 2735 chars)
[info] [239/860] Completed all steps for 'https://www.hamburg.de/barrierefrei/leichte-sprache/polizei-feuerwehr/sturmflut-infos-576268'.
[info] [240/860] Generating steps [0.25, 0.5, 0.75] for 'https://www.hamburg.de/barrierefrei/leichte-sprache/bezirke/draussen-sport-machen-in-harburg-575804'...
  -> Calling model for step 0.25...
  -> Success (3.7s, 1425 chars)
  -> Calling model for step 0.50...
  -> Success (4.2s, 1780 chars)
  -> Calling model for step 0.75...
  -> Success (3.5s, 1367 chars)
[info] [240/860] Completed all steps for 'https://www.hamburg.de/barrierefrei/leichte-sprache/bezirke/draussen-sport-machen-in-harburg-575804'.
[info] [241/860] Generating steps [0.25, 0.5, 0.75] for 'https://www.hamburg.de/barrierefrei/leichte-sprache/service-und-tipps/so-gehen-sie-gut-mit-lebensmitteln-um-575894'...
  -> Calling model for step 0.25...
  -> Success (6.9s, 4036 chars)
  -> Calling model for step 0.50...
  -> Success (5.6s, 3320 chars)
  -> Calling model for step 0.75...
  -> Success (5.5s, 3264 chars)
[info] [241/860] Completed all steps for 'https://www.hamburg.de/barrierefrei/leichte-sprache/service-und-tipps/so-gehen-sie-gut-mit-lebensmitteln-um-575894'.
[info] [242/860] Generating steps [0.25, 0.5, 0.75] for 'https://www.hamburg.de/barrierefrei/leichte-sprache/gesundheit/hilfe-bei-demenz-575980'...
  -> Calling model for step 0.25...
  -> Success (8.6s, 5641 chars)
  -> Calling model for step 0.50...
  -> Success (7.9s, 4452 chars)
  -> Calling model for step 0.75...
  -> Success (5.5s, 2877 chars)
[info] [242/860] Completed all steps for 'https://www.hamburg.de/barrierefrei/leichte-sprache/gesundheit/hilfe-bei-demenz-575980'.
[info] [243/860] Generating steps [0.25, 0.5, 0.75] for 'https://www.hamburg.de/barrierefrei/leichte-sprache/bezirke/buergersaal-wandsbek-575834'...
  -> Calling model for step 0.25...
  -> Success (3.9s, 1402 chars)
  -> Calling model for step 0.50...
  -> Success (4.2s, 1396 chars)
  -> Calling model for step 0.75...
  -> Success (4.6s, 1639 chars)
[info] [243/860] Completed all steps for 'https://www.hamburg.de/barrierefrei/leichte-sprache/bezirke/buergersaal-wandsbek-575834'.
[info] [244/860] Generating steps [0.25, 0.5, 0.75] for 'https://www.hamburg.de/barrierefrei/leichte-sprache/freizeit/regeln-in-parks-575852'...
  -> Calling model for step 0.25...
  -> Success (5.9s, 2665 chars)
  -> Calling model for step 0.50...
  -> Success (5.2s, 2522 chars)
  -> Calling model for step 0.75...
  -> Success (5.2s, 2428 chars)
[info] [244/860] Completed all steps for 'https://www.hamburg.de/barrierefrei/leichte-sprache/freizeit/regeln-in-parks-575852'.
[info] [245/860] Generating steps [0.25, 0.5, 0.75] for 'https://www.hamburg.de/barrierefrei/leichte-sprache/freizeit/ls-naturschutzgebiete-575848'...
  -> Calling model for step 0.25...
  -> Success (2.3s, 877 chars)
  -> Calling model for step 0.50...
  -> Success (2.8s, 1327 chars)
  -> Calling model for step 0.75...
  -> Success (2.1s, 986 chars)
[info] [245/860] Completed all steps for 'https://www.hamburg.de/barrierefrei/leichte-sprache/freizeit/ls-naturschutzgebiete-575848'.
[info] [246/860] Generating steps [0.25, 0.5, 0.75] for 'https://www.hamburg.de/barrierefrei/leichte-sprache/bezirke/schul-zahn-aerztlicher-dienst-575912'...
  -> Calling model for step 0.25...
  -> Success (5.1s, 2104 chars)
  -> Calling model for step 0.50...
  -> Success (5.0s, 2064 chars)
  -> Calling model for step 0.75...
  -> Success (3.4s, 1496 chars)
[info] [246/860] Completed all steps for 'https://www.hamburg.de/barrierefrei/leichte-sprache/bezirke/schul-zahn-aerztlicher-dienst-575912'.
[info] [247/860] Generating steps [0.25, 0.5, 0.75] for 'https://www.hamburg.de/barrierefrei/leichte-sprache/freizeit/der-hamburger-michel-576234'...
  -> Calling model for step 0.25...
  -> Success (6.2s, 3088 chars)
  -> Calling model for step 0.50...
  -> Success (6.4s, 2843 chars)
  -> Calling model for step 0.75...
  -> Success (4.5s, 2115 chars)
[info] [247/860] Completed all steps for 'https://www.hamburg.de/barrierefrei/leichte-sprache/freizeit/der-hamburger-michel-576234'.
[info] [248/860] Generating steps [0.25, 0.5, 0.75] for 'https://www.hamburg.de/barrierefrei/leichte-sprache/bezirke/pflege-stuetz-punkt-wandsbek-575918'...
  -> Calling model for step 0.25...
  -> Success (4.0s, 1916 chars)
  -> Calling model for step 0.50...
  -> Success (4.2s, 1810 chars)
  -> Calling model for step 0.75...
  -> Success (3.8s, 1609 chars)
[info] [248/860] Completed all steps for 'https://www.hamburg.de/barrierefrei/leichte-sprache/bezirke/pflege-stuetz-punkt-wandsbek-575918'.
[info] [249/860] Generating steps [0.25, 0.5, 0.75] for 'https://www.hamburg.de/barrierefrei/leichte-sprache/soziales-hilfen/zurueck-ins-leben-nach-dem-gefaengnis-575930'...
  -> Calling model for step 0.25...
  -> Success (5.8s, 3479 chars)
  -> Calling model for step 0.50...
  -> Success (4.9s, 3005 chars)
  -> Calling model for step 0.75...
  -> Success (7.8s, 3265 chars)
[info] [249/860] Completed all steps for 'https://www.hamburg.de/barrierefrei/leichte-sprache/soziales-hilfen/zurueck-ins-leben-nach-dem-gefaengnis-575930'.
[info] [250/860] Generating steps [0.25, 0.5, 0.75] for 'https://www.hamburg.de/barrierefrei/leichte-sprache/soziales-hilfen/hilfe-fuer-schwangere-frauen-575962'...
  -> Calling model for step 0.25...
  -> Success (5.4s, 3482 chars)
  -> Calling model for step 0.50...
  -> Success (4.6s, 3126 chars)
  -> Calling model for step 0.75...
  -> Success (4.1s, 2415 chars)
[info] [250/860] Completed all steps for 'https://www.hamburg.de/barrierefrei/leichte-sprache/soziales-hilfen/hilfe-fuer-schwangere-frauen-575962'.
[info] [251/860] Generating steps [0.25, 0.5, 0.75] for 'https://www.hamburg.de/barrierefrei/leichte-sprache/infos-fuer-menschen-mit-behinderung/ls-schwerbehinderten-ausweis-merk-zeichen-575938'...
  -> Calling model for step 0.25...
  -> Success (9.6s, 4486 chars)
  -> Calling model for step 0.50...
  -> Success (8.6s, 4438 chars)
  -> Calling model for step 0.75...
  -> Success (5.4s, 2857 chars)
[info] [251/860] Completed all steps for 'https://www.hamburg.de/barrierefrei/leichte-sprache/infos-fuer-menschen-mit-behinderung/ls-schwerbehinderten-ausweis-merk-zeichen-575938'.
[info] [252/860] Generating steps [0.25, 0.5, 0.75] for 'https://www.hamburg.de/barrierefrei/leichte-sprache/familie/guter-start-kinder-575970'...
  -> Calling model for step 0.25...
  -> Success (3.5s, 1009 chars)
  -> Calling model for step 0.50...
  -> Success (2.0s, 807 chars)
  -> Calling model for step 0.75...
  -> Success (3.6s, 797 chars)
[info] [252/860] Completed all steps for 'https://www.hamburg.de/barrierefrei/leichte-sprache/familie/guter-start-kinder-575970'.
[info] [253/860] Generating steps [0.25, 0.5, 0.75] for 'https://www.hamburg.de/barrierefrei/leichte-sprache/freizeit/ls-regeln-auf-dem-wasser-575850'...
  -> Calling model for step 0.25...
  -> Success (5.2s, 1969 chars)
  -> Calling model for step 0.50...
  -> Success (4.9s, 2225 chars)
  -> Calling model for step 0.75...
  -> Success (4.2s, 1889 chars)
[info] [253/860] Completed all steps for 'https://www.hamburg.de/barrierefrei/leichte-sprache/freizeit/ls-regeln-auf-dem-wasser-575850'.
[info] [254/860] Generating steps [0.25, 0.5, 0.75] for 'https://www.hamburg.de/barrierefrei/leichte-sprache/service-und-tipps/ls-alte-medikamente-gehoeren-in-den-rest-muell-575900'...
  -> Calling model for step 0.25...
  -> Success (4.4s, 2331 chars)
  -> Calling model for step 0.50...
  -> Success (4.3s, 1871 chars)
  -> Calling model for step 0.75...
  -> Success (3.7s, 1776 chars)
[info] [254/860] Completed all steps for 'https://www.hamburg.de/barrierefrei/leichte-sprache/service-und-tipps/ls-alte-medikamente-gehoeren-in-den-rest-muell-575900'.
[info] [255/860] Generating steps [0.25, 0.5, 0.75] for 'https://www.hamburg.de/barrierefrei/leichte-sprache/gesundheit/schluss-mit-dem-rauchen-575978'...
  -> Calling model for step 0.25...
  -> Success (7.0s, 3438 chars)
  -> Calling model for step 0.50...
  -> Success (7.5s, 3648 chars)
  -> Calling model for step 0.75...
  -> Success (6.5s, 3144 chars)
[info] [255/860] Completed all steps for 'https://www.hamburg.de/barrierefrei/leichte-sprache/gesundheit/schluss-mit-dem-rauchen-575978'.
[info] [256/860] Generating steps [0.25, 0.5, 0.75] for 'https://www.hamburg.de/barrierefrei/leichte-sprache/familie/ferien-betreuung-in-der-schule-575888'...
  -> Calling model for step 0.25...
  -> Success (4.0s, 1881 chars)
  -> Calling model for step 0.50...
  -> Success (3.2s, 1265 chars)
  -> Calling model for step 0.75...
  -> Success (2.8s, 1205 chars)
[info] [256/860] Completed all steps for 'https://www.hamburg.de/barrierefrei/leichte-sprache/familie/ferien-betreuung-in-der-schule-575888'.
[info] [257/860] Generating steps [0.25, 0.5, 0.75] for 'https://www.hamburg.de/barrierefrei/leichte-sprache/gesundheit/ls-kranke-kinder-gehoeren-nicht-in-die-kita-1109042'...
  -> Calling model for step 0.25...
  -> Success (3.9s, 2331 chars)
  -> Calling model for step 0.50...
  -> Success (5.0s, 2015 chars)
  -> Calling model for step 0.75...
  -> Success (7.5s, 1874 chars)
[info] [257/860] Completed all steps for 'https://www.hamburg.de/barrierefrei/leichte-sprache/gesundheit/ls-kranke-kinder-gehoeren-nicht-in-die-kita-1109042'.
[info] [258/860] Generating steps [0.25, 0.5, 0.75] for 'https://www.hamburg.de/barrierefrei/leichte-sprache/gesundheit/ls-grippe-impfung-1103306'...
  -> Calling model for step 0.25...
  -> Success (5.5s, 2686 chars)
  -> Calling model for step 0.50...
  -> Success (5.1s, 2509 chars)
  -> Calling model for step 0.75...
  -> Success (4.9s, 2197 chars)
[info] [258/860] Completed all steps for 'https://www.hamburg.de/barrierefrei/leichte-sprache/gesundheit/ls-grippe-impfung-1103306'.
[info] [259/860] Generating steps [0.25, 0.5, 0.75] for 'https://www.hamburg.de/barrierefrei/leichte-sprache/politik/rathausfuehrung-576210'...
  -> Calling model for step 0.25...
  -> Success (8.1s, 3843 chars)
  -> Calling model for step 0.50...
  -> Success (5.8s, 3640 chars)
  -> Calling model for step 0.75...
  -> Success (7.0s, 2992 chars)
[info] [259/860] Completed all steps for 'https://www.hamburg.de/barrierefrei/leichte-sprache/politik/rathausfuehrung-576210'.
[info] [260/860] Generating steps [0.25, 0.5, 0.75] for 'https://www.hamburg.de/barrierefrei/leichte-sprache/bezirke/kinderschutz-576386'...
  -> Calling model for step 0.25...
  -> Success (4.1s, 2269 chars)
  -> Calling model for step 0.50...
  -> Success (4.6s, 2296 chars)
  -> Calling model for step 0.75...
  -> Success (5.4s, 2319 chars)
[info] [260/860] Completed all steps for 'https://www.hamburg.de/barrierefrei/leichte-sprache/bezirke/kinderschutz-576386'.
[info] [261/860] Generating steps [0.25, 0.5, 0.75] for 'https://www.hamburg.de/barrierefrei/leichte-sprache/politik/ls-politik-im-hamburger-rathaus-575820'...
  -> Calling model for step 0.25...
  -> Success (4.8s, 2040 chars)
  -> Calling model for step 0.50...
  -> Success (3.9s, 1688 chars)
  -> Calling model for step 0.75...
  -> Success (5.4s, 2237 chars)
[info] [261/860] Completed all steps for 'https://www.hamburg.de/barrierefrei/leichte-sprache/politik/ls-politik-im-hamburger-rathaus-575820'.
[info] [262/860] Generating steps [0.25, 0.5, 0.75] for 'https://www.hamburg.de/barrierefrei/leichte-sprache/verkehr/fussgaenger-575946'...
  -> Calling model for step 0.25...
  -> Success (4.4s, 1669 chars)
  -> Calling model for step 0.50...
  -> Success (4.2s, 1604 chars)
  -> Calling model for step 0.75...
  -> Success (3.9s, 1472 chars)
[info] [262/860] Completed all steps for 'https://www.hamburg.de/barrierefrei/leichte-sprache/verkehr/fussgaenger-575946'.
[info] [263/860] Generating steps [0.25, 0.5, 0.75] for 'https://www.hamburg.de/barrierefrei/leichte-sprache/infos-fuer-menschen-mit-behinderung/ls-behindertenparkplaetze-575948'...
  -> Calling model for step 0.25...
  -> Success (3.0s, 1374 chars)
  -> Calling model for step 0.50...
  -> Success (3.5s, 1125 chars)
  -> Calling model for step 0.75...
  -> Success (3.5s, 1470 chars)
[info] [263/860] Completed all steps for 'https://www.hamburg.de/barrierefrei/leichte-sprache/infos-fuer-menschen-mit-behinderung/ls-behindertenparkplaetze-575948'.
[info] [264/860] Generating steps [0.25, 0.5, 0.75] for 'https://www.hamburg.de/barrierefrei/leichte-sprache/service-und-tipps/energie-spar-beratung-575898'...
  -> Calling model for step 0.25...
  -> Success (4.4s, 2390 chars)
  -> Calling model for step 0.50...
  -> Success (4.1s, 1854 chars)
  -> Calling model for step 0.75...
  -> Success (6.2s, 1894 chars)
[info] [264/860] Completed all steps for 'https://www.hamburg.de/barrierefrei/leichte-sprache/service-und-tipps/energie-spar-beratung-575898'.
[info] [265/860] Generating steps [0.25, 0.5, 0.75] for 'https://www.hamburg.de/barrierefrei/leichte-sprache/bezirke/die-bezirke-in-hamburg-575812'...
  -> Calling model for step 0.25...
  -> Success (4.3s, 1611 chars)
  -> Calling model for step 0.50...
  -> Success (3.9s, 1204 chars)
  -> Calling model for step 0.75...
  -> Success (3.5s, 1373 chars)
[info] [265/860] Completed all steps for 'https://www.hamburg.de/barrierefrei/leichte-sprache/bezirke/die-bezirke-in-hamburg-575812'.
[info] [266/860] Generating steps [0.25, 0.5, 0.75] for 'https://www.hannover.de/Leichte-Sprache/Nachrichten-und-Veranstaltungen/Nachrichten/Neue-Park∙zonen-für-Bewohner-in-der-Stadt-Hannover'...
  -> Calling model for step 0.25...
  -> Success (5.7s, 2999 chars)
  -> Calling model for step 0.50...
  -> Success (4.1s, 2202 chars)
  -> Calling model for step 0.75...
  -> Success (4.6s, 1784 chars)
[info] [266/860] Completed all steps for 'https://www.hannover.de/Leichte-Sprache/Nachrichten-und-Veranstaltungen/Nachrichten/Neue-Park∙zonen-für-Bewohner-in-der-Stadt-Hannover'.
[info] [267/860] Generating steps [0.25, 0.5, 0.75] for 'https://www.hannover.de/Leichte-Sprache/Nachrichten-und-Veranstaltungen/Nachrichten/Behinderten∙sportlerin-2026'...
  -> Calling model for step 0.25...
  -> Success (5.6s, 2050 chars)
  -> Calling model for step 0.50...
  -> Success (3.5s, 1847 chars)
  -> Calling model for step 0.75...
  -> Success (5.8s, 1368 chars)
[info] [267/860] Completed all steps for 'https://www.hannover.de/Leichte-Sprache/Nachrichten-und-Veranstaltungen/Nachrichten/Behinderten∙sportlerin-2026'.
[info] [268/860] Generating steps [0.25, 0.5, 0.75] for 'https://www.hannover.de/Leichte-Sprache/Hilfe-und-Tipps/Ideen-und-Beschwerden-an-das-Bürger∙büro-schicken'...
  -> Calling model for step 0.25...
  -> Success (4.8s, 1971 chars)
  -> Calling model for step 0.50...
  -> Success (4.3s, 1964 chars)
  -> Calling model for step 0.75...
  -> Success (4.0s, 1906 chars)
[info] [268/860] Completed all steps for 'https://www.hannover.de/Leichte-Sprache/Hilfe-und-Tipps/Ideen-und-Beschwerden-an-das-Bürger∙büro-schicken'.
[info] [269/860] Generating steps [0.25, 0.5, 0.75] for 'https://www.hannover.de/Leichte-Sprache/Hilfe-und-Tipps/Notfall/Busse-und-Bahnen-Was-mache-ich-bei-einem-Notfall'...
  -> Calling model for step 0.25...
  -> Success (5.8s, 2452 chars)
  -> Calling model for step 0.50...
  -> Success (4.6s, 2312 chars)
  -> Calling model for step 0.75...
  -> Success (4.8s, 2218 chars)
[info] [269/860] Completed all steps for 'https://www.hannover.de/Leichte-Sprache/Hilfe-und-Tipps/Notfall/Busse-und-Bahnen-Was-mache-ich-bei-einem-Notfall'.
[info] [270/860] Generating steps [0.25, 0.5, 0.75] for 'https://www.hannover.de/Leichte-Sprache/Erklärung-zur-Barriere∙freiheit-in-Leichter-Sprache'...
  -> Calling model for step 0.25...
  -> Success (8.7s, 3838 chars)
  -> Calling model for step 0.50...
  -> Success (5.4s, 2880 chars)
  -> Calling model for step 0.75...
  -> Success (5.5s, 2618 chars)
[info] [270/860] Completed all steps for 'https://www.hannover.de/Leichte-Sprache/Erklärung-zur-Barriere∙freiheit-in-Leichter-Sprache'.
[info] [271/860] Generating steps [0.25, 0.5, 0.75] for 'https://www.hannover.de/Leichte-Sprache/Hilfe-und-Tipps/Wie-benutze-ich-Hannover.de-in-Leichter-Sprache/Warum-gibt-es-Leichte-Sprache-auf-Hannover.de'...
  -> Calling model for step 0.25...
  -> Success (4.0s, 1855 chars)
  -> Calling model for step 0.50...
  -> Success (3.8s, 1519 chars)
  -> Calling model for step 0.75...
  -> Success (3.6s, 1905 chars)
[info] [271/860] Completed all steps for 'https://www.hannover.de/Leichte-Sprache/Hilfe-und-Tipps/Wie-benutze-ich-Hannover.de-in-Leichter-Sprache/Warum-gibt-es-Leichte-Sprache-auf-Hannover.de'.
[info] [272/860] Generating steps [0.25, 0.5, 0.75] for 'https://www.hannover.de/Leichte-Sprache/Hilfe-und-Tipps/Wie-benutze-ich-Hannover.de-in-Leichter-Sprache/Wie-benutze-ich-Hannover.de'...
  -> Calling model for step 0.25...
  -> Success (12.3s, 5584 chars)
  -> Calling model for step 0.50...
  -> Success (7.9s, 4257 chars)
  -> Calling model for step 0.75...
  -> Success (8.3s, 4946 chars)
[info] [272/860] Completed all steps for 'https://www.hannover.de/Leichte-Sprache/Hilfe-und-Tipps/Wie-benutze-ich-Hannover.de-in-Leichter-Sprache/Wie-benutze-ich-Hannover.de'.
[info] [273/860] Generating steps [0.25, 0.5, 0.75] for 'https://www.hannover.de/Leichte-Sprache/Hannover-und-Region/Die-Landschaft-von-der-Region-Hannover'...
  -> Calling model for step 0.25...
  -> Success (4.1s, 1540 chars)
  -> Calling model for step 0.50...
  -> Success (3.4s, 1521 chars)
  -> Calling model for step 0.75...
  -> Success (5.6s, 1275 chars)
[info] [273/860] Completed all steps for 'https://www.hannover.de/Leichte-Sprache/Hannover-und-Region/Die-Landschaft-von-der-Region-Hannover'.
[info] [274/860] Generating steps [0.25, 0.5, 0.75] for 'https://www.hannover.de/Leichte-Sprache/Hannover-und-Region/Unterwegs-sein'...
  -> Calling model for step 0.25...
  -> Success (3.7s, 1463 chars)
  -> Calling model for step 0.50...
  -> Success (4.6s, 1382 chars)
  -> Calling model for step 0.75...
  -> Success (3.3s, 1101 chars)
[info] [274/860] Completed all steps for 'https://www.hannover.de/Leichte-Sprache/Hannover-und-Region/Unterwegs-sein'.
[info] [275/860] Generating steps [0.25, 0.5, 0.75] for 'https://www.hannover.de/Leichte-Sprache/Hilfe-und-Tipps/Park∙zonen-für-Bewohner-in-der-Stadt-Hannover'...
  -> Calling model for step 0.25...
  -> Success (11.0s, 6136 chars)
  -> Calling model for step 0.50...
  -> Success (8.3s, 4870 chars)
  -> Calling model for step 0.75...
  -> Success (5.7s, 3038 chars)
[info] [275/860] Completed all steps for 'https://www.hannover.de/Leichte-Sprache/Hilfe-und-Tipps/Park∙zonen-für-Bewohner-in-der-Stadt-Hannover'.
[info] [276/860] Generating steps [0.25, 0.5, 0.75] for 'https://www.hannover.de/Leichte-Sprache/Hilfe-und-Tipps/Euro-WC-Schlüssel-für-Menschen-mit-Behinderung'...
  -> Calling model for step 0.25...
  -> Success (3.9s, 1492 chars)
  -> Calling model for step 0.50...
  -> Success (4.5s, 1744 chars)
  -> Calling model for step 0.75...
  -> Success (4.3s, 1607 chars)
[info] [276/860] Completed all steps for 'https://www.hannover.de/Leichte-Sprache/Hilfe-und-Tipps/Euro-WC-Schlüssel-für-Menschen-mit-Behinderung'.
[info] [277/860] Generating steps [0.25, 0.5, 0.75] for 'https://www.hannover.de/Leichte-Sprache/Hilfe-und-Tipps/Blau∙algen-Fragen-und-Antworten'...
  -> Calling model for step 0.25...
  -> Success (5.3s, 2797 chars)
  -> Calling model for step 0.50...
  -> Success (5.5s, 2526 chars)
  -> Calling model for step 0.75...
  -> Success (4.2s, 2076 chars)
[info] [277/860] Completed all steps for 'https://www.hannover.de/Leichte-Sprache/Hilfe-und-Tipps/Blau∙algen-Fragen-und-Antworten'.
[info] [278/860] Generating steps [0.25, 0.5, 0.75] for 'https://www.hannover.de/Leichte-Sprache/Hilfe-und-Tipps/HannoverAktivPass'...
  -> Calling model for step 0.25...
  -> Success (4.6s, 2566 chars)
  -> Calling model for step 0.50...
  -> Success (3.6s, 1883 chars)
  -> Calling model for step 0.75...
  -> Success (4.1s, 2246 chars)
[info] [278/860] Completed all steps for 'https://www.hannover.de/Leichte-Sprache/Hilfe-und-Tipps/HannoverAktivPass'.
[info] [279/860] Generating steps [0.25, 0.5, 0.75] for 'https://www.hannover.de/Leichte-Sprache/Hilfe-und-Tipps/Flucht-aus-der-Ukraine-Informationen-für-Menschen-mit-Behinderung'...
  -> Calling model for step 0.25...
  -> Success (4.8s, 3034 chars)
  -> Calling model for step 0.50...
  -> Success (4.4s, 3095 chars)
  -> Calling model for step 0.75...
  -> Success (5.8s, 2838 chars)
[info] [279/860] Completed all steps for 'https://www.hannover.de/Leichte-Sprache/Hilfe-und-Tipps/Flucht-aus-der-Ukraine-Informationen-für-Menschen-mit-Behinderung'.
[info] [280/860] Generating steps [0.25, 0.5, 0.75] for 'https://www.hannover.de/Leichte-Sprache/Hilfe-und-Tipps/Förderung-von-Kultur-in-der-Region-Hannover'...
  -> Calling model for step 0.25...
  -> Success (5.5s, 2554 chars)
  -> Calling model for step 0.50...
  -> Success (3.9s, 2419 chars)
  -> Calling model for step 0.75...
  -> Success (8.4s, 2588 chars)
[info] [280/860] Completed all steps for 'https://www.hannover.de/Leichte-Sprache/Hilfe-und-Tipps/Förderung-von-Kultur-in-der-Region-Hannover'.
[info] [281/860] Generating steps [0.25, 0.5, 0.75] for 'https://www.hannover.de/Leichte-Sprache/Hilfe-und-Tipps/Schwer∙behinderten∙ausweis'...
  -> Calling model for step 0.25...
  -> Success (4.0s, 1270 chars)
  -> Calling model for step 0.50...
  -> Success (2.6s, 1344 chars)
  -> Calling model for step 0.75...
  -> Success (3.4s, 963 chars)
[info] [281/860] Completed all steps for 'https://www.hannover.de/Leichte-Sprache/Hilfe-und-Tipps/Schwer∙behinderten∙ausweis'.
[info] [282/860] Generating steps [0.25, 0.5, 0.75] for 'https://www.hannover.de/Leichte-Sprache/Hannover-und-Region/Politik/Wahlen/Kommunal∙wahlen-2026-in-der-Region-Hannover/Informationen-zu-den-Kommunal∙wahlen-2026'...
  -> Calling model for step 0.25...
  -> Success (12.3s, 4176 chars)
  -> Calling model for step 0.50...
  -> Success (11.9s, 4079 chars)
  -> Calling model for step 0.75...
  -> Success (10.3s, 4058 chars)
[info] [282/860] Completed all steps for 'https://www.hannover.de/Leichte-Sprache/Hannover-und-Region/Politik/Wahlen/Kommunal∙wahlen-2026-in-der-Region-Hannover/Informationen-zu-den-Kommunal∙wahlen-2026'.
[info] [283/860] Generating steps [0.25, 0.5, 0.75] for 'https://www.hannover.de/Leichte-Sprache/Hannover-und-Region/Politik/Wahlen/Kommunal∙wahlen-2026-in-der-Region-Hannover/Fragen-und-Antworten-für-Wahl∙helfer'...
  -> Calling model for step 0.25...
  -> Success (8.3s, 3382 chars)
  -> Calling model for step 0.50...
  -> Success (6.3s, 3910 chars)
  -> Calling model for step 0.75...
  -> Success (7.8s, 3111 chars)
[info] [283/860] Completed all steps for 'https://www.hannover.de/Leichte-Sprache/Hannover-und-Region/Politik/Wahlen/Kommunal∙wahlen-2026-in-der-Region-Hannover/Fragen-und-Antworten-für-Wahl∙helfer'.
[info] [284/860] Generating steps [0.25, 0.5, 0.75] for 'https://www.hannover.de/Leichte-Sprache/Hannover-und-Region/Politik/Wahlen/Kommunal∙wahlen-2026-in-der-Region-Hannover/Wie-kann-ich-bei-der-Wahl-helfen'...
  -> Calling model for step 0.25...
  -> Success (4.8s, 2317 chars)
  -> Calling model for step 0.50...
  -> Success (4.3s, 1919 chars)
  -> Calling model for step 0.75...
  -> Success (4.1s, 1719 chars)
[info] [284/860] Completed all steps for 'https://www.hannover.de/Leichte-Sprache/Hannover-und-Region/Politik/Wahlen/Kommunal∙wahlen-2026-in-der-Region-Hannover/Wie-kann-ich-bei-der-Wahl-helfen'.
[info] [285/860] Generating steps [0.25, 0.5, 0.75] for 'https://www.hannover.de/Leichte-Sprache/Hannover-und-Region/Politik/Politik-in-der-Region-Hannover'...
  -> Calling model for step 0.25...
  -> Success (4.0s, 2549 chars)
  -> Calling model for step 0.50...
  -> Success (3.9s, 2672 chars)
  -> Calling model for step 0.75...
  -> Success (4.1s, 2024 chars)
[info] [285/860] Completed all steps for 'https://www.hannover.de/Leichte-Sprache/Hannover-und-Region/Politik/Politik-in-der-Region-Hannover'.
[info] [286/860] Generating steps [0.25, 0.5, 0.75] for 'https://www.hannover.de/Leichte-Sprache/Nachrichten-und-Veranstaltungen/Nachrichten/Menschen-mit-Behinderung-Regions∙haus-leuchtet-Lila'...
  -> Calling model for step 0.25...
  -> Success (5.1s, 2754 chars)
  -> Calling model for step 0.50...
  -> Success (4.7s, 2627 chars)
  -> Calling model for step 0.75...
  -> Success (4.5s, 2063 chars)
[info] [286/860] Completed all steps for 'https://www.hannover.de/Leichte-Sprache/Nachrichten-und-Veranstaltungen/Nachrichten/Menschen-mit-Behinderung-Regions∙haus-leuchtet-Lila'.
[info] [287/860] Generating steps [0.25, 0.5, 0.75] for 'https://www.hannover.de/Leichte-Sprache/Nachrichten-und-Veranstaltungen/Nachrichten/Neues-Angebot-Hilfen-im-Winter-im-Nacht∙café-Luna'...
  -> Calling model for step 0.25...
  -> Success (6.5s, 3493 chars)
  -> Calling model for step 0.50...
  -> Success (4.5s, 2275 chars)
  -> Calling model for step 0.75...
  -> Success (5.1s, 2460 chars)
[info] [287/860] Completed all steps for 'https://www.hannover.de/Leichte-Sprache/Nachrichten-und-Veranstaltungen/Nachrichten/Neues-Angebot-Hilfen-im-Winter-im-Nacht∙café-Luna'.
[info] [288/860] Generating steps [0.25, 0.5, 0.75] for 'https://www.hannover.de/Leichte-Sprache/Nachrichten-und-Veranstaltungen/Nachrichten/Projekt-für-ältere-Menschen-Hilfs∙angebot-gegen-Einsamkeit'...
  -> Calling model for step 0.25...
  -> Success (6.6s, 3525 chars)
  -> Calling model for step 0.50...
  -> Success (5.3s, 3082 chars)
  -> Calling model for step 0.75...
  -> Success (5.2s, 2815 chars)
[info] [288/860] Completed all steps for 'https://www.hannover.de/Leichte-Sprache/Nachrichten-und-Veranstaltungen/Nachrichten/Projekt-für-ältere-Menschen-Hilfs∙angebot-gegen-Einsamkeit'.
[info] [289/860] Generating steps [0.25, 0.5, 0.75] for 'https://www.hannover.de/Leichte-Sprache/Nachrichten-und-Veranstaltungen/Nachrichten/Große-Hitze-in-Hannover-Hilfe-für-Menschen-ohne-Wohnung'...
  -> Calling model for step 0.25...
  -> Success (5.4s, 2821 chars)
  -> Calling model for step 0.50...
  -> Success (5.4s, 2752 chars)
  -> Calling model for step 0.75...
  -> Success (4.4s, 2516 chars)
[info] [289/860] Completed all steps for 'https://www.hannover.de/Leichte-Sprache/Nachrichten-und-Veranstaltungen/Nachrichten/Große-Hitze-in-Hannover-Hilfe-für-Menschen-ohne-Wohnung'.
[info] [290/860] Generating steps [0.25, 0.5, 0.75] for 'https://www.hannover.de/Leichte-Sprache/Nachrichten-und-Veranstaltungen/Nachrichten/Fragen-und-Antworten-zu-den-Einschränkungen-bei-der-Beregnung'...
  -> Calling model for step 0.25...
  -> Success (6.7s, 3581 chars)
  -> Calling model for step 0.50...
  -> Success (6.9s, 3939 chars)
  -> Calling model for step 0.75...
  -> Success (5.5s, 2792 chars)
[info] [290/860] Completed all steps for 'https://www.hannover.de/Leichte-Sprache/Nachrichten-und-Veranstaltungen/Nachrichten/Fragen-und-Antworten-zu-den-Einschränkungen-bei-der-Beregnung'.
[info] [291/860] Generating steps [0.25, 0.5, 0.75] for 'https://www.hannover.de/Leichte-Sprache/Nachrichten-und-Veranstaltungen/Nachrichten/Region-Hannover-unterstützt-den-Bau-von-Solar∙anlagen'...
  -> Calling model for step 0.25...
  -> Success (7.0s, 3677 chars)
  -> Calling model for step 0.50...
  -> Success (7.0s, 3670 chars)
  -> Calling model for step 0.75...
  -> Success (7.3s, 3041 chars)
[info] [291/860] Completed all steps for 'https://www.hannover.de/Leichte-Sprache/Nachrichten-und-Veranstaltungen/Nachrichten/Region-Hannover-unterstützt-den-Bau-von-Solar∙anlagen'.
[info] [292/860] Generating steps [0.25, 0.5, 0.75] for 'https://www.hannover.de/Leichte-Sprache/Nachrichten-und-Veranstaltungen/Nachrichten/Zum-14.-Mal-Preis-für-Inklusion-in-der-Wirtschaft'...
  -> Calling model for step 0.25...
  -> Success (8.1s, 3316 chars)
  -> Calling model for step 0.50...
  -> Success (7.8s, 3328 chars)
  -> Calling model for step 0.75...
  -> Success (6.6s, 3087 chars)
[info] [292/860] Completed all steps for 'https://www.hannover.de/Leichte-Sprache/Nachrichten-und-Veranstaltungen/Nachrichten/Zum-14.-Mal-Preis-für-Inklusion-in-der-Wirtschaft'.
[info] [293/860] Generating steps [0.25, 0.5, 0.75] for 'https://www.hannover.de/Leichte-Sprache/Nachrichten-und-Veranstaltungen/Nachrichten/Jan-Haller-ist-Behinderten∙sportler-2025'...
  -> Calling model for step 0.25...
  -> Success (5.8s, 2054 chars)
  -> Calling model for step 0.50...
  -> Success (7.9s, 2742 chars)
  -> Calling model for step 0.75...
  -> Success (5.0s, 1781 chars)
[info] [293/860] Completed all steps for 'https://www.hannover.de/Leichte-Sprache/Nachrichten-und-Veranstaltungen/Nachrichten/Jan-Haller-ist-Behinderten∙sportler-2025'.
[info] [294/860] Generating steps [0.25, 0.5, 0.75] for 'https://www.hannover.de/Leichte-Sprache/Nachrichten-und-Veranstaltungen/Nachrichten/Assistenz∙hunde-sind-in-öffentlichen-Einrichtungen-willkommen'...
  -> Calling model for step 0.25...
  -> Success (4.7s, 2637 chars)
  -> Calling model for step 0.50...
  -> Success (3.4s, 1984 chars)
  -> Calling model for step 0.75...
  -> Success (4.5s, 2045 chars)
[info] [294/860] Completed all steps for 'https://www.hannover.de/Leichte-Sprache/Nachrichten-und-Veranstaltungen/Nachrichten/Assistenz∙hunde-sind-in-öffentlichen-Einrichtungen-willkommen'.
[info] [295/860] Generating steps [0.25, 0.5, 0.75] for 'https://www.hannover.de/Leichte-Sprache/Nachrichten-und-Veranstaltungen/Nachrichten/Chat∙bot-beantwortet-Fragen-zur-Grund∙steuer'...
  -> Calling model for step 0.25...
  -> Success (4.1s, 2139 chars)
  -> Calling model for step 0.50...
  -> Success (3.4s, 1789 chars)
  -> Calling model for step 0.75...
  -> Success (3.4s, 1755 chars)
[info] [295/860] Completed all steps for 'https://www.hannover.de/Leichte-Sprache/Nachrichten-und-Veranstaltungen/Nachrichten/Chat∙bot-beantwortet-Fragen-zur-Grund∙steuer'.
[info] [296/860] Generating steps [0.25, 0.5, 0.75] for 'https://www.hannover.de/Leichte-Sprache/Nachrichten-und-Veranstaltungen/Nachrichten/Hilfe∙plan-für-den-Natur∙schutz-im-Deister'...
  -> Calling model for step 0.25...
  -> Success (8.8s, 4059 chars)
  -> Calling model for step 0.50...
  -> Success (7.6s, 4849 chars)
  -> Calling model for step 0.75...
  -> Success (6.2s, 3021 chars)
[info] [296/860] Completed all steps for 'https://www.hannover.de/Leichte-Sprache/Nachrichten-und-Veranstaltungen/Nachrichten/Hilfe∙plan-für-den-Natur∙schutz-im-Deister'.
[info] [297/860] Generating steps [0.25, 0.5, 0.75] for 'https://www.hannover.de/Leichte-Sprache/Nachrichten-und-Veranstaltungen/Veranstaltungen/Suche-nach-kosten∙losen-Veranstaltungen'...
  -> Calling model for step 0.25...
  -> Success (3.1s, 941 chars)
  -> Calling model for step 0.50...
  -> Success (2.7s, 902 chars)
  -> Calling model for step 0.75...
  -> Success (3.0s, 854 chars)
[info] [297/860] Completed all steps for 'https://www.hannover.de/Leichte-Sprache/Nachrichten-und-Veranstaltungen/Veranstaltungen/Suche-nach-kosten∙losen-Veranstaltungen'.
[info] [298/860] Generating steps [0.25, 0.5, 0.75] for 'https://www.hannover.de/Leichte-Sprache/Nachrichten-und-Veranstaltungen/Veranstaltungen/Übungs∙tage-für-Fahrgäste-im-Stadt∙gebiet'...
  -> Calling model for step 0.25...
  -> Success (4.1s, 1185 chars)
  -> Calling model for step 0.50...
  -> Success (3.6s, 994 chars)
  -> Calling model for step 0.75...
  -> Success (4.6s, 821 chars)
[info] [298/860] Completed all steps for 'https://www.hannover.de/Leichte-Sprache/Nachrichten-und-Veranstaltungen/Veranstaltungen/Übungs∙tage-für-Fahrgäste-im-Stadt∙gebiet'.
[info] [299/860] Generating steps [0.25, 0.5, 0.75] for 'https://www.hannover.de/Leichte-Sprache/Nachrichten-und-Veranstaltungen/Veranstaltungen/Sitzung-von-der-Regions·versammlung'...
  -> Calling model for step 0.25...
  -> Success (3.5s, 861 chars)
  -> Calling model for step 0.50...
  -> Success (3.1s, 822 chars)
  -> Calling model for step 0.75...
  -> Success (3.0s, 777 chars)
[info] [299/860] Completed all steps for 'https://www.hannover.de/Leichte-Sprache/Nachrichten-und-Veranstaltungen/Veranstaltungen/Sitzung-von-der-Regions·versammlung'.
[info] [300/860] Generating steps [0.25, 0.5, 0.75] for 'https://www.hannover.de/Leichte-Sprache/Nachrichten-und-Veranstaltungen/Veranstaltungen/Das-Regions∙forum-für-Menschen-mit-Behinderung'...
  -> Calling model for step 0.25...
  -> Success (3.7s, 1085 chars)
  -> Calling model for step 0.50...
  -> Success (2.9s, 1040 chars)
  -> Calling model for step 0.75...
  -> Success (3.2s, 1112 chars)
[info] [300/860] Completed all steps for 'https://www.hannover.de/Leichte-Sprache/Nachrichten-und-Veranstaltungen/Veranstaltungen/Das-Regions∙forum-für-Menschen-mit-Behinderung'.
[info] [301/860] Generating steps [0.25, 0.5, 0.75] for 'https://www.hannover.de/Leichte-Sprache/Nachrichten-und-Veranstaltungen/Veranstaltungen/Beratungen-Vorsorge∙vollmacht-und-Betreuungs∙verfügung'...
  -> Calling model for step 0.25...
  -> Success (4.0s, 1387 chars)
  -> Calling model for step 0.50...
  -> Success (2.7s, 885 chars)
  -> Calling model for step 0.75...
  -> Success (3.6s, 918 chars)
[info] [301/860] Completed all steps for 'https://www.hannover.de/Leichte-Sprache/Nachrichten-und-Veranstaltungen/Veranstaltungen/Beratungen-Vorsorge∙vollmacht-und-Betreuungs∙verfügung'.
[info] [302/860] Generating steps [0.25, 0.5, 0.75] for 'https://www.hannover.de/Leichte-Sprache/Hannover-und-Region/Die-Verwaltung-von-der-Region-Hannover/Büro-für-Zusammen･arbeit-in-Europa'...
  -> Calling model for step 0.25...
  -> Success (4.8s, 2653 chars)
  -> Calling model for step 0.50...
  -> Success (5.3s, 2571 chars)
  -> Calling model for step 0.75...
  -> Success (3.7s, 1709 chars)
[info] [302/860] Completed all steps for 'https://www.hannover.de/Leichte-Sprache/Hannover-und-Region/Die-Verwaltung-von-der-Region-Hannover/Büro-für-Zusammen･arbeit-in-Europa'.
[info] [303/860] Generating steps [0.25, 0.5, 0.75] for 'https://www.hannover.de/Leichte-Sprache/Hannover-und-Region/Politik/Der-Rat-von-der-Stadt-Hannover'...
  -> Calling model for step 0.25...
  -> Success (4.4s, 2040 chars)
  -> Calling model for step 0.50...
  -> Success (3.3s, 1736 chars)
  -> Calling model for step 0.75...
  -> Success (4.1s, 1812 chars)
[info] [303/860] Completed all steps for 'https://www.hannover.de/Leichte-Sprache/Hannover-und-Region/Politik/Der-Rat-von-der-Stadt-Hannover'.
[info] [304/860] Generating steps [0.25, 0.5, 0.75] for 'https://www.hannover.de/Leichte-Sprache/Hannover-und-Region/Politik/Der-Oberbürger･meister'...
  -> Calling model for step 0.25...
  -> Success (3.2s, 878 chars)
  -> Calling model for step 0.50...
  -> Success (3.5s, 988 chars)
  -> Calling model for step 0.75...
  -> Success (3.3s, 746 chars)
[info] [304/860] Completed all steps for 'https://www.hannover.de/Leichte-Sprache/Hannover-und-Region/Politik/Der-Oberbürger･meister'.
[info] [305/860] Generating steps [0.25, 0.5, 0.75] for 'https://www.hannover.de/Leichte-Sprache/Hannover-und-Region/Unterwegs-sein/Bau∙arbeiten-in-der-Region-Hannover-Das-sind-die-Pläne-für-Kreis∙straßen'...
  -> Calling model for step 0.25...
  -> Success (11.6s, 6339 chars)
  -> Calling model for step 0.50...
  -> Success (11.6s, 6635 chars)
  -> Calling model for step 0.75...
  -> Success (11.6s, 5911 chars)
[info] [305/860] Completed all steps for 'https://www.hannover.de/Leichte-Sprache/Hannover-und-Region/Unterwegs-sein/Bau∙arbeiten-in-der-Region-Hannover-Das-sind-die-Pläne-für-Kreis∙straßen'.
[info] [306/860] Generating steps [0.25, 0.5, 0.75] for 'https://www.hannover.de/Leichte-Sprache/Hilfe-und-Tipps/Beratung-und-Unterstützung/Ansprech∙personen-für-junge-Menschen-mit-Behinderung'...
  -> Calling model for step 0.25...
  -> Success (5.1s, 2142 chars)
  -> Calling model for step 0.50...
  -> Success (3.7s, 1948 chars)
  -> Calling model for step 0.75...
  -> Success (4.6s, 2296 chars)
[info] [306/860] Completed all steps for 'https://www.hannover.de/Leichte-Sprache/Hilfe-und-Tipps/Beratung-und-Unterstützung/Ansprech∙personen-für-junge-Menschen-mit-Behinderung'.
[info] [307/860] Generating steps [0.25, 0.5, 0.75] for 'https://www.hannover.de/Leichte-Sprache/Hilfe-und-Tipps/Beratung-und-Unterstützung/Beratungs∙stelle-Inklusion'...
  -> Calling model for step 0.25...
  -> Success (5.9s, 1333 chars)
  -> Calling model for step 0.50...
  -> Success (3.0s, 1330 chars)
  -> Calling model for step 0.75...
  -> Success (3.1s, 1335 chars)
[info] [307/860] Completed all steps for 'https://www.hannover.de/Leichte-Sprache/Hilfe-und-Tipps/Beratung-und-Unterstützung/Beratungs∙stelle-Inklusion'.
[info] [308/860] Generating steps [0.25, 0.5, 0.75] for 'https://www.hannover.de/Leichte-Sprache/Hilfe-und-Tipps/Beratung-und-Unterstützung/Verfahrens∙lotsen-und-Beratung-Ansprech∙personen-für-Menschen-mit-Behinderung'...
  -> Calling model for step 0.25...
  -> Success (8.8s, 4394 chars)
  -> Calling model for step 0.50...
  -> Success (8.3s, 3743 chars)
  -> Calling model for step 0.75...
  -> Success (7.1s, 3350 chars)
[info] [308/860] Completed all steps for 'https://www.hannover.de/Leichte-Sprache/Hilfe-und-Tipps/Beratung-und-Unterstützung/Verfahrens∙lotsen-und-Beratung-Ansprech∙personen-für-Menschen-mit-Behinderung'.
[info] [309/860] Generating steps [0.25, 0.5, 0.75] for 'https://www.hannover.de/Leichte-Sprache/Hilfe-und-Tipps/Beratung-und-Unterstützung/JUST-BEst-Hilfe-bei-der-Lebens∙planung-für-junge-Erwachsene'...
  -> Calling model for step 0.25...
  -> Success (7.9s, 2980 chars)
  -> Calling model for step 0.50...
  -> Success (6.9s, 2664 chars)
  -> Calling model for step 0.75...
  -> Success (5.2s, 2231 chars)
[info] [309/860] Completed all steps for 'https://www.hannover.de/Leichte-Sprache/Hilfe-und-Tipps/Beratung-und-Unterstützung/JUST-BEst-Hilfe-bei-der-Lebens∙planung-für-junge-Erwachsene'.
[info] [310/860] Generating steps [0.25, 0.5, 0.75] for 'https://www.hannover.de/Leichte-Sprache/Hilfe-und-Tipps/Beratung-und-Unterstützung/Hilfe-und-Beratung-für-ältere-Menschen'...
  -> Calling model for step 0.25...
  -> Success (3.6s, 961 chars)
  -> Calling model for step 0.50...
  -> Success (2.1s, 1105 chars)
  -> Calling model for step 0.75...
  -> Success (4.0s, 811 chars)
[info] [310/860] Completed all steps for 'https://www.hannover.de/Leichte-Sprache/Hilfe-und-Tipps/Beratung-und-Unterstützung/Hilfe-und-Beratung-für-ältere-Menschen'.
[info] [311/860] Generating steps [0.25, 0.5, 0.75] for 'https://www.hannover.de/Leichte-Sprache/Hilfe-und-Tipps/Beratung-und-Unterstützung/Hilfe-für-Jugendliche-im-Straf∙verfahren'...
  -> Calling model for step 0.25...
  -> Success (7.4s, 3728 chars)
  -> Calling model for step 0.50...
  -> Success (7.3s, 3602 chars)
  -> Calling model for step 0.75...
  -> Success (5.8s, 2488 chars)
[info] [311/860] Completed all steps for 'https://www.hannover.de/Leichte-Sprache/Hilfe-und-Tipps/Beratung-und-Unterstützung/Hilfe-für-Jugendliche-im-Straf∙verfahren'.
[info] [312/860] Generating steps [0.25, 0.5, 0.75] for 'https://www.hannover.de/Leichte-Sprache/Hilfe-und-Tipps/Beratung-und-Unterstützung/RE_StaRT'...
  -> Calling model for step 0.25...
  -> Success (4.7s, 2448 chars)
  -> Calling model for step 0.50...
  -> Success (4.6s, 2590 chars)
  -> Calling model for step 0.75...
  -> Success (4.2s, 2163 chars)
[info] [312/860] Completed all steps for 'https://www.hannover.de/Leichte-Sprache/Hilfe-und-Tipps/Beratung-und-Unterstützung/RE_StaRT'.
[info] [313/860] Generating steps [0.25, 0.5, 0.75] for 'https://www.hannover.de/Leichte-Sprache/Hilfe-und-Tipps/Beratung-und-Unterstützung/Hilfe-bei-hohen-Heiz∙kosten-bekommen'...
  -> Calling model for step 0.25...
  -> Success (3.5s, 1860 chars)
  -> Calling model for step 0.50...
  -> Success (3.3s, 1647 chars)
  -> Calling model for step 0.75...
  -> Success (3.6s, 1778 chars)
[info] [313/860] Completed all steps for 'https://www.hannover.de/Leichte-Sprache/Hilfe-und-Tipps/Beratung-und-Unterstützung/Hilfe-bei-hohen-Heiz∙kosten-bekommen'.
[info] [314/860] Generating steps [0.25, 0.5, 0.75] for 'https://www.hannover.de/Leichte-Sprache/Hilfe-und-Tipps/Büros-und-Ämter-für-Bürger/Fach∙bereich-Teil∙habe-bei-der-Region-Hannover'...
  -> Calling model for step 0.25...
  -> Success (9.8s, 3333 chars)
  -> Calling model for step 0.50...
  -> Success (7.5s, 3067 chars)
  -> Calling model for step 0.75...
  -> Success (8.0s, 3099 chars)
[info] [314/860] Completed all steps for 'https://www.hannover.de/Leichte-Sprache/Hilfe-und-Tipps/Büros-und-Ämter-für-Bürger/Fach∙bereich-Teil∙habe-bei-der-Region-Hannover'.
[info] [315/860] Generating steps [0.25, 0.5, 0.75] for 'https://www.hannover.de/Leichte-Sprache/Hilfe-und-Tipps/Büros-und-Ämter-für-Bürger/Bürger·ämter-in-Hannover'...
  -> Calling model for step 0.25...
  -> Success (3.7s, 1308 chars)
  -> Calling model for step 0.50...
  -> Success (3.9s, 1049 chars)
  -> Calling model for step 0.75...
  -> Success (4.8s, 1392 chars)
[info] [315/860] Completed all steps for 'https://www.hannover.de/Leichte-Sprache/Hilfe-und-Tipps/Büros-und-Ämter-für-Bürger/Bürger·ämter-in-Hannover'.
[info] [316/860] Generating steps [0.25, 0.5, 0.75] for 'https://www.hannover.de/Leichte-Sprache/Hilfe-und-Tipps/Büros-und-Ämter-für-Bürger/Fach･bereich-Soziales-von-der-Stadt-Hannover'...
  -> Calling model for step 0.25...
  -> Success (4.1s, 1108 chars)
  -> Calling model for step 0.50...
  -> Success (3.8s, 1076 chars)
  -> Calling model for step 0.75...
  -> Success (3.3s, 834 chars)
[info] [316/860] Completed all steps for 'https://www.hannover.de/Leichte-Sprache/Hilfe-und-Tipps/Büros-und-Ämter-für-Bürger/Fach･bereich-Soziales-von-der-Stadt-Hannover'.
[info] [317/860] Generating steps [0.25, 0.5, 0.75] for 'https://www.hannover.de/Leichte-Sprache/Hilfe-und-Tipps/Büros-und-Ämter-für-Bürger/Fach･bereich-Soziales-von-der-Region-Hannover'...
  -> Calling model for step 0.25...
  -> Success (3.6s, 1310 chars)
  -> Calling model for step 0.50...
  -> Success (4.3s, 1303 chars)
  -> Calling model for step 0.75...
  -> Success (2.6s, 1047 chars)
[info] [317/860] Completed all steps for 'https://www.hannover.de/Leichte-Sprache/Hilfe-und-Tipps/Büros-und-Ämter-für-Bürger/Fach･bereich-Soziales-von-der-Region-Hannover'.
[info] [318/860] Generating steps [0.25, 0.5, 0.75] for 'https://www.hannover.de/Leichte-Sprache/Hilfe-und-Tipps/Büros-und-Ämter-für-Bürger/Fach･bereich-Jugend-und-Familie-in-Hannover'...
  -> Calling model for step 0.25...
  -> Success (3.8s, 1109 chars)
  -> Calling model for step 0.50...
  -> Success (4.2s, 830 chars)
  -> Calling model for step 0.75...
  -> Success (3.2s, 747 chars)
[info] [318/860] Completed all steps for 'https://www.hannover.de/Leichte-Sprache/Hilfe-und-Tipps/Büros-und-Ämter-für-Bürger/Fach･bereich-Jugend-und-Familie-in-Hannover'.
[info] [319/860] Generating steps [0.25, 0.5, 0.75] for 'https://www.hannover.de/Leichte-Sprache/Hilfe-und-Tipps/Büros-und-Ämter-für-Bürger/Fach･bereich-Jugend-der-Region-Hannover'...
  -> Calling model for step 0.25...
  -> Success (4.0s, 2040 chars)
  -> Calling model for step 0.50...
  -> Success (3.2s, 1753 chars)
  -> Calling model for step 0.75...
  -> Success (5.3s, 1700 chars)
[info] [319/860] Completed all steps for 'https://www.hannover.de/Leichte-Sprache/Hilfe-und-Tipps/Büros-und-Ämter-für-Bürger/Fach･bereich-Jugend-der-Region-Hannover'.
[info] [320/860] Generating steps [0.25, 0.5, 0.75] for 'https://www.hannover.de/Leichte-Sprache/Hilfe-und-Tipps/Büros-und-Ämter-für-Bürger/Familien･service･büro-der-Stadt-Hannover'...
  -> Calling model for step 0.25...
  -> Success (4.2s, 1911 chars)
  -> Calling model for step 0.50...
  -> Success (3.7s, 1894 chars)
  -> Calling model for step 0.75...
  -> Success (4.6s, 1676 chars)
[info] [320/860] Completed all steps for 'https://www.hannover.de/Leichte-Sprache/Hilfe-und-Tipps/Büros-und-Ämter-für-Bürger/Familien･service･büro-der-Stadt-Hannover'.
[info] [321/860] Generating steps [0.25, 0.5, 0.75] for 'https://www.hannover.de/Leichte-Sprache/Hilfe-und-Tipps/Büros-und-Ämter-für-Bürger/Fund･büro'...
  -> Calling model for step 0.25...
  -> Success (2.8s, 848 chars)
  -> Calling model for step 0.50...
  -> Success (4.2s, 908 chars)
  -> Calling model for step 0.75...
  -> Success (4.6s, 881 chars)
[info] [321/860] Completed all steps for 'https://www.hannover.de/Leichte-Sprache/Hilfe-und-Tipps/Büros-und-Ämter-für-Bürger/Fund･büro'.
[info] [322/860] Generating steps [0.25, 0.5, 0.75] for 'https://www.hannover.de/Leichte-Sprache/Hilfe-und-Tipps/Volljährigkeit-Was-du-mit-18-Jahren-beachten-musst/1.-Volljährigkeit'...
  -> Calling model for step 0.25...
  -> Success (6.4s, 3613 chars)
  -> Calling model for step 0.50...
  -> Success (4.9s, 3160 chars)
  -> Calling model for step 0.75...
  -> Success (4.2s, 2145 chars)
[info] [322/860] Completed all steps for 'https://www.hannover.de/Leichte-Sprache/Hilfe-und-Tipps/Volljährigkeit-Was-du-mit-18-Jahren-beachten-musst/1.-Volljährigkeit'.
[info] [323/860] Generating steps [0.25, 0.5, 0.75] for 'https://www.hannover.de/Leichte-Sprache/Hilfe-und-Tipps/Volljährigkeit-Was-du-mit-18-Jahren-beachten-musst/2.-Jugend∙hilfe'...
  -> Calling model for step 0.25...
  -> Success (5.9s, 3420 chars)
  -> Calling model for step 0.50...
  -> Success (4.2s, 2641 chars)
  -> Calling model for step 0.75...
  -> Success (5.6s, 2179 chars)
[info] [323/860] Completed all steps for 'https://www.hannover.de/Leichte-Sprache/Hilfe-und-Tipps/Volljährigkeit-Was-du-mit-18-Jahren-beachten-musst/2.-Jugend∙hilfe'.
[info] [324/860] Generating steps [0.25, 0.5, 0.75] for 'https://www.hannover.de/Leichte-Sprache/Hilfe-und-Tipps/Volljährigkeit-Was-du-mit-18-Jahren-beachten-musst/3.-Wohnen'...
  -> Calling model for step 0.25...
  -> Success (10.9s, 6725 chars)
  -> Calling model for step 0.50...
  -> Success (12.1s, 7831 chars)
  -> Calling model for step 0.75...
  -> Success (9.5s, 5540 chars)
[info] [324/860] Completed all steps for 'https://www.hannover.de/Leichte-Sprache/Hilfe-und-Tipps/Volljährigkeit-Was-du-mit-18-Jahren-beachten-musst/3.-Wohnen'.
[info] [325/860] Generating steps [0.25, 0.5, 0.75] for 'https://www.hannover.de/Leichte-Sprache/Hilfe-und-Tipps/Volljährigkeit-Was-du-mit-18-Jahren-beachten-musst/4.-Geld'...
  -> Calling model for step 0.25...
  -> Success (6.7s, 4037 chars)
  -> Calling model for step 0.50...
  -> Success (7.4s, 4527 chars)
  -> Calling model for step 0.75...
  -> Success (9.9s, 5587 chars)
[info] [325/860] Completed all steps for 'https://www.hannover.de/Leichte-Sprache/Hilfe-und-Tipps/Volljährigkeit-Was-du-mit-18-Jahren-beachten-musst/4.-Geld'.
[info] [326/860] Generating steps [0.25, 0.5, 0.75] for 'https://www.hannover.de/Leichte-Sprache/Hilfe-und-Tipps/Volljährigkeit-Was-du-mit-18-Jahren-beachten-musst/5.-Versicherungen'...
  -> Calling model for step 0.25...
  -> Success (5.8s, 3353 chars)
  -> Calling model for step 0.50...
  -> Success (4.4s, 2707 chars)
  -> Calling model for step 0.75...
  -> Success (4.4s, 2700 chars)
[info] [326/860] Completed all steps for 'https://www.hannover.de/Leichte-Sprache/Hilfe-und-Tipps/Volljährigkeit-Was-du-mit-18-Jahren-beachten-musst/5.-Versicherungen'.
[info] [327/860] Generating steps [0.25, 0.5, 0.75] for 'https://www.hannover.de/Leichte-Sprache/Hilfe-und-Tipps/Volljährigkeit-Was-du-mit-18-Jahren-beachten-musst/6.-Schule'...
  -> Calling model for step 0.25...
  -> Success (4.6s, 2983 chars)
  -> Calling model for step 0.50...
  -> Success (5.4s, 2794 chars)
  -> Calling model for step 0.75...
  -> Success (5.4s, 2003 chars)
[info] [327/860] Completed all steps for 'https://www.hannover.de/Leichte-Sprache/Hilfe-und-Tipps/Volljährigkeit-Was-du-mit-18-Jahren-beachten-musst/6.-Schule'.
[info] [328/860] Generating steps [0.25, 0.5, 0.75] for 'https://www.hannover.de/Leichte-Sprache/Hilfe-und-Tipps/Volljährigkeit-Was-du-mit-18-Jahren-beachten-musst/7.-Nach-der-Schule'...
  -> Calling model for step 0.25...
  -> Success (10.8s, 6386 chars)
  -> Calling model for step 0.50...
  -> Success (8.1s, 5143 chars)
  -> Calling model for step 0.75...
  -> Success (8.8s, 4853 chars)
[info] [328/860] Completed all steps for 'https://www.hannover.de/Leichte-Sprache/Hilfe-und-Tipps/Volljährigkeit-Was-du-mit-18-Jahren-beachten-musst/7.-Nach-der-Schule'.
[info] [329/860] Generating steps [0.25, 0.5, 0.75] for 'https://www.hannover.de/Leichte-Sprache/Hilfe-und-Tipps/Volljährigkeit-Was-du-mit-18-Jahren-beachten-musst/8.-Gesundheit'...
  -> Calling model for step 0.25...
  -> Success (3.7s, 1554 chars)
  -> Calling model for step 0.50...
  -> Success (4.1s, 1490 chars)
  -> Calling model for step 0.75...
  -> Success (4.8s, 1437 chars)
[info] [329/860] Completed all steps for 'https://www.hannover.de/Leichte-Sprache/Hilfe-und-Tipps/Volljährigkeit-Was-du-mit-18-Jahren-beachten-musst/8.-Gesundheit'.
[info] [330/860] Generating steps [0.25, 0.5, 0.75] for 'https://www.hannover.de/Leichte-Sprache/Hilfe-und-Tipps/Volljährigkeit-Was-du-mit-18-Jahren-beachten-musst/9.-Freizeit'...
  -> Calling model for step 0.25...
  -> Success (4.8s, 2367 chars)
  -> Calling model for step 0.50...
  -> Success (3.7s, 2348 chars)
  -> Calling model for step 0.75...
  -> Success (4.4s, 2049 chars)
[info] [330/860] Completed all steps for 'https://www.hannover.de/Leichte-Sprache/Hilfe-und-Tipps/Volljährigkeit-Was-du-mit-18-Jahren-beachten-musst/9.-Freizeit'.
[info] [331/860] Generating steps [0.25, 0.5, 0.75] for 'https://www.hannover.de/Leichte-Sprache/Hilfe-und-Tipps/Volljährigkeit-Was-du-mit-18-Jahren-beachten-musst/10.-Beratung-und-Hilfen'...
  -> Calling model for step 0.25...
  -> Success (12.2s, 6095 chars)
  -> Calling model for step 0.50...
  -> Success (11.2s, 5161 chars)
  -> Calling model for step 0.75...
  -> Success (8.7s, 5134 chars)
[info] [331/860] Completed all steps for 'https://www.hannover.de/Leichte-Sprache/Hilfe-und-Tipps/Volljährigkeit-Was-du-mit-18-Jahren-beachten-musst/10.-Beratung-und-Hilfen'.
[info] [332/860] Generating steps [0.25, 0.5, 0.75] for 'https://www.hannover.de/Leichte-Sprache/Hilfe-und-Tipps/Familie-und-Partnerschaft/Frühe-Hilfen-für-Familien'...
  -> Calling model for step 0.25...
  -> Success (5.2s, 1700 chars)
  -> Calling model for step 0.50...
  -> Success (4.5s, 2096 chars)
  -> Calling model for step 0.75...
  -> Success (4.2s, 1772 chars)
[info] [332/860] Completed all steps for 'https://www.hannover.de/Leichte-Sprache/Hilfe-und-Tipps/Familie-und-Partnerschaft/Frühe-Hilfen-für-Familien'.
[info] [333/860] Generating steps [0.25, 0.5, 0.75] for 'https://www.hannover.de/Leichte-Sprache/Hilfe-und-Tipps/Familie-und-Partnerschaft/Koordinierungs∙stelle-Unterstützung-für-Allein∙erziehende'...
  -> Calling model for step 0.25...
  -> Success (2.8s, 1374 chars)
  -> Calling model for step 0.50...
  -> Success (2.8s, 1404 chars)
  -> Calling model for step 0.75...
  -> Success (4.9s, 1401 chars)
[info] [333/860] Completed all steps for 'https://www.hannover.de/Leichte-Sprache/Hilfe-und-Tipps/Familie-und-Partnerschaft/Koordinierungs∙stelle-Unterstützung-für-Allein∙erziehende'.
[info] [334/860] Generating steps [0.25, 0.5, 0.75] for 'https://www.hannover.de/Leichte-Sprache/Hilfe-und-Tipps/Gesundheit2/Hilfe-bei-Geschlechts∙krankheiten'...
  -> Calling model for step 0.25...
  -> Success (4.0s, 1581 chars)
  -> Calling model for step 0.50...
  -> Success (3.5s, 1469 chars)
  -> Calling model for step 0.75...
  -> Success (4.3s, 1328 chars)
[info] [334/860] Completed all steps for 'https://www.hannover.de/Leichte-Sprache/Hilfe-und-Tipps/Gesundheit2/Hilfe-bei-Geschlechts∙krankheiten'.
[info] [335/860] Generating steps [0.25, 0.5, 0.75] for 'https://www.hannover.de/Leichte-Sprache/Hilfe-und-Tipps/Gesundheit2/GAYsund'...
  -> Calling model for step 0.25...
  -> Success (6.2s, 2496 chars)
  -> Calling model for step 0.50...
  -> Success (6.0s, 2139 chars)
  -> Calling model for step 0.75...
  -> Success (4.6s, 1819 chars)
[info] [335/860] Completed all steps for 'https://www.hannover.de/Leichte-Sprache/Hilfe-und-Tipps/Gesundheit2/GAYsund'.
[info] [336/860] Generating steps [0.25, 0.5, 0.75] for 'https://www.hannover.de/Leichte-Sprache/Hilfe-und-Tipps/Förderung-von-Kultur-in-der-Region-Hannover/1.-Förderung-für-Projekte'...
  -> Calling model for step 0.25...
  -> Success (6.0s, 2749 chars)
  -> Calling model for step 0.50...
  -> Success (5.5s, 3154 chars)
  -> Calling model for step 0.75...
  -> Success (4.3s, 2406 chars)
[info] [336/860] Completed all steps for 'https://www.hannover.de/Leichte-Sprache/Hilfe-und-Tipps/Förderung-von-Kultur-in-der-Region-Hannover/1.-Förderung-für-Projekte'.
[info] [337/860] Generating steps [0.25, 0.5, 0.75] for 'https://www.hannover.de/Leichte-Sprache/Hilfe-und-Tipps/Förderung-von-Kultur-in-der-Region-Hannover/2.-Förderung-für-Projekte-mit-kulturellen-Aufgaben'...
  -> Calling model for step 0.25...
  -> Success (5.0s, 2064 chars)
  -> Calling model for step 0.50...
  -> Success (4.0s, 2374 chars)
  -> Calling model for step 0.75...
  -> Success (4.4s, 1946 chars)
[info] [337/860] Completed all steps for 'https://www.hannover.de/Leichte-Sprache/Hilfe-und-Tipps/Förderung-von-Kultur-in-der-Region-Hannover/2.-Förderung-für-Projekte-mit-kulturellen-Aufgaben'.
[info] [338/860] Generating steps [0.25, 0.5, 0.75] for 'https://www.hannover.de/Leichte-Sprache/Hilfe-und-Tipps/Förderung-von-Kultur-in-der-Region-Hannover/3.-Förderung-für-die-Arbeit-in-einem-Chor'...
  -> Calling model for step 0.25...
  -> Success (4.0s, 1930 chars)
  -> Calling model for step 0.50...
  -> Success (4.2s, 2445 chars)
  -> Calling model for step 0.75...
  -> Success (4.9s, 1903 chars)
[info] [338/860] Completed all steps for 'https://www.hannover.de/Leichte-Sprache/Hilfe-und-Tipps/Förderung-von-Kultur-in-der-Region-Hannover/3.-Förderung-für-die-Arbeit-in-einem-Chor'.
[info] [339/860] Generating steps [0.25, 0.5, 0.75] for 'https://www.hannover.de/Leichte-Sprache/Hilfe-und-Tipps/Förderung-von-Kultur-in-der-Region-Hannover/4.-Förderung-für-Spiel∙pläne'...
  -> Calling model for step 0.25...
  -> Success (5.2s, 2470 chars)
  -> Calling model for step 0.50...
  -> Success (5.5s, 2470 chars)
  -> Calling model for step 0.75...
  -> Success (4.4s, 1891 chars)
[info] [339/860] Completed all steps for 'https://www.hannover.de/Leichte-Sprache/Hilfe-und-Tipps/Förderung-von-Kultur-in-der-Region-Hannover/4.-Förderung-für-Spiel∙pläne'.
[info] [340/860] Generating steps [0.25, 0.5, 0.75] for 'https://www.hannover.de/Leichte-Sprache/Hilfe-und-Tipps/Förderung-von-Kultur-in-der-Region-Hannover/7.-Förderung-für-kulturelle-Einrichtungen'...
  -> Calling model for step 0.25...
  -> Success (5.4s, 2760 chars)
  -> Calling model for step 0.50...
  -> Success (5.6s, 3014 chars)
  -> Calling model for step 0.75...
  -> Success (5.3s, 2309 chars)
[info] [340/860] Completed all steps for 'https://www.hannover.de/Leichte-Sprache/Hilfe-und-Tipps/Förderung-von-Kultur-in-der-Region-Hannover/7.-Förderung-für-kulturelle-Einrichtungen'.
[info] [341/860] Generating steps [0.25, 0.5, 0.75] for 'https://www.hannover.de/Leichte-Sprache/Hilfe-und-Tipps/Förderung-von-Kultur-in-der-Region-Hannover/8.-Förderung-für-Theater'...
  -> Calling model for step 0.25...
  -> Success (5.8s, 2340 chars)
  -> Calling model for step 0.50...
  -> Success (5.6s, 2568 chars)
  -> Calling model for step 0.75...
  -> Success (6.1s, 2459 chars)
[info] [341/860] Completed all steps for 'https://www.hannover.de/Leichte-Sprache/Hilfe-und-Tipps/Förderung-von-Kultur-in-der-Region-Hannover/8.-Förderung-für-Theater'.
[info] [342/860] Generating steps [0.25, 0.5, 0.75] for 'https://www.hannover.de/Leichte-Sprache/Hilfe-und-Tipps/Notfall/Wer-hilft-mir-bei-welchem-Notfall'...
  -> Calling model for step 0.25...
  -> Success (6.7s, 2707 chars)
  -> Calling model for step 0.50...
  -> Success (5.9s, 2632 chars)
  -> Calling model for step 0.75...
  -> Success (4.4s, 2242 chars)
[info] [342/860] Completed all steps for 'https://www.hannover.de/Leichte-Sprache/Hilfe-und-Tipps/Notfall/Wer-hilft-mir-bei-welchem-Notfall'.
[info] [343/860] Generating steps [0.25, 0.5, 0.75] for 'https://www.hannover.de/Leichte-Sprache/Hilfe-und-Tipps/Notfall/Was-passiert-bei-einer-Evakuierung'...
  -> Calling model for step 0.25...
  -> Success (6.0s, 3121 chars)
  -> Calling model for step 0.50...
  -> Success (5.0s, 2870 chars)
  -> Calling model for step 0.75...
  -> Success (4.8s, 2595 chars)
[info] [343/860] Completed all steps for 'https://www.hannover.de/Leichte-Sprache/Hilfe-und-Tipps/Notfall/Was-passiert-bei-einer-Evakuierung'.
[info] [344/860] Generating steps [0.25, 0.5, 0.75] for 'https://www.hannover.de/Leichte-Sprache/Hilfe-und-Tipps/Notfall/Hilfe-bei-Gewalt'...
  -> Calling model for step 0.25...
  -> Success (11.9s, 5216 chars)
  -> Calling model for step 0.50...
  -> Success (11.7s, 4715 chars)
  -> Calling model for step 0.75...
  -> Success (11.7s, 4079 chars)
[info] [344/860] Completed all steps for 'https://www.hannover.de/Leichte-Sprache/Hilfe-und-Tipps/Notfall/Hilfe-bei-Gewalt'.
[info] [345/860] Generating steps [0.25, 0.5, 0.75] for 'https://www.hannover.de/Leichte-Sprache/Hilfe-und-Tipps/Notfall/Not∙dienste'...
  -> Calling model for step 0.25...
  -> Success (9.1s, 4011 chars)
  -> Calling model for step 0.50...
  -> Success (5.9s, 1610 chars)
  -> Calling model for step 0.75...
  -> Success (4.0s, 1580 chars)
[info] [345/860] Completed all steps for 'https://www.hannover.de/Leichte-Sprache/Hilfe-und-Tipps/Notfall/Not∙dienste'.
[info] [346/860] Generating steps [0.25, 0.5, 0.75] for 'https://www.hannover.de/Leichte-Sprache/Hilfe-und-Tipps/Notfälle-und-Katastrophen-Hilfe-und-Tipps/Notfall∙pass-für-Menschen-mit-Taub∙blindheit'...
  -> Calling model for step 0.25...
  -> Success (4.8s, 2217 chars)
  -> Calling model for step 0.50...
  -> Success (3.9s, 2377 chars)
  -> Calling model for step 0.75...
  -> Success (3.7s, 1727 chars)
[info] [346/860] Completed all steps for 'https://www.hannover.de/Leichte-Sprache/Hilfe-und-Tipps/Notfälle-und-Katastrophen-Hilfe-und-Tipps/Notfall∙pass-für-Menschen-mit-Taub∙blindheit'.
[info] [347/860] Generating steps [0.25, 0.5, 0.75] for 'https://www.hannover.de/Leichte-Sprache/Hilfe-und-Tipps/Menschen-ohne-Wohnung-Hilfs∙angebote-im-Sommer-und-Winter/Hilfen-im-Sommer-für-Menschen-ohne-Wohnung'...
  -> Calling model for step 0.25...
  -> Success (5.1s, 2518 chars)
  -> Calling model for step 0.50...
  -> Success (4.2s, 2415 chars)
  -> Calling model for step 0.75...
  -> Success (4.5s, 2005 chars)
[info] [347/860] Completed all steps for 'https://www.hannover.de/Leichte-Sprache/Hilfe-und-Tipps/Menschen-ohne-Wohnung-Hilfs∙angebote-im-Sommer-und-Winter/Hilfen-im-Sommer-für-Menschen-ohne-Wohnung'.
[info] [348/860] Generating steps [0.25, 0.5, 0.75] for 'https://www.hannover.de/Leichte-Sprache/Hilfe-und-Tipps/Menschen-ohne-Wohnung-Hilfs∙angebote-im-Sommer-und-Winter/Hilfen-im-Winter-für-Menschen-ohne-Wohnung'...
  -> Calling model for step 0.25...
  -> Success (7.5s, 2510 chars)
  -> Calling model for step 0.50...
  -> Success (5.5s, 2841 chars)
  -> Calling model for step 0.75...
  -> Success (6.0s, 2332 chars)
[info] [348/860] Completed all steps for 'https://www.hannover.de/Leichte-Sprache/Hilfe-und-Tipps/Menschen-ohne-Wohnung-Hilfs∙angebote-im-Sommer-und-Winter/Hilfen-im-Winter-für-Menschen-ohne-Wohnung'.
[info] [349/860] Generating steps [0.25, 0.5, 0.75] for 'https://www.hannover.de/Leichte-Sprache/Nachrichten-und-Veranstaltungen/Nachrichten/Begleit%E2%88%99service-f%C3%BCr-Fahrg%C3%A4ste'...
  -> Calling model for step 0.25...
  -> Success (3.7s, 1691 chars)
  -> Calling model for step 0.50...
  -> Success (4.8s, 1938 chars)
  -> Calling model for step 0.75...
  -> Success (4.1s, 1821 chars)
[info] [349/860] Completed all steps for 'https://www.hannover.de/Leichte-Sprache/Nachrichten-und-Veranstaltungen/Nachrichten/Begleit%E2%88%99service-f%C3%BCr-Fahrg%C3%A4ste'.
[info] [350/860] Generating steps [0.25, 0.5, 0.75] for 'https://www.hannover.de/Leichte-Sprache/Hilfe-und-Tipps/Schwangerschaft-und-Geburt/Fachkräfte-Frühe-Hilfen'...
  -> Calling model for step 0.25...
  -> Success (3.5s, 1336 chars)
  -> Calling model for step 0.50...
  -> Success (3.5s, 1507 chars)
  -> Calling model for step 0.75...
  -> Success (2.7s, 1248 chars)
[info] [350/860] Completed all steps for 'https://www.hannover.de/Leichte-Sprache/Hilfe-und-Tipps/Schwangerschaft-und-Geburt/Fachkräfte-Frühe-Hilfen'.
[info] [351/860] Generating steps [0.25, 0.5, 0.75] for 'https://www.hannover.de/Leichte-Sprache/Freizeit-und-Tourismus/Draußen/Spiel･plätze-in-Hannover'...
  -> Calling model for step 0.25...
  -> Success (4.0s, 1897 chars)
  -> Calling model for step 0.50...
  -> Success (4.9s, 1397 chars)
  -> Calling model for step 0.75...
  -> Success (4.2s, 1662 chars)
[info] [351/860] Completed all steps for 'https://www.hannover.de/Leichte-Sprache/Freizeit-und-Tourismus/Draußen/Spiel･plätze-in-Hannover'.
[info] [352/860] Generating steps [0.25, 0.5, 0.75] for 'https://www.hannover.de/Leichte-Sprache/Freizeit-und-Tourismus/Draußen/Grüne-Schätze'...
  -> Calling model for step 0.25...
  -> Success (6.6s, 2787 chars)
  -> Calling model for step 0.50...
  -> Success (6.6s, 2859 chars)
  -> Calling model for step 0.75...
  -> Success (5.9s, 2331 chars)
[info] [352/860] Completed all steps for 'https://www.hannover.de/Leichte-Sprache/Freizeit-und-Tourismus/Draußen/Grüne-Schätze'.
[info] [353/860] Generating steps [0.25, 0.5, 0.75] for 'https://www.hannover.de/Leichte-Sprache/Freizeit-und-Tourismus/Drinnen/Kinos'...
  -> Calling model for step 0.25...
  -> Success (3.3s, 1566 chars)
  -> Calling model for step 0.50...
  -> Success (5.4s, 1500 chars)
  -> Calling model for step 0.75...
  -> Success (5.2s, 1342 chars)
[info] [353/860] Completed all steps for 'https://www.hannover.de/Leichte-Sprache/Freizeit-und-Tourismus/Drinnen/Kinos'.
[info] [354/860] Generating steps [0.25, 0.5, 0.75] for 'https://www.hannover.de/Leichte-Sprache/Lernen-und-Arbeiten/Lernen/Informationen-zur-Kinder∙tages∙stätte'...
  -> Calling model for step 0.25...
  -> Success (11.9s, 5508 chars)
  -> Calling model for step 0.50...
  -> Success (10.4s, 5174 chars)
  -> Calling model for step 0.75...
  -> Success (10.8s, 5596 chars)
[info] [354/860] Completed all steps for 'https://www.hannover.de/Leichte-Sprache/Lernen-und-Arbeiten/Lernen/Informationen-zur-Kinder∙tages∙stätte'.
[info] [355/860] Generating steps [0.25, 0.5, 0.75] for 'https://www.hannover.de/Leichte-Sprache/Lernen-und-Arbeiten/Lernen/Informationen-zur-Krippe'...
  -> Calling model for step 0.25...
  -> Success (11.9s, 5744 chars)
  -> Calling model for step 0.50...
  -> Success (11.7s, 5160 chars)
  -> Calling model for step 0.75...
  -> Success (10.0s, 5107 chars)
[info] [355/860] Completed all steps for 'https://www.hannover.de/Leichte-Sprache/Lernen-und-Arbeiten/Lernen/Informationen-zur-Krippe'.
[info] [356/860] Generating steps [0.25, 0.5, 0.75] for 'https://www.hannover.de/Leichte-Sprache/Lernen-und-Arbeiten/Lernen/Medien･zentrum-der-Region-Hannover'...
  -> Calling model for step 0.25...
  -> Success (4.2s, 1516 chars)
  -> Calling model for step 0.50...
  -> Success (3.3s, 1741 chars)
  -> Calling model for step 0.75...
  -> Success (2.7s, 1140 chars)
[info] [356/860] Completed all steps for 'https://www.hannover.de/Leichte-Sprache/Lernen-und-Arbeiten/Lernen/Medien･zentrum-der-Region-Hannover'.
[info] [357/860] Generating steps [0.25, 0.5, 0.75] for 'https://www.hannover.de/Leichte-Sprache/Lernen-und-Arbeiten/Arbeiten/Job･center-von-der-Region-Hannover'...
  -> Calling model for step 0.25...
  -> Success (3.2s, 1463 chars)
  -> Calling model for step 0.50...
  -> Success (2.9s, 1319 chars)
  -> Calling model for step 0.75...
  -> Success (3.2s, 1288 chars)
[info] [357/860] Completed all steps for 'https://www.hannover.de/Leichte-Sprache/Lernen-und-Arbeiten/Arbeiten/Job･center-von-der-Region-Hannover'.
[info] [358/860] Generating steps [0.25, 0.5, 0.75] for 'https://www.hannover.de/Leichte-Sprache/Hilfe-und-Tipps/Sozial%EF%BD%A5leistungen/Informationen-zu-Bildung-und-Teilhabe'...
  -> Calling model for step 0.25...
  -> Success (7.8s, 3062 chars)
  -> Calling model for step 0.50...
  -> Success (5.7s, 3094 chars)
  -> Calling model for step 0.75...
  -> Success (4.9s, 1881 chars)
[info] [358/860] Completed all steps for 'https://www.hannover.de/Leichte-Sprache/Hilfe-und-Tipps/Sozial%EF%BD%A5leistungen/Informationen-zu-Bildung-und-Teilhabe'.
[info] [359/860] Generating steps [0.25, 0.5, 0.75] for 'https://www.hannover.de/Leichte-Sprache/Hilfe-und-Tipps/Notfälle-und-Katastrophen-Hilfe-und-Tipps/Verhalten-bei-extremem-Wetter/Schnee-und-Glatt∙eis-in-Hannover'...
  -> Calling model for step 0.25...
  -> Success (5.5s, 3087 chars)
  -> Calling model for step 0.50...
  -> Success (6.3s, 3344 chars)
  -> Calling model for step 0.75...
  -> Success (4.4s, 2475 chars)
[info] [359/860] Completed all steps for 'https://www.hannover.de/Leichte-Sprache/Hilfe-und-Tipps/Notfälle-und-Katastrophen-Hilfe-und-Tipps/Verhalten-bei-extremem-Wetter/Schnee-und-Glatt∙eis-in-Hannover'.
[info] [360/860] Generating steps [0.25, 0.5, 0.75] for 'https://www.hannover.de/Leichte-Sprache/Hilfe-und-Tipps/Notfälle-und-Katastrophen-Hilfe-und-Tipps/Verhalten-bei-extremem-Wetter/Hitze-in-der-Region-Hannover'...
  -> Calling model for step 0.25...
  -> Success (3.6s, 1860 chars)
  -> Calling model for step 0.50...
  -> Success (4.3s, 2464 chars)
  -> Calling model for step 0.75...
  -> Success (5.7s, 1801 chars)
[info] [360/860] Completed all steps for 'https://www.hannover.de/Leichte-Sprache/Hilfe-und-Tipps/Notfälle-und-Katastrophen-Hilfe-und-Tipps/Verhalten-bei-extremem-Wetter/Hitze-in-der-Region-Hannover'.
[info] [361/860] Generating steps [0.25, 0.5, 0.75] for 'https://www.hannover.de/Leichte-Sprache/Hilfe-und-Tipps/Notfälle-und-Katastrophen-Hilfe-und-Tipps/Verhalten-bei-extremem-Wetter/Hoch∙wasser-in-der-Region-Hannover'...
  -> Calling model for step 0.25...
  -> Success (7.8s, 4553 chars)
  -> Calling model for step 0.50...
  -> Success (6.5s, 3798 chars)
  -> Calling model for step 0.75...
  -> Success (6.8s, 3974 chars)
[info] [361/860] Completed all steps for 'https://www.hannover.de/Leichte-Sprache/Hilfe-und-Tipps/Notfälle-und-Katastrophen-Hilfe-und-Tipps/Verhalten-bei-extremem-Wetter/Hoch∙wasser-in-der-Region-Hannover'.
[info] [362/860] Generating steps [0.25, 0.5, 0.75] for 'https://www.hannover.de/Leichte-Sprache/Hilfe-und-Tipps/Notfälle-und-Katastrophen-Hilfe-und-Tipps/Verhalten-bei-extremem-Wetter/Kälte-in-Hannover'...
  -> Calling model for step 0.25...
  -> Success (6.7s, 3796 chars)
  -> Calling model for step 0.50...
  -> Success (7.4s, 3633 chars)
  -> Calling model for step 0.75...
  -> Success (6.1s, 2865 chars)
[info] [362/860] Completed all steps for 'https://www.hannover.de/Leichte-Sprache/Hilfe-und-Tipps/Notfälle-und-Katastrophen-Hilfe-und-Tipps/Verhalten-bei-extremem-Wetter/Kälte-in-Hannover'.
[info] [363/860] Generating steps [0.25, 0.5, 0.75] for 'https://www.hannover.de/Leichte-Sprache/Hilfe-und-Tipps/Notfälle-und-Katastrophen-Hilfe-und-Tipps/Verhalten-bei-extremem-Wetter/Gewitter-und-Sturm-in-Hannover'...
  -> Calling model for step 0.25...
  -> Success (5.0s, 3073 chars)
  -> Calling model for step 0.50...
  -> Success (4.0s, 2452 chars)
  -> Calling model for step 0.75...
  -> Success (4.3s, 2368 chars)
[info] [363/860] Completed all steps for 'https://www.hannover.de/Leichte-Sprache/Hilfe-und-Tipps/Notfälle-und-Katastrophen-Hilfe-und-Tipps/Verhalten-bei-extremem-Wetter/Gewitter-und-Sturm-in-Hannover'.
[info] [364/860] Generating steps [0.25, 0.5, 0.75] for 'https://www.hannover.de/Leichte-Sprache/Hilfe-und-Tipps/Notfälle-und-Katastrophen-Hilfe-und-Tipps/Verhalten-bei-extremem-Wetter/Wann-fällt-in-Hannover-die-Schule-aus'...
  -> Calling model for step 0.25...
  -> Success (3.2s, 1600 chars)
  -> Calling model for step 0.50...
  -> Success (3.3s, 1365 chars)
  -> Calling model for step 0.75...
  -> Success (3.2s, 1603 chars)
[info] [364/860] Completed all steps for 'https://www.hannover.de/Leichte-Sprache/Hilfe-und-Tipps/Notfälle-und-Katastrophen-Hilfe-und-Tipps/Verhalten-bei-extremem-Wetter/Wann-fällt-in-Hannover-die-Schule-aus'.
[info] [365/860] Generating steps [0.25, 0.5, 0.75] for 'https://www.hannover.de/Leichte-Sprache/Nachrichten-und-Veranstaltungen/Nachrichten/Die-Gedenkstätte-Ahlem/Die-Gedenkstätte-Ahlem-heute'...
  -> Calling model for step 0.25...
  -> Success (3.8s, 2214 chars)
  -> Calling model for step 0.50...
  -> Success (3.5s, 2309 chars)
  -> Calling model for step 0.75...
  -> Success (4.3s, 1924 chars)
[info] [365/860] Completed all steps for 'https://www.hannover.de/Leichte-Sprache/Nachrichten-und-Veranstaltungen/Nachrichten/Die-Gedenkstätte-Ahlem/Die-Gedenkstätte-Ahlem-heute'.
[info] [366/860] Generating steps [0.25, 0.5, 0.75] for 'https://www.hannover.de/Leichte-Sprache/Nachrichten-und-Veranstaltungen/Nachrichten/Die-Gedenkstätte-Ahlem/Die-Geschichte-von-der-Gedenkstätte-Ahlem'...
  -> Calling model for step 0.25...
  -> Success (6.3s, 2510 chars)
  -> Calling model for step 0.50...
  -> Success (6.6s, 2629 chars)
  -> Calling model for step 0.75...
  -> Success (6.0s, 2415 chars)
[info] [366/860] Completed all steps for 'https://www.hannover.de/Leichte-Sprache/Nachrichten-und-Veranstaltungen/Nachrichten/Die-Gedenkstätte-Ahlem/Die-Geschichte-von-der-Gedenkstätte-Ahlem'.
[info] [367/860] Generating steps [0.25, 0.5, 0.75] for 'https://www.hannover.de/Leichte-Sprache/Nachrichten-und-Veranstaltungen/Nachrichten/Die-Gedenkstätte-Ahlem/Lern∙angebote-in-der-Gedenkstätte-Ahlem'...
  -> Calling model for step 0.25...
  -> Success (5.9s, 2541 chars)
  -> Calling model for step 0.50...
  -> Success (5.0s, 2147 chars)
  -> Calling model for step 0.75...
  -> Success (4.7s, 2093 chars)
[info] [367/860] Completed all steps for 'https://www.hannover.de/Leichte-Sprache/Nachrichten-und-Veranstaltungen/Nachrichten/Die-Gedenkstätte-Ahlem/Lern∙angebote-in-der-Gedenkstätte-Ahlem'.
[info] [368/860] Generating steps [0.25, 0.5, 0.75] for 'https://www.hannover.de/Leichte-Sprache/Hilfe-und-Tipps/Gesundheit2/Gesundheits%EF%BD%A5tipps/Hitze-in-der-Region-Hannover/Klima%E2%88%99wandel-und-Klima%E2%88%99anpassung'...
  -> Calling model for step 0.25...
  -> Success (4.0s, 2265 chars)
  -> Calling model for step 0.50...
  -> Success (2.8s, 1589 chars)
  -> Calling model for step 0.75...
  -> Success (4.6s, 1469 chars)
[info] [368/860] Completed all steps for 'https://www.hannover.de/Leichte-Sprache/Hilfe-und-Tipps/Gesundheit2/Gesundheits%EF%BD%A5tipps/Hitze-in-der-Region-Hannover/Klima%E2%88%99wandel-und-Klima%E2%88%99anpassung'.
[info] [369/860] Generating steps [0.25, 0.5, 0.75] for 'https://www.hannover.de/Leichte-Sprache/Nachrichten-und-Veranstaltungen/Nachrichten/Warum-feiern-wir-Silvester-und-Neu%E2%88%99jahr'...
  -> Calling model for step 0.25...
  -> Success (6.2s, 3352 chars)
  -> Calling model for step 0.50...
  -> Success (5.1s, 2274 chars)
  -> Calling model for step 0.75...
  -> Success (3.9s, 1722 chars)
[info] [369/860] Completed all steps for 'https://www.hannover.de/Leichte-Sprache/Nachrichten-und-Veranstaltungen/Nachrichten/Warum-feiern-wir-Silvester-und-Neu%E2%88%99jahr'.
[info] [370/860] Generating steps [0.25, 0.5, 0.75] for 'https://www.hannover.de/Leichte-Sprache/Hannover-und-Region/Unterwegs-sein/Unterwegs-mit-Bus-und-Bahn/Gro%C3%9Fraum-Verkehr-Hannover'...
  -> Calling model for step 0.25...
  -> Success (5.4s, 2145 chars)
  -> Calling model for step 0.50...
  -> Success (4.1s, 1984 chars)
  -> Calling model for step 0.75...
  -> Success (4.7s, 1481 chars)
[info] [370/860] Completed all steps for 'https://www.hannover.de/Leichte-Sprache/Hannover-und-Region/Unterwegs-sein/Unterwegs-mit-Bus-und-Bahn/Gro%C3%9Fraum-Verkehr-Hannover'.
[info] [371/860] Generating steps [0.25, 0.5, 0.75] for 'https://www.hannover.de/Leichte-Sprache/Nachrichten-und-Veranstaltungen/Nachrichten/Atelier∙spaziergang-Kunst-erleben'...
  -> Calling model for step 0.25...
  -> Success (6.1s, 2813 chars)
  -> Calling model for step 0.50...
  -> Success (4.3s, 1927 chars)
  -> Calling model for step 0.75...
  -> Success (4.8s, 1939 chars)
[info] [371/860] Completed all steps for 'https://www.hannover.de/Leichte-Sprache/Nachrichten-und-Veranstaltungen/Nachrichten/Atelier∙spaziergang-Kunst-erleben'.
[info] [372/860] Generating steps [0.25, 0.5, 0.75] for 'https://www.hannover.de/Leichte-Sprache/Hilfe-und-Tipps/Beratung-und-Unterstützung/Hilfe-und-Beratung-für-ältere-Menschen/Kosten∙lose-Beratung'...
  -> Calling model for step 0.25...
  -> Success (4.2s, 1314 chars)
  -> Calling model for step 0.50...
  -> Success (4.1s, 1372 chars)
  -> Calling model for step 0.75...
  -> Success (3.7s, 1550 chars)
[info] [372/860] Completed all steps for 'https://www.hannover.de/Leichte-Sprache/Hilfe-und-Tipps/Beratung-und-Unterstützung/Hilfe-und-Beratung-für-ältere-Menschen/Kosten∙lose-Beratung'.
[info] [373/860] Generating steps [0.25, 0.5, 0.75] for 'https://www.hannover.de/Leichte-Sprache/Hannover-und-Region/Die-Verwaltung-von-der-Region-Hannover/Die-Hör∙region-Hannover/Gesund-hören/Tipps-für-gutes-Hören'...
  -> Calling model for step 0.25...
  -> Success (7.2s, 4413 chars)
  -> Calling model for step 0.50...
  -> Success (7.0s, 4209 chars)
  -> Calling model for step 0.75...
  -> Success (6.0s, 2982 chars)
[info] [373/860] Completed all steps for 'https://www.hannover.de/Leichte-Sprache/Hannover-und-Region/Die-Verwaltung-von-der-Region-Hannover/Die-Hör∙region-Hannover/Gesund-hören/Tipps-für-gutes-Hören'.
[info] [374/860] Generating steps [0.25, 0.5, 0.75] for 'https://www.hannover.de/Leichte-Sprache/Hannover-und-Region/Die-Verwaltung-von-der-Region-Hannover/Die-Hör∙region-Hannover/Hören-lernen/Gutes-Hören-in-der-Kinder∙tages∙stätte'...
  -> Calling model for step 0.25...
  -> Success (7.5s, 2182 chars)
  -> Calling model for step 0.50...
  -> Success (7.2s, 2840 chars)
  -> Calling model for step 0.75...
  -> Success (6.0s, 2672 chars)
[info] [374/860] Completed all steps for 'https://www.hannover.de/Leichte-Sprache/Hannover-und-Region/Die-Verwaltung-von-der-Region-Hannover/Die-Hör∙region-Hannover/Hören-lernen/Gutes-Hören-in-der-Kinder∙tages∙stätte'.
[info] [375/860] Generating steps [0.25, 0.5, 0.75] for 'https://www.hannover.de/Leichte-Sprache/Hannover-und-Region/Die-Verwaltung-von-der-Region-Hannover/Die-Hör∙region-Hannover/Gesund-hören/Hilfe-für-Menschen-mit-einer-Hör∙beeinträchtigung'...
  -> Calling model for step 0.25...
  -> Success (11.5s, 4203 chars)
  -> Calling model for step 0.50...
  -> Success (8.3s, 4079 chars)
  -> Calling model for step 0.75...
  -> Success (7.1s, 3174 chars)
[info] [375/860] Completed all steps for 'https://www.hannover.de/Leichte-Sprache/Hannover-und-Region/Die-Verwaltung-von-der-Region-Hannover/Die-Hör∙region-Hannover/Gesund-hören/Hilfe-für-Menschen-mit-einer-Hör∙beeinträchtigung'.
[info] [376/860] Generating steps [0.25, 0.5, 0.75] for 'https://www.hannover.de/Leichte-Sprache/Hannover-und-Region/Unterwegs-sein/Unterwegs-mit-Bus-und-Bahn/sprinti-in-der-Region-Hannover'...
  -> Calling model for step 0.25...
  -> Success (4.1s, 2132 chars)
  -> Calling model for step 0.50...
  -> Success (3.7s, 2116 chars)
  -> Calling model for step 0.75...
  -> Success (3.5s, 1790 chars)
[info] [376/860] Completed all steps for 'https://www.hannover.de/Leichte-Sprache/Hannover-und-Region/Unterwegs-sein/Unterwegs-mit-Bus-und-Bahn/sprinti-in-der-Region-Hannover'.
[info] [377/860] Generating steps [0.25, 0.5, 0.75] for 'https://www.hannover.de/Leichte-Sprache/Hannover-und-Region/Unterwegs-sein/Unterwegs-mit-Bus-und-Bahn/Nacht･stern･verkehr'...
  -> Calling model for step 0.25...
  -> Success (8.3s, 3111 chars)
  -> Calling model for step 0.50...
  -> Success (7.8s, 2963 chars)
  -> Calling model for step 0.75...
  -> Success (6.1s, 2271 chars)
[info] [377/860] Completed all steps for 'https://www.hannover.de/Leichte-Sprache/Hannover-und-Region/Unterwegs-sein/Unterwegs-mit-Bus-und-Bahn/Nacht･stern･verkehr'.
[info] [378/860] Generating steps [0.25, 0.5, 0.75] for 'https://www.hannover.de/Leichte-Sprache/Hannover-und-Region/Unterwegs-sein/Unterwegs-mit-Bus-und-Bahn/Fern･busse'...
  -> Calling model for step 0.25...
  -> Success (5.0s, 2020 chars)
  -> Calling model for step 0.50...
  -> Success (3.9s, 1687 chars)
  -> Calling model for step 0.75...
  -> Success (4.4s, 1569 chars)
[info] [378/860] Completed all steps for 'https://www.hannover.de/Leichte-Sprache/Hannover-und-Region/Unterwegs-sein/Unterwegs-mit-Bus-und-Bahn/Fern･busse'.
[info] [379/860] Generating steps [0.25, 0.5, 0.75] for 'https://www.hannover.de/Leichte-Sprache/Hannover-und-Region/Unterwegs-sein/Unterwegs-mit-dem-Taxi/Frauen%EF%BD%A5nacht%EF%BD%A5taxi'...
  -> Calling model for step 0.25...
  -> Success (8.9s, 4238 chars)
  -> Calling model for step 0.50...
  -> Success (6.0s, 2949 chars)
  -> Calling model for step 0.75...
  -> Success (6.5s, 3040 chars)
[info] [379/860] Completed all steps for 'https://www.hannover.de/Leichte-Sprache/Hannover-und-Region/Unterwegs-sein/Unterwegs-mit-dem-Taxi/Frauen%EF%BD%A5nacht%EF%BD%A5taxi'.
[info] [380/860] Generating steps [0.25, 0.5, 0.75] for 'https://www.hannover.de/Leichte-Sprache/Hilfe-und-Tipps/Beratung-und-Unterstützung/Hilfe-und-Beratung-für-ältere-Menschen/Hilfe-für-ältere-Menschen-Beratung-über-den-Schutz-vor-Einbrüchen'...
  -> Calling model for step 0.25...
  -> Success (3.2s, 1392 chars)
  -> Calling model for step 0.50...
  -> Success (4.3s, 1939 chars)
  -> Calling model for step 0.75...
  -> Success (4.7s, 1806 chars)
[info] [380/860] Completed all steps for 'https://www.hannover.de/Leichte-Sprache/Hilfe-und-Tipps/Beratung-und-Unterstützung/Hilfe-und-Beratung-für-ältere-Menschen/Hilfe-für-ältere-Menschen-Beratung-über-den-Schutz-vor-Einbrüchen'.
[info] [381/860] Generating steps [0.25, 0.5, 0.75] for 'https://www.hannover.de/Leichte-Sprache/Hilfe-und-Tipps/Beratung-und-Unterstützung/Hilfe-und-Beratung-für-ältere-Menschen/Hilfen-für-Menschen-mit-Hör∙behinderung'...
  -> Calling model for step 0.25...
  -> Success (5.7s, 2005 chars)
  -> Calling model for step 0.50...
  -> Success (3.7s, 1521 chars)
  -> Calling model for step 0.75...
  -> Success (4.0s, 1591 chars)
[info] [381/860] Completed all steps for 'https://www.hannover.de/Leichte-Sprache/Hilfe-und-Tipps/Beratung-und-Unterstützung/Hilfe-und-Beratung-für-ältere-Menschen/Hilfen-für-Menschen-mit-Hör∙behinderung'.
[info] [382/860] Generating steps [0.25, 0.5, 0.75] for 'https://www.hannover.de/Leichte-Sprache/Hilfe-und-Tipps/Beratung-und-Unterstützung/Hilfe-und-Beratung-für-ältere-Menschen/Info∙broschüre-für-Senioren'...
  -> Calling model for step 0.25...
  -> Success (3.7s, 1194 chars)
  -> Calling model for step 0.50...
  -> Success (3.6s, 1346 chars)
  -> Calling model for step 0.75...
  -> Success (4.5s, 1274 chars)
[info] [382/860] Completed all steps for 'https://www.hannover.de/Leichte-Sprache/Hilfe-und-Tipps/Beratung-und-Unterstützung/Hilfe-und-Beratung-für-ältere-Menschen/Info∙broschüre-für-Senioren'.
[info] [383/860] Generating steps [0.25, 0.5, 0.75] for 'https://www.hannover.de/Leichte-Sprache/Hilfe-und-Tipps/Beratung-und-Unterstützung/Hilfe-und-Beratung-für-ältere-Menschen/Bus-und-Bahn-fahren-Informationen-für-ältere-Menschen'...
  -> Calling model for step 0.25...
  -> Success (5.5s, 2552 chars)
  -> Calling model for step 0.50...
  -> Success (5.3s, 2588 chars)
  -> Calling model for step 0.75...
  -> Success (5.0s, 2334 chars)
[info] [383/860] Completed all steps for 'https://www.hannover.de/Leichte-Sprache/Hilfe-und-Tipps/Beratung-und-Unterstützung/Hilfe-und-Beratung-für-ältere-Menschen/Bus-und-Bahn-fahren-Informationen-für-ältere-Menschen'.
[info] [384/860] Generating steps [0.25, 0.5, 0.75] for 'https://www.hannover.de/Leichte-Sprache/Hilfe-und-Tipps/Beratung-und-Unterstützung/Hilfe-und-Beratung-für-ältere-Menschen/Informationen-zum-Senioren∙beirat'...
  -> Calling model for step 0.25...
  -> Success (4.0s, 1477 chars)
  -> Calling model for step 0.50...
  -> Success (3.5s, 1670 chars)
  -> Calling model for step 0.75...
  -> Success (3.8s, 1511 chars)
[info] [384/860] Completed all steps for 'https://www.hannover.de/Leichte-Sprache/Hilfe-und-Tipps/Beratung-und-Unterstützung/Hilfe-und-Beratung-für-ältere-Menschen/Informationen-zum-Senioren∙beirat'.
[info] [385/860] Generating steps [0.25, 0.5, 0.75] for 'https://www.hannover.de/Leichte-Sprache/Hilfe-und-Tipps/Beratung-und-Unterstützung/Hilfe-und-Beratung-für-ältere-Menschen/Der-Senioren∙beirat'...
  -> Calling model for step 0.25...
  -> Success (4.2s, 2145 chars)
  -> Calling model for step 0.50...
  -> Success (5.0s, 2423 chars)
  -> Calling model for step 0.75...
  -> Success (4.8s, 2204 chars)
[info] [385/860] Completed all steps for 'https://www.hannover.de/Leichte-Sprache/Hilfe-und-Tipps/Beratung-und-Unterstützung/Hilfe-und-Beratung-für-ältere-Menschen/Der-Senioren∙beirat'.
[info] [386/860] Generating steps [0.25, 0.5, 0.75] for 'https://www.hannover.de/Leichte-Sprache/Hilfe-und-Tipps/Beratung-und-Unterstützung/Hilfe-und-Beratung-für-ältere-Menschen/Senioren∙telefon-in-der-Stadt-Hannover'...
  -> Calling model for step 0.25...
  -> Success (2.7s, 1725 chars)
  -> Calling model for step 0.50...
  -> Success (3.8s, 1200 chars)
  -> Calling model for step 0.75...
  -> Success (3.3s, 1363 chars)
[info] [386/860] Completed all steps for 'https://www.hannover.de/Leichte-Sprache/Hilfe-und-Tipps/Beratung-und-Unterstützung/Hilfe-und-Beratung-für-ältere-Menschen/Senioren∙telefon-in-der-Stadt-Hannover'.
[info] [387/860] Generating steps [0.25, 0.5, 0.75] for 'https://www.hannover.de/Leichte-Sprache/Hilfe-und-Tipps/Beratung-und-Unterstützung/Hilfe-und-Beratung-für-ältere-Menschen/Telefon∙beratung-bei-Problemen-und-Sorgen'...
  -> Calling model for step 0.25...
  -> Success (3.2s, 1611 chars)
  -> Calling model for step 0.50...
  -> Success (4.3s, 1172 chars)
  -> Calling model for step 0.75...
  -> Success (3.7s, 1647 chars)
[info] [387/860] Completed all steps for 'https://www.hannover.de/Leichte-Sprache/Hilfe-und-Tipps/Beratung-und-Unterstützung/Hilfe-und-Beratung-für-ältere-Menschen/Telefon∙beratung-bei-Problemen-und-Sorgen'.
[info] [388/860] Generating steps [0.25, 0.5, 0.75] for 'https://www.hannover.de/Leichte-Sprache/Hilfe-und-Tipps/Beratung-und-Unterstützung/Hilfe-und-Beratung-für-ältere-Menschen/Wohn∙beratung'...
  -> Calling model for step 0.25...
  -> Success (5.5s, 2431 chars)
  -> Calling model for step 0.50...
  -> Success (4.0s, 1957 chars)
  -> Calling model for step 0.75...
  -> Success (4.1s, 2020 chars)
[info] [388/860] Completed all steps for 'https://www.hannover.de/Leichte-Sprache/Hilfe-und-Tipps/Beratung-und-Unterstützung/Hilfe-und-Beratung-für-ältere-Menschen/Wohn∙beratung'.
[info] [389/860] Generating steps [0.25, 0.5, 0.75] for 'https://www.hannover.de/Leichte-Sprache/Hilfe-und-Tipps/Beratung-und-Unterstützung/Beratung-für-Eltern.-Für-Kinder.-Und-für-Jugendliche/Jugend∙beratung-und-Familien∙beratung-bei-der-Stadt-Hannover'...
  -> Calling model for step 0.25...
  -> Success (9.1s, 4385 chars)
  -> Calling model for step 0.50...
  -> Success (5.4s, 3396 chars)
  -> Calling model for step 0.75...
  -> Success (6.7s, 2788 chars)
[info] [389/860] Completed all steps for 'https://www.hannover.de/Leichte-Sprache/Hilfe-und-Tipps/Beratung-und-Unterstützung/Beratung-für-Eltern.-Für-Kinder.-Und-für-Jugendliche/Jugend∙beratung-und-Familien∙beratung-bei-der-Stadt-Hannover'.
[info] [390/860] Generating steps [0.25, 0.5, 0.75] for 'https://www.hannover.de/Leichte-Sprache/Hilfe-und-Tipps/Beratung-und-Unterstützung/Beratung-für-Eltern.-Für-Kinder.-Und-für-Jugendliche/Familien∙beratung-und-Erziehungs∙beratung/Beratungs∙stellen-für-Eltern.-Für-Kinder.-Und-für-Jugendliche'...
  -> Calling model for step 0.25...
  -> Success (4.6s, 1678 chars)
  -> Calling model for step 0.50...
  -> Success (3.7s, 1750 chars)
  -> Calling model for step 0.75...
  -> Success (2.9s, 1524 chars)
[info] [390/860] Completed all steps for 'https://www.hannover.de/Leichte-Sprache/Hilfe-und-Tipps/Beratung-und-Unterstützung/Beratung-für-Eltern.-Für-Kinder.-Und-für-Jugendliche/Familien∙beratung-und-Erziehungs∙beratung/Beratungs∙stellen-für-Eltern.-Für-Kinder.-Und-für-Jugendliche'.
[info] [391/860] Generating steps [0.25, 0.5, 0.75] for 'https://www.hannover.de/Leichte-Sprache/Hilfe-und-Tipps/Beratung-und-Unterstützung/Beratung-für-Eltern.-Für-Kinder.-Und-für-Jugendliche/Familien∙beratung-und-Erziehungs∙beratung'...
  -> Calling model for step 0.25...
  -> Success (2.6s, 1408 chars)
  -> Calling model for step 0.50...
  -> Success (3.5s, 1402 chars)
  -> Calling model for step 0.75...
  -> Success (5.3s, 1526 chars)
[info] [391/860] Completed all steps for 'https://www.hannover.de/Leichte-Sprache/Hilfe-und-Tipps/Beratung-und-Unterstützung/Beratung-für-Eltern.-Für-Kinder.-Und-für-Jugendliche/Familien∙beratung-und-Erziehungs∙beratung'.
[info] [392/860] Generating steps [0.25, 0.5, 0.75] for 'https://www.hannover.de/Leichte-Sprache/Hilfe-und-Tipps/Beratung-und-Unterstützung/Beratung-für-Eltern.-Für-Kinder.-Und-für-Jugendliche/Sprech∙stunden-bei-den-Beratungs∙stellen'...
  -> Calling model for step 0.25...
  -> Success (5.9s, 2673 chars)
  -> Calling model for step 0.50...
  -> Success (5.1s, 2638 chars)
  -> Calling model for step 0.75...
  -> Success (5.6s, 2390 chars)
[info] [392/860] Completed all steps for 'https://www.hannover.de/Leichte-Sprache/Hilfe-und-Tipps/Beratung-und-Unterstützung/Beratung-für-Eltern.-Für-Kinder.-Und-für-Jugendliche/Sprech∙stunden-bei-den-Beratungs∙stellen'.
[info] [393/860] Generating steps [0.25, 0.5, 0.75] for 'https://www.hannover.de/Leichte-Sprache/Hilfe-und-Tipps/Beratung-und-Unterstützung/Beratung-für-Eltern.-Für-Kinder.-Und-für-Jugendliche/Sprech∙stunde-für-Eltern-mit-Säuglingen-und-Klein∙kindern'...
  -> Calling model for step 0.25...
  -> Success (4.1s, 1806 chars)
  -> Calling model for step 0.50...
  -> Success (3.7s, 2146 chars)
  -> Calling model for step 0.75...
  -> Success (4.0s, 1799 chars)
[info] [393/860] Completed all steps for 'https://www.hannover.de/Leichte-Sprache/Hilfe-und-Tipps/Beratung-und-Unterstützung/Beratung-für-Eltern.-Für-Kinder.-Und-für-Jugendliche/Sprech∙stunde-für-Eltern-mit-Säuglingen-und-Klein∙kindern'.
[info] [394/860] Generating steps [0.25, 0.5, 0.75] for 'https://www.hannover.de/Leichte-Sprache/Hilfe-und-Tipps/Beratung-und-Unterstützung/Beratung-für-Eltern.-Für-Kinder.-Und-für-Jugendliche/Angebote-für-Kinder-und-Eltern/Kurse-für-Eltern'...
  -> Calling model for step 0.25...
  -> Success (6.3s, 2301 chars)
  -> Calling model for step 0.50...
  -> Success (6.6s, 2437 chars)
  -> Calling model for step 0.75...
  -> Success (7.1s, 2617 chars)
[info] [394/860] Completed all steps for 'https://www.hannover.de/Leichte-Sprache/Hilfe-und-Tipps/Beratung-und-Unterstützung/Beratung-für-Eltern.-Für-Kinder.-Und-für-Jugendliche/Angebote-für-Kinder-und-Eltern/Kurse-für-Eltern'.
[info] [395/860] Generating steps [0.25, 0.5, 0.75] for 'https://www.hannover.de/Leichte-Sprache/Hilfe-und-Tipps/Beratung-und-Unterstützung/Beratung-für-Eltern.-Für-Kinder.-Und-für-Jugendliche/Angebote-für-Kinder-und-Eltern/Gruppen∙angebot-für-Kinder'...
  -> Calling model for step 0.25...
  -> Success (6.1s, 1964 chars)
  -> Calling model for step 0.50...
  -> Success (3.2s, 1574 chars)
  -> Calling model for step 0.75...
  -> Success (3.2s, 1135 chars)
[info] [395/860] Completed all steps for 'https://www.hannover.de/Leichte-Sprache/Hilfe-und-Tipps/Beratung-und-Unterstützung/Beratung-für-Eltern.-Für-Kinder.-Und-für-Jugendliche/Angebote-für-Kinder-und-Eltern/Gruppen∙angebot-für-Kinder'.
[info] [396/860] Generating steps [0.25, 0.5, 0.75] for 'https://www.hannover.de/Leichte-Sprache/Hilfe-und-Tipps/Büros-und-Ämter-für-Bürger/Bürger·ämter-in-Hannover/Termin･vereinbarung-in-den-Bürger･ämtern'...
  -> Calling model for step 0.25...
  -> Success (5.3s, 2502 chars)
  -> Calling model for step 0.50...
  -> Success (6.4s, 3124 chars)
  -> Calling model for step 0.75...
  -> Success (4.0s, 1776 chars)
[info] [396/860] Completed all steps for 'https://www.hannover.de/Leichte-Sprache/Hilfe-und-Tipps/Büros-und-Ämter-für-Bürger/Bürger·ämter-in-Hannover/Termin･vereinbarung-in-den-Bürger･ämtern'.
[info] [397/860] Generating steps [0.25, 0.5, 0.75] for 'https://www.hannover.de/Leichte-Sprache/Hilfe-und-Tipps/Familie-und-Partnerschaft/Koordinierungs∙stelle-Unterstützung-für-Allein∙erziehende/Angebote-für-Allein∙erziehende'...
  -> Calling model for step 0.25...
  -> Success (3.2s, 755 chars)
  -> Calling model for step 0.50...
  -> Success (2.9s, 773 chars)
  -> Calling model for step 0.75...
  -> Success (3.1s, 805 chars)
[info] [397/860] Completed all steps for 'https://www.hannover.de/Leichte-Sprache/Hilfe-und-Tipps/Familie-und-Partnerschaft/Koordinierungs∙stelle-Unterstützung-für-Allein∙erziehende/Angebote-für-Allein∙erziehende'.
[info] [398/860] Generating steps [0.25, 0.5, 0.75] for 'https://www.hannover.de/Leichte-Sprache/Hilfe-und-Tipps/Gesundheit2/Gesundheits･tipps/Das-müssen-Sie-über-Affen∙pocken-wissen'...
  -> Calling model for step 0.25...
  -> Success (5.7s, 2309 chars)
  -> Calling model for step 0.50...
  -> Success (4.0s, 1881 chars)
  -> Calling model for step 0.75...
  -> Success (4.6s, 1598 chars)
[info] [398/860] Completed all steps for 'https://www.hannover.de/Leichte-Sprache/Hilfe-und-Tipps/Gesundheit2/Gesundheits･tipps/Das-müssen-Sie-über-Affen∙pocken-wissen'.
[info] [399/860] Generating steps [0.25, 0.5, 0.75] for 'https://www.hannover.de/Leichte-Sprache/Hilfe-und-Tipps/Gesundheit2/Gesundheits･tipps/Wie-kann-ich-mich-vor-einer-Erkältung-schützen'...
  -> Calling model for step 0.25...
  -> Success (7.5s, 3732 chars)
  -> Calling model for step 0.50...
  -> Success (7.2s, 4195 chars)
  -> Calling model for step 0.75...
  -> Success (5.8s, 2884 chars)
[info] [399/860] Completed all steps for 'https://www.hannover.de/Leichte-Sprache/Hilfe-und-Tipps/Gesundheit2/Gesundheits･tipps/Wie-kann-ich-mich-vor-einer-Erkältung-schützen'.
[info] [400/860] Generating steps [0.25, 0.5, 0.75] for 'https://www.hannover.de/Leichte-Sprache/Hilfe-und-Tipps/Gesundheit2/Gesundheits･tipps/Hautkrebs-früh-genug-erkennen'...
  -> Calling model for step 0.25...
  -> Success (4.5s, 1770 chars)
  -> Calling model for step 0.50...
  -> Success (4.4s, 1974 chars)
  -> Calling model for step 0.75...
  -> Success (3.6s, 1515 chars)
[info] [400/860] Completed all steps for 'https://www.hannover.de/Leichte-Sprache/Hilfe-und-Tipps/Gesundheit2/Gesundheits･tipps/Hautkrebs-früh-genug-erkennen'.
[info] [401/860] Generating steps [0.25, 0.5, 0.75] for 'https://www.hannover.de/Leichte-Sprache/Hilfe-und-Tipps/Gesundheit2/Gesundheits･tipps/Herz·infarkt-und-Schlag·anfall'...
  -> Calling model for step 0.25...
  -> Success (7.0s, 4023 chars)
  -> Calling model for step 0.50...
  -> Success (6.4s, 3548 chars)
  -> Calling model for step 0.75...
  -> Success (7.8s, 2440 chars)
[info] [401/860] Completed all steps for 'https://www.hannover.de/Leichte-Sprache/Hilfe-und-Tipps/Gesundheit2/Gesundheits･tipps/Herz·infarkt-und-Schlag·anfall'.
[info] [402/860] Generating steps [0.25, 0.5, 0.75] for 'https://www.hannover.de/Leichte-Sprache/Hilfe-und-Tipps/Gesundheit2/Gesundheits･tipps/Influenza'...
  -> Calling model for step 0.25...
  -> Success (6.9s, 3375 chars)
  -> Calling model for step 0.50...
  -> Success (5.8s, 3205 chars)
  -> Calling model for step 0.75...
  -> Success (5.1s, 3104 chars)
[info] [402/860] Completed all steps for 'https://www.hannover.de/Leichte-Sprache/Hilfe-und-Tipps/Gesundheit2/Gesundheits･tipps/Influenza'.
[info] [403/860] Generating steps [0.25, 0.5, 0.75] for 'https://www.hannover.de/Leichte-Sprache/Hilfe-und-Tipps/Gesundheit2/Gesundheits･tipps/Was-kann-ich-gegen-Kopf·läuse-tun'...
  -> Calling model for step 0.25...
  -> Success (6.1s, 3054 chars)
  -> Calling model for step 0.50...
  -> Success (7.4s, 4106 chars)
  -> Calling model for step 0.75...
  -> Success (5.2s, 2593 chars)
[info] [403/860] Completed all steps for 'https://www.hannover.de/Leichte-Sprache/Hilfe-und-Tipps/Gesundheit2/Gesundheits･tipps/Was-kann-ich-gegen-Kopf·läuse-tun'.
[info] [404/860] Generating steps [0.25, 0.5, 0.75] for 'https://www.hannover.de/Leichte-Sprache/Hilfe-und-Tipps/Gesundheit2/Gesundheits･tipps/Was-ist-der-Noro-Virus'...
  -> Calling model for step 0.25...
  -> Success (6.7s, 2864 chars)
  -> Calling model for step 0.50...
  -> Success (4.8s, 2819 chars)
  -> Calling model for step 0.75...
  -> Success (4.5s, 2245 chars)
[info] [404/860] Completed all steps for 'https://www.hannover.de/Leichte-Sprache/Hilfe-und-Tipps/Gesundheit2/Gesundheits･tipps/Was-ist-der-Noro-Virus'.
[info] [405/860] Generating steps [0.25, 0.5, 0.75] for 'https://www.hannover.de/Leichte-Sprache/Hilfe-und-Tipps/Gesundheit2/Gesundheits･tipps/Das-Masern·schutz·gesetz'...
  -> Calling model for step 0.25...
  -> Success (5.4s, 3333 chars)
  -> Calling model for step 0.50...
  -> Success (5.6s, 2544 chars)
  -> Calling model for step 0.75...
  -> Success (5.0s, 2742 chars)
[info] [405/860] Completed all steps for 'https://www.hannover.de/Leichte-Sprache/Hilfe-und-Tipps/Gesundheit2/Gesundheits･tipps/Das-Masern·schutz·gesetz'.
[info] [406/860] Generating steps [0.25, 0.5, 0.75] for 'https://www.hannover.de/Leichte-Sprache/Hilfe-und-Tipps/F%C3%B6rderung-von-Kultur-in-der-Region-Hannover'...
  -> Calling model for step 0.25...
  -> Success (5.3s, 2709 chars)
  -> Calling model for step 0.50...
  -> Success (3.5s, 2076 chars)
  -> Calling model for step 0.75...
  -> Success (4.7s, 2693 chars)
[info] [406/860] Completed all steps for 'https://www.hannover.de/Leichte-Sprache/Hilfe-und-Tipps/F%C3%B6rderung-von-Kultur-in-der-Region-Hannover'.
[info] [407/860] Generating steps [0.25, 0.5, 0.75] for 'https://www.hannover.de/Leichte-Sprache/Hilfe-und-Tipps/F%C3%B6rderung-von-Kultur-in-der-Region-Hannover/1.-F%C3%B6rderung-f%C3%BCr-Projekte'...
  -> Calling model for step 0.25...
  -> Success (6.1s, 2776 chars)
  -> Calling model for step 0.50...
  -> Success (6.7s, 3144 chars)
  -> Calling model for step 0.75...
  -> Success (5.7s, 2652 chars)
[info] [407/860] Completed all steps for 'https://www.hannover.de/Leichte-Sprache/Hilfe-und-Tipps/F%C3%B6rderung-von-Kultur-in-der-Region-Hannover/1.-F%C3%B6rderung-f%C3%BCr-Projekte'.
[info] [408/860] Generating steps [0.25, 0.5, 0.75] for 'https://www.hannover.de/Leichte-Sprache/Freizeit-und-Tourismus/Feste/Warum-feiern-wir-bestimmte-Feste/Warum-feiern-wir-Ostern'...
  -> Calling model for step 0.25...
  -> Success (6.4s, 3171 chars)
  -> Calling model for step 0.50...
  -> Success (4.2s, 2490 chars)
  -> Calling model for step 0.75...
  -> Success (4.5s, 2449 chars)
[info] [408/860] Completed all steps for 'https://www.hannover.de/Leichte-Sprache/Freizeit-und-Tourismus/Feste/Warum-feiern-wir-bestimmte-Feste/Warum-feiern-wir-Ostern'.
[info] [409/860] Generating steps [0.25, 0.5, 0.75] for 'https://www.hannover.de/Leichte-Sprache/Freizeit-und-Tourismus/Feste/Warum-feiern-wir-bestimmte-Feste/Warum-feiern-wir-den-1.-Mai'...
  -> Calling model for step 0.25...
  -> Success (7.2s, 2420 chars)
  -> Calling model for step 0.50...
  -> Success (6.4s, 2751 chars)
  -> Calling model for step 0.75...
  -> Success (5.4s, 2018 chars)
[info] [409/860] Completed all steps for 'https://www.hannover.de/Leichte-Sprache/Freizeit-und-Tourismus/Feste/Warum-feiern-wir-bestimmte-Feste/Warum-feiern-wir-den-1.-Mai'.
[info] [410/860] Generating steps [0.25, 0.5, 0.75] for 'https://www.hannover.de/Leichte-Sprache/Freizeit-und-Tourismus/Feste/Warum-feiern-wir-bestimmte-Feste/Warum-feiern-wir-Christi-Himmel∙fahrt'...
  -> Calling model for step 0.25...
  -> Success (4.0s, 1885 chars)
  -> Calling model for step 0.50...
  -> Success (4.2s, 1671 chars)
  -> Calling model for step 0.75...
  -> Success (3.1s, 1068 chars)
[info] [410/860] Completed all steps for 'https://www.hannover.de/Leichte-Sprache/Freizeit-und-Tourismus/Feste/Warum-feiern-wir-bestimmte-Feste/Warum-feiern-wir-Christi-Himmel∙fahrt'.
[info] [411/860] Generating steps [0.25, 0.5, 0.75] for 'https://www.hannover.de/Leichte-Sprache/Freizeit-und-Tourismus/Feste/Warum-feiern-wir-bestimmte-Feste/Warum-feiern-wir-Pfingsten'...
  -> Calling model for step 0.25...
  -> Success (4.0s, 2264 chars)
  -> Calling model for step 0.50...
  -> Success (3.6s, 2083 chars)
  -> Calling model for step 0.75...
  -> Success (5.7s, 1696 chars)
[info] [411/860] Completed all steps for 'https://www.hannover.de/Leichte-Sprache/Freizeit-und-Tourismus/Feste/Warum-feiern-wir-bestimmte-Feste/Warum-feiern-wir-Pfingsten'.
[info] [412/860] Generating steps [0.25, 0.5, 0.75] for 'https://www.hannover.de/Leichte-Sprache/Freizeit-und-Tourismus/Feste/Warum-feiern-wir-bestimmte-Feste/Warum-feiern-wir-den-Reformations∙tag'...
  -> Calling model for step 0.25...
  -> Success (6.1s, 2585 chars)
  -> Calling model for step 0.50...
  -> Success (4.2s, 2335 chars)
  -> Calling model for step 0.75...
  -> Success (5.1s, 2274 chars)
[info] [412/860] Completed all steps for 'https://www.hannover.de/Leichte-Sprache/Freizeit-und-Tourismus/Feste/Warum-feiern-wir-bestimmte-Feste/Warum-feiern-wir-den-Reformations∙tag'.
[info] [413/860] Generating steps [0.25, 0.5, 0.75] for 'https://www.hannover.de/Leichte-Sprache/Freizeit-und-Tourismus/Feste/Warum-feiern-wir-bestimmte-Feste/Warum-feiern-wir-den-Martins∙tag'...
  -> Calling model for step 0.25...
  -> Success (7.0s, 2718 chars)
  -> Calling model for step 0.50...
  -> Success (4.5s, 2482 chars)
  -> Calling model for step 0.75...
  -> Success (5.0s, 1743 chars)
[info] [413/860] Completed all steps for 'https://www.hannover.de/Leichte-Sprache/Freizeit-und-Tourismus/Feste/Warum-feiern-wir-bestimmte-Feste/Warum-feiern-wir-den-Martins∙tag'.
[info] [414/860] Generating steps [0.25, 0.5, 0.75] for 'https://www.hannover.de/Leichte-Sprache/Freizeit-und-Tourismus/Feste/Warum-feiern-wir-bestimmte-Feste/Warum-feiern-wir-Weihnachten'...
  -> Calling model for step 0.25...
  -> Success (5.5s, 3164 chars)
  -> Calling model for step 0.50...
  -> Success (9.0s, 5173 chars)
  -> Calling model for step 0.75...
  -> Success (6.2s, 2988 chars)
[info] [414/860] Completed all steps for 'https://www.hannover.de/Leichte-Sprache/Freizeit-und-Tourismus/Feste/Warum-feiern-wir-bestimmte-Feste/Warum-feiern-wir-Weihnachten'.
[info] [415/860] Generating steps [0.25, 0.5, 0.75] for 'https://www.hannover.de/Leichte-Sprache/Freizeit-und-Tourismus/Draußen/Fahrrad∙fahren-in-der-Region-Hannover/Der-Deister∙kreisel'...
  -> Calling model for step 0.25...
  -> Success (4.0s, 1916 chars)
  -> Calling model for step 0.50...
  -> Success (3.4s, 1686 chars)
  -> Calling model for step 0.75...
  -> Success (4.8s, 1910 chars)
[info] [415/860] Completed all steps for 'https://www.hannover.de/Leichte-Sprache/Freizeit-und-Tourismus/Draußen/Fahrrad∙fahren-in-der-Region-Hannover/Der-Deister∙kreisel'.
[info] [416/860] Generating steps [0.25, 0.5, 0.75] for 'https://www.hannover.de/Leichte-Sprache/Freizeit-und-Tourismus/Draußen/Fahrrad∙fahren-in-der-Region-Hannover/Der-Grüne-Ring'...
  -> Calling model for step 0.25...
  -> Success (4.0s, 1677 chars)
  -> Calling model for step 0.50...
  -> Success (5.3s, 1608 chars)
  -> Calling model for step 0.75...
  -> Success (3.1s, 1301 chars)
[info] [416/860] Completed all steps for 'https://www.hannover.de/Leichte-Sprache/Freizeit-und-Tourismus/Draußen/Fahrrad∙fahren-in-der-Region-Hannover/Der-Grüne-Ring'.
[info] [417/860] Generating steps [0.25, 0.5, 0.75] for 'https://www.hannover.de/Leichte-Sprache/Freizeit-und-Tourismus/Draußen/Fahrrad∙fahren-in-der-Region-Hannover/Die-Hof∙laden∙routen'...
  -> Calling model for step 0.25...
  -> Success (5.2s, 1599 chars)
  -> Calling model for step 0.50...
  -> Success (3.8s, 1328 chars)
  -> Calling model for step 0.75...
  -> Success (4.4s, 1646 chars)
[info] [417/860] Completed all steps for 'https://www.hannover.de/Leichte-Sprache/Freizeit-und-Tourismus/Draußen/Fahrrad∙fahren-in-der-Region-Hannover/Die-Hof∙laden∙routen'.
[info] [418/860] Generating steps [0.25, 0.5, 0.75] for 'https://www.hannover.de/Leichte-Sprache/Freizeit-und-Tourismus/Draußen/Fahrrad∙fahren-in-der-Region-Hannover/Die-Nord∙hannoversche-Moor∙route'...
  -> Calling model for step 0.25...
  -> Success (4.1s, 1866 chars)
  -> Calling model for step 0.50...
  -> Success (8.3s, 1921 chars)
  -> Calling model for step 0.75...
  -> Success (4.9s, 1625 chars)
[info] [418/860] Completed all steps for 'https://www.hannover.de/Leichte-Sprache/Freizeit-und-Tourismus/Draußen/Fahrrad∙fahren-in-der-Region-Hannover/Die-Nord∙hannoversche-Moor∙route'.
[info] [419/860] Generating steps [0.25, 0.5, 0.75] for 'https://www.hannover.de/Leichte-Sprache/Freizeit-und-Tourismus/Draußen/Fahrrad∙fahren-in-der-Region-Hannover/Die-Kultur∙route'...
  -> Calling model for step 0.25...
  -> Success (5.2s, 1775 chars)
  -> Calling model for step 0.50...
  -> Success (4.8s, 1477 chars)
  -> Calling model for step 0.75...
  -> Success (4.2s, 1373 chars)
[info] [419/860] Completed all steps for 'https://www.hannover.de/Leichte-Sprache/Freizeit-und-Tourismus/Draußen/Fahrrad∙fahren-in-der-Region-Hannover/Die-Kultur∙route'.
[info] [420/860] Generating steps [0.25, 0.5, 0.75] for 'https://www.hannover.de/Leichte-Sprache/Freizeit-und-Tourismus/Draußen/Fahrrad∙fahren-in-der-Region-Hannover/Fahrrad∙fahren-am-Mittel∙land∙kanal'...
  -> Calling model for step 0.25...
  -> Success (5.2s, 2600 chars)
  -> Calling model for step 0.50...
  -> Success (4.3s, 2047 chars)
  -> Calling model for step 0.75...
  -> Success (5.3s, 1731 chars)
[info] [420/860] Completed all steps for 'https://www.hannover.de/Leichte-Sprache/Freizeit-und-Tourismus/Draußen/Fahrrad∙fahren-in-der-Region-Hannover/Fahrrad∙fahren-am-Mittel∙land∙kanal'.
[info] [421/860] Generating steps [0.25, 0.5, 0.75] for 'https://www.hannover.de/Leichte-Sprache/Freizeit-und-Tourismus/Draußen/Ausflugs･ziele/Sea-Life-Hannover'...
  -> Calling model for step 0.25...
  -> Success (3.1s, 1228 chars)
  -> Calling model for step 0.50...
  -> Success (4.5s, 1140 chars)
  -> Calling model for step 0.75...
  -> Success (3.4s, 993 chars)
[info] [421/860] Completed all steps for 'https://www.hannover.de/Leichte-Sprache/Freizeit-und-Tourismus/Draußen/Ausflugs･ziele/Sea-Life-Hannover'.
[info] [422/860] Generating steps [0.25, 0.5, 0.75] for 'https://www.hannover.de/Leichte-Sprache/Freizeit-und-Tourismus/Draußen/Ausflugs･ziele/Tier∙garten'...
  -> Calling model for step 0.25...
  -> Success (5.8s, 2279 chars)
  -> Calling model for step 0.50...
  -> Success (4.4s, 1733 chars)
  -> Calling model for step 0.75...
  -> Success (5.1s, 2037 chars)
[info] [422/860] Completed all steps for 'https://www.hannover.de/Leichte-Sprache/Freizeit-und-Tourismus/Draußen/Ausflugs･ziele/Tier∙garten'.
[info] [423/860] Generating steps [0.25, 0.5, 0.75] for 'https://www.hannover.de/Leichte-Sprache/Freizeit-und-Tourismus/Draußen/Ausflugs･ziele/Eilenriede'...
  -> Calling model for step 0.25...
  -> Success (4.6s, 2179 chars)
  -> Calling model for step 0.50...
  -> Success (3.7s, 1500 chars)
  -> Calling model for step 0.75...
  -> Success (4.8s, 1515 chars)
[info] [423/860] Completed all steps for 'https://www.hannover.de/Leichte-Sprache/Freizeit-und-Tourismus/Draußen/Ausflugs･ziele/Eilenriede'.
[info] [424/860] Generating steps [0.25, 0.5, 0.75] for 'https://www.hannover.de/Leichte-Sprache/Lernen-und-Arbeiten/Lernen/Schul∙beginn-Informationen-für-Eltern-und-Kinder/Spielen'...
  -> Calling model for step 0.25...
  -> Success (4.2s, 2073 chars)
  -> Calling model for step 0.50...
  -> Success (3.8s, 2385 chars)
  -> Calling model for step 0.75...
  -> Success (4.2s, 2199 chars)
[info] [424/860] Completed all steps for 'https://www.hannover.de/Leichte-Sprache/Lernen-und-Arbeiten/Lernen/Schul∙beginn-Informationen-für-Eltern-und-Kinder/Spielen'.
[info] [425/860] Generating steps [0.25, 0.5, 0.75] for 'https://www.hannover.de/Leichte-Sprache/Lernen-und-Arbeiten/Lernen/Schul∙beginn-Informationen-für-Eltern-und-Kinder/Sprache'...
  -> Calling model for step 0.25...
  -> Success (3.7s, 1644 chars)
  -> Calling model for step 0.50...
  -> Success (3.7s, 1881 chars)
  -> Calling model for step 0.75...
  -> Success (4.2s, 1971 chars)
[info] [425/860] Completed all steps for 'https://www.hannover.de/Leichte-Sprache/Lernen-und-Arbeiten/Lernen/Schul∙beginn-Informationen-für-Eltern-und-Kinder/Sprache'.
[info] [426/860] Generating steps [0.25, 0.5, 0.75] for 'https://www.hannover.de/Leichte-Sprache/Lernen-und-Arbeiten/Lernen/Schul∙beginn-Informationen-für-Eltern-und-Kinder/Das-machen-Kinder-von-4-bis-6-Jahren'...
  -> Calling model for step 0.25...
  -> Success (2.2s, 563 chars)
  -> Calling model for step 0.50...
  -> Success (2.5s, 738 chars)
  -> Calling model for step 0.75...
  -> Success (2.2s, 675 chars)
[info] [426/860] Completed all steps for 'https://www.hannover.de/Leichte-Sprache/Lernen-und-Arbeiten/Lernen/Schul∙beginn-Informationen-für-Eltern-und-Kinder/Das-machen-Kinder-von-4-bis-6-Jahren'.
[info] [427/860] Generating steps [0.25, 0.5, 0.75] for 'https://www.hannover.de/Leichte-Sprache/Lernen-und-Arbeiten/Lernen/Schul∙beginn-Informationen-für-Eltern-und-Kinder/Informationen-für-die-Zeit-vor-der-Einschulung'...
  -> Calling model for step 0.25...
  -> Success (1.9s, 540 chars)
  -> Calling model for step 0.50...
  -> Success (2.2s, 618 chars)
  -> Calling model for step 0.75...
  -> Success (1.9s, 655 chars)
[info] [427/860] Completed all steps for 'https://www.hannover.de/Leichte-Sprache/Lernen-und-Arbeiten/Lernen/Schul∙beginn-Informationen-für-Eltern-und-Kinder/Informationen-für-die-Zeit-vor-der-Einschulung'.
[info] [428/860] Generating steps [0.25, 0.5, 0.75] for 'https://www.hannover.de/Leichte-Sprache/Lernen-und-Arbeiten/Lernen/Schul∙beginn-Informationen-für-Eltern-und-Kinder/Ideen-und-Informationen-für-zuhause'...
  -> Calling model for step 0.25...
  -> Success (2.3s, 1072 chars)
  -> Calling model for step 0.50...
  -> Success (3.0s, 934 chars)
  -> Calling model for step 0.75...
  -> Success (2.4s, 705 chars)
[info] [428/860] Completed all steps for 'https://www.hannover.de/Leichte-Sprache/Lernen-und-Arbeiten/Lernen/Schul∙beginn-Informationen-für-Eltern-und-Kinder/Ideen-und-Informationen-für-zuhause'.
[info] [429/860] Generating steps [0.25, 0.5, 0.75] for 'https://www.hannover.de/Leichte-Sprache/Lernen-und-Arbeiten/Lernen/Schul∙beginn-Informationen-für-Eltern-und-Kinder/Mein-Kind-braucht-Unterstützung'...
  -> Calling model for step 0.25...
  -> Success (2.0s, 818 chars)
  -> Calling model for step 0.50...
  -> Success (2.3s, 628 chars)
  -> Calling model for step 0.75...
  -> Success (2.4s, 466 chars)
[info] [429/860] Completed all steps for 'https://www.hannover.de/Leichte-Sprache/Lernen-und-Arbeiten/Lernen/Schul∙beginn-Informationen-für-Eltern-und-Kinder/Mein-Kind-braucht-Unterstützung'.
[info] [430/860] Generating steps [0.25, 0.5, 0.75] for 'https://www.hannover.de/Leichte-Sprache/Lernen-und-Arbeiten/Lernen/F%C3%B6rderung/Hilfe-f%C3%BCr-den-Schul%EF%BD%A5weg'...
  -> Calling model for step 0.25...
  -> Success (7.7s, 4177 chars)
  -> Calling model for step 0.50...
  -> Success (8.2s, 3918 chars)
  -> Calling model for step 0.75...
  -> Success (5.9s, 2415 chars)
[info] [430/860] Completed all steps for 'https://www.hannover.de/Leichte-Sprache/Lernen-und-Arbeiten/Lernen/F%C3%B6rderung/Hilfe-f%C3%BCr-den-Schul%EF%BD%A5weg'.
[info] [431/860] Generating steps [0.25, 0.5, 0.75] for 'https://www.hannover.de/Leichte-Sprache/Hilfe-und-Tipps/Sozial･leistungen/BuT-Leistungen-Leit∙faden-für-Mitarbeiter-in-Kitas'...
  -> Calling model for step 0.25...
  -> Success (6.6s, 3580 chars)
  -> Calling model for step 0.50...
  -> Success (6.4s, 2845 chars)
  -> Calling model for step 0.75...
  -> Success (8.3s, 3544 chars)
[info] [431/860] Completed all steps for 'https://www.hannover.de/Leichte-Sprache/Hilfe-und-Tipps/Sozial･leistungen/BuT-Leistungen-Leit∙faden-für-Mitarbeiter-in-Kitas'.
[info] [432/860] Generating steps [0.25, 0.5, 0.75] for 'https://www.hannover.de/Leichte-Sprache/Hilfe-und-Tipps/Sozial･leistungen/Grund∙sicherung-Hilfe-für-ältere-Menschen-und-bei-Berufs∙unfähigkeit'...
  -> Calling model for step 0.25...
  -> Success (8.3s, 4371 chars)
  -> Calling model for step 0.50...
  -> Success (7.5s, 3443 chars)
  -> Calling model for step 0.75...
  -> Success (6.3s, 3642 chars)
[info] [432/860] Completed all steps for 'https://www.hannover.de/Leichte-Sprache/Hilfe-und-Tipps/Sozial･leistungen/Grund∙sicherung-Hilfe-für-ältere-Menschen-und-bei-Berufs∙unfähigkeit'.
[info] [433/860] Generating steps [0.25, 0.5, 0.75] for 'https://www.hannover.de/Leichte-Sprache/Hilfe-und-Tipps/Sozial･leistungen/Sozial･hilfe'...
  -> Calling model for step 0.25...
  -> Success (5.0s, 2391 chars)
  -> Calling model for step 0.50...
  -> Success (4.4s, 2522 chars)
  -> Calling model for step 0.75...
  -> Success (4.3s, 2086 chars)
[info] [433/860] Completed all steps for 'https://www.hannover.de/Leichte-Sprache/Hilfe-und-Tipps/Sozial･leistungen/Sozial･hilfe'.
[info] [434/860] Generating steps [0.25, 0.5, 0.75] for 'https://www.hannover.de/Leichte-Sprache/Hilfe-und-Tipps/Gesundheit2/Gesundheits･tipps/Hitze-in-der-Region-Hannover/Tipps-für-heiße-Tage'...
  -> Calling model for step 0.25...
  -> Success (12.3s, 7092 chars)
  -> Calling model for step 0.50...
  -> Success (8.5s, 4955 chars)
  -> Calling model for step 0.75...
  -> Success (6.3s, 3312 chars)
[info] [434/860] Completed all steps for 'https://www.hannover.de/Leichte-Sprache/Hilfe-und-Tipps/Gesundheit2/Gesundheits･tipps/Hitze-in-der-Region-Hannover/Tipps-für-heiße-Tage'.
[info] [435/860] Generating steps [0.25, 0.5, 0.75] for 'https://www.hannover.de/Leichte-Sprache/Hilfe-und-Tipps/Gesundheit2/Gesundheits･tipps/Hitze-in-der-Region-Hannover/Sonnen∙schutz-für-Kinder'...
  -> Calling model for step 0.25...
  -> Success (4.0s, 1939 chars)
  -> Calling model for step 0.50...
  -> Success (4.5s, 1292 chars)
  -> Calling model for step 0.75...
  -> Success (2.9s, 1306 chars)
[info] [435/860] Completed all steps for 'https://www.hannover.de/Leichte-Sprache/Hilfe-und-Tipps/Gesundheit2/Gesundheits･tipps/Hitze-in-der-Region-Hannover/Sonnen∙schutz-für-Kinder'.
[info] [436/860] Generating steps [0.25, 0.5, 0.75] for 'https://www.hannover.de/Leichte-Sprache/Hilfe-und-Tipps/Gesundheit2/Gesundheits･tipps/Hitze-in-der-Region-Hannover/Tipps-für-schwangere-Frauen'...
  -> Calling model for step 0.25...
  -> Success (4.3s, 2422 chars)
  -> Calling model for step 0.50...
  -> Success (4.4s, 2339 chars)
  -> Calling model for step 0.75...
  -> Success (4.5s, 1911 chars)
[info] [436/860] Completed all steps for 'https://www.hannover.de/Leichte-Sprache/Hilfe-und-Tipps/Gesundheit2/Gesundheits･tipps/Hitze-in-der-Region-Hannover/Tipps-für-schwangere-Frauen'.
[info] [437/860] Generating steps [0.25, 0.5, 0.75] for 'https://www.hannover.de/Leichte-Sprache/Nachrichten-und-Veranstaltungen/Nachrichten/%C3%9CMO-Die-neue-%C3%9Cstra'...
  -> Calling model for step 0.25...
  -> Success (4.4s, 1715 chars)
  -> Calling model for step 0.50...
  -> Success (4.1s, 2031 chars)
  -> Calling model for step 0.75...
  -> Success (2.3s, 1225 chars)
[info] [437/860] Completed all steps for 'https://www.hannover.de/Leichte-Sprache/Nachrichten-und-Veranstaltungen/Nachrichten/%C3%9CMO-Die-neue-%C3%9Cstra'.
[info] [438/860] Generating steps [0.25, 0.5, 0.75] for 'https://www.hannover.de/Leichte-Sprache/Hannover-und-Region/Die-Verwaltung-von-der-Region-Hannover/Die-Hör∙region-Hannover/Hören-erleben/Programm-von-der-Hör∙region/Newsletter-von-der-Hör∙region'...
  -> Calling model for step 0.25...
  -> Success (6.3s, 3048 chars)
  -> Calling model for step 0.50...
  -> Success (4.6s, 2176 chars)
  -> Calling model for step 0.75...
  -> Success (6.5s, 1685 chars)
[info] [438/860] Completed all steps for 'https://www.hannover.de/Leichte-Sprache/Hannover-und-Region/Die-Verwaltung-von-der-Region-Hannover/Die-Hör∙region-Hannover/Hören-erleben/Programm-von-der-Hör∙region/Newsletter-von-der-Hör∙region'.
[info] [439/860] Generating steps [0.25, 0.5, 0.75] for 'https://www.hannover.de/Leichte-Sprache/Nachrichten-und-Veranstaltungen/Nachrichten/Fragen-und-Antworten-zum-Deutschland%E2%88%99ticket'...
  -> Calling model for step 0.25...
  -> Success (6.1s, 3460 chars)
  -> Calling model for step 0.50...
  -> Success (6.7s, 3610 chars)
  -> Calling model for step 0.75...
  -> Success (4.8s, 2583 chars)
[info] [439/860] Completed all steps for 'https://www.hannover.de/Leichte-Sprache/Nachrichten-und-Veranstaltungen/Nachrichten/Fragen-und-Antworten-zum-Deutschland%E2%88%99ticket'.
[info] [440/860] Generating steps [0.25, 0.5, 0.75] for 'https://www.hannover.de/Leichte-Sprache/Hilfe-und-Tipps/Beratung-und-Unterstützung/Beratung-für-Eltern.-Für-Kinder.-Und-für-Jugendliche/Familien∙beratung-und-Erziehungs∙beratung/Beratungs∙stellen-für-Eltern.-Für-Kinder.-Und-für-Jugendliche/Burgdorf-Beratungs∙stelle-für-Eltern.-Für-Kinder.-Und-für-Jugendliche'...
  -> Calling model for step 0.25...
  -> Success (2.7s, 1129 chars)
  -> Calling model for step 0.50...
  -> Success (2.9s, 784 chars)
  -> Calling model for step 0.75...
  -> Success (5.1s, 932 chars)
[info] [440/860] Completed all steps for 'https://www.hannover.de/Leichte-Sprache/Hilfe-und-Tipps/Beratung-und-Unterstützung/Beratung-für-Eltern.-Für-Kinder.-Und-für-Jugendliche/Familien∙beratung-und-Erziehungs∙beratung/Beratungs∙stellen-für-Eltern.-Für-Kinder.-Und-für-Jugendliche/Burgdorf-Beratungs∙stelle-für-Eltern.-Für-Kinder.-Und-für-Jugendliche'.
[info] [441/860] Generating steps [0.25, 0.5, 0.75] for 'https://www.hannover.de/Leichte-Sprache/Hilfe-und-Tipps/Beratung-und-Unterstützung/Beratung-für-Eltern.-Für-Kinder.-Und-für-Jugendliche/Familien∙beratung-und-Erziehungs∙beratung/Beratungs∙stellen-für-Eltern.-Für-Kinder.-Und-für-Jugendliche/Neustadt-Beratungs∙stelle-für-Eltern.-Für-Kinder.-Und-für-Jugendliche'...
  -> Calling model for step 0.25...
  -> Success (4.6s, 1207 chars)
  -> Calling model for step 0.50...
  -> Success (5.1s, 1041 chars)
  -> Calling model for step 0.75...
  -> Success (4.3s, 915 chars)
[info] [441/860] Completed all steps for 'https://www.hannover.de/Leichte-Sprache/Hilfe-und-Tipps/Beratung-und-Unterstützung/Beratung-für-Eltern.-Für-Kinder.-Und-für-Jugendliche/Familien∙beratung-und-Erziehungs∙beratung/Beratungs∙stellen-für-Eltern.-Für-Kinder.-Und-für-Jugendliche/Neustadt-Beratungs∙stelle-für-Eltern.-Für-Kinder.-Und-für-Jugendliche'.
[info] [442/860] Generating steps [0.25, 0.5, 0.75] for 'https://www.hannover.de/Leichte-Sprache/Hilfe-und-Tipps/Beratung-und-Unterstützung/Beratung-für-Eltern.-Für-Kinder.-Und-für-Jugendliche/Familien∙beratung-und-Erziehungs∙beratung/Beratungs∙stellen-für-Eltern.-Für-Kinder.-Und-für-Jugendliche/Ronnenberg-Beratungs∙stelle-für-Eltern.-Für-Kinder.-Und-für-Jugendliche'...
  -> Calling model for step 0.25...
  -> Success (3.3s, 1219 chars)
  -> Calling model for step 0.50...
  -> Success (3.8s, 1283 chars)
  -> Calling model for step 0.75...
  -> Success (5.3s, 1070 chars)
[info] [442/860] Completed all steps for 'https://www.hannover.de/Leichte-Sprache/Hilfe-und-Tipps/Beratung-und-Unterstützung/Beratung-für-Eltern.-Für-Kinder.-Und-für-Jugendliche/Familien∙beratung-und-Erziehungs∙beratung/Beratungs∙stellen-für-Eltern.-Für-Kinder.-Und-für-Jugendliche/Ronnenberg-Beratungs∙stelle-für-Eltern.-Für-Kinder.-Und-für-Jugendliche'.
[info] [443/860] Generating steps [0.25, 0.5, 0.75] for 'https://www.hannover.de/Leichte-Sprache/Hilfe-und-Tipps/Familie-und-Partnerschaft/Frühe-Hilfen-für-Familien/Angebote-und-Unterstützung-für-Eltern/Frühe-Hilfen-Beratung-und-Unterstützung'...
  -> Calling model for step 0.25...
  -> Success (6.7s, 2640 chars)
  -> Calling model for step 0.50...
  -> Success (4.4s, 2252 chars)
  -> Calling model for step 0.75...
  -> Success (4.6s, 2040 chars)
[info] [443/860] Completed all steps for 'https://www.hannover.de/Leichte-Sprache/Hilfe-und-Tipps/Familie-und-Partnerschaft/Frühe-Hilfen-für-Familien/Angebote-und-Unterstützung-für-Eltern/Frühe-Hilfen-Beratung-und-Unterstützung'.
[info] [444/860] Generating steps [0.25, 0.5, 0.75] for 'https://www.hannover.de/Leichte-Sprache/Hilfe-und-Tipps/Familie-und-Partnerschaft/Frühe-Hilfen-für-Familien/Angebote-und-Unterstützung-für-Eltern/Frühe-Hilfen-in-der-Kita'...
  -> Calling model for step 0.25...
  -> Success (3.7s, 1672 chars)
  -> Calling model for step 0.50...
  -> Success (3.3s, 1374 chars)
  -> Calling model for step 0.75...
  -> Success (3.2s, 1542 chars)
[info] [444/860] Completed all steps for 'https://www.hannover.de/Leichte-Sprache/Hilfe-und-Tipps/Familie-und-Partnerschaft/Frühe-Hilfen-für-Familien/Angebote-und-Unterstützung-für-Eltern/Frühe-Hilfen-in-der-Kita'.
[info] [445/860] Generating steps [0.25, 0.5, 0.75] for 'https://www.hannover.de/Leichte-Sprache/Hilfe-und-Tipps/Familie-und-Partnerschaft/Frühe-Hilfen-für-Familien/Angebote-und-Unterstützung-für-Eltern/Haus∙besuchs∙programme'...
  -> Calling model for step 0.25...
  -> Success (3.0s, 1677 chars)
  -> Calling model for step 0.50...
  -> Success (4.4s, 1343 chars)
  -> Calling model for step 0.75...
  -> Success (4.6s, 1179 chars)
[info] [445/860] Completed all steps for 'https://www.hannover.de/Leichte-Sprache/Hilfe-und-Tipps/Familie-und-Partnerschaft/Frühe-Hilfen-für-Familien/Angebote-und-Unterstützung-für-Eltern/Haus∙besuchs∙programme'.
[info] [446/860] Generating steps [0.25, 0.5, 0.75] for 'https://www.hannover.de/Leichte-Sprache/Hilfe-und-Tipps/Familie-und-Partnerschaft/Frühe-Hilfen-für-Familien/Angebote-und-Unterstützung-für-Eltern/Angebote-für-Väter'...
  -> Calling model for step 0.25...
  -> Success (4.5s, 2119 chars)
  -> Calling model for step 0.50...
  -> Success (3.8s, 2123 chars)
  -> Calling model for step 0.75...
  -> Success (3.6s, 1597 chars)
[info] [446/860] Completed all steps for 'https://www.hannover.de/Leichte-Sprache/Hilfe-und-Tipps/Familie-und-Partnerschaft/Frühe-Hilfen-für-Familien/Angebote-und-Unterstützung-für-Eltern/Angebote-für-Väter'.
[info] [447/860] Generating steps [0.25, 0.5, 0.75] for 'https://www.hannover.de/Leichte-Sprache/Hilfe-und-Tipps/Familie-und-Partnerschaft/Koordinierungs∙stelle-Unterstützung-für-Allein∙erziehende/Angebote-für-Allein∙erziehende/Angebote-für-Freizeit-und-Erholung'...
  -> Calling model for step 0.25...
  -> Success (4.8s, 2613 chars)
  -> Calling model for step 0.50...
  -> Success (6.6s, 2680 chars)
  -> Calling model for step 0.75...
  -> Success (5.5s, 2437 chars)
[info] [447/860] Completed all steps for 'https://www.hannover.de/Leichte-Sprache/Hilfe-und-Tipps/Familie-und-Partnerschaft/Koordinierungs∙stelle-Unterstützung-für-Allein∙erziehende/Angebote-für-Allein∙erziehende/Angebote-für-Freizeit-und-Erholung'.
[info] [448/860] Generating steps [0.25, 0.5, 0.75] for 'https://www.hannover.de/Leichte-Sprache/Hilfe-und-Tipps/Familie-und-Partnerschaft/Koordinierungs∙stelle-Unterstützung-für-Allein∙erziehende/Angebote-für-Allein∙erziehende/Angebote-für-Kinder'...
  -> Calling model for step 0.25...
  -> Success (6.9s, 3915 chars)
  -> Calling model for step 0.50...
  -> Success (6.2s, 3390 chars)
  -> Calling model for step 0.75...
  -> Success (5.8s, 2886 chars)
[info] [448/860] Completed all steps for 'https://www.hannover.de/Leichte-Sprache/Hilfe-und-Tipps/Familie-und-Partnerschaft/Koordinierungs∙stelle-Unterstützung-für-Allein∙erziehende/Angebote-für-Allein∙erziehende/Angebote-für-Kinder'.
[info] [449/860] Generating steps [0.25, 0.5, 0.75] for 'https://www.hannover.de/Leichte-Sprache/Hilfe-und-Tipps/Familie-und-Partnerschaft/Koordinierungs∙stelle-Unterstützung-für-Allein∙erziehende/Angebote-für-Allein∙erziehende/Trennung-und-Scheidung-Angebote-für-Paare'...
  -> Calling model for step 0.25...
  -> Success (7.3s, 3284 chars)
  -> Calling model for step 0.50...
  -> Success (8.0s, 4003 chars)
  -> Calling model for step 0.75...
  -> Success (5.8s, 2505 chars)
[info] [449/860] Completed all steps for 'https://www.hannover.de/Leichte-Sprache/Hilfe-und-Tipps/Familie-und-Partnerschaft/Koordinierungs∙stelle-Unterstützung-für-Allein∙erziehende/Angebote-für-Allein∙erziehende/Trennung-und-Scheidung-Angebote-für-Paare'.
[info] [450/860] Generating steps [0.25, 0.5, 0.75] for 'https://www.hannover.de/Leichte-Sprache/Hilfe-und-Tipps/Familie-und-Partnerschaft/Koordinierungs∙stelle-Unterstützung-für-Allein∙erziehende/Angebote-für-Allein∙erziehende/Angebote-zu-Schwangerschaft-und-Geburt'...
  -> Calling model for step 0.25...
  -> Success (4.1s, 2903 chars)
  -> Calling model for step 0.50...
  -> Success (4.5s, 2194 chars)
  -> Calling model for step 0.75...
  -> Success (3.7s, 2081 chars)
[info] [450/860] Completed all steps for 'https://www.hannover.de/Leichte-Sprache/Hilfe-und-Tipps/Familie-und-Partnerschaft/Koordinierungs∙stelle-Unterstützung-für-Allein∙erziehende/Angebote-für-Allein∙erziehende/Angebote-zu-Schwangerschaft-und-Geburt'.
[info] [451/860] Generating steps [0.25, 0.5, 0.75] for 'https://www.hannover.de/Leichte-Sprache/Hilfe-und-Tipps/Familie-und-Partnerschaft/Koordinierungs∙stelle-Unterstützung-für-Allein∙erziehende/Angebote-für-Allein∙erziehende/Beratung-Fragen-zur-Erziehung'...
  -> Calling model for step 0.25...
  -> Success (6.1s, 3096 chars)
  -> Calling model for step 0.50...
  -> Success (5.5s, 3019 chars)
  -> Calling model for step 0.75...
  -> Success (4.7s, 2776 chars)
[info] [451/860] Completed all steps for 'https://www.hannover.de/Leichte-Sprache/Hilfe-und-Tipps/Familie-und-Partnerschaft/Koordinierungs∙stelle-Unterstützung-für-Allein∙erziehende/Angebote-für-Allein∙erziehende/Beratung-Fragen-zur-Erziehung'.
[info] [452/860] Generating steps [0.25, 0.5, 0.75] for 'https://www.hannover.de/Leichte-Sprache/Freizeit-und-Tourismus/Drau%C3%9Fen/Ausflugs%EF%BD%A5ziele/Der-Moor%C2%B7erlebnis%C2%B7pfad-Resse/Wissen-zum-Moor'...
  -> Calling model for step 0.25...
  -> Success (6.3s, 2493 chars)
  -> Calling model for step 0.50...
  -> Success (5.0s, 2418 chars)
  -> Calling model for step 0.75...
  -> Success (6.1s, 2302 chars)
[info] [452/860] Completed all steps for 'https://www.hannover.de/Leichte-Sprache/Freizeit-und-Tourismus/Drau%C3%9Fen/Ausflugs%EF%BD%A5ziele/Der-Moor%C2%B7erlebnis%C2%B7pfad-Resse/Wissen-zum-Moor'.
[info] [453/860] Generating steps [0.25, 0.5, 0.75] for 'https://www.hannover.de/Leichte-Sprache/Freizeit-und-Tourismus/Draußen/Ausflugs･ziele/Der-Moor·erlebnis·pfad-Resse/Moor･erlebnisse-für-Alle'...
  -> Calling model for step 0.25...
  -> Success (5.4s, 2732 chars)
  -> Calling model for step 0.50...
  -> Success (4.3s, 2331 chars)
  -> Calling model for step 0.75...
  -> Success (6.2s, 2710 chars)
[info] [453/860] Completed all steps for 'https://www.hannover.de/Leichte-Sprache/Freizeit-und-Tourismus/Draußen/Ausflugs･ziele/Der-Moor·erlebnis·pfad-Resse/Moor･erlebnisse-für-Alle'.
[info] [454/860] Generating steps [0.25, 0.5, 0.75] for 'https://www.hannover.de/Leichte-Sprache/Freizeit-und-Tourismus/Draußen/Ausflugs･ziele/Der-Moor·erlebnis·pfad-Resse/Moor-für-die-Sinne'...
  -> Calling model for step 0.25...
  -> Success (6.3s, 2759 chars)
  -> Calling model for step 0.50...
  -> Success (5.7s, 2406 chars)
  -> Calling model for step 0.75...
  -> Success (6.8s, 1800 chars)
[info] [454/860] Completed all steps for 'https://www.hannover.de/Leichte-Sprache/Freizeit-und-Tourismus/Draußen/Ausflugs･ziele/Der-Moor·erlebnis·pfad-Resse/Moor-für-die-Sinne'.
[info] [455/860] Generating steps [0.25, 0.5, 0.75] for 'https://www.hannover.de/Leichte-Sprache/Freizeit-und-Tourismus/Drinnen/Museen-und-Ausstellungen/Das-ZeitZentrum-Zivil∙courage/Bildungs∙angebote-im-ZeitZentrum-Zivil∙courage'...
  -> Calling model for step 0.25...
  -> Success (5.2s, 2367 chars)
  -> Calling model for step 0.50...
  -> Success (4.2s, 2305 chars)
  -> Calling model for step 0.75...
  -> Success (4.4s, 2116 chars)
[info] [455/860] Completed all steps for 'https://www.hannover.de/Leichte-Sprache/Freizeit-und-Tourismus/Drinnen/Museen-und-Ausstellungen/Das-ZeitZentrum-Zivil∙courage/Bildungs∙angebote-im-ZeitZentrum-Zivil∙courage'.
[info] [456/860] Generating steps [0.25, 0.5, 0.75] for 'https://www.hannover.de/Leichte-Sprache/Freizeit-und-Tourismus/Drinnen/Museen-und-Ausstellungen/Das-ZeitZentrum-Zivil∙courage/Ihr-Besuch-im-ZeitZentrum-Zivil∙courage'...
  -> Calling model for step 0.25...
  -> Success (8.6s, 4111 chars)
  -> Calling model for step 0.50...
  -> Success (6.2s, 3789 chars)
  -> Calling model for step 0.75...
  -> Success (8.6s, 4301 chars)
[info] [456/860] Completed all steps for 'https://www.hannover.de/Leichte-Sprache/Freizeit-und-Tourismus/Drinnen/Museen-und-Ausstellungen/Das-ZeitZentrum-Zivil∙courage/Ihr-Besuch-im-ZeitZentrum-Zivil∙courage'.
[info] [457/860] Generating steps [0.25, 0.5, 0.75] for 'https://www.hannover.de/Leichte-Sprache/Freizeit-und-Tourismus/Drinnen/Museen-und-Ausstellungen/Das-ZeitZentrum-Zivil∙courage/Das-ZeitZentrum-Zivil∙courage'...
  -> Calling model for step 0.25...
  -> Success (10.7s, 3873 chars)
  -> Calling model for step 0.50...
  -> Success (9.4s, 4713 chars)
  -> Calling model for step 0.75...
  -> Success (4.3s, 2185 chars)
[info] [457/860] Completed all steps for 'https://www.hannover.de/Leichte-Sprache/Freizeit-und-Tourismus/Drinnen/Museen-und-Ausstellungen/Das-ZeitZentrum-Zivil∙courage/Das-ZeitZentrum-Zivil∙courage'.
[info] [458/860] Generating steps [0.25, 0.5, 0.75] for 'https://www.hannover.de/Leichte-Sprache/Lernen-und-Arbeiten/Lernen/Schul%E2%88%99beginn-Informationen-f%C3%BCr-Eltern-und-Kinder/Das-machen-Kinder-von-4-bis-6-Jahren/Das-machen-viele-Kinder-mit-4-Jahren'...
  -> Calling model for step 0.25...
  -> Success (6.6s, 3214 chars)
  -> Calling model for step 0.50...
  -> Success (3.9s, 2703 chars)
  -> Calling model for step 0.75...
  -> Success (4.3s, 2793 chars)
[info] [458/860] Completed all steps for 'https://www.hannover.de/Leichte-Sprache/Lernen-und-Arbeiten/Lernen/Schul%E2%88%99beginn-Informationen-f%C3%BCr-Eltern-und-Kinder/Das-machen-Kinder-von-4-bis-6-Jahren/Das-machen-viele-Kinder-mit-4-Jahren'.
[info] [459/860] Generating steps [0.25, 0.5, 0.75] for 'https://www.hannover.de/Leichte-Sprache/Lernen-und-Arbeiten/Lernen/Schul%E2%88%99beginn-Informationen-f%C3%BCr-Eltern-und-Kinder/Das-machen-Kinder-von-4-bis-6-Jahren/Das-machen-viele-Kinder-mit-5-Jahren'...
  -> Calling model for step 0.25...
  -> Success (5.7s, 3151 chars)
  -> Calling model for step 0.50...
  -> Success (4.7s, 3276 chars)
  -> Calling model for step 0.75...
  -> Success (6.6s, 3150 chars)
[info] [459/860] Completed all steps for 'https://www.hannover.de/Leichte-Sprache/Lernen-und-Arbeiten/Lernen/Schul%E2%88%99beginn-Informationen-f%C3%BCr-Eltern-und-Kinder/Das-machen-Kinder-von-4-bis-6-Jahren/Das-machen-viele-Kinder-mit-5-Jahren'.
[info] [460/860] Generating steps [0.25, 0.5, 0.75] for 'https://www.hannover.de/Leichte-Sprache/Lernen-und-Arbeiten/Lernen/Schul%E2%88%99beginn-Informationen-f%C3%BCr-Eltern-und-Kinder/Das-machen-Kinder-von-4-bis-6-Jahren/Das-machen-viele-Kinder-mit-6-Jahren'...
  -> Calling model for step 0.25...
  -> Success (6.1s, 4129 chars)
  -> Calling model for step 0.50...
  -> Success (5.4s, 2969 chars)
  -> Calling model for step 0.75...
  -> Success (5.6s, 3140 chars)
[info] [460/860] Completed all steps for 'https://www.hannover.de/Leichte-Sprache/Lernen-und-Arbeiten/Lernen/Schul%E2%88%99beginn-Informationen-f%C3%BCr-Eltern-und-Kinder/Das-machen-Kinder-von-4-bis-6-Jahren/Das-machen-viele-Kinder-mit-6-Jahren'.
[info] [461/860] Generating steps [0.25, 0.5, 0.75] for 'https://www.hannover.de/Leichte-Sprache/Lernen-und-Arbeiten/Lernen/Schul%E2%88%99beginn-Informationen-f%C3%BCr-Eltern-und-Kinder/Informationen-f%C3%BCr-die-Zeit-vor-der-Einschulung/Schul%E2%88%99vorbereitung-im-Kinder%E2%88%99garten'...
  -> Calling model for step 0.25...
  -> Success (5.5s, 2812 chars)
  -> Calling model for step 0.50...
  -> Success (5.2s, 2761 chars)
  -> Calling model for step 0.75...
  -> Success (5.0s, 2344 chars)
[info] [461/860] Completed all steps for 'https://www.hannover.de/Leichte-Sprache/Lernen-und-Arbeiten/Lernen/Schul%E2%88%99beginn-Informationen-f%C3%BCr-Eltern-und-Kinder/Informationen-f%C3%BCr-die-Zeit-vor-der-Einschulung/Schul%E2%88%99vorbereitung-im-Kinder%E2%88%99garten'.
[info] [462/860] Generating steps [0.25, 0.5, 0.75] for 'https://www.hannover.de/Leichte-Sprache/Lernen-und-Arbeiten/Lernen/Schul%E2%88%99beginn-Informationen-f%C3%BCr-Eltern-und-Kinder/Informationen-f%C3%BCr-die-Zeit-vor-der-Einschulung/Was-passiert-vor-der-Schule'...
  -> Calling model for step 0.25...
  -> Success (6.3s, 3443 chars)
  -> Calling model for step 0.50...
  -> Success (5.7s, 3645 chars)
  -> Calling model for step 0.75...
  -> Success (5.8s, 3458 chars)
[info] [462/860] Completed all steps for 'https://www.hannover.de/Leichte-Sprache/Lernen-und-Arbeiten/Lernen/Schul%E2%88%99beginn-Informationen-f%C3%BCr-Eltern-und-Kinder/Informationen-f%C3%BCr-die-Zeit-vor-der-Einschulung/Was-passiert-vor-der-Schule'.
[info] [463/860] Generating steps [0.25, 0.5, 0.75] for 'https://www.hannover.de/Leichte-Sprache/Lernen-und-Arbeiten/Lernen/Schul%E2%88%99beginn-Informationen-f%C3%BCr-Eltern-und-Kinder/Informationen-f%C3%BCr-die-Zeit-vor-der-Einschulung/Was-passiert-in-der-Grund%E2%88%99schule'...
  -> Calling model for step 0.25...
  -> Success (5.1s, 2117 chars)
  -> Calling model for step 0.50...
  -> Success (4.7s, 2173 chars)
  -> Calling model for step 0.75...
  -> Success (4.0s, 1970 chars)
[info] [463/860] Completed all steps for 'https://www.hannover.de/Leichte-Sprache/Lernen-und-Arbeiten/Lernen/Schul%E2%88%99beginn-Informationen-f%C3%BCr-Eltern-und-Kinder/Informationen-f%C3%BCr-die-Zeit-vor-der-Einschulung/Was-passiert-in-der-Grund%E2%88%99schule'.
[info] [464/860] Generating steps [0.25, 0.5, 0.75] for 'https://www.hannover.de/Leichte-Sprache/Lernen-und-Arbeiten/Lernen/Schul%E2%88%99beginn-Informationen-f%C3%BCr-Eltern-und-Kinder/Ideen-und-Informationen-f%C3%BCr-zuhause/Sport%E2%88%99angebote'...
  -> Calling model for step 0.25...
  -> Success (2.5s, 1376 chars)
  -> Calling model for step 0.50...
  -> Success (4.0s, 1087 chars)
  -> Calling model for step 0.75...
  -> Success (2.9s, 1096 chars)
[info] [464/860] Completed all steps for 'https://www.hannover.de/Leichte-Sprache/Lernen-und-Arbeiten/Lernen/Schul%E2%88%99beginn-Informationen-f%C3%BCr-Eltern-und-Kinder/Ideen-und-Informationen-f%C3%BCr-zuhause/Sport%E2%88%99angebote'.
[info] [465/860] Generating steps [0.25, 0.5, 0.75] for 'https://www.hannover.de/Leichte-Sprache/Lernen-und-Arbeiten/Lernen/Schul%E2%88%99beginn-Informationen-f%C3%BCr-Eltern-und-Kinder/Ideen-und-Informationen-f%C3%BCr-zuhause/B%C3%BCcher-ausleihen'...
  -> Calling model for step 0.25...
  -> Success (3.5s, 1749 chars)
  -> Calling model for step 0.50...
  -> Success (3.4s, 1834 chars)
  -> Calling model for step 0.75...
  -> Success (4.6s, 1313 chars)
[info] [465/860] Completed all steps for 'https://www.hannover.de/Leichte-Sprache/Lernen-und-Arbeiten/Lernen/Schul%E2%88%99beginn-Informationen-f%C3%BCr-Eltern-und-Kinder/Ideen-und-Informationen-f%C3%BCr-zuhause/B%C3%BCcher-ausleihen'.
[info] [466/860] Generating steps [0.25, 0.5, 0.75] for 'https://www.hannover.de/Leichte-Sprache/Lernen-und-Arbeiten/Lernen/Schul%E2%88%99beginn-Informationen-f%C3%BCr-Eltern-und-Kinder/Ideen-und-Informationen-f%C3%BCr-zuhause/Die-Eltern-zuhause'...
  -> Calling model for step 0.25...
  -> Success (5.0s, 2613 chars)
  -> Calling model for step 0.50...
  -> Success (4.6s, 2723 chars)
  -> Calling model for step 0.75...
  -> Success (4.7s, 2227 chars)
[info] [466/860] Completed all steps for 'https://www.hannover.de/Leichte-Sprache/Lernen-und-Arbeiten/Lernen/Schul%E2%88%99beginn-Informationen-f%C3%BCr-Eltern-und-Kinder/Ideen-und-Informationen-f%C3%BCr-zuhause/Die-Eltern-zuhause'.
[info] [467/860] Generating steps [0.25, 0.5, 0.75] for 'https://www.hannover.de/Leichte-Sprache/Lernen-und-Arbeiten/Lernen/Schul%E2%88%99beginn-Informationen-f%C3%BCr-Eltern-und-Kinder/Ideen-und-Informationen-f%C3%BCr-zuhause/Wochen%E2%88%99plan'...
  -> Calling model for step 0.25...
  -> Success (3.2s, 1902 chars)
  -> Calling model for step 0.50...
  -> Success (2.7s, 1568 chars)
  -> Calling model for step 0.75...
  -> Success (2.5s, 1204 chars)
[info] [467/860] Completed all steps for 'https://www.hannover.de/Leichte-Sprache/Lernen-und-Arbeiten/Lernen/Schul%E2%88%99beginn-Informationen-f%C3%BCr-Eltern-und-Kinder/Ideen-und-Informationen-f%C3%BCr-zuhause/Wochen%E2%88%99plan'.
[info] [468/860] Generating steps [0.25, 0.5, 0.75] for 'https://www.hannover.de/Leichte-Sprache/Lernen-und-Arbeiten/Lernen/Schul%E2%88%99beginn-Informationen-f%C3%BCr-Eltern-und-Kinder/Ideen-und-Informationen-f%C3%BCr-zuhause/Zuhause-lernen'...
  -> Calling model for step 0.25...
  -> Success (6.3s, 3677 chars)
  -> Calling model for step 0.50...
  -> Success (4.9s, 3205 chars)
  -> Calling model for step 0.75...
  -> Success (4.5s, 2386 chars)
[info] [468/860] Completed all steps for 'https://www.hannover.de/Leichte-Sprache/Lernen-und-Arbeiten/Lernen/Schul%E2%88%99beginn-Informationen-f%C3%BCr-Eltern-und-Kinder/Ideen-und-Informationen-f%C3%BCr-zuhause/Zuhause-lernen'.
[info] [469/860] Generating steps [0.25, 0.5, 0.75] for 'https://www.hannover.de/Leichte-Sprache/Lernen-und-Arbeiten/Lernen/Schul%E2%88%99beginn-Informationen-f%C3%BCr-Eltern-und-Kinder/Ideen-und-Informationen-f%C3%BCr-zuhause/Mein-Kind-geht-nicht-in-die-Schule'...
  -> Calling model for step 0.25...
  -> Success (3.3s, 1807 chars)
  -> Calling model for step 0.50...
  -> Success (4.4s, 2516 chars)
  -> Calling model for step 0.75...
  -> Success (4.0s, 1738 chars)
[info] [469/860] Completed all steps for 'https://www.hannover.de/Leichte-Sprache/Lernen-und-Arbeiten/Lernen/Schul%E2%88%99beginn-Informationen-f%C3%BCr-Eltern-und-Kinder/Ideen-und-Informationen-f%C3%BCr-zuhause/Mein-Kind-geht-nicht-in-die-Schule'.
[info] [470/860] Generating steps [0.25, 0.5, 0.75] for 'https://www.hannover.de/Leichte-Sprache/Lernen-und-Arbeiten/Lernen/Schul%E2%88%99beginn-Informationen-f%C3%BCr-Eltern-und-Kinder/Mein-Kind-braucht-Unterst%C3%BCtzung/Unterst%C3%BCtzung-in-der-Grund%E2%88%99schule'...
  -> Calling model for step 0.25...
  -> Success (3.0s, 1214 chars)
  -> Calling model for step 0.50...
  -> Success (2.8s, 1127 chars)
  -> Calling model for step 0.75...
  -> Success (3.3s, 866 chars)
[info] [470/860] Completed all steps for 'https://www.hannover.de/Leichte-Sprache/Lernen-und-Arbeiten/Lernen/Schul%E2%88%99beginn-Informationen-f%C3%BCr-Eltern-und-Kinder/Mein-Kind-braucht-Unterst%C3%BCtzung/Unterst%C3%BCtzung-in-der-Grund%E2%88%99schule'.
[info] [471/860] Generating steps [0.25, 0.5, 0.75] for 'https://www.hannover.de/Leichte-Sprache/Lernen-und-Arbeiten/Lernen/Schul%E2%88%99beginn-Informationen-f%C3%BCr-Eltern-und-Kinder/Mein-Kind-braucht-Unterst%C3%BCtzung/Hilfe-f%C3%BCr-Ihr-Kind'...
  -> Calling model for step 0.25...
  -> Success (5.4s, 3168 chars)
  -> Calling model for step 0.50...
  -> Success (6.3s, 3410 chars)
  -> Calling model for step 0.75...
  -> Success (5.5s, 2806 chars)
[info] [471/860] Completed all steps for 'https://www.hannover.de/Leichte-Sprache/Lernen-und-Arbeiten/Lernen/Schul%E2%88%99beginn-Informationen-f%C3%BCr-Eltern-und-Kinder/Mein-Kind-braucht-Unterst%C3%BCtzung/Hilfe-f%C3%BCr-Ihr-Kind'.
[info] [472/860] Generating steps [0.25, 0.5, 0.75] for 'https://www.hannover.de/Leichte-Sprache/Lernen-und-Arbeiten/Lernen/Schul%E2%88%99beginn-Informationen-f%C3%BCr-Eltern-und-Kinder/Mein-Kind-braucht-Unterst%C3%BCtzung/Informationen-f%C3%BCr-Eltern-von-Kindern-mit-Behinderung'...
  -> Calling model for step 0.25...
  -> Success (3.2s, 1151 chars)
  -> Calling model for step 0.50...
  -> Success (2.6s, 864 chars)
  -> Calling model for step 0.75...
  -> Success (6.1s, 1537 chars)
[info] [472/860] Completed all steps for 'https://www.hannover.de/Leichte-Sprache/Lernen-und-Arbeiten/Lernen/Schul%E2%88%99beginn-Informationen-f%C3%BCr-Eltern-und-Kinder/Mein-Kind-braucht-Unterst%C3%BCtzung/Informationen-f%C3%BCr-Eltern-von-Kindern-mit-Behinderung'.
[info] [473/860] Generating steps [0.25, 0.5, 0.75] for 'https://www.hannover.de/Leichte-Sprache/Hilfe-und-Tipps/Sozial･leistungen/BuT-Leistungen-Leit∙faden-für-Mitarbeiter-in-Kitas/BuT-Leistungen-Kosten-für-Tages∙ausflüge-von-der-Kita'...
  -> Calling model for step 0.25...
  -> Success (7.3s, 3592 chars)
  -> Calling model for step 0.50...
  -> Success (7.9s, 3594 chars)
  -> Calling model for step 0.75...
  -> Success (8.1s, 3747 chars)
[info] [473/860] Completed all steps for 'https://www.hannover.de/Leichte-Sprache/Hilfe-und-Tipps/Sozial･leistungen/BuT-Leistungen-Leit∙faden-für-Mitarbeiter-in-Kitas/BuT-Leistungen-Kosten-für-Tages∙ausflüge-von-der-Kita'.
[info] [474/860] Generating steps [0.25, 0.5, 0.75] for 'https://www.hannover.de/Leichte-Sprache/Hilfe-und-Tipps/Sozial･leistungen/BuT-Leistungen-Leit∙faden-für-Mitarbeiter-in-Kitas/BuT-Leistungen-Kosten-für-Ausflüge-von-der-Kita-mit-Übernachtung'...
  -> Calling model for step 0.25...
  -> Success (7.2s, 4212 chars)
  -> Calling model for step 0.50...
  -> Success (6.3s, 4006 chars)
  -> Calling model for step 0.75...
  -> Success (8.6s, 4124 chars)
[info] [474/860] Completed all steps for 'https://www.hannover.de/Leichte-Sprache/Hilfe-und-Tipps/Sozial･leistungen/BuT-Leistungen-Leit∙faden-für-Mitarbeiter-in-Kitas/BuT-Leistungen-Kosten-für-Ausflüge-von-der-Kita-mit-Übernachtung'.
[info] [475/860] Generating steps [0.25, 0.5, 0.75] for 'https://www.hannover.de/Leichte-Sprache/Hilfe-und-Tipps/Sozial･leistungen/BuT-Leistungen-Leit∙faden-für-Mitarbeiter-in-Kitas/BuT-Leistungen-Kosten-für-das-Mittag∙essen-in-der-Kita'...
  -> Calling model for step 0.25...
  -> Success (7.5s, 3658 chars)
  -> Calling model for step 0.50...
  -> Success (5.4s, 3245 chars)
  -> Calling model for step 0.75...
  -> Success (6.8s, 3505 chars)
[info] [475/860] Completed all steps for 'https://www.hannover.de/Leichte-Sprache/Hilfe-und-Tipps/Sozial･leistungen/BuT-Leistungen-Leit∙faden-für-Mitarbeiter-in-Kitas/BuT-Leistungen-Kosten-für-das-Mittag∙essen-in-der-Kita'.
[info] [476/860] Generating steps [0.25, 0.5, 0.75] for 'https://www.hannover.de/Leichte-Sprache/Hilfe-und-Tipps/Sozial･leistungen/BuT-Leistungen-Leit∙faden-für-Mitarbeiter-in-Kitas/BuT-Leistungen-Kosten-für-Teilhabe∙aktivitäten-von-der-Kita'...
  -> Calling model for step 0.25...
  -> Success (6.9s, 4014 chars)
  -> Calling model for step 0.50...
  -> Success (8.1s, 4371 chars)
  -> Calling model for step 0.75...
  -> Success (6.9s, 3591 chars)
[info] [476/860] Completed all steps for 'https://www.hannover.de/Leichte-Sprache/Hilfe-und-Tipps/Sozial･leistungen/BuT-Leistungen-Leit∙faden-für-Mitarbeiter-in-Kitas/BuT-Leistungen-Kosten-für-Teilhabe∙aktivitäten-von-der-Kita'.
[info] [477/860] Generating steps [0.25, 0.5, 0.75] for 'https://www.hannover.de/Leichte-Sprache/Hilfe-und-Tipps/Sozial･leistungen/BuT-Leistungen-Leit∙faden-für-Mitarbeiter-in-Kitas/BuT-Leistungen-Weitere-Fragen'...
  -> Calling model for step 0.25...
  -> Success (4.3s, 1938 chars)
  -> Calling model for step 0.50...
  -> Success (4.8s, 2499 chars)
  -> Calling model for step 0.75...
  -> Success (4.9s, 1932 chars)
[info] [477/860] Completed all steps for 'https://www.hannover.de/Leichte-Sprache/Hilfe-und-Tipps/Sozial･leistungen/BuT-Leistungen-Leit∙faden-für-Mitarbeiter-in-Kitas/BuT-Leistungen-Weitere-Fragen'.
[info] [478/860] Generating steps [0.25, 0.5, 0.75] for 'http://www.hannover.de/Leichte-Sprache/Hilfe-und-Tipps/Förderung-von-Kultur-in-der-Region-Hannover/4.-Förderung-für-Spiel∙pläne'...
  -> Calling model for step 0.25...
  -> Success (6.0s, 2708 chars)
  -> Calling model for step 0.50...
  -> Success (6.9s, 2989 chars)
  -> Calling model for step 0.75...
  -> Success (4.9s, 1919 chars)
[info] [478/860] Completed all steps for 'http://www.hannover.de/Leichte-Sprache/Hilfe-und-Tipps/Förderung-von-Kultur-in-der-Region-Hannover/4.-Förderung-für-Spiel∙pläne'.
[info] [479/860] Generating steps [0.25, 0.5, 0.75] for 'https://www.hannover.de/Leichte-Sprache/Hilfe-und-Tipps/Beratung-und-Unterstützung/Beratung-für-Eltern.-Für-Kinder.-Und-für-Jugendliche/Familien∙beratung-und-Erziehungs∙beratung/Beratungs∙stellen-für-Eltern.-Für-Kinder.-Und-für-Jugendliche/Burgdorf-Beratungs∙stelle-für-Eltern.-Für-Kinder.-Und-für-Jugendliche/Gruppen∙angebot-für-Mütter-mit-Kindern-von-0-bis-12-Monaten'...
  -> Calling model for step 0.25...
  -> Success (3.5s, 2064 chars)
  -> Calling model for step 0.50...
  -> Success (3.1s, 1904 chars)
  -> Calling model for step 0.75...
  -> Success (3.1s, 1678 chars)
[info] [479/860] Completed all steps for 'https://www.hannover.de/Leichte-Sprache/Hilfe-und-Tipps/Beratung-und-Unterstützung/Beratung-für-Eltern.-Für-Kinder.-Und-für-Jugendliche/Familien∙beratung-und-Erziehungs∙beratung/Beratungs∙stellen-für-Eltern.-Für-Kinder.-Und-für-Jugendliche/Burgdorf-Beratungs∙stelle-für-Eltern.-Für-Kinder.-Und-für-Jugendliche/Gruppen∙angebot-für-Mütter-mit-Kindern-von-0-bis-12-Monaten'.
[info] [480/860] Generating steps [0.25, 0.5, 0.75] for 'http://www.hannover.de/Leichte-Sprache/Hilfe-und-Tipps/F%C3%B6rderung-von-Kultur-in-der-Region-Hannover'...
  -> Calling model for step 0.25...
  -> Success (5.4s, 2758 chars)
  -> Calling model for step 0.50...
  -> Success (3.8s, 2155 chars)
  -> Calling model for step 0.75...
  -> Success (3.0s, 1326 chars)
[info] [480/860] Completed all steps for 'http://www.hannover.de/Leichte-Sprache/Hilfe-und-Tipps/F%C3%B6rderung-von-Kultur-in-der-Region-Hannover'.
[info] [481/860] Generating steps [0.25, 0.5, 0.75] for 'https://web.archive.org/web/20220804230818/https://www.stadt-koeln.de/leben-in-koeln/soziales/unterhalts-vorschuss'...
  -> Calling model for step 0.25...
  -> Success (7.2s, 3696 chars)
  -> Calling model for step 0.50...
  -> Success (6.9s, 3164 chars)
  -> Calling model for step 0.75...
  -> Success (7.8s, 3438 chars)
[info] [481/860] Completed all steps for 'https://web.archive.org/web/20220804230818/https://www.stadt-koeln.de/leben-in-koeln/soziales/unterhalts-vorschuss'.
[info] [482/860] Generating steps [0.25, 0.5, 0.75] for 'https://web.archive.org/web/20220804230818/https://www.stadt-koeln.de/leben-in-koeln/soziales/widerspruch-gegen-die-weitergabe-von-ihren-melde-daten-einle'...
  -> Calling model for step 0.25...
  -> Success (5.3s, 3112 chars)
  -> Calling model for step 0.50...
  -> Success (5.0s, 3195 chars)
  -> Calling model for step 0.75...
  -> Success (5.7s, 2477 chars)
[info] [482/860] Completed all steps for 'https://web.archive.org/web/20220804230818/https://www.stadt-koeln.de/leben-in-koeln/soziales/widerspruch-gegen-die-weitergabe-von-ihren-melde-daten-einle'.
[info] [483/860] Generating steps [0.25, 0.5, 0.75] for 'https://web.archive.org/web/20220804230818/https://www.stadt-koeln.de/leben-in-koeln/soziales/wie-bekomme-ich-meinen-fuehrerschein-wieder'...
  -> Calling model for step 0.25...
  -> Success (8.7s, 4042 chars)
  -> Calling model for step 0.50...
  -> Success (9.1s, 5278 chars)
  -> Calling model for step 0.75...
  -> Success (10.0s, 5196 chars)
[info] [483/860] Completed all steps for 'https://web.archive.org/web/20220804230818/https://www.stadt-koeln.de/leben-in-koeln/soziales/wie-bekomme-ich-meinen-fuehrerschein-wieder'.
[info] [484/860] Generating steps [0.25, 0.5, 0.75] for 'https://web.archive.org/web/20220804230818/https://www.stadt-koeln.de/leben-in-koeln/soziales/geburts-namen-oder-frueheren-namen-wieder-bekommen'...
  -> Calling model for step 0.25...
  -> Success (4.8s, 1874 chars)
  -> Calling model for step 0.50...
  -> Success (3.7s, 1994 chars)
  -> Calling model for step 0.75...
  -> Success (4.2s, 1900 chars)
[info] [484/860] Completed all steps for 'https://web.archive.org/web/20220804230818/https://www.stadt-koeln.de/leben-in-koeln/soziales/geburts-namen-oder-frueheren-namen-wieder-bekommen'.
[info] [485/860] Generating steps [0.25, 0.5, 0.75] for 'https://web.archive.org/web/20220804230818/https://www.stadt-koeln.de/leben-in-koeln/soziales/fahrzeug-koeln-ummelden'...
  -> Calling model for step 0.25...
  -> Success (5.5s, 2943 chars)
  -> Calling model for step 0.50...
  -> Success (5.9s, 3194 chars)
  -> Calling model for step 0.75...
  -> Success (6.1s, 2575 chars)
[info] [485/860] Completed all steps for 'https://web.archive.org/web/20220804230818/https://www.stadt-koeln.de/leben-in-koeln/soziales/fahrzeug-koeln-ummelden'.
[info] [486/860] Generating steps [0.25, 0.5, 0.75] for 'https://web.archive.org/web/20220804230818/https://www.stadt-koeln.de/leben-in-koeln/soziales/aidshiv-test'...
  -> Calling model for step 0.25...
  -> Success (5.5s, 2967 chars)
  -> Calling model for step 0.50...
  -> Success (5.9s, 2985 chars)
  -> Calling model for step 0.75...
  -> Success (6.3s, 2628 chars)
[info] [486/860] Completed all steps for 'https://web.archive.org/web/20220804230818/https://www.stadt-koeln.de/leben-in-koeln/soziales/aidshiv-test'.
[info] [487/860] Generating steps [0.25, 0.5, 0.75] for 'https://web.archive.org/web/20220804230818/https://www.stadt-koeln.de/leben-in-koeln/soziales/geburt-von-einem-im-ausland-geborenen-kind-eintragen-lassen'...
  -> Calling model for step 0.25...
  -> Success (3.4s, 1774 chars)
  -> Calling model for step 0.50...
  -> Success (3.8s, 1708 chars)
  -> Calling model for step 0.75...
  -> Success (3.2s, 1629 chars)
[info] [487/860] Completed all steps for 'https://web.archive.org/web/20220804230818/https://www.stadt-koeln.de/leben-in-koeln/soziales/geburt-von-einem-im-ausland-geborenen-kind-eintragen-lassen'.
[info] [488/860] Generating steps [0.25, 0.5, 0.75] for 'https://web.archive.org/web/20220804230818/https://www.stadt-koeln.de/leben-in-koeln/soziales/fischer-pruefung'...
  -> Calling model for step 0.25...
  -> Success (11.2s, 4474 chars)
  -> Calling model for step 0.50...
  -> Success (6.7s, 3923 chars)
  -> Calling model for step 0.75...
  -> Success (7.3s, 4170 chars)
[info] [488/860] Completed all steps for 'https://web.archive.org/web/20220804230818/https://www.stadt-koeln.de/leben-in-koeln/soziales/fischer-pruefung'.
[info] [489/860] Generating steps [0.25, 0.5, 0.75] for 'https://web.archive.org/web/20220804230818/https://www.stadt-koeln.de/leben-in-koeln/soziales/beratung-fuer-menschen-aus-dem-ausland-zum-anmelden-einer-ehe'...
  -> Calling model for step 0.25...
  -> Success (5.4s, 2736 chars)
  -> Calling model for step 0.50...
  -> Success (5.2s, 2283 chars)
  -> Calling model for step 0.75...
  -> Success (5.3s, 2525 chars)
[info] [489/860] Completed all steps for 'https://web.archive.org/web/20220804230818/https://www.stadt-koeln.de/leben-in-koeln/soziales/beratung-fuer-menschen-aus-dem-ausland-zum-anmelden-einer-ehe'.
[info] [490/860] Generating steps [0.25, 0.5, 0.75] for 'https://web.archive.org/web/20220804230818/https://www.stadt-koeln.de/leben-in-koeln/soziales/neues-fahrzeug-zulassen'...
  -> Calling model for step 0.25...
  -> Success (6.2s, 3475 chars)
  -> Calling model for step 0.50...
  -> Success (6.5s, 2955 chars)
  -> Calling model for step 0.75...
  -> Success (5.6s, 3205 chars)
[info] [490/860] Completed all steps for 'https://web.archive.org/web/20220804230818/https://www.stadt-koeln.de/leben-in-koeln/soziales/neues-fahrzeug-zulassen'.
[info] [491/860] Generating steps [0.25, 0.5, 0.75] for 'https://web.archive.org/web/20220804230818/https://www.stadt-koeln.de/leben-in-koeln/soziales/behinderung/beratungs-telefon-fuer-menschen-mit-behinderung-senioren-und-seniorinnen'...
  -> Calling model for step 0.25...
  -> Success (3.7s, 1537 chars)
  -> Calling model for step 0.50...
  -> Success (2.5s, 1372 chars)
  -> Calling model for step 0.75...
  -> Success (4.1s, 1629 chars)
[info] [491/860] Completed all steps for 'https://web.archive.org/web/20220804230818/https://www.stadt-koeln.de/leben-in-koeln/soziales/behinderung/beratungs-telefon-fuer-menschen-mit-behinderung-senioren-und-seniorinnen'.
[info] [492/860] Generating steps [0.25, 0.5, 0.75] for 'https://web.archive.org/web/20220804230818/https://www.stadt-koeln.de/leben-in-koeln/soziales/vornamen-oder-nachnamen-aendern'...
  -> Calling model for step 0.25...
  -> Success (6.5s, 3367 chars)
  -> Calling model for step 0.50...
  -> Success (6.3s, 3193 chars)
  -> Calling model for step 0.75...
  -> Success (5.9s, 2700 chars)
[info] [492/860] Completed all steps for 'https://web.archive.org/web/20220804230818/https://www.stadt-koeln.de/leben-in-koeln/soziales/vornamen-oder-nachnamen-aendern'.
[info] [493/860] Generating steps [0.25, 0.5, 0.75] for 'https://web.archive.org/web/20220804230818/https://www.stadt-koeln.de/leben-in-koeln/soziales/pflege-eltern-werden'...
  -> Calling model for step 0.25...
  -> Success (7.5s, 3475 chars)
  -> Calling model for step 0.50...
  -> Success (6.8s, 3307 chars)
  -> Calling model for step 0.75...
  -> Success (5.6s, 2942 chars)
[info] [493/860] Completed all steps for 'https://web.archive.org/web/20220804230818/https://www.stadt-koeln.de/leben-in-koeln/soziales/pflege-eltern-werden'.
[info] [494/860] Generating steps [0.25, 0.5, 0.75] for 'https://web.archive.org/web/20220804230818/https://www.stadt-koeln.de/leben-in-koeln/soziales/behinderung/tages-pflege-hilfe-bei-den-kosten'...
  -> Calling model for step 0.25...
  -> Success (4.3s, 1914 chars)
  -> Calling model for step 0.50...
  -> Success (3.9s, 1737 chars)
  -> Calling model for step 0.75...
  -> Success (5.3s, 1873 chars)
[info] [494/860] Completed all steps for 'https://web.archive.org/web/20220804230818/https://www.stadt-koeln.de/leben-in-koeln/soziales/behinderung/tages-pflege-hilfe-bei-den-kosten'.
[info] [495/860] Generating steps [0.25, 0.5, 0.75] for 'https://web.archive.org/web/20220804230818/https://www.stadt-koeln.de/leben-in-koeln/soziales/ehe-faehigkeits-zeugnis-fuer-eine-heirat-im-ausland'...
  -> Calling model for step 0.25...
  -> Success (10.9s, 5194 chars)
  -> Calling model for step 0.50...
  -> Success (9.1s, 4294 chars)
  -> Calling model for step 0.75...
  -> Success (7.4s, 4139 chars)
[info] [495/860] Completed all steps for 'https://web.archive.org/web/20220804230818/https://www.stadt-koeln.de/leben-in-koeln/soziales/ehe-faehigkeits-zeugnis-fuer-eine-heirat-im-ausland'.
[info] [496/860] Generating steps [0.25, 0.5, 0.75] for 'https://web.archive.org/web/20220804230818/https://www.stadt-koeln.de/leben-in-koeln/soziales/weitere-geburts-urkunde-bestellen'...
  -> Calling model for step 0.25...
  -> Success (4.9s, 2802 chars)
  -> Calling model for step 0.50...
  -> Success (4.3s, 2362 chars)
  -> Calling model for step 0.75...
  -> Success (4.7s, 2420 chars)
[info] [496/860] Completed all steps for 'https://web.archive.org/web/20220804230818/https://www.stadt-koeln.de/leben-in-koeln/soziales/weitere-geburts-urkunde-bestellen'.
[info] [497/860] Generating steps [0.25, 0.5, 0.75] for 'https://web.archive.org/web/20220804230818/https://www.stadt-koeln.de/leben-in-koeln/soziales/trau-termin-im-internet-vormerken'...
  -> Calling model for step 0.25...
  -> Success (9.2s, 4580 chars)
  -> Calling model for step 0.50...
  -> Success (6.6s, 4025 chars)
  -> Calling model for step 0.75...
  -> Success (8.8s, 3681 chars)
[info] [497/860] Completed all steps for 'https://web.archive.org/web/20220804230818/https://www.stadt-koeln.de/leben-in-koeln/soziales/trau-termin-im-internet-vormerken'.
[info] [498/860] Generating steps [0.25, 0.5, 0.75] for 'https://web.archive.org/web/20220804230818/https://www.stadt-koeln.de/leben-in-koeln/soziales/wohn-geld'...
  -> Calling model for step 0.25...
  -> Success (7.7s, 2906 chars)
  -> Calling model for step 0.50...
  -> Success (5.4s, 2732 chars)
  -> Calling model for step 0.75...
  -> Success (8.0s, 3007 chars)
[info] [498/860] Completed all steps for 'https://web.archive.org/web/20220804230818/https://www.stadt-koeln.de/leben-in-koeln/soziales/wohn-geld'.
[info] [499/860] Generating steps [0.25, 0.5, 0.75] for 'https://web.archive.org/web/20220804230818/https://www.stadt-koeln.de/leben-in-koeln/soziales/kurz-zeit-kennzeichen'...
  -> Calling model for step 0.25...
  -> Success (5.0s, 2855 chars)
  -> Calling model for step 0.50...
  -> Success (7.0s, 2846 chars)
  -> Calling model for step 0.75...
  -> Success (5.4s, 2606 chars)
[info] [499/860] Completed all steps for 'https://web.archive.org/web/20220804230818/https://www.stadt-koeln.de/leben-in-koeln/soziales/kurz-zeit-kennzeichen'.
[info] [500/860] Generating steps [0.25, 0.5, 0.75] for 'https://web.archive.org/web/20220804230818/https://www.stadt-koeln.de/leben-in-koeln/soziales/tages-pflege-fuer-ihr-kind'...
  -> Calling model for step 0.25...
  -> Success (7.4s, 3156 chars)
  -> Calling model for step 0.50...
  -> Success (4.6s, 2961 chars)
  -> Calling model for step 0.75...
  -> Success (6.1s, 2748 chars)
[info] [500/860] Completed all steps for 'https://web.archive.org/web/20220804230818/https://www.stadt-koeln.de/leben-in-koeln/soziales/tages-pflege-fuer-ihr-kind'.
[info] [501/860] Generating steps [0.25, 0.5, 0.75] for 'https://web.archive.org/web/20220804230818/https://www.stadt-koeln.de/leben-in-koeln/soziales/behinderung/foerderung-fuer-selbsthilfe-gruppen-im-sozialen-bereich'...
  -> Calling model for step 0.25...
  -> Success (3.6s, 1928 chars)
  -> Calling model for step 0.50...
  -> Success (3.5s, 1906 chars)
  -> Calling model for step 0.75...
  -> Success (4.3s, 1823 chars)
[info] [501/860] Completed all steps for 'https://web.archive.org/web/20220804230818/https://www.stadt-koeln.de/leben-in-koeln/soziales/behinderung/foerderung-fuer-selbsthilfe-gruppen-im-sozialen-bereich'.
[info] [502/860] Generating steps [0.25, 0.5, 0.75] for 'https://web.archive.org/web/20220804230818/https://www.stadt-koeln.de/leben-in-koeln/soziales/fahrzeug-von-einem-anderen-ort-deutschland-nach-koeln-umschreiben'...
  -> Calling model for step 0.25...
  -> Success (9.1s, 3609 chars)
  -> Calling model for step 0.50...
  -> Success (6.2s, 3078 chars)
  -> Calling model for step 0.75...
  -> Success (6.3s, 2753 chars)
[info] [502/860] Completed all steps for 'https://web.archive.org/web/20220804230818/https://www.stadt-koeln.de/leben-in-koeln/soziales/fahrzeug-von-einem-anderen-ort-deutschland-nach-koeln-umschreiben'.
[info] [503/860] Generating steps [0.25, 0.5, 0.75] for 'https://web.archive.org/web/20220804230818/https://www.stadt-koeln.de/leben-in-koeln/soziales/wohn-berechtigungs-schein-wbs'...
  -> Calling model for step 0.25...
  -> Success (12.0s, 4205 chars)
  -> Calling model for step 0.50...
  -> Success (10.2s, 4883 chars)
  -> Calling model for step 0.75...
  -> Success (8.7s, 3994 chars)
[info] [503/860] Completed all steps for 'https://web.archive.org/web/20220804230818/https://www.stadt-koeln.de/leben-in-koeln/soziales/wohn-berechtigungs-schein-wbs'.
[info] [504/860] Generating steps [0.25, 0.5, 0.75] for 'https://web.archive.org/web/20220804230818/https://www.stadt-koeln.de/leben-in-koeln/soziales/vorlaeufiger-reise-pass'...
  -> Calling model for step 0.25...
  -> Success (8.3s, 3769 chars)
  -> Calling model for step 0.50...
  -> Success (8.5s, 4118 chars)
  -> Calling model for step 0.75...
  -> Success (6.7s, 3590 chars)
[info] [504/860] Completed all steps for 'https://web.archive.org/web/20220804230818/https://www.stadt-koeln.de/leben-in-koeln/soziales/vorlaeufiger-reise-pass'.
[info] [505/860] Generating steps [0.25, 0.5, 0.75] for 'https://web.archive.org/web/20220804230818/https://www.stadt-koeln.de/leben-in-koeln/soziales/eltern-beitrag-fuer-die-kinder-tages-einrichtung'...
  -> Calling model for step 0.25...
  -> Success (6.3s, 3573 chars)
  -> Calling model for step 0.50...
  -> Success (6.0s, 2897 chars)
  -> Calling model for step 0.75...
  -> Success (5.5s, 2457 chars)
[info] [505/860] Completed all steps for 'https://web.archive.org/web/20220804230818/https://www.stadt-koeln.de/leben-in-koeln/soziales/eltern-beitrag-fuer-die-kinder-tages-einrichtung'.
[info] [506/860] Generating steps [0.25, 0.5, 0.75] for 'https://web.archive.org/web/20220804230818/https://www.stadt-koeln.de/leben-in-koeln/soziales/vorlaeufiger-personal-ausweis'...
  -> Calling model for step 0.25...
  -> Success (5.8s, 3244 chars)
  -> Calling model for step 0.50...
  -> Success (5.5s, 3206 chars)
  -> Calling model for step 0.75...
  -> Success (9.8s, 4057 chars)
[info] [506/860] Completed all steps for 'https://web.archive.org/web/20220804230818/https://www.stadt-koeln.de/leben-in-koeln/soziales/vorlaeufiger-personal-ausweis'.
[info] [507/860] Generating steps [0.25, 0.5, 0.75] for 'https://web.archive.org/web/20220804230818/https://www.stadt-koeln.de/leben-in-koeln/soziales/geburts-urkunde-beantragen'...
  -> Calling model for step 0.25...
  -> Success (7.4s, 3347 chars)
  -> Calling model for step 0.50...
  -> Success (5.2s, 3106 chars)
  -> Calling model for step 0.75...
  -> Success (6.3s, 2898 chars)
[info] [507/860] Completed all steps for 'https://web.archive.org/web/20220804230818/https://www.stadt-koeln.de/leben-in-koeln/soziales/geburts-urkunde-beantragen'.
[info] [508/860] Generating steps [0.25, 0.5, 0.75] for 'https://web.archive.org/web/20220804230818/https://www.stadt-koeln.de/leben-in-koeln/soziales/wohnsitz-zu-einer-anderen-adresse-koeln-ummelden'...
  -> Calling model for step 0.25...
  -> Success (5.2s, 3136 chars)
  -> Calling model for step 0.50...
  -> Success (7.5s, 2863 chars)
  -> Calling model for step 0.75...
  -> Success (5.5s, 2816 chars)
[info] [508/860] Completed all steps for 'https://web.archive.org/web/20220804230818/https://www.stadt-koeln.de/leben-in-koeln/soziales/wohnsitz-zu-einer-anderen-adresse-koeln-ummelden'.
[info] [509/860] Generating steps [0.25, 0.5, 0.75] for 'https://web.archive.org/web/20220804230818/https://www.stadt-koeln.de/leben-in-koeln/soziales/wohnsitz-zum-ersten-mal-koeln-anmelden'...
  -> Calling model for step 0.25...
  -> Success (6.1s, 3873 chars)
  -> Calling model for step 0.50...
  -> Success (5.8s, 2928 chars)
  -> Calling model for step 0.75...
  -> Success (8.5s, 3610 chars)
[info] [509/860] Completed all steps for 'https://web.archive.org/web/20220804230818/https://www.stadt-koeln.de/leben-in-koeln/soziales/wohnsitz-zum-ersten-mal-koeln-anmelden'.
[info] [510/860] Generating steps [0.25, 0.5, 0.75] for 'https://web.archive.org/web/20220804230818/https://www.stadt-koeln.de/leben-in-koeln/soziales/vaterschaft-anerkennen'...
  -> Calling model for step 0.25...
  -> Success (4.3s, 2157 chars)
  -> Calling model for step 0.50...
  -> Success (5.1s, 2448 chars)
  -> Calling model for step 0.75...
  -> Success (4.4s, 1648 chars)
[info] [510/860] Completed all steps for 'https://web.archive.org/web/20220804230818/https://www.stadt-koeln.de/leben-in-koeln/soziales/vaterschaft-anerkennen'.
[info] [511/860] Generating steps [0.25, 0.5, 0.75] for 'https://web.archive.org/web/20220804230818/https://www.stadt-koeln.de/leben-in-koeln/soziales/soziale-leistungen-fuer-auslaender'...
  -> Calling model for step 0.25...
  -> Success (4.9s, 1982 chars)
  -> Calling model for step 0.50...
  -> Success (4.7s, 1811 chars)
  -> Calling model for step 0.75...
  -> Success (5.7s, 2483 chars)
[info] [511/860] Completed all steps for 'https://web.archive.org/web/20220804230818/https://www.stadt-koeln.de/leben-in-koeln/soziales/soziale-leistungen-fuer-auslaender'.
[info] [512/860] Generating steps [0.25, 0.5, 0.75] for 'https://web.archive.org/web/20220804230818/https://www.stadt-koeln.de/leben-in-koeln/soziales/behinderung/merk-zeichen-im-schwer-behinderten-ausweis'...
  -> Calling model for step 0.25...
  -> Success (7.7s, 3873 chars)
  -> Calling model for step 0.50...
  -> Success (8.5s, 4328 chars)
  -> Calling model for step 0.75...
  -> Success (5.8s, 3658 chars)
[info] [512/860] Completed all steps for 'https://web.archive.org/web/20220804230818/https://www.stadt-koeln.de/leben-in-koeln/soziales/behinderung/merk-zeichen-im-schwer-behinderten-ausweis'.
[info] [513/860] Generating steps [0.25, 0.5, 0.75] for 'https://web.archive.org/web/20220804230818/https://www.stadt-koeln.de/leben-in-koeln/soziales/behinderung/schwer-behinderten-ausweis-beiblatt-mit-wert-marke'...
  -> Calling model for step 0.25...
  -> Success (3.0s, 1194 chars)
  -> Calling model for step 0.50...
  -> Success (3.5s, 1131 chars)
  -> Calling model for step 0.75...
  -> Success (4.3s, 1161 chars)
[info] [513/860] Completed all steps for 'https://web.archive.org/web/20220804230818/https://www.stadt-koeln.de/leben-in-koeln/soziales/behinderung/schwer-behinderten-ausweis-beiblatt-mit-wert-marke'.
[info] [514/860] Generating steps [0.25, 0.5, 0.75] for 'https://web.archive.org/web/20220804230818/https://www.stadt-koeln.de/leben-in-koeln/soziales/ehe-urkunde-bestellen'...
  -> Calling model for step 0.25...
  -> Success (6.6s, 2958 chars)
  -> Calling model for step 0.50...
  -> Success (5.9s, 3066 chars)
  -> Calling model for step 0.75...
  -> Success (4.7s, 2694 chars)
[info] [514/860] Completed all steps for 'https://web.archive.org/web/20220804230818/https://www.stadt-koeln.de/leben-in-koeln/soziales/ehe-urkunde-bestellen'.
[info] [515/860] Generating steps [0.25, 0.5, 0.75] for 'https://web.archive.org/web/20220804230818/https://www.stadt-koeln.de/leben-in-koeln/soziales/weitere-sterbe-urkunde-bestellen'...
  -> Calling model for step 0.25...
  -> Success (4.6s, 2709 chars)
  -> Calling model for step 0.50...
  -> Success (4.6s, 2621 chars)
  -> Calling model for step 0.75...
  -> Success (5.3s, 2566 chars)
[info] [515/860] Completed all steps for 'https://web.archive.org/web/20220804230818/https://www.stadt-koeln.de/leben-in-koeln/soziales/weitere-sterbe-urkunde-bestellen'.
[info] [516/860] Generating steps [0.25, 0.5, 0.75] for 'https://web.archive.org/web/20220804230818/https://www.stadt-koeln.de/leben-in-koeln/soziales/nachweis-fuer-die-arbeit-mit-lebensmitteln'...
  -> Calling model for step 0.25...
  -> Success (8.8s, 3683 chars)
  -> Calling model for step 0.50...
  -> Success (6.8s, 3172 chars)
  -> Calling model for step 0.75...
  -> Success (6.8s, 3163 chars)
[info] [516/860] Completed all steps for 'https://web.archive.org/web/20220804230818/https://www.stadt-koeln.de/leben-in-koeln/soziales/nachweis-fuer-die-arbeit-mit-lebensmitteln'.
[info] [517/860] Generating steps [0.25, 0.5, 0.75] for 'https://web.archive.org/web/20220804230818/https://www.stadt-koeln.de/leben-in-koeln/soziales/behinderung/senioren-beratung'...
  -> Calling model for step 0.25...
  -> Success (3.2s, 1442 chars)
  -> Calling model for step 0.50...
  -> Success (2.8s, 1242 chars)
  -> Calling model for step 0.75...
  -> Success (3.1s, 1296 chars)
[info] [517/860] Completed all steps for 'https://web.archive.org/web/20220804230818/https://www.stadt-koeln.de/leben-in-koeln/soziales/behinderung/senioren-beratung'.
[info] [518/860] Generating steps [0.25, 0.5, 0.75] for 'https://web.archive.org/web/20220804230818/https://www.stadt-koeln.de/leben-in-koeln/soziales/behinderung/gesetzliche-betreuung'...
  -> Calling model for step 0.25...
  -> Success (7.0s, 3216 chars)
  -> Calling model for step 0.50...
  -> Success (7.0s, 3548 chars)
  -> Calling model for step 0.75...
  -> Success (5.6s, 3060 chars)
[info] [518/860] Completed all steps for 'https://web.archive.org/web/20220804230818/https://www.stadt-koeln.de/leben-in-koeln/soziales/behinderung/gesetzliche-betreuung'.
[info] [519/860] Generating steps [0.25, 0.5, 0.75] for 'https://web.archive.org/web/20220804230818/https://www.stadt-koeln.de/leben-in-koeln/soziales/inter-nationaler-fuehrer-schein'...
  -> Calling model for step 0.25...
  -> Success (5.7s, 1950 chars)
  -> Calling model for step 0.50...
  -> Success (3.8s, 2469 chars)
  -> Calling model for step 0.75...
  -> Success (5.3s, 2338 chars)
[info] [519/860] Completed all steps for 'https://web.archive.org/web/20220804230818/https://www.stadt-koeln.de/leben-in-koeln/soziales/inter-nationaler-fuehrer-schein'.
[info] [520/860] Generating steps [0.25, 0.5, 0.75] for 'https://web.archive.org/web/20210122220843/https://www.lebenshilfe-main-taunus.de/ls/reisen.html'...
  -> Calling model for step 0.25...
  -> Success (3.5s, 673 chars)
  -> Calling model for step 0.50...
  -> Success (3.0s, 698 chars)
  -> Calling model for step 0.75...
  -> Success (3.5s, 690 chars)
[info] [520/860] Completed all steps for 'https://web.archive.org/web/20210122220843/https://www.lebenshilfe-main-taunus.de/ls/reisen.html'.
[info] [521/860] Generating steps [0.25, 0.5, 0.75] for 'https://web.archive.org/web/20210122220843/https://www.lebenshilfe-main-taunus.de/ls/haus-flesch.html'...
  -> Calling model for step 0.25...
  -> Success (3.5s, 1129 chars)
  -> Calling model for step 0.50...
  -> Success (3.5s, 1449 chars)
  -> Calling model for step 0.75...
  -> Success (5.8s, 1552 chars)
[info] [521/860] Completed all steps for 'https://web.archive.org/web/20210122220843/https://www.lebenshilfe-main-taunus.de/ls/haus-flesch.html'.
[info] [522/860] Generating steps [0.25, 0.5, 0.75] for 'https://web.archive.org/web/20210122220843/https://www.lebenshilfe-main-taunus.de/ls/wohnheime.html'...
  -> Calling model for step 0.25...
  -> Success (4.4s, 932 chars)
  -> Calling model for step 0.50...
  -> Success (3.9s, 980 chars)
  -> Calling model for step 0.75...
  -> Success (5.2s, 831 chars)
[info] [522/860] Completed all steps for 'https://web.archive.org/web/20210122220843/https://www.lebenshilfe-main-taunus.de/ls/wohnheime.html'.
[info] [523/860] Generating steps [0.25, 0.5, 0.75] for 'https://web.archive.org/web/20210122220843/https://www.lebenshilfe-main-taunus.de/ls/die-kunst-gruppe.html'...
  -> Calling model for step 0.25...
  -> Success (5.8s, 2840 chars)
  -> Calling model for step 0.50...
  -> Success (5.1s, 2781 chars)
  -> Calling model for step 0.75...
  -> Success (6.2s, 2406 chars)
[info] [523/860] Completed all steps for 'https://web.archive.org/web/20210122220843/https://www.lebenshilfe-main-taunus.de/ls/die-kunst-gruppe.html'.
[info] [524/860] Generating steps [0.25, 0.5, 0.75] for 'https://web.archive.org/web/20210122220843/https://www.lebenshilfe-main-taunus.de/ls/was-wir-bieten.html'...
  -> Calling model for step 0.25...
  -> Success (5.8s, 2332 chars)
  -> Calling model for step 0.50...
  -> Success (4.6s, 2189 chars)
  -> Calling model for step 0.75...
  -> Success (5.2s, 2310 chars)
[info] [524/860] Completed all steps for 'https://web.archive.org/web/20210122220843/https://www.lebenshilfe-main-taunus.de/ls/was-wir-bieten.html'.
[info] [525/860] Generating steps [0.25, 0.5, 0.75] for 'https://web.archive.org/web/20210122220843/https://www.lebenshilfe-main-taunus.de/ls/buecherei-126.html'...
  -> Calling model for step 0.25...
  -> Success (3.6s, 686 chars)
  -> Calling model for step 0.50...
  -> Success (2.7s, 701 chars)
  -> Calling model for step 0.75...
  -> Success (3.7s, 712 chars)
[info] [525/860] Completed all steps for 'https://web.archive.org/web/20210122220843/https://www.lebenshilfe-main-taunus.de/ls/buecherei-126.html'.
[info] [526/860] Generating steps [0.25, 0.5, 0.75] for 'https://web.archive.org/web/20210122220843/https://www.lebenshilfe-main-taunus.de/ls/infos.html-1529997863.html'...
  -> Calling model for step 0.25...
  -> Success (4.2s, 1492 chars)
  -> Calling model for step 0.50...
  -> Success (4.6s, 1569 chars)
  -> Calling model for step 0.75...
  -> Success (4.3s, 1593 chars)
[info] [526/860] Completed all steps for 'https://web.archive.org/web/20210122220843/https://www.lebenshilfe-main-taunus.de/ls/infos.html-1529997863.html'.
[info] [527/860] Generating steps [0.25, 0.5, 0.75] for 'https://web.archive.org/web/20210122220843/https://www.lebenshilfe-main-taunus.de/ls/texte-in-leichter-sprache.html'...
  -> Calling model for step 0.25...
  -> Success (3.9s, 2130 chars)
  -> Calling model for step 0.50...
  -> Success (3.7s, 1784 chars)
  -> Calling model for step 0.75...
  -> Success (3.5s, 1994 chars)
[info] [527/860] Completed all steps for 'https://web.archive.org/web/20210122220843/https://www.lebenshilfe-main-taunus.de/ls/texte-in-leichter-sprache.html'.
[info] [528/860] Generating steps [0.25, 0.5, 0.75] for 'https://web.archive.org/web/20210122220843/https://www.lebenshilfe-main-taunus.de/ls/familien-unterstuetzender-dienst.html'...
  -> Calling model for step 0.25...
  -> Success (3.9s, 1864 chars)
  -> Calling model for step 0.50...
  -> Success (3.2s, 1868 chars)
  -> Calling model for step 0.75...
  -> Success (5.8s, 1993 chars)
[info] [528/860] Completed all steps for 'https://web.archive.org/web/20210122220843/https://www.lebenshilfe-main-taunus.de/ls/familien-unterstuetzender-dienst.html'.
[info] [529/860] Generating steps [0.25, 0.5, 0.75] for 'https://web.archive.org/web/20210122220843/https://www.lebenshilfe-main-taunus.de/ls/treffpunkt-leichte-sprache-m-65/'...
  -> Calling model for step 0.25...
  -> Success (3.6s, 1079 chars)
  -> Calling model for step 0.50...
  -> Success (3.4s, 998 chars)
  -> Calling model for step 0.75...
  -> Success (5.2s, 1051 chars)
[info] [529/860] Completed all steps for 'https://web.archive.org/web/20210122220843/https://www.lebenshilfe-main-taunus.de/ls/treffpunkt-leichte-sprache-m-65/'.
[info] [530/860] Generating steps [0.25, 0.5, 0.75] for 'https://web.archive.org/web/20210122220843/https://www.lebenshilfe-main-taunus.de/ls/wohnheim-haus-walburga.html'...
  -> Calling model for step 0.25...
  -> Success (3.1s, 1560 chars)
  -> Calling model for step 0.50...
  -> Success (3.6s, 1329 chars)
  -> Calling model for step 0.75...
  -> Success (3.7s, 1544 chars)
[info] [530/860] Completed all steps for 'https://web.archive.org/web/20210122220843/https://www.lebenshilfe-main-taunus.de/ls/wohnheim-haus-walburga.html'.
[info] [531/860] Generating steps [0.25, 0.5, 0.75] for 'https://web.archive.org/web/20210122220843/https://www.lebenshilfe-main-taunus.de/ls/helfen.html'...
  -> Calling model for step 0.25...
  -> Success (4.1s, 1752 chars)
  -> Calling model for step 0.50...
  -> Success (3.1s, 1602 chars)
  -> Calling model for step 0.75...
  -> Success (3.8s, 1432 chars)
[info] [531/860] Completed all steps for 'https://web.archive.org/web/20210122220843/https://www.lebenshilfe-main-taunus.de/ls/helfen.html'.
[info] [532/860] Generating steps [0.25, 0.5, 0.75] for 'https://web.archive.org/web/20210122220843/https://www.lebenshilfe-main-taunus.de/ls/betreutes-wohnen.html'...
  -> Calling model for step 0.25...
  -> Success (3.2s, 1075 chars)
  -> Calling model for step 0.50...
  -> Success (3.8s, 1190 chars)
  -> Calling model for step 0.75...
  -> Success (3.5s, 983 chars)
[info] [532/860] Completed all steps for 'https://web.archive.org/web/20210122220843/https://www.lebenshilfe-main-taunus.de/ls/betreutes-wohnen.html'.
[info] [533/860] Generating steps [0.25, 0.5, 0.75] for 'https://web.archive.org/web/20210122220843/https://www.lebenshilfe-main-taunus.de/ls/weitere-informationen-zum-betreuten-wohnen.html'...
  -> Calling model for step 0.25...
  -> Success (5.4s, 2476 chars)
  -> Calling model for step 0.50...
  -> Success (5.6s, 2418 chars)
  -> Calling model for step 0.75...
  -> Success (3.7s, 1698 chars)
[info] [533/860] Completed all steps for 'https://web.archive.org/web/20210122220843/https://www.lebenshilfe-main-taunus.de/ls/weitere-informationen-zum-betreuten-wohnen.html'.
[info] [534/860] Generating steps [0.25, 0.5, 0.75] for 'https://web.archive.org/web/20210122220843/https://www.lebenshilfe-main-taunus.de/ls/das-haus-wehr.html'...
  -> Calling model for step 0.25...
  -> Success (3.7s, 949 chars)
  -> Calling model for step 0.50...
  -> Success (2.6s, 822 chars)
  -> Calling model for step 0.75...
  -> Success (3.1s, 860 chars)
[info] [534/860] Completed all steps for 'https://web.archive.org/web/20210122220843/https://www.lebenshilfe-main-taunus.de/ls/das-haus-wehr.html'.
[info] [535/860] Generating steps [0.25, 0.5, 0.75] for 'https://web.archive.org/web/20210122220843/https://www.lebenshilfe-main-taunus.de/ls/infos-zu-leichter-sprache.html'...
  -> Calling model for step 0.25...
  -> Success (5.6s, 2313 chars)
  -> Calling model for step 0.50...
  -> Success (4.5s, 2510 chars)
  -> Calling model for step 0.75...
  -> Success (3.7s, 2140 chars)
[info] [535/860] Completed all steps for 'https://web.archive.org/web/20210122220843/https://www.lebenshilfe-main-taunus.de/ls/infos-zu-leichter-sprache.html'.
[info] [536/860] Generating steps [0.25, 0.5, 0.75] for 'https://web.archive.org/web/20210122220843/https://www.lebenshilfe-main-taunus.de/ls/wohnheim-floersheim.html'...
  -> Calling model for step 0.25...
  -> Success (3.1s, 1679 chars)
  -> Calling model for step 0.50...
  -> Success (4.7s, 1343 chars)
  -> Calling model for step 0.75...
  -> Success (4.8s, 1321 chars)
[info] [536/860] Completed all steps for 'https://web.archive.org/web/20210122220843/https://www.lebenshilfe-main-taunus.de/ls/wohnheim-floersheim.html'.
[info] [537/860] Generating steps [0.25, 0.5, 0.75] for 'https://web.archive.org/web/20210122220843/https://www.lebenshilfe-main-taunus.de/ls/freizeit-und-kunst-m-30/'...
  -> Calling model for step 0.25...
  -> Success (3.3s, 923 chars)
  -> Calling model for step 0.50...
  -> Success (2.3s, 873 chars)
  -> Calling model for step 0.75...
  -> Success (1.9s, 799 chars)
[info] [537/860] Completed all steps for 'https://web.archive.org/web/20210122220843/https://www.lebenshilfe-main-taunus.de/ls/freizeit-und-kunst-m-30/'.
[info] [538/860] Generating steps [0.25, 0.5, 0.75] for 'https://web.archive.org/web/20210122220843/https://www.lebenshilfe-main-taunus.de/ls/kunst.html'...
  -> Calling model for step 0.25...
  -> Success (2.2s, 1171 chars)
  -> Calling model for step 0.50...
  -> Success (3.0s, 1184 chars)
  -> Calling model for step 0.75...
  -> Success (4.8s, 989 chars)
[info] [538/860] Completed all steps for 'https://web.archive.org/web/20210122220843/https://www.lebenshilfe-main-taunus.de/ls/kunst.html'.
[info] [539/860] Generating steps [0.25, 0.5, 0.75] for 'https://web.archive.org/web/20210122220843/https://www.lebenshilfe-main-taunus.de/ls/buecherei-74.html'...
  -> Calling model for step 0.25...
  -> Success (3.6s, 712 chars)
  -> Calling model for step 0.50...
  -> Success (3.3s, 733 chars)
  -> Calling model for step 0.75...
  -> Success (3.9s, 719 chars)
[info] [539/860] Completed all steps for 'https://web.archive.org/web/20210122220843/https://www.lebenshilfe-main-taunus.de/ls/buecherei-74.html'.
[info] [540/860] Generating steps [0.25, 0.5, 0.75] for 'https://web.archive.org/web/20210122220843/https://www.lebenshilfe-main-taunus.de/ls/ueber-uns.html'...
  -> Calling model for step 0.25...
  -> Success (2.3s, 1077 chars)
  -> Calling model for step 0.50...
  -> Success (4.0s, 1132 chars)
  -> Calling model for step 0.75...
  -> Success (3.4s, 1067 chars)
[info] [540/860] Completed all steps for 'https://web.archive.org/web/20210122220843/https://www.lebenshilfe-main-taunus.de/ls/ueber-uns.html'.
[info] [541/860] Generating steps [0.25, 0.5, 0.75] for 'https://web.archive.org/web/20210122220843/https://www.lebenshilfe-main-taunus.de/ls/der-vorstand.html'...
  -> Calling model for step 0.25...
  -> Success (5.1s, 1693 chars)
  -> Calling model for step 0.50...
  -> Success (4.9s, 1307 chars)
  -> Calling model for step 0.75...
  -> Success (5.1s, 1579 chars)
[info] [541/860] Completed all steps for 'https://web.archive.org/web/20210122220843/https://www.lebenshilfe-main-taunus.de/ls/der-vorstand.html'.
[info] [542/860] Generating steps [0.25, 0.5, 0.75] for 'https://web.archive.org/web/20210122220843/https://www.lebenshilfe-main-taunus.de/ls/die-frueh-foerder-stelle.html'...
  -> Calling model for step 0.25...
  -> Success (3.6s, 1839 chars)
  -> Calling model for step 0.50...
  -> Success (5.4s, 2059 chars)
  -> Calling model for step 0.75...
  -> Success (3.1s, 1538 chars)
[info] [542/860] Completed all steps for 'https://web.archive.org/web/20210122220843/https://www.lebenshilfe-main-taunus.de/ls/die-frueh-foerder-stelle.html'.
[info] [543/860] Generating steps [0.25, 0.5, 0.75] for 'https://web.archive.org/web/20210122220843/https://www.lebenshilfe-main-taunus.de/ls/wohnen.html'...
  -> Calling model for step 0.25...
  -> Success (2.5s, 1192 chars)
  -> Calling model for step 0.50...
  -> Success (2.6s, 1173 chars)
  -> Calling model for step 0.75...
  -> Success (4.9s, 1123 chars)
[info] [543/860] Completed all steps for 'https://web.archive.org/web/20210122220843/https://www.lebenshilfe-main-taunus.de/ls/wohnen.html'.
[info] [544/860] Generating steps [0.25, 0.5, 0.75] for 'https://web.archive.org/web/20210122220843/https://www.lebenshilfe-main-taunus.de/ls/beratung-wohnen-12.html'...
  -> Calling model for step 0.25...
  -> Success (3.5s, 1408 chars)
  -> Calling model for step 0.50...
  -> Success (3.5s, 1349 chars)
  -> Calling model for step 0.75...
  -> Success (3.6s, 1303 chars)
[info] [544/860] Completed all steps for 'https://web.archive.org/web/20210122220843/https://www.lebenshilfe-main-taunus.de/ls/beratung-wohnen-12.html'.
[info] [545/860] Generating steps [0.25, 0.5, 0.75] for 'https://web.archive.org/web/20210122220843/https://www.lebenshilfe-main-taunus.de/ls/freizeit-programm.html'...
  -> Calling model for step 0.25...
  -> Success (4.4s, 1614 chars)
  -> Calling model for step 0.50...
  -> Success (3.1s, 1240 chars)
  -> Calling model for step 0.75...
  -> Success (5.2s, 1243 chars)
[info] [545/860] Completed all steps for 'https://web.archive.org/web/20210122220843/https://www.lebenshilfe-main-taunus.de/ls/freizeit-programm.html'.
[info] [546/860] Generating steps [0.25, 0.5, 0.75] for 'https://web.archive.org/web/20210122220843/https://www.lebenshilfe-main-taunus.de/ls/tages-betreuung.html'...
  -> Calling model for step 0.25...
  -> Success (3.2s, 1099 chars)
  -> Calling model for step 0.50...
  -> Success (5.2s, 1190 chars)
  -> Calling model for step 0.75...
  -> Success (4.6s, 1181 chars)
[info] [546/860] Completed all steps for 'https://web.archive.org/web/20210122220843/https://www.lebenshilfe-main-taunus.de/ls/tages-betreuung.html'.
[info] [547/860] Generating steps [0.25, 0.5, 0.75] for 'https://web.archive.org/web/20210122220843/https://www.lebenshilfe-main-taunus.de/ls/treffpunkt-leichte-sprache.html-1526288265.html-1526288405.html'...
  -> Calling model for step 0.25...
  -> Success (2.7s, 1263 chars)
  -> Calling model for step 0.50...
  -> Success (3.7s, 1271 chars)
  -> Calling model for step 0.75...
  -> Success (3.8s, 1097 chars)
[info] [547/860] Completed all steps for 'https://web.archive.org/web/20210122220843/https://www.lebenshilfe-main-taunus.de/ls/treffpunkt-leichte-sprache.html-1526288265.html-1526288405.html'.
[info] [548/860] Generating steps [0.25, 0.5, 0.75] for 'https://web.archive.org/web/20210122220843/https://www.lebenshilfe-main-taunus.de/ls/schulungen.html'...
  -> Calling model for step 0.25...
  -> Success (2.9s, 866 chars)
  -> Calling model for step 0.50...
  -> Success (2.4s, 906 chars)
  -> Calling model for step 0.75...
  -> Success (3.1s, 740 chars)
[info] [548/860] Completed all steps for 'https://web.archive.org/web/20210122220843/https://www.lebenshilfe-main-taunus.de/ls/schulungen.html'.
[info] [549/860] Generating steps [0.25, 0.5, 0.75] for 'https://web.archive.org/web/20210122220843/https://www.lebenshilfe-main-taunus.de/ls/mitleben.html'...
  -> Calling model for step 0.25...
  -> Success (4.9s, 1944 chars)
  -> Calling model for step 0.50...
  -> Success (4.0s, 1993 chars)
  -> Calling model for step 0.75...
  -> Success (4.8s, 1277 chars)
[info] [549/860] Completed all steps for 'https://web.archive.org/web/20210122220843/https://www.lebenshilfe-main-taunus.de/ls/mitleben.html'.
[info] [550/860] Generating steps [0.25, 0.5, 0.75] for 'https://web.archive.org/web/20210122220843/https://www.lebenshilfe-main-taunus.de/ls/die-villa-luce.html'...
  -> Calling model for step 0.25...
  -> Success (5.2s, 1195 chars)
  -> Calling model for step 0.50...
  -> Success (4.5s, 1226 chars)
  -> Calling model for step 0.75...
  -> Success (3.7s, 1311 chars)
[info] [550/860] Completed all steps for 'https://web.archive.org/web/20210122220843/https://www.lebenshilfe-main-taunus.de/ls/die-villa-luce.html'.
[info] [551/860] Generating steps [0.25, 0.5, 0.75] for 'https://web.archive.org/web/20210122220843/https://www.lebenshilfe-main-taunus.de/ls/beratung-und-foerderung.html'...
  -> Calling model for step 0.25...
  -> Success (3.1s, 849 chars)
  -> Calling model for step 0.50...
  -> Success (2.3s, 581 chars)
  -> Calling model for step 0.75...
  -> Success (2.6s, 636 chars)
[info] [551/860] Completed all steps for 'https://web.archive.org/web/20210122220843/https://www.lebenshilfe-main-taunus.de/ls/beratung-und-foerderung.html'.
[info] [552/860] Generating steps [0.25, 0.5, 0.75] for 'https://web.archive.org/web/20210122220843/https://www.lebenshilfe-main-taunus.de/ls/haus-trappen-9.html'...
  -> Calling model for step 0.25...
  -> Success (4.5s, 1571 chars)
  -> Calling model for step 0.50...
  -> Success (3.6s, 1365 chars)
  -> Calling model for step 0.75...
  -> Success (3.5s, 1440 chars)
[info] [552/860] Completed all steps for 'https://web.archive.org/web/20210122220843/https://www.lebenshilfe-main-taunus.de/ls/haus-trappen-9.html'.
[info] [553/860] Generating steps [0.25, 0.5, 0.75] for 'https://web.archive.org/web/20210122220843/https://www.lebenshilfe-main-taunus.de/ls/spenden-helfen-mitmachen.html'...
  -> Calling model for step 0.25...
  -> Success (4.2s, 1869 chars)
  -> Calling model for step 0.50...
  -> Success (3.3s, 1496 chars)
  -> Calling model for step 0.75...
  -> Success (4.2s, 1111 chars)
[info] [553/860] Completed all steps for 'https://web.archive.org/web/20210122220843/https://www.lebenshilfe-main-taunus.de/ls/spenden-helfen-mitmachen.html'.
[info] [554/860] Generating steps [0.25, 0.5, 0.75] for 'https://web.archive.org/web/20210122220843/https://www.lebenshilfe-main-taunus.de/ls/gruppen.html'...
  -> Calling model for step 0.25...
  -> Success (7.8s, 2611 chars)
  -> Calling model for step 0.50...
  -> Success (6.4s, 1562 chars)
  -> Calling model for step 0.75...
  -> Success (6.8s, 1514 chars)
[info] [554/860] Completed all steps for 'https://web.archive.org/web/20210122220843/https://www.lebenshilfe-main-taunus.de/ls/gruppen.html'.
[info] [555/860] Generating steps [0.25, 0.5, 0.75] for 'https://web.archive.org/web/20210122220843/https://www.lebenshilfe-main-taunus.de/ls/beratung-und-foerderung-m-79/'...
  -> Calling model for step 0.25...
  -> Success (3.5s, 570 chars)
  -> Calling model for step 0.50...
  -> Success (2.9s, 581 chars)
  -> Calling model for step 0.75...
  -> Success (2.6s, 657 chars)
[info] [555/860] Completed all steps for 'https://web.archive.org/web/20210122220843/https://www.lebenshilfe-main-taunus.de/ls/beratung-und-foerderung-m-79/'.
[info] [556/860] Generating steps [0.25, 0.5, 0.75] for 'https://www.mdr.de/nachrichten-leicht/leichte-sprache-sachsen-sachsenforst-waldbrand-saison-100.html'...
  -> Calling model for step 0.25...
  -> Success (3.4s, 1723 chars)
  -> Calling model for step 0.50...
  -> Success (4.1s, 1953 chars)
  -> Calling model for step 0.75...
  -> Success (4.7s, 1887 chars)
[info] [556/860] Completed all steps for 'https://www.mdr.de/nachrichten-leicht/leichte-sprache-sachsen-sachsenforst-waldbrand-saison-100.html'.
[info] [557/860] Generating steps [0.25, 0.5, 0.75] for 'https://www.mdr.de/nachrichten-leicht/leichte-sprache-mitteldeutschland-verdi-warnstreik-nahverkehr-100.html'...
  -> Calling model for step 0.25...
  -> Success (5.2s, 2676 chars)
  -> Calling model for step 0.50...
  -> Success (5.6s, 2560 chars)
  -> Calling model for step 0.75...
  -> Success (4.6s, 2372 chars)
[info] [557/860] Completed all steps for 'https://www.mdr.de/nachrichten-leicht/leichte-sprache-mitteldeutschland-verdi-warnstreik-nahverkehr-100.html'.
[info] [558/860] Generating steps [0.25, 0.5, 0.75] for 'https://www.mdr.de/nachrichten-leicht/leichte-sprache-sachsen-anhalt-cannabis-im-supermarkt-100.html'...
  -> Calling model for step 0.25...
  -> Success (5.1s, 1942 chars)
  -> Calling model for step 0.50...
  -> Success (5.2s, 2317 chars)
  -> Calling model for step 0.75...
  -> Success (3.5s, 1195 chars)
[info] [558/860] Completed all steps for 'https://www.mdr.de/nachrichten-leicht/leichte-sprache-sachsen-anhalt-cannabis-im-supermarkt-100.html'.
[info] [559/860] Generating steps [0.25, 0.5, 0.75] for 'https://www.mdr.de/nachrichten-leicht/leichte-sprache-sachsen-anhalt-fcm-rueckzug-sponsor-100.html'...
  -> Calling model for step 0.25...
  -> Success (4.1s, 1669 chars)
  -> Calling model for step 0.50...
  -> Success (3.4s, 1428 chars)
  -> Calling model for step 0.75...
  -> Success (5.0s, 1206 chars)
[info] [559/860] Completed all steps for 'https://www.mdr.de/nachrichten-leicht/leichte-sprache-sachsen-anhalt-fcm-rueckzug-sponsor-100.html'.
[info] [560/860] Generating steps [0.25, 0.5, 0.75] for 'https://www.mdr.de/nachrichten-leicht/leichte-sprache-fcm-magdeburg-geldstrafe-pyro-fussball-100.html'...
  -> Calling model for step 0.25...
  -> Success (10.6s, 2184 chars)
  -> Calling model for step 0.50...
  -> Success (4.1s, 1597 chars)
  -> Calling model for step 0.75...
  -> Success (6.7s, 1504 chars)
[info] [560/860] Completed all steps for 'https://www.mdr.de/nachrichten-leicht/leichte-sprache-fcm-magdeburg-geldstrafe-pyro-fussball-100.html'.
[info] [561/860] Generating steps [0.25, 0.5, 0.75] for 'https://www.mdr.de/nachrichten-leicht/leichte-sprache-sachsen-zugverkehr-leipzig-chemnitz-100.html'...
  -> Calling model for step 0.25...
  -> Success (3.1s, 1140 chars)
  -> Calling model for step 0.50...
  -> Success (3.0s, 1094 chars)
  -> Calling model for step 0.75...
  -> Success (4.6s, 1167 chars)
[info] [561/860] Completed all steps for 'https://www.mdr.de/nachrichten-leicht/leichte-sprache-sachsen-zugverkehr-leipzig-chemnitz-100.html'.
[info] [562/860] Generating steps [0.25, 0.5, 0.75] for 'https://www.mdr.de/nachrichten-leicht/leichte-sprache-mittel-deutschland-gefahr-vor-eisflaechen-100.html'...
  -> Calling model for step 0.25...
  -> Success (4.7s, 2644 chars)
  -> Calling model for step 0.50...
  -> Success (4.6s, 2499 chars)
  -> Calling model for step 0.75...
  -> Success (5.6s, 1381 chars)
[info] [562/860] Completed all steps for 'https://www.mdr.de/nachrichten-leicht/leichte-sprache-mittel-deutschland-gefahr-vor-eisflaechen-100.html'.
[info] [563/860] Generating steps [0.25, 0.5, 0.75] for 'https://www.mdr.de/nachrichten-leicht/leichte-sprache-thueringen-kahla-insolvenz-porzellan-100.html'...
  -> Calling model for step 0.25...
  -> Success (5.3s, 1883 chars)
  -> Calling model for step 0.50...
  -> Success (3.3s, 1538 chars)
  -> Calling model for step 0.75...
  -> Success (2.7s, 1314 chars)
[info] [563/860] Completed all steps for 'https://www.mdr.de/nachrichten-leicht/leichte-sprache-thueringen-kahla-insolvenz-porzellan-100.html'.
[info] [564/860] Generating steps [0.25, 0.5, 0.75] for 'https://www.mdr.de/nachrichten-leicht/spezial/leichte-sprache-ticker-sachsen-anhalt-haseloff-schulze-neuwahl-100.html'...
  -> Calling model for step 0.25...
  -> Success (7.0s, 3583 chars)
  -> Calling model for step 0.50...
  -> Success (5.7s, 3216 chars)
  -> Calling model for step 0.75...
  -> Success (6.2s, 2967 chars)
[info] [564/860] Completed all steps for 'https://www.mdr.de/nachrichten-leicht/spezial/leichte-sprache-ticker-sachsen-anhalt-haseloff-schulze-neuwahl-100.html'.
[info] [565/860] Generating steps [0.25, 0.5, 0.75] for 'https://www.mdr.de/nachrichten-leicht/leichte-sprache-sachsen-tarifrunde-gescheitert-neue-streiks-im-nahverkehr-100.html'...
  -> Calling model for step 0.25...
  -> Success (3.9s, 1422 chars)
  -> Calling model for step 0.50...
  -> Success (4.4s, 1725 chars)
  -> Calling model for step 0.75...
  -> Success (3.7s, 1462 chars)
[info] [565/860] Completed all steps for 'https://www.mdr.de/nachrichten-leicht/leichte-sprache-sachsen-tarifrunde-gescheitert-neue-streiks-im-nahverkehr-100.html'.
[info] [566/860] Generating steps [0.25, 0.5, 0.75] for 'https://www.mdr.de/nachrichten-leicht/leichte-sprache-sachsen-zugverkehr-ausfaelle-dresden-chemnitz-bruecke-baustelle-100.html'...
  -> Calling model for step 0.25...
  -> Success (8.2s, 2560 chars)
  -> Calling model for step 0.50...
  -> Success (3.6s, 1421 chars)
  -> Calling model for step 0.75...
  -> Success (9.1s, 1732 chars)
[info] [566/860] Completed all steps for 'https://www.mdr.de/nachrichten-leicht/leichte-sprache-sachsen-zugverkehr-ausfaelle-dresden-chemnitz-bruecke-baustelle-100.html'.
[info] [567/860] Generating steps [0.25, 0.5, 0.75] for 'https://www.mdr.de/nachrichten-leicht/leichte-sprache-sachsen-anhalt-beratungsstelle-menschen-ohne-krankenversicherung-100.html'...
  -> Calling model for step 0.25...
  -> Success (6.6s, 1811 chars)
  -> Calling model for step 0.50...
  -> Success (2.6s, 1280 chars)
  -> Calling model for step 0.75...
  -> Success (2.6s, 1119 chars)
[info] [567/860] Completed all steps for 'https://www.mdr.de/nachrichten-leicht/leichte-sprache-sachsen-anhalt-beratungsstelle-menschen-ohne-krankenversicherung-100.html'.
[info] [568/860] Generating steps [0.25, 0.5, 0.75] for 'https://www.mdr.de/nachrichten-leicht/leichte-sprache-thueringen-urteil-knockout-100.html'...
  -> Calling model for step 0.25...
  -> Success (6.0s, 1603 chars)
  -> Calling model for step 0.50...
  -> Success (3.8s, 1407 chars)
  -> Calling model for step 0.75...
  -> Success (7.2s, 1713 chars)
[info] [568/860] Completed all steps for 'https://www.mdr.de/nachrichten-leicht/leichte-sprache-thueringen-urteil-knockout-100.html'.
[info] [569/860] Generating steps [0.25, 0.5, 0.75] for 'https://www.mdr.de/nachrichten-leicht/leichte-sprache-thueringen-therme-saniert-muehlhausen-100.html'...
  -> Calling model for step 0.25...
  -> Success (5.4s, 1922 chars)
  -> Calling model for step 0.50...
  -> Success (4.3s, 901 chars)
  -> Calling model for step 0.75...
  -> Success (4.2s, 1089 chars)
[info] [569/860] Completed all steps for 'https://www.mdr.de/nachrichten-leicht/leichte-sprache-thueringen-therme-saniert-muehlhausen-100.html'.
[info] [570/860] Generating steps [0.25, 0.5, 0.75] for 'https://www.mdr.de/nachrichten-leicht/leichte-sprache-sachsen-anhalt-storch-stoerche-winterquartier-rueckkehr-100.html'...
  -> Calling model for step 0.25...
  -> Success (4.8s, 1833 chars)
  -> Calling model for step 0.50...
  -> Success (4.6s, 1702 chars)
  -> Calling model for step 0.75...
  -> Success (4.7s, 1140 chars)
[info] [570/860] Completed all steps for 'https://www.mdr.de/nachrichten-leicht/leichte-sprache-sachsen-anhalt-storch-stoerche-winterquartier-rueckkehr-100.html'.
[info] [571/860] Generating steps [0.25, 0.5, 0.75] for 'https://www.mdr.de/nachrichten-leicht/leichte-sprache-sachsen-geld-fuer-kommunen-100.html'...
  -> Calling model for step 0.25...
  -> Success (4.7s, 1829 chars)
  -> Calling model for step 0.50...
  -> Success (3.3s, 1369 chars)
  -> Calling model for step 0.75...
  -> Success (6.5s, 1457 chars)
[info] [571/860] Completed all steps for 'https://www.mdr.de/nachrichten-leicht/leichte-sprache-sachsen-geld-fuer-kommunen-100.html'.
[info] [572/860] Generating steps [0.25, 0.5, 0.75] for 'https://www.mdr.de/nachrichten-leicht/leichte-sprache-sachsen-anhalt-sanierung-gueterzug-brand-einschraenkungen-bahnverkehr-100.html'...
  -> Calling model for step 0.25...
  -> Success (4.7s, 1967 chars)
  -> Calling model for step 0.50...
  -> Success (4.3s, 1620 chars)
  -> Calling model for step 0.75...
  -> Success (3.7s, 1165 chars)
[info] [572/860] Completed all steps for 'https://www.mdr.de/nachrichten-leicht/leichte-sprache-sachsen-anhalt-sanierung-gueterzug-brand-einschraenkungen-bahnverkehr-100.html'.
[info] [573/860] Generating steps [0.25, 0.5, 0.75] for 'https://www.mdr.de/nachrichten-leicht/leichte-sprache-mitteldeutschland-streik-geht-weiter-100.html'...
  -> Calling model for step 0.25...
  -> Success (4.2s, 1969 chars)
  -> Calling model for step 0.50...
  -> Success (4.9s, 2550 chars)
  -> Calling model for step 0.75...
  -> Success (5.1s, 1330 chars)
[info] [573/860] Completed all steps for 'https://www.mdr.de/nachrichten-leicht/leichte-sprache-mitteldeutschland-streik-geht-weiter-100.html'.
[info] [574/860] Generating steps [0.25, 0.5, 0.75] for 'https://www.mdr.de/nachrichten-leicht/leichte-sprache-sachsen-leipzig-bauen-carbotbeton-klima-carbonbetonwerk-100.html'...
  -> Calling model for step 0.25...
  -> Success (4.4s, 1736 chars)
  -> Calling model for step 0.50...
  -> Success (5.4s, 2243 chars)
  -> Calling model for step 0.75...
  -> Success (3.8s, 1598 chars)
[info] [574/860] Completed all steps for 'https://www.mdr.de/nachrichten-leicht/leichte-sprache-sachsen-leipzig-bauen-carbotbeton-klima-carbonbetonwerk-100.html'.
[info] [575/860] Generating steps [0.25, 0.5, 0.75] for 'https://www.mdr.de/nachrichten-leicht/leichte-sprache-thueringen-soemmerda-klinik-schliessung-brustzentrum-gynaekologie-100.html'...
  -> Calling model for step 0.25...
  -> Success (5.1s, 1407 chars)
  -> Calling model for step 0.50...
  -> Success (4.3s, 1316 chars)
  -> Calling model for step 0.75...
  -> Success (2.6s, 1139 chars)
[info] [575/860] Completed all steps for 'https://www.mdr.de/nachrichten-leicht/leichte-sprache-thueringen-soemmerda-klinik-schliessung-brustzentrum-gynaekologie-100.html'.
[info] [576/860] Generating steps [0.25, 0.5, 0.75] for 'https://www.mdr.de/nachrichten-leicht/leichte-sprache-thueringen-sport-fusball-frauen-jena-100.html'...
  -> Calling model for step 0.25...
  -> Success (3.6s, 1349 chars)
  -> Calling model for step 0.50...
[warn] Failed to generate step 0.50 for 'https://www.mdr.de/nachrichten-leicht/leichte-sprache-thueringen-sport-fusball-frauen-jena-100.html': 'NoneType' object has no attribute 'strip'
[info] [577/860] Generating steps [0.25, 0.5, 0.75] for 'https://www.mdr.de/nachrichten-leicht/leichte-sprache-sachsen-anhalt-magdeburg-strassenbahn-schienen-neu-100.html'...
  -> Calling model for step 0.25...
  -> Success (4.3s, 1987 chars)
  -> Calling model for step 0.50...
  -> Success (5.1s, 1774 chars)
  -> Calling model for step 0.75...
  -> Success (4.0s, 1635 chars)
[info] [577/860] Completed all steps for 'https://www.mdr.de/nachrichten-leicht/leichte-sprache-sachsen-anhalt-magdeburg-strassenbahn-schienen-neu-100.html'.
[info] [578/860] Generating steps [0.25, 0.5, 0.75] for 'https://www.mdr.de/nachrichten-leicht/leichte-sprache-thueringen-misstrauensvotum-voigt-100.html'...
  -> Calling model for step 0.25...
  -> Success (3.5s, 1607 chars)
  -> Calling model for step 0.50...
  -> Success (3.8s, 1561 chars)
  -> Calling model for step 0.75...
  -> Success (4.4s, 951 chars)
[info] [578/860] Completed all steps for 'https://www.mdr.de/nachrichten-leicht/leichte-sprache-thueringen-misstrauensvotum-voigt-100.html'.
[info] [579/860] Generating steps [0.25, 0.5, 0.75] for 'https://www.mdr.de/nachrichten-leicht/leichte-sprache-dresden-protest-buendnis-krieg-gedenken-stadt-100.html'...
  -> Calling model for step 0.25...
  -> Success (5.7s, 2717 chars)
  -> Calling model for step 0.50...
  -> Success (4.3s, 2108 chars)
  -> Calling model for step 0.75...
  -> Success (4.1s, 2034 chars)
[info] [579/860] Completed all steps for 'https://www.mdr.de/nachrichten-leicht/leichte-sprache-dresden-protest-buendnis-krieg-gedenken-stadt-100.html'.
[info] [580/860] Generating steps [0.25, 0.5, 0.75] for 'https://www.mdr.de/nachrichten-leicht/leichte-sprache-sachsen-sachsen-anhalt-streik-100.html'...
  -> Calling model for step 0.25...
  -> Success (5.5s, 2244 chars)
  -> Calling model for step 0.50...
  -> Success (4.0s, 1582 chars)
  -> Calling model for step 0.75...
  -> Success (7.3s, 1610 chars)
[info] [580/860] Completed all steps for 'https://www.mdr.de/nachrichten-leicht/leichte-sprache-sachsen-sachsen-anhalt-streik-100.html'.
[info] [581/860] Generating steps [0.25, 0.5, 0.75] for 'https://www.mdr.de/nachrichten-leicht/leichte-sprache-sachsen-anhalt-sexualisierte-gewalt-im-internet-100.html'...
  -> Calling model for step 0.25...
  -> Success (4.6s, 2910 chars)
  -> Calling model for step 0.50...
  -> Success (4.7s, 2717 chars)
  -> Calling model for step 0.75...
  -> Success (4.2s, 2384 chars)
[info] [581/860] Completed all steps for 'https://www.mdr.de/nachrichten-leicht/leichte-sprache-sachsen-anhalt-sexualisierte-gewalt-im-internet-100.html'.
[info] [582/860] Generating steps [0.25, 0.5, 0.75] for 'https://www.mdr.de/nachrichten-leicht/leichte-sprache-mittel-deutschland-schlechte-inklusion-auf-dem-arbeitsmarkt-100.html'...
  -> Calling model for step 0.25...
  -> Success (7.1s, 3340 chars)
  -> Calling model for step 0.50...
  -> Success (5.6s, 2750 chars)
  -> Calling model for step 0.75...
  -> Success (4.2s, 1717 chars)
[info] [582/860] Completed all steps for 'https://www.mdr.de/nachrichten-leicht/leichte-sprache-mittel-deutschland-schlechte-inklusion-auf-dem-arbeitsmarkt-100.html'.
[info] [583/860] Generating steps [0.25, 0.5, 0.75] for 'https://www.mdr.de/nachrichten-leicht/leichte-sprache-sachsen-anhalt-brocken-rettung-mann-gipfel-100.html'...
  -> Calling model for step 0.25...
  -> Success (8.9s, 2362 chars)
  -> Calling model for step 0.50...
  -> Success (6.5s, 1597 chars)
  -> Calling model for step 0.75...
  -> Success (3.0s, 1313 chars)
[info] [583/860] Completed all steps for 'https://www.mdr.de/nachrichten-leicht/leichte-sprache-sachsen-anhalt-brocken-rettung-mann-gipfel-100.html'.
[info] [584/860] Generating steps [0.25, 0.5, 0.75] for 'https://www.mdr.de/nachrichten-leicht/leichte-sprache-mitteldeutschland-demos-schueler-wehrpflicht-100.html'...
  -> Calling model for step 0.25...
  -> Success (4.3s, 2142 chars)
  -> Calling model for step 0.50...
  -> Success (5.4s, 1970 chars)
  -> Calling model for step 0.75...
  -> Success (4.8s, 2310 chars)
[info] [584/860] Completed all steps for 'https://www.mdr.de/nachrichten-leicht/leichte-sprache-mitteldeutschland-demos-schueler-wehrpflicht-100.html'.
[info] [585/860] Generating steps [0.25, 0.5, 0.75] for 'https://www.mdr.de/nachrichten-leicht/leichte-sprache-sachsen-sachsen-anhalt-software-panne-behoerden-schwerbehinderte-betroffen-100.html'...
  -> Calling model for step 0.25...
  -> Success (5.1s, 2364 chars)
  -> Calling model for step 0.50...
  -> Success (3.5s, 1864 chars)
  -> Calling model for step 0.75...
  -> Success (6.5s, 3470 chars)
[info] [585/860] Completed all steps for 'https://www.mdr.de/nachrichten-leicht/leichte-sprache-sachsen-sachsen-anhalt-software-panne-behoerden-schwerbehinderte-betroffen-100.html'.
[info] [586/860] Generating steps [0.25, 0.5, 0.75] for 'https://www.mdr.de/nachrichten-leicht/leichte-sprache-thueringen-erfurt-domplatz-100.html'...
  -> Calling model for step 0.25...
  -> Success (3.8s, 1996 chars)
  -> Calling model for step 0.50...
  -> Success (4.2s, 2174 chars)
  -> Calling model for step 0.75...
  -> Success (3.8s, 1623 chars)
[info] [586/860] Completed all steps for 'https://www.mdr.de/nachrichten-leicht/leichte-sprache-thueringen-erfurt-domplatz-100.html'.
[info] [587/860] Generating steps [0.25, 0.5, 0.75] for 'https://www.mdr.de/nachrichten-leicht/leichte-sprache-sachsen-thueringen-streik-100.html'...
  -> Calling model for step 0.25...
  -> Success (5.7s, 2644 chars)
  -> Calling model for step 0.50...
  -> Success (4.8s, 2393 chars)
  -> Calling model for step 0.75...
  -> Success (5.7s, 2576 chars)
[info] [587/860] Completed all steps for 'https://www.mdr.de/nachrichten-leicht/leichte-sprache-sachsen-thueringen-streik-100.html'.
[info] [588/860] Generating steps [0.25, 0.5, 0.75] for 'https://www.mdr.de/nachrichten-leicht/leichte-sprache-mitteldeutschland-wetter-umschwung-glatteis-gefahr-100.html'...
  -> Calling model for step 0.25...
  -> Success (7.9s, 2728 chars)
  -> Calling model for step 0.50...
  -> Success (5.4s, 2560 chars)
  -> Calling model for step 0.75...
  -> Success (6.1s, 2643 chars)
[info] [588/860] Completed all steps for 'https://www.mdr.de/nachrichten-leicht/leichte-sprache-mitteldeutschland-wetter-umschwung-glatteis-gefahr-100.html'.
[info] [589/860] Generating steps [0.25, 0.5, 0.75] for 'https://www.mdr.de/nachrichten-leicht/leichte-sprache-sachsen-anhalt-sturmwarnung-fuer-den-brocken-100.html'...
  -> Calling model for step 0.25...
  -> Success (5.2s, 1725 chars)
  -> Calling model for step 0.50...
  -> Success (3.7s, 1340 chars)
  -> Calling model for step 0.75...
  -> Success (4.3s, 1517 chars)
[info] [589/860] Completed all steps for 'https://www.mdr.de/nachrichten-leicht/leichte-sprache-sachsen-anhalt-sturmwarnung-fuer-den-brocken-100.html'.
[info] [590/860] Generating steps [0.25, 0.5, 0.75] for 'https://www.mdr.de/nachrichten-leicht/leichte-sprache-mitteldeutschland-lufthansa-streik-flughafen-leipzig-halle-dresden-100.html'...
  -> Calling model for step 0.25...
  -> Success (6.8s, 1982 chars)
  -> Calling model for step 0.50...
  -> Success (4.2s, 1775 chars)
  -> Calling model for step 0.75...
  -> Success (3.4s, 922 chars)
[info] [590/860] Completed all steps for 'https://www.mdr.de/nachrichten-leicht/leichte-sprache-mitteldeutschland-lufthansa-streik-flughafen-leipzig-halle-dresden-100.html'.
[info] [591/860] Generating steps [0.25, 0.5, 0.75] for 'https://www.mdr.de/nachrichten-leicht/leichte-sprache-sachsen-einschraenkung-zugverkehr-zwickau-dresden-100.html'...
  -> Calling model for step 0.25...
  -> Success (5.1s, 1374 chars)
  -> Calling model for step 0.50...
  -> Success (6.3s, 1383 chars)
  -> Calling model for step 0.75...
  -> Success (4.9s, 1433 chars)
[info] [591/860] Completed all steps for 'https://www.mdr.de/nachrichten-leicht/leichte-sprache-sachsen-einschraenkung-zugverkehr-zwickau-dresden-100.html'.
[info] [592/860] Generating steps [0.25, 0.5, 0.75] for 'https://www.mdr.de/nachrichten-leicht/leichte-sprache-thueringen-oberhof-biathlon-voller-erfolg-100.html'...
  -> Calling model for step 0.25...
  -> Success (3.9s, 1984 chars)
  -> Calling model for step 0.50...
  -> Success (3.9s, 1683 chars)
  -> Calling model for step 0.75...
  -> Success (7.6s, 1710 chars)
[info] [592/860] Completed all steps for 'https://www.mdr.de/nachrichten-leicht/leichte-sprache-thueringen-oberhof-biathlon-voller-erfolg-100.html'.
[info] [593/860] Generating steps [0.25, 0.5, 0.75] for 'https://www.mdr.de/nachrichten-leicht/leichte-sprache-sachsen-schulschwaenzer-schulverweigerer-100.html'...
  -> Calling model for step 0.25...
  -> Success (3.9s, 1814 chars)
  -> Calling model for step 0.50...
  -> Success (3.8s, 1368 chars)
  -> Calling model for step 0.75...
  -> Success (4.4s, 1274 chars)
[info] [593/860] Completed all steps for 'https://www.mdr.de/nachrichten-leicht/leichte-sprache-sachsen-schulschwaenzer-schulverweigerer-100.html'.
[info] [594/860] Generating steps [0.25, 0.5, 0.75] for 'https://www.mdr.de/nachrichten-leicht/leichte-sprache-wochenende-tipps-leipzig-asisi-panometer-gera-100.html'...
  -> Calling model for step 0.25...
  -> Success (7.5s, 2162 chars)
  -> Calling model for step 0.50...
  -> Success (5.0s, 2388 chars)
  -> Calling model for step 0.75...
  -> Success (5.4s, 2068 chars)
[info] [594/860] Completed all steps for 'https://www.mdr.de/nachrichten-leicht/leichte-sprache-wochenende-tipps-leipzig-asisi-panometer-gera-100.html'.
[info] [595/860] Generating steps [0.25, 0.5, 0.75] for 'https://www.mdr.de/nachrichten-leicht/leichte-sprache-sport-olympia-skeleton-medaillen-kreher-100.html'...
  -> Calling model for step 0.25...
  -> Success (3.7s, 1659 chars)
  -> Calling model for step 0.50...
  -> Success (4.5s, 1742 chars)
  -> Calling model for step 0.75...
  -> Success (4.1s, 1619 chars)
[info] [595/860] Completed all steps for 'https://www.mdr.de/nachrichten-leicht/leichte-sprache-sport-olympia-skeleton-medaillen-kreher-100.html'.
[info] [596/860] Generating steps [0.25, 0.5, 0.75] for 'https://www.mdr.de/nachrichten-leicht/leichte-sprache-sachsen-anhalt-erste-queere-buchmesse-in-magdeburg-100.html'...
  -> Calling model for step 0.25...
  -> Success (4.1s, 2025 chars)
  -> Calling model for step 0.50...
  -> Success (9.9s, 2930 chars)
  -> Calling model for step 0.75...
  -> Success (4.6s, 1987 chars)
[info] [596/860] Completed all steps for 'https://www.mdr.de/nachrichten-leicht/leichte-sprache-sachsen-anhalt-erste-queere-buchmesse-in-magdeburg-100.html'.
[info] [597/860] Generating steps [0.25, 0.5, 0.75] for 'https://www.mdr.de/nachrichten-leicht/leichte-sprache-halle-chlor-unfall-gas-neustadt-schwimmbad-100.html'...
  -> Calling model for step 0.25...
  -> Success (3.4s, 1169 chars)
  -> Calling model for step 0.50...
  -> Success (4.3s, 1010 chars)
  -> Calling model for step 0.75...
  -> Success (3.0s, 681 chars)
[info] [597/860] Completed all steps for 'https://www.mdr.de/nachrichten-leicht/leichte-sprache-halle-chlor-unfall-gas-neustadt-schwimmbad-100.html'.
[info] [598/860] Generating steps [0.25, 0.5, 0.75] for 'https://www.mdr.de/nachrichten-leicht/leichte-sprache-kulturnachricht-108.html'...
  -> Calling model for step 0.25...
  -> Success (6.3s, 2266 chars)
  -> Calling model for step 0.50...
  -> Success (5.3s, 2469 chars)
  -> Calling model for step 0.75...
  -> Success (6.6s, 2645 chars)
[info] [598/860] Completed all steps for 'https://www.mdr.de/nachrichten-leicht/leichte-sprache-kulturnachricht-108.html'.
[info] [599/860] Generating steps [0.25, 0.5, 0.75] for 'https://www.mdr.de/nachrichten-leicht/leichte-sprache-sachsen-chemnitz-congress-hotel-mitarbeiter-suchen-betreiber-100.html'...
  -> Calling model for step 0.25...
  -> Success (4.0s, 1244 chars)
  -> Calling model for step 0.50...
  -> Success (3.2s, 1282 chars)
  -> Calling model for step 0.75...
  -> Success (2.4s, 1176 chars)
[info] [599/860] Completed all steps for 'https://www.mdr.de/nachrichten-leicht/leichte-sprache-sachsen-chemnitz-congress-hotel-mitarbeiter-suchen-betreiber-100.html'.
[info] [600/860] Generating steps [0.25, 0.5, 0.75] for 'https://www.mdr.de/nachrichten-leicht/leichte-sprache-sachsen-tarifstreit-beigelegt-100.html'...
  -> Calling model for step 0.25...
  -> Success (3.8s, 2044 chars)
  -> Calling model for step 0.50...
  -> Success (4.8s, 2053 chars)
  -> Calling model for step 0.75...
  -> Success (3.8s, 1831 chars)
[info] [600/860] Completed all steps for 'https://www.mdr.de/nachrichten-leicht/leichte-sprache-sachsen-tarifstreit-beigelegt-100.html'.
[info] [601/860] Generating steps [0.25, 0.5, 0.75] for 'https://www.mdr.de/nachrichten-leicht/leichte-sprache-thueringen-elektroschiff-bleilochtalsperre-100.html'...
  -> Calling model for step 0.25...
  -> Success (4.5s, 1960 chars)
  -> Calling model for step 0.50...
  -> Success (4.2s, 1710 chars)
  -> Calling model for step 0.75...
  -> Success (5.0s, 1492 chars)
[info] [601/860] Completed all steps for 'https://www.mdr.de/nachrichten-leicht/leichte-sprache-thueringen-elektroschiff-bleilochtalsperre-100.html'.
[info] [602/860] Generating steps [0.25, 0.5, 0.75] for 'https://www.mdr.de/nachrichten-leicht/leichte-sprache-thueringen-bad-liebenstein-heilwasser-sprudelt-wieder-100.html'...
  -> Calling model for step 0.25...
  -> Success (5.0s, 1737 chars)
  -> Calling model for step 0.50...
  -> Success (4.9s, 1620 chars)
  -> Calling model for step 0.75...
  -> Success (4.1s, 1107 chars)
[info] [602/860] Completed all steps for 'https://www.mdr.de/nachrichten-leicht/leichte-sprache-thueringen-bad-liebenstein-heilwasser-sprudelt-wieder-100.html'.
[info] [603/860] Generating steps [0.25, 0.5, 0.75] for 'https://www.mdr.de/nachrichten-leicht/leichte-sprache-leipzig-naturkunde-museum-bowling-treff-100.html'...
  -> Calling model for step 0.25...
  -> Success (4.9s, 2189 chars)
  -> Calling model for step 0.50...
  -> Success (8.9s, 2181 chars)
  -> Calling model for step 0.75...
  -> Success (6.3s, 1347 chars)
[info] [603/860] Completed all steps for 'https://www.mdr.de/nachrichten-leicht/leichte-sprache-leipzig-naturkunde-museum-bowling-treff-100.html'.
[info] [604/860] Generating steps [0.25, 0.5, 0.75] for 'https://www.mdr.de/nachrichten-leicht/leichte-sprache-sachsen-thueringen-risiko-stromausfall-100.html'...
  -> Calling model for step 0.25...
  -> Success (4.9s, 2074 chars)
  -> Calling model for step 0.50...
  -> Success (3.8s, 1867 chars)
  -> Calling model for step 0.75...
  -> Success (6.6s, 1665 chars)
[info] [604/860] Completed all steps for 'https://www.mdr.de/nachrichten-leicht/leichte-sprache-sachsen-thueringen-risiko-stromausfall-100.html'.
[info] [605/860] Generating steps [0.25, 0.5, 0.75] for 'https://www.mdr.de/nachrichten-leicht/leichte-sprache-magdeburg-dom-kaiser-knochen-otto-100.html'...
  -> Calling model for step 0.25...
  -> Success (4.5s, 1381 chars)
  -> Calling model for step 0.50...
  -> Success (3.6s, 1528 chars)
  -> Calling model for step 0.75...
  -> Success (3.5s, 1432 chars)
[info] [605/860] Completed all steps for 'https://www.mdr.de/nachrichten-leicht/leichte-sprache-magdeburg-dom-kaiser-knochen-otto-100.html'.
[info] [606/860] Generating steps [0.25, 0.5, 0.75] for 'https://www.mdr.de/nachrichten-leicht/leichte-sprache-sachsen-anhalt-luchs-100.html'...
  -> Calling model for step 0.25...
  -> Success (4.1s, 2111 chars)
  -> Calling model for step 0.50...
  -> Success (3.6s, 1530 chars)
  -> Calling model for step 0.75...
  -> Success (4.8s, 1913 chars)
[info] [606/860] Completed all steps for 'https://www.mdr.de/nachrichten-leicht/leichte-sprache-sachsen-anhalt-luchs-100.html'.
[info] [607/860] Generating steps [0.25, 0.5, 0.75] for 'https://www.mdr.de/nachrichten-leicht/leichte-sprache-sachsen-altenberg-buergermeister-wahl-barth-100.html'...
  -> Calling model for step 0.25...
  -> Success (5.2s, 2331 chars)
  -> Calling model for step 0.50...
  -> Success (5.3s, 1786 chars)
  -> Calling model for step 0.75...
  -> Success (5.0s, 1919 chars)
[info] [607/860] Completed all steps for 'https://www.mdr.de/nachrichten-leicht/leichte-sprache-sachsen-altenberg-buergermeister-wahl-barth-100.html'.
[info] [608/860] Generating steps [0.25, 0.5, 0.75] for 'https://www.mdr.de/nachrichten-leicht/leichte-sprache-sachsen-brand-in-pflegeheim-100.html'...
  -> Calling model for step 0.25...
  -> Success (3.0s, 1363 chars)
  -> Calling model for step 0.50...
  -> Success (3.5s, 1438 chars)
  -> Calling model for step 0.75...
  -> Success (5.2s, 1231 chars)
[info] [608/860] Completed all steps for 'https://www.mdr.de/nachrichten-leicht/leichte-sprache-sachsen-brand-in-pflegeheim-100.html'.
[info] [609/860] Generating steps [0.25, 0.5, 0.75] for 'https://www.mdr.de/nachrichten-leicht/leichte-sprache-sachsen-antifa-prozess-100.html'...
  -> Calling model for step 0.25...
  -> Success (4.7s, 1970 chars)
  -> Calling model for step 0.50...
  -> Success (3.7s, 1862 chars)
  -> Calling model for step 0.75...
  -> Success (6.6s, 1563 chars)
[info] [609/860] Completed all steps for 'https://www.mdr.de/nachrichten-leicht/leichte-sprache-sachsen-antifa-prozess-100.html'.
[info] [610/860] Generating steps [0.25, 0.5, 0.75] for 'https://www.mdr.de/nachrichten-leicht/leichte-sprache-thueringen-musashi-schliessung-leinefelde-100.html'...
  -> Calling model for step 0.25...
  -> Success (4.1s, 1808 chars)
  -> Calling model for step 0.50...
  -> Success (4.3s, 1551 chars)
  -> Calling model for step 0.75...
  -> Success (5.2s, 1426 chars)
[info] [610/860] Completed all steps for 'https://www.mdr.de/nachrichten-leicht/leichte-sprache-thueringen-musashi-schliessung-leinefelde-100.html'.
[info] [611/860] Generating steps [0.25, 0.5, 0.75] for 'https://www.mdr.de/nachrichten-leicht/leichte-sprache-sachsen-anhalt-brocken-mann-gerettet-100.html'...
  -> Calling model for step 0.25...
  -> Success (7.9s, 2029 chars)
  -> Calling model for step 0.50...
  -> Success (6.9s, 2321 chars)
  -> Calling model for step 0.75...
  -> Success (9.3s, 2169 chars)
[info] [611/860] Completed all steps for 'https://www.mdr.de/nachrichten-leicht/leichte-sprache-sachsen-anhalt-brocken-mann-gerettet-100.html'.
[info] [612/860] Generating steps [0.25, 0.5, 0.75] for 'https://www.mdr.de/nachrichten-leicht/leichte-sprache-sachsen-anhalt-hochwasserwarnung-bode-ilse-100.html'...
  -> Calling model for step 0.25...
  -> Success (3.9s, 1989 chars)
  -> Calling model for step 0.50...
  -> Success (3.9s, 1791 chars)
  -> Calling model for step 0.75...
  -> Success (5.4s, 1616 chars)
[info] [612/860] Completed all steps for 'https://www.mdr.de/nachrichten-leicht/leichte-sprache-sachsen-anhalt-hochwasserwarnung-bode-ilse-100.html'.
[info] [613/860] Generating steps [0.25, 0.5, 0.75] for 'https://www.mdr.de/nachrichten-leicht/leichte-sprache-sachsen-anhalt-attentaeter-magdeburg-hungerstreik-androhung-100.html'...
  -> Calling model for step 0.25...
  -> Success (3.6s, 1824 chars)
  -> Calling model for step 0.50...
  -> Success (3.7s, 1503 chars)
  -> Calling model for step 0.75...
  -> Success (5.7s, 1489 chars)
[info] [613/860] Completed all steps for 'https://www.mdr.de/nachrichten-leicht/leichte-sprache-sachsen-anhalt-attentaeter-magdeburg-hungerstreik-androhung-100.html'.
[info] [614/860] Generating steps [0.25, 0.5, 0.75] for 'https://www.mdr.de/nachrichten-leicht/leichte-sprache-sachsen-anhalt-magdeburg-gefaelschte-paketbenachrichtigungen-100.html'...
  -> Calling model for step 0.25...
  -> Success (5.7s, 2215 chars)
  -> Calling model for step 0.50...
  -> Success (3.8s, 1592 chars)
  -> Calling model for step 0.75...
  -> Success (2.6s, 1166 chars)
[info] [614/860] Completed all steps for 'https://www.mdr.de/nachrichten-leicht/leichte-sprache-sachsen-anhalt-magdeburg-gefaelschte-paketbenachrichtigungen-100.html'.
[info] [615/860] Generating steps [0.25, 0.5, 0.75] for 'https://www.mdr.de/nachrichten-leicht/leichte-sprache-gohrischheide-waldbrand-sachsen-ursache-kampfmittel-100.html'...
  -> Calling model for step 0.25...
  -> Success (3.4s, 1655 chars)
  -> Calling model for step 0.50...
  -> Success (3.9s, 1617 chars)
  -> Calling model for step 0.75...
  -> Success (5.5s, 1205 chars)
[info] [615/860] Completed all steps for 'https://www.mdr.de/nachrichten-leicht/leichte-sprache-gohrischheide-waldbrand-sachsen-ursache-kampfmittel-100.html'.
[info] [616/860] Generating steps [0.25, 0.5, 0.75] for 'https://www.mdr.de/nachrichten-leicht/leichte-sprache-sachsen-anhalt-kitas-erhalten-mehr-geld-100.html'...
  -> Calling model for step 0.25...
  -> Success (4.1s, 1821 chars)
  -> Calling model for step 0.50...
  -> Success (4.4s, 2166 chars)
  -> Calling model for step 0.75...
  -> Success (7.2s, 1498 chars)
[info] [616/860] Completed all steps for 'https://www.mdr.de/nachrichten-leicht/leichte-sprache-sachsen-anhalt-kitas-erhalten-mehr-geld-100.html'.
[info] [617/860] Generating steps [0.25, 0.5, 0.75] for 'https://www.mdr.de/nachrichten-leicht/leichte-sprache-sachsen-krankenhaeuser-finanzierung-investitionen-100.html'...
  -> Calling model for step 0.25...
  -> Success (3.8s, 1690 chars)
  -> Calling model for step 0.50...
  -> Success (4.5s, 2037 chars)
  -> Calling model for step 0.75...
  -> Success (5.6s, 1509 chars)
[info] [617/860] Completed all steps for 'https://www.mdr.de/nachrichten-leicht/leichte-sprache-sachsen-krankenhaeuser-finanzierung-investitionen-100.html'.
[info] [618/860] Generating steps [0.25, 0.5, 0.75] for 'https://www.mdr.de/nachrichten-leicht/leichte-sprache-mitteldeutschland-streik-oeffentlicher-dienst-100.html'...
  -> Calling model for step 0.25...
  -> Success (4.3s, 1663 chars)
  -> Calling model for step 0.50...
  -> Success (3.8s, 1737 chars)
  -> Calling model for step 0.75...
  -> Success (4.3s, 1766 chars)
[info] [618/860] Completed all steps for 'https://www.mdr.de/nachrichten-leicht/leichte-sprache-mitteldeutschland-streik-oeffentlicher-dienst-100.html'.
[info] [619/860] Generating steps [0.25, 0.5, 0.75] for 'https://www.mdr.de/nachrichten-leicht/leichte-sprache-sachsen-dresden-neustadt-bahnhof-empfangshalle-gesperrt-100.html'...
  -> Calling model for step 0.25...
  -> Success (5.4s, 1280 chars)
  -> Calling model for step 0.50...
  -> Success (3.9s, 1321 chars)
  -> Calling model for step 0.75...
  -> Success (3.6s, 1120 chars)
[info] [619/860] Completed all steps for 'https://www.mdr.de/nachrichten-leicht/leichte-sprache-sachsen-dresden-neustadt-bahnhof-empfangshalle-gesperrt-100.html'.
[info] [620/860] Generating steps [0.25, 0.5, 0.75] for 'https://www.mdr.de/nachrichten-leicht/leichte-sprache-sachsen-dresden-zoo-rote-pandas-100.html'...
  -> Calling model for step 0.25...
  -> Success (3.0s, 1168 chars)
  -> Calling model for step 0.50...
  -> Success (3.0s, 857 chars)
  -> Calling model for step 0.75...
  -> Success (4.1s, 1112 chars)
[info] [620/860] Completed all steps for 'https://www.mdr.de/nachrichten-leicht/leichte-sprache-sachsen-dresden-zoo-rote-pandas-100.html'.
[info] [621/860] Generating steps [0.25, 0.5, 0.75] for 'https://www.mdr.de/nachrichten-leicht/leichte-sprache-sachsen-polizeigesetz-entwurf-befugnisse-taser-drohnen-ki-100.html'...
  -> Calling model for step 0.25...
  -> Success (5.8s, 2306 chars)
  -> Calling model for step 0.50...
  -> Success (3.5s, 1640 chars)
  -> Calling model for step 0.75...
  -> Success (4.1s, 1571 chars)
[info] [621/860] Completed all steps for 'https://www.mdr.de/nachrichten-leicht/leichte-sprache-sachsen-polizeigesetz-entwurf-befugnisse-taser-drohnen-ki-100.html'.
[info] [622/860] Generating steps [0.25, 0.5, 0.75] for 'https://www.mdr.de/nachrichten-leicht/leichte-sprache-sachsen-erhoehte-ticketpreise-100.html'...
  -> Calling model for step 0.25...
  -> Success (4.8s, 1653 chars)
  -> Calling model for step 0.50...
  -> Success (5.2s, 1635 chars)
  -> Calling model for step 0.75...
  -> Success (6.7s, 1451 chars)
[info] [622/860] Completed all steps for 'https://www.mdr.de/nachrichten-leicht/leichte-sprache-sachsen-erhoehte-ticketpreise-100.html'.
[info] [623/860] Generating steps [0.25, 0.5, 0.75] for 'https://www.mdr.de/nachrichten-leicht/leichte-sprache-mittel-deutschland-sport-pokal-spiele-am-wochenende-100.html'...
  -> Calling model for step 0.25...
  -> Success (4.8s, 2104 chars)
  -> Calling model for step 0.50...
  -> Success (4.4s, 2096 chars)
  -> Calling model for step 0.75...
  -> Success (3.7s, 1361 chars)
[info] [623/860] Completed all steps for 'https://www.mdr.de/nachrichten-leicht/leichte-sprache-mittel-deutschland-sport-pokal-spiele-am-wochenende-100.html'.
[info] [624/860] Generating steps [0.25, 0.5, 0.75] for 'https://www.mdr.de/nachrichten-leicht/leichte-sprache-sachsen-anhalt-weihnachtsmarkt-attentat-angeklagter-wuetet-im-gerichtssaal-100.html'...
  -> Calling model for step 0.25...
  -> Success (5.7s, 2292 chars)
  -> Calling model for step 0.50...
  -> Success (4.9s, 1975 chars)
  -> Calling model for step 0.75...
  -> Success (3.9s, 1490 chars)
[info] [624/860] Completed all steps for 'https://www.mdr.de/nachrichten-leicht/leichte-sprache-sachsen-anhalt-weihnachtsmarkt-attentat-angeklagter-wuetet-im-gerichtssaal-100.html'.
[info] [625/860] Generating steps [0.25, 0.5, 0.75] for 'https://www.mdr.de/nachrichten-leicht/leichte-sprache-mitteldeutschland-zugausfaelle-leipzig-chemnitz-doebeln-leinefelde-sangerhausen-100.html'...
  -> Calling model for step 0.25...
  -> Success (5.8s, 1487 chars)
  -> Calling model for step 0.50...
  -> Success (5.5s, 1487 chars)
  -> Calling model for step 0.75...
  -> Success (3.9s, 707 chars)
[info] [625/860] Completed all steps for 'https://www.mdr.de/nachrichten-leicht/leichte-sprache-mitteldeutschland-zugausfaelle-leipzig-chemnitz-doebeln-leinefelde-sangerhausen-100.html'.
[info] [626/860] Generating steps [0.25, 0.5, 0.75] for 'https://www.mdr.de/nachrichten-leicht/leichte-sprache-sachsen-torgau-vermieter-fernwaerme-streit-100.html'...
  -> Calling model for step 0.25...
  -> Success (3.7s, 1370 chars)
  -> Calling model for step 0.50...
  -> Success (4.2s, 1918 chars)
  -> Calling model for step 0.75...
  -> Success (5.7s, 1717 chars)
[info] [626/860] Completed all steps for 'https://www.mdr.de/nachrichten-leicht/leichte-sprache-sachsen-torgau-vermieter-fernwaerme-streit-100.html'.
[info] [627/860] Generating steps [0.25, 0.5, 0.75] for 'https://www.mdr.de/nachrichten-leicht/leichte-sprache-sachsen-anhalt-angriff-polizist-100.html'...
  -> Calling model for step 0.25...
  -> Success (5.8s, 1249 chars)
  -> Calling model for step 0.50...
  -> Success (5.0s, 1208 chars)
  -> Calling model for step 0.75...
  -> Success (6.6s, 1189 chars)
[info] [627/860] Completed all steps for 'https://www.mdr.de/nachrichten-leicht/leichte-sprache-sachsen-anhalt-angriff-polizist-100.html'.
[info] [628/860] Generating steps [0.25, 0.5, 0.75] for 'https://www.mdr.de/nachrichten-leicht/leichte-sprache-thueringen-schleusingen-lindenschule-frist-unterricht-100.html'...
  -> Calling model for step 0.25...
  -> Success (2.7s, 1213 chars)
  -> Calling model for step 0.50...
  -> Success (3.6s, 1384 chars)
  -> Calling model for step 0.75...
  -> Success (3.4s, 899 chars)
[info] [628/860] Completed all steps for 'https://www.mdr.de/nachrichten-leicht/leichte-sprache-thueringen-schleusingen-lindenschule-frist-unterricht-100.html'.
[info] [629/860] Generating steps [0.25, 0.5, 0.75] for 'https://www.mdr.de/nachrichten-leicht/leichte-sprache-sachsen-gefluegelpest-vogelgrippe-100.html'...
  -> Calling model for step 0.25...
  -> Success (4.6s, 2162 chars)
  -> Calling model for step 0.50...
  -> Success (4.5s, 1830 chars)
  -> Calling model for step 0.75...
  -> Success (5.4s, 1883 chars)
[info] [629/860] Completed all steps for 'https://www.mdr.de/nachrichten-leicht/leichte-sprache-sachsen-gefluegelpest-vogelgrippe-100.html'.
[info] [630/860] Generating steps [0.25, 0.5, 0.75] for 'https://www.mdr.de/nachrichten-leicht/leichte-sprache-thueringen-weimar-foerderzentrum-fuer-sehbehinderte-bleibt-bestehen-100.html'...
  -> Calling model for step 0.25...
  -> Success (4.1s, 1793 chars)
  -> Calling model for step 0.50...
  -> Success (3.4s, 1737 chars)
  -> Calling model for step 0.75...
  -> Success (3.9s, 1717 chars)
[info] [630/860] Completed all steps for 'https://www.mdr.de/nachrichten-leicht/leichte-sprache-thueringen-weimar-foerderzentrum-fuer-sehbehinderte-bleibt-bestehen-100.html'.
[info] [631/860] Generating steps [0.25, 0.5, 0.75] for 'https://www.mdr.de/nachrichten-leicht/leichte-sprache-mittel-deutschland-kultur-nachricht-dresden-erfurt-magdeburg-100.html'...
  -> Calling model for step 0.25...
  -> Success (4.9s, 2347 chars)
  -> Calling model for step 0.50...
  -> Success (5.1s, 2373 chars)
  -> Calling model for step 0.75...
  -> Success (5.5s, 2563 chars)
[info] [631/860] Completed all steps for 'https://www.mdr.de/nachrichten-leicht/leichte-sprache-mittel-deutschland-kultur-nachricht-dresden-erfurt-magdeburg-100.html'.
[info] [632/860] Generating steps [0.25, 0.5, 0.75] for 'https://www.mdr.de/nachrichten-leicht/leichte-sprache-sachsen-anhalt-schlaitz-freizeitanlage-100.html'...
  -> Calling model for step 0.25...
  -> Success (4.6s, 1984 chars)
  -> Calling model for step 0.50...
  -> Success (3.7s, 1713 chars)
  -> Calling model for step 0.75...
  -> Success (4.4s, 1656 chars)
[info] [632/860] Completed all steps for 'https://www.mdr.de/nachrichten-leicht/leichte-sprache-sachsen-anhalt-schlaitz-freizeitanlage-100.html'.
[info] [633/860] Generating steps [0.25, 0.5, 0.75] for 'https://www.mdr.de/nachrichten-leicht/leichte-sprache-thueringen-plagiatsvorwurf-gegen-mario-voigt-mp-100.html'...
  -> Calling model for step 0.25...
  -> Success (5.1s, 2991 chars)
  -> Calling model for step 0.50...
  -> Success (4.7s, 2360 chars)
  -> Calling model for step 0.75...
  -> Success (4.7s, 1668 chars)
[info] [633/860] Completed all steps for 'https://www.mdr.de/nachrichten-leicht/leichte-sprache-thueringen-plagiatsvorwurf-gegen-mario-voigt-mp-100.html'.
[info] [634/860] Generating steps [0.25, 0.5, 0.75] for 'https://www.mdr.de/nachrichten-leicht/leichte-sprache-thueringen-weimar-gedenkstaette-buchenwald-widerstand-gegen-ki-fake-bilder-100.html'...
  -> Calling model for step 0.25...
  -> Success (6.2s, 2965 chars)
  -> Calling model for step 0.50...
  -> Success (4.1s, 2256 chars)
  -> Calling model for step 0.75...
  -> Success (5.2s, 1768 chars)
[info] [634/860] Completed all steps for 'https://www.mdr.de/nachrichten-leicht/leichte-sprache-thueringen-weimar-gedenkstaette-buchenwald-widerstand-gegen-ki-fake-bilder-100.html'.
[info] [635/860] Generating steps [0.25, 0.5, 0.75] for 'https://www.mdr.de/nachrichten-leicht/leichte-sprache-streik-dresden-nahverkehr-thueringen-verdi-100.html'...
  -> Calling model for step 0.25...
  -> Success (5.0s, 1473 chars)
  -> Calling model for step 0.50...
  -> Success (4.4s, 1712 chars)
  -> Calling model for step 0.75...
  -> Success (5.5s, 1431 chars)
[info] [635/860] Completed all steps for 'https://www.mdr.de/nachrichten-leicht/leichte-sprache-streik-dresden-nahverkehr-thueringen-verdi-100.html'.
[info] [636/860] Generating steps [0.25, 0.5, 0.75] for 'https://www.mdr.de/nachrichten-leicht/leichte-sprache-sachsen-anhalt-harz-klinikum-zuschuss-kreistag-100.html'...
  -> Calling model for step 0.25...
  -> Success (5.5s, 2221 chars)
  -> Calling model for step 0.50...
  -> Success (4.8s, 1922 chars)
  -> Calling model for step 0.75...
  -> Success (3.9s, 1867 chars)
[info] [636/860] Completed all steps for 'https://www.mdr.de/nachrichten-leicht/leichte-sprache-sachsen-anhalt-harz-klinikum-zuschuss-kreistag-100.html'.
[info] [637/860] Generating steps [0.25, 0.5, 0.75] for 'https://www.mdr.de/nachrichten-leicht/leichte-sprache-magdeburg-bahn-einschraenkungen-aufgehoben-brand-guterzug-100.html'...
  -> Calling model for step 0.25...
  -> Success (3.1s, 1303 chars)
  -> Calling model for step 0.50...
  -> Success (3.4s, 1324 chars)
  -> Calling model for step 0.75...
  -> Success (3.7s, 1238 chars)
[info] [637/860] Completed all steps for 'https://www.mdr.de/nachrichten-leicht/leichte-sprache-magdeburg-bahn-einschraenkungen-aufgehoben-brand-guterzug-100.html'.
[info] [638/860] Generating steps [0.25, 0.5, 0.75] for 'https://www.mdr.de/nachrichten-leicht/leichte-sprache-sachsen-chemnitz-neues-kardiologisches-zentrum-eroeffnet-100.html'...
  -> Calling model for step 0.25...
  -> Success (2.8s, 1251 chars)
  -> Calling model for step 0.50...
  -> Success (2.4s, 1106 chars)
  -> Calling model for step 0.75...
  -> Success (2.7s, 970 chars)
[info] [638/860] Completed all steps for 'https://www.mdr.de/nachrichten-leicht/leichte-sprache-sachsen-chemnitz-neues-kardiologisches-zentrum-eroeffnet-100.html'.
[info] [639/860] Generating steps [0.25, 0.5, 0.75] for 'https://www.mdr.de/nachrichten-leicht/leichte-sprache-thueringen-gotha-saniert-bahnhof-100.html'...
  -> Calling model for step 0.25...
  -> Success (3.4s, 1290 chars)
  -> Calling model for step 0.50...
  -> Success (3.4s, 1240 chars)
  -> Calling model for step 0.75...
  -> Success (3.7s, 1252 chars)
[info] [639/860] Completed all steps for 'https://www.mdr.de/nachrichten-leicht/leichte-sprache-thueringen-gotha-saniert-bahnhof-100.html'.
[info] [640/860] Generating steps [0.25, 0.5, 0.75] for 'https://www.mdr.de/nachrichten-leicht/leichte-sprache-pflege-azubis-vietnam-altenburg-100.html'...
  -> Calling model for step 0.25...
  -> Success (4.2s, 1957 chars)
  -> Calling model for step 0.50...
  -> Success (4.4s, 2055 chars)
  -> Calling model for step 0.75...
  -> Success (3.3s, 1457 chars)
[info] [640/860] Completed all steps for 'https://www.mdr.de/nachrichten-leicht/leichte-sprache-pflege-azubis-vietnam-altenburg-100.html'.
[info] [641/860] Generating steps [0.25, 0.5, 0.75] for 'https://www.mdr.de/nachrichten-leicht/leichte-sprache-thueringen-oberhof-weltcups-rodeln-noko-langlauf-100.html'...
  -> Calling model for step 0.25...
  -> Success (6.2s, 1520 chars)
  -> Calling model for step 0.50...
  -> Success (5.1s, 1935 chars)
  -> Calling model for step 0.75...
  -> Success (8.7s, 1862 chars)
[info] [641/860] Completed all steps for 'https://www.mdr.de/nachrichten-leicht/leichte-sprache-thueringen-oberhof-weltcups-rodeln-noko-langlauf-100.html'.
[info] [642/860] Generating steps [0.25, 0.5, 0.75] for 'https://www.mdr.de/nachrichten-leicht/leichte-sprache-kulturnachricht-alle-laender-100.html'...
  -> Calling model for step 0.25...
  -> Success (6.1s, 2952 chars)
  -> Calling model for step 0.50...
  -> Success (5.1s, 2569 chars)
  -> Calling model for step 0.75...
  -> Success (6.3s, 2212 chars)
[info] [642/860] Completed all steps for 'https://www.mdr.de/nachrichten-leicht/leichte-sprache-kulturnachricht-alle-laender-100.html'.
[info] [643/860] Generating steps [0.25, 0.5, 0.75] for 'https://www.mdr.de/nachrichten-leicht/leichte-sprache-sachsen-anhalt-thueringen-warnstreik-gew-lehrkraefte-schulen-100.html'...
  -> Calling model for step 0.25...
  -> Success (5.1s, 1230 chars)
  -> Calling model for step 0.50...
  -> Success (4.8s, 1174 chars)
  -> Calling model for step 0.75...
  -> Success (4.3s, 818 chars)
[info] [643/860] Completed all steps for 'https://www.mdr.de/nachrichten-leicht/leichte-sprache-sachsen-anhalt-thueringen-warnstreik-gew-lehrkraefte-schulen-100.html'.
[info] [644/860] Generating steps [0.25, 0.5, 0.75] for 'https://www.mdr.de/nachrichten-leicht/leichte-sprache-sachsen-leipzig-auenwald-baerlauch-polizei-kontrollen-100.html'...
  -> Calling model for step 0.25...
  -> Success (3.3s, 1170 chars)
  -> Calling model for step 0.50...
  -> Success (3.6s, 1413 chars)
  -> Calling model for step 0.75...
  -> Success (2.5s, 921 chars)
[info] [644/860] Completed all steps for 'https://www.mdr.de/nachrichten-leicht/leichte-sprache-sachsen-leipzig-auenwald-baerlauch-polizei-kontrollen-100.html'.
[info] [645/860] Generating steps [0.25, 0.5, 0.75] for 'https://www.mdr.de/nachrichten-leicht/leichte-sprache-sachsen-leipzig-demos-linke-polizei-strafanzeigen-100.html'...
  -> Calling model for step 0.25...
  -> Success (3.5s, 1516 chars)
  -> Calling model for step 0.50...
  -> Success (4.2s, 1509 chars)
  -> Calling model for step 0.75...
  -> Success (4.1s, 1763 chars)
[info] [645/860] Completed all steps for 'https://www.mdr.de/nachrichten-leicht/leichte-sprache-sachsen-leipzig-demos-linke-polizei-strafanzeigen-100.html'.
[info] [646/860] Generating steps [0.25, 0.5, 0.75] for 'https://www.mdr.de/nachrichten-leicht/leichte-sprache-sachsen-insolvenz-crimmitschauer-wohnungsgesellschaft-100.html'...
  -> Calling model for step 0.25...
  -> Success (4.9s, 1328 chars)
  -> Calling model for step 0.50...
  -> Success (3.8s, 1123 chars)
  -> Calling model for step 0.75...
  -> Success (3.8s, 1048 chars)
[info] [646/860] Completed all steps for 'https://www.mdr.de/nachrichten-leicht/leichte-sprache-sachsen-insolvenz-crimmitschauer-wohnungsgesellschaft-100.html'.
[info] [647/860] Generating steps [0.25, 0.5, 0.75] for 'https://www.mdr.de/nachrichten-leicht/leichte-sprache-thueringen-rennsteig-neue-schilder-100.html'...
  -> Calling model for step 0.25...
  -> Success (6.4s, 1381 chars)
  -> Calling model for step 0.50...
  -> Success (2.7s, 1166 chars)
  -> Calling model for step 0.75...
  -> Success (5.3s, 1257 chars)
[info] [647/860] Completed all steps for 'https://www.mdr.de/nachrichten-leicht/leichte-sprache-thueringen-rennsteig-neue-schilder-100.html'.
[info] [648/860] Generating steps [0.25, 0.5, 0.75] for 'https://www.mdr.de/nachrichten-leicht/leichte-sprache-thueringen-sachsen-anhalt-luchs-im-harz-angesiedelt-100.html'...
  -> Calling model for step 0.25...
  -> Success (4.4s, 1921 chars)
  -> Calling model for step 0.50...
  -> Success (5.6s, 987 chars)
  -> Calling model for step 0.75...
  -> Success (3.1s, 935 chars)
[info] [648/860] Completed all steps for 'https://www.mdr.de/nachrichten-leicht/leichte-sprache-thueringen-sachsen-anhalt-luchs-im-harz-angesiedelt-100.html'.
[info] [649/860] Generating steps [0.25, 0.5, 0.75] for 'https://www.mdr.de/nachrichten-leicht/leichte-sprache-sachsen-besucherrekord-buchmesse-leipzig-100.html'...
  -> Calling model for step 0.25...
  -> Success (5.6s, 2456 chars)
  -> Calling model for step 0.50...
  -> Success (5.9s, 2522 chars)
  -> Calling model for step 0.75...
  -> Success (6.8s, 2697 chars)
[info] [649/860] Completed all steps for 'https://www.mdr.de/nachrichten-leicht/leichte-sprache-sachsen-besucherrekord-buchmesse-leipzig-100.html'.
[info] [650/860] Generating steps [0.25, 0.5, 0.75] for 'https://www.mdr.de/nachrichten-leicht/leichte-sprache-sachsen-anhalt-halle-zug-liegengeblieben-vier-stunden-100.html'...
  -> Calling model for step 0.25...
  -> Success (4.2s, 1336 chars)
  -> Calling model for step 0.50...
  -> Success (7.1s, 1257 chars)
  -> Calling model for step 0.75...
  -> Success (6.0s, 1221 chars)
[info] [650/860] Completed all steps for 'https://www.mdr.de/nachrichten-leicht/leichte-sprache-sachsen-anhalt-halle-zug-liegengeblieben-vier-stunden-100.html'.
[info] [651/860] Generating steps [0.25, 0.5, 0.75] for 'https://www.mdr.de/nachrichten-leicht/leichte-sprache-thueringen-hoffmann-sport-vierschanzentournee-100.html'...
  -> Calling model for step 0.25...
  -> Success (5.2s, 1142 chars)
  -> Calling model for step 0.50...
  -> Success (3.3s, 1259 chars)
  -> Calling model for step 0.75...
  -> Success (4.0s, 1397 chars)
[info] [651/860] Completed all steps for 'https://www.mdr.de/nachrichten-leicht/leichte-sprache-thueringen-hoffmann-sport-vierschanzentournee-100.html'.
[info] [652/860] Generating steps [0.25, 0.5, 0.75] for 'https://www.mdr.de/nachrichten-leicht/leichte-sprache-sachsen-sachsen-anhalt-geld-fuer-flughaefen-100.html'...
  -> Calling model for step 0.25...
  -> Success (4.1s, 1627 chars)
  -> Calling model for step 0.50...
  -> Success (5.7s, 2334 chars)
  -> Calling model for step 0.75...
  -> Success (4.4s, 1911 chars)
[info] [652/860] Completed all steps for 'https://www.mdr.de/nachrichten-leicht/leichte-sprache-sachsen-sachsen-anhalt-geld-fuer-flughaefen-100.html'.
[info] [653/860] Generating steps [0.25, 0.5, 0.75] for 'https://www.mdr.de/nachrichten-leicht/leichte-sprache-sachsen-anhalt-harz-rodeln-loipen-geoeffnet-100.html'...
  -> Calling model for step 0.25...
  -> Success (4.5s, 1595 chars)
  -> Calling model for step 0.50...
  -> Success (5.0s, 1692 chars)
  -> Calling model for step 0.75...
  -> Success (2.6s, 856 chars)
[info] [653/860] Completed all steps for 'https://www.mdr.de/nachrichten-leicht/leichte-sprache-sachsen-anhalt-harz-rodeln-loipen-geoeffnet-100.html'.
[info] [654/860] Generating steps [0.25, 0.5, 0.75] for 'https://www.mdr.de/nachrichten-leicht/leichte-sprache-sachsen-anhalt-fcm-mehr-sicherheit-nach-ausschreitungen-100.html'...
  -> Calling model for step 0.25...
  -> Success (3.9s, 2193 chars)
  -> Calling model for step 0.50...
  -> Success (3.5s, 1818 chars)
  -> Calling model for step 0.75...
  -> Success (4.2s, 2072 chars)
[info] [654/860] Completed all steps for 'https://www.mdr.de/nachrichten-leicht/leichte-sprache-sachsen-anhalt-fcm-mehr-sicherheit-nach-ausschreitungen-100.html'.
[info] [655/860] Generating steps [0.25, 0.5, 0.75] for 'https://www.mdr.de/nachrichten-leicht/leichte-sprache-streik-mitteldeutschland-dvb-nahverkehr-100.html'...
  -> Calling model for step 0.25...
  -> Success (2.6s, 1090 chars)
  -> Calling model for step 0.50...
  -> Success (4.1s, 1390 chars)
  -> Calling model for step 0.75...
  -> Success (5.8s, 1077 chars)
[info] [655/860] Completed all steps for 'https://www.mdr.de/nachrichten-leicht/leichte-sprache-streik-mitteldeutschland-dvb-nahverkehr-100.html'.
[info] [656/860] Generating steps [0.25, 0.5, 0.75] for 'https://www.mdr.de/nachrichten-leicht/leichte-sprache-sachsen-anhalt-fcm-strafe-nach-krawallen-100.html'...
  -> Calling model for step 0.25...
  -> Success (2.5s, 1188 chars)
  -> Calling model for step 0.50...
  -> Success (2.7s, 979 chars)
  -> Calling model for step 0.75...
  -> Success (4.0s, 988 chars)
[info] [656/860] Completed all steps for 'https://www.mdr.de/nachrichten-leicht/leichte-sprache-sachsen-anhalt-fcm-strafe-nach-krawallen-100.html'.
[info] [657/860] Generating steps [0.25, 0.5, 0.75] for 'https://www.mdr.de/nachrichten-leicht/leichte-sprache-dieselklau-boerde-zunahme-diesel-diebstahl-100.html'...
  -> Calling model for step 0.25...
  -> Success (5.9s, 2054 chars)
  -> Calling model for step 0.50...
  -> Success (4.3s, 1558 chars)
  -> Calling model for step 0.75...
  -> Success (4.1s, 1538 chars)
[info] [657/860] Completed all steps for 'https://www.mdr.de/nachrichten-leicht/leichte-sprache-dieselklau-boerde-zunahme-diesel-diebstahl-100.html'.
[info] [658/860] Generating steps [0.25, 0.5, 0.75] for 'https://www.mdr.de/nachrichten-leicht/leichte-sprache-sachsen-buchmesse-leipzig-absage-krah-100.html'...
  -> Calling model for step 0.25...
  -> Success (5.1s, 1129 chars)
  -> Calling model for step 0.50...
  -> Success (3.6s, 879 chars)
  -> Calling model for step 0.75...
  -> Success (3.9s, 1023 chars)
[info] [658/860] Completed all steps for 'https://www.mdr.de/nachrichten-leicht/leichte-sprache-sachsen-buchmesse-leipzig-absage-krah-100.html'.
[info] [659/860] Generating steps [0.25, 0.5, 0.75] for 'https://www.mdr.de/nachrichten-leicht/leichte-sprache-thueringen-afd-will-voigt-stuerzen-100.html'...
  -> Calling model for step 0.25...
  -> Success (2.3s, 830 chars)
  -> Calling model for step 0.50...
  -> Success (2.5s, 941 chars)
  -> Calling model for step 0.75...
  -> Success (4.2s, 1038 chars)
[info] [659/860] Completed all steps for 'https://www.mdr.de/nachrichten-leicht/leichte-sprache-thueringen-afd-will-voigt-stuerzen-100.html'.
[info] [660/860] Generating steps [0.25, 0.5, 0.75] for 'https://www.mdr.de/nachrichten-leicht/leichte-sprache-entschaedigung-magdeburg-opfer-anschlag-geld-bund-100.html'...
  -> Calling model for step 0.25...
  -> Success (4.3s, 1721 chars)
  -> Calling model for step 0.50...
  -> Success (3.7s, 1808 chars)
  -> Calling model for step 0.75...
  -> Success (4.9s, 1469 chars)
[info] [660/860] Completed all steps for 'https://www.mdr.de/nachrichten-leicht/leichte-sprache-entschaedigung-magdeburg-opfer-anschlag-geld-bund-100.html'.
[info] [661/860] Generating steps [0.25, 0.5, 0.75] for 'https://www.mdr.de/nachrichten-leicht/leichte-sprache-thueringen-postauto-unter-zug-geraten-100.html'...
  -> Calling model for step 0.25...
  -> Success (4.2s, 1018 chars)
  -> Calling model for step 0.50...
  -> Success (2.5s, 1025 chars)
  -> Calling model for step 0.75...
  -> Success (3.6s, 955 chars)
[info] [661/860] Completed all steps for 'https://www.mdr.de/nachrichten-leicht/leichte-sprache-thueringen-postauto-unter-zug-geraten-100.html'.
[info] [662/860] Generating steps [0.25, 0.5, 0.75] for 'https://www.mdr.de/nachrichten-leicht/leichte-sprache-sachsen-chemnitz-marx-denkmal-nischel-sanierung-100.html'...
  -> Calling model for step 0.25...
  -> Success (4.6s, 1851 chars)
  -> Calling model for step 0.50...
  -> Success (3.2s, 1467 chars)
  -> Calling model for step 0.75...
  -> Success (4.4s, 998 chars)
[info] [662/860] Completed all steps for 'https://www.mdr.de/nachrichten-leicht/leichte-sprache-sachsen-chemnitz-marx-denkmal-nischel-sanierung-100.html'.
[info] [663/860] Generating steps [0.25, 0.5, 0.75] for 'https://www.mdr.de/nachrichten-leicht/leichte-sprache-sachsen-schneeberg-abrafaxe-comic-erzgebirge-100.html'...
  -> Calling model for step 0.25...
  -> Success (3.8s, 1672 chars)
  -> Calling model for step 0.50...
  -> Success (3.1s, 1300 chars)
  -> Calling model for step 0.75...
  -> Success (5.9s, 1541 chars)
[info] [663/860] Completed all steps for 'https://www.mdr.de/nachrichten-leicht/leichte-sprache-sachsen-schneeberg-abrafaxe-comic-erzgebirge-100.html'.
[info] [664/860] Generating steps [0.25, 0.5, 0.75] for 'https://www.mdr.de/nachrichten-leicht/leichte-sprache-sachsen-anhalt-sicherheit-bahnverkehr-zuege-100.html'...
  -> Calling model for step 0.25...
  -> Success (3.0s, 1428 chars)
  -> Calling model for step 0.50...
  -> Success (3.2s, 1494 chars)
  -> Calling model for step 0.75...
  -> Success (3.0s, 1079 chars)
[info] [664/860] Completed all steps for 'https://www.mdr.de/nachrichten-leicht/leichte-sprache-sachsen-anhalt-sicherheit-bahnverkehr-zuege-100.html'.
[info] [665/860] Generating steps [0.25, 0.5, 0.75] for 'https://www.mdr.de/nachrichten-leicht/leichte-sprache-sachsen-strassenbahn-plauen-100.html'...
  -> Calling model for step 0.25...
  -> Success (4.6s, 2429 chars)
  -> Calling model for step 0.50...
  -> Success (5.7s, 2416 chars)
  -> Calling model for step 0.75...
  -> Success (4.6s, 1696 chars)
[info] [665/860] Completed all steps for 'https://www.mdr.de/nachrichten-leicht/leichte-sprache-sachsen-strassenbahn-plauen-100.html'.
[info] [666/860] Generating steps [0.25, 0.5, 0.75] for 'https://www.mdr.de/nachrichten-leicht/leichte-sprache-sachsen-anhalt-quedlinburg-feininger-museum-ausstellung-blaue-vier-100.html'...
  -> Calling model for step 0.25...
  -> Success (4.0s, 1511 chars)
  -> Calling model for step 0.50...
  -> Success (4.6s, 1497 chars)
  -> Calling model for step 0.75...
  -> Success (3.3s, 1336 chars)
[info] [666/860] Completed all steps for 'https://www.mdr.de/nachrichten-leicht/leichte-sprache-sachsen-anhalt-quedlinburg-feininger-museum-ausstellung-blaue-vier-100.html'.
[info] [667/860] Generating steps [0.25, 0.5, 0.75] for 'https://www.mdr.de/nachrichten-leicht/leichte-sprache-schamanin-bad-duerrenberg-boerde-kopfschmuck-100.html'...
  -> Calling model for step 0.25...
  -> Success (3.7s, 1465 chars)
  -> Calling model for step 0.50...
  -> Success (4.5s, 1743 chars)
  -> Calling model for step 0.75...
  -> Success (4.4s, 1154 chars)
[info] [667/860] Completed all steps for 'https://www.mdr.de/nachrichten-leicht/leichte-sprache-schamanin-bad-duerrenberg-boerde-kopfschmuck-100.html'.
[info] [668/860] Generating steps [0.25, 0.5, 0.75] for 'https://www.mdr.de/nachrichten-leicht/leichte-sprache-sachsen-filmfest-dresden-100.html'...
  -> Calling model for step 0.25...
  -> Success (4.3s, 1426 chars)
  -> Calling model for step 0.50...
  -> Success (3.8s, 1561 chars)
  -> Calling model for step 0.75...
  -> Success (3.9s, 1494 chars)
[info] [668/860] Completed all steps for 'https://www.mdr.de/nachrichten-leicht/leichte-sprache-sachsen-filmfest-dresden-100.html'.
[info] [669/860] Generating steps [0.25, 0.5, 0.75] for 'https://www.mdr.de/nachrichten-leicht/leichte-sprache-kultur-meissen-heimkehle-albrechtsburg-altenburg-100.html'...
  -> Calling model for step 0.25...
  -> Success (7.0s, 3031 chars)
  -> Calling model for step 0.50...
  -> Success (5.8s, 2534 chars)
  -> Calling model for step 0.75...
  -> Success (4.2s, 1877 chars)
[info] [669/860] Completed all steps for 'https://www.mdr.de/nachrichten-leicht/leichte-sprache-kultur-meissen-heimkehle-albrechtsburg-altenburg-100.html'.
[info] [670/860] Generating steps [0.25, 0.5, 0.75] for 'https://www.mdr.de/nachrichten-leicht/leichte-sprache-sachsen-delitzsch-verseuchtes-grundwasser-100.html'...
  -> Calling model for step 0.25...
  -> Success (6.2s, 2382 chars)
  -> Calling model for step 0.50...
  -> Success (7.8s, 2070 chars)
  -> Calling model for step 0.75...
  -> Success (3.2s, 1585 chars)
[info] [670/860] Completed all steps for 'https://www.mdr.de/nachrichten-leicht/leichte-sprache-sachsen-delitzsch-verseuchtes-grundwasser-100.html'.
[info] [671/860] Generating steps [0.25, 0.5, 0.75] for 'https://www.mdr.de/nachrichten-leicht/leichte-sprache-sachsen-dresden-festspielhaus-hellerau-theaterpreis-des-bundes-100.html'...
  -> Calling model for step 0.25...
  -> Success (4.2s, 2037 chars)
  -> Calling model for step 0.50...
  -> Success (3.7s, 1403 chars)
  -> Calling model for step 0.75...
  -> Success (4.7s, 1186 chars)
[info] [671/860] Completed all steps for 'https://www.mdr.de/nachrichten-leicht/leichte-sprache-sachsen-dresden-festspielhaus-hellerau-theaterpreis-des-bundes-100.html'.
[info] [672/860] Generating steps [0.25, 0.5, 0.75] for 'https://www.mdr.de/nachrichten-leicht/leichte-sprache-thueringen-neonazi-attacke-auf-journalisten-100.html'...
  -> Calling model for step 0.25...
  -> Success (4.4s, 1605 chars)
  -> Calling model for step 0.50...
  -> Success (3.5s, 1306 chars)
  -> Calling model for step 0.75...
  -> Success (4.5s, 1275 chars)
[info] [672/860] Completed all steps for 'https://www.mdr.de/nachrichten-leicht/leichte-sprache-thueringen-neonazi-attacke-auf-journalisten-100.html'.
[info] [673/860] Generating steps [0.25, 0.5, 0.75] for 'https://www.mdr.de/nachrichten-leicht/leichte-sprache-sachsen-anhalt-sirene-halle-alarm-cyper-attacke-100.html'...
  -> Calling model for step 0.25...
  -> Success (3.5s, 1347 chars)
  -> Calling model for step 0.50...
  -> Success (2.5s, 1017 chars)
  -> Calling model for step 0.75...
  -> Success (3.1s, 805 chars)
[info] [673/860] Completed all steps for 'https://www.mdr.de/nachrichten-leicht/leichte-sprache-sachsen-anhalt-sirene-halle-alarm-cyper-attacke-100.html'.
[info] [674/860] Generating steps [0.25, 0.5, 0.75] for 'https://www.mdr.de/nachrichten-leicht/leichte-sprache-thueringen-erfurt-rot-weiss-insolvenz-rwe-100.html'...
  -> Calling model for step 0.25...
  -> Success (3.6s, 1717 chars)
  -> Calling model for step 0.50...
  -> Success (3.6s, 1801 chars)
  -> Calling model for step 0.75...
  -> Success (6.2s, 1893 chars)
[info] [674/860] Completed all steps for 'https://www.mdr.de/nachrichten-leicht/leichte-sprache-thueringen-erfurt-rot-weiss-insolvenz-rwe-100.html'.
[info] [675/860] Generating steps [0.25, 0.5, 0.75] for 'https://www.mdr.de/nachrichten-leicht/leichte-sprache-torgau-sachsen-tafel-oeffnung-lebensmittel-wasserschaden-100.html'...
  -> Calling model for step 0.25...
  -> Success (3.1s, 685 chars)
  -> Calling model for step 0.50...
  -> Success (1.9s, 765 chars)
  -> Calling model for step 0.75...
  -> Success (3.2s, 754 chars)
[info] [675/860] Completed all steps for 'https://www.mdr.de/nachrichten-leicht/leichte-sprache-torgau-sachsen-tafel-oeffnung-lebensmittel-wasserschaden-100.html'.
[info] [676/860] Generating steps [0.25, 0.5, 0.75] for 'https://www.mdr.de/nachrichten-leicht/leichte-sprache-sachsen-anhalt-stuendliche-bahnverbindung-nach-berlin-100.html'...
  -> Calling model for step 0.25...
  -> Success (4.6s, 1581 chars)
  -> Calling model for step 0.50...
  -> Success (6.9s, 2409 chars)
  -> Calling model for step 0.75...
  -> Success (5.1s, 1469 chars)
[info] [676/860] Completed all steps for 'https://www.mdr.de/nachrichten-leicht/leichte-sprache-sachsen-anhalt-stuendliche-bahnverbindung-nach-berlin-100.html'.
[info] [677/860] Generating steps [0.25, 0.5, 0.75] for 'https://www.mdr.de/nachrichten-leicht/leichte-sprache-kulturnachricht-quedlinburg-hainich-mulderadweg-100.html'...
  -> Calling model for step 0.25...
  -> Success (6.0s, 2495 chars)
  -> Calling model for step 0.50...
  -> Success (6.4s, 2699 chars)
  -> Calling model for step 0.75...
  -> Success (5.8s, 2392 chars)
[info] [677/860] Completed all steps for 'https://www.mdr.de/nachrichten-leicht/leichte-sprache-kulturnachricht-quedlinburg-hainich-mulderadweg-100.html'.
[info] [678/860] Generating steps [0.25, 0.5, 0.75] for 'https://www.mdr.de/nachrichten-leicht/leichte-sprache-sachsen-anhalt-wernigerode-stolpersteine-100.html'...
  -> Calling model for step 0.25...
  -> Success (5.5s, 2210 chars)
  -> Calling model for step 0.50...
  -> Success (3.3s, 1783 chars)
  -> Calling model for step 0.75...
  -> Success (3.6s, 1866 chars)
[info] [678/860] Completed all steps for 'https://www.mdr.de/nachrichten-leicht/leichte-sprache-sachsen-anhalt-wernigerode-stolpersteine-100.html'.
[info] [679/860] Generating steps [0.25, 0.5, 0.75] for 'https://www.mdr.de/nachrichten-leicht/leichte-sprache-sachsen-rechenschwaeche-mathematik-beschluss-100.html'...
  -> Calling model for step 0.25...
  -> Success (3.7s, 1757 chars)
  -> Calling model for step 0.50...
  -> Success (3.5s, 1672 chars)
  -> Calling model for step 0.75...
  -> Success (3.9s, 1358 chars)
[info] [679/860] Completed all steps for 'https://www.mdr.de/nachrichten-leicht/leichte-sprache-sachsen-rechenschwaeche-mathematik-beschluss-100.html'.
[info] [680/860] Generating steps [0.25, 0.5, 0.75] for 'https://www.mdr.de/nachrichten-leicht/leichte-sprache-sachsen-polizei-computer-problem-100.html'...
  -> Calling model for step 0.25...
  -> Success (3.5s, 1749 chars)
  -> Calling model for step 0.50...
  -> Success (4.3s, 2520 chars)
  -> Calling model for step 0.75...
  -> Success (4.1s, 1744 chars)
[info] [680/860] Completed all steps for 'https://www.mdr.de/nachrichten-leicht/leichte-sprache-sachsen-polizei-computer-problem-100.html'.
[info] [681/860] Generating steps [0.25, 0.5, 0.75] for 'https://www.mdr.de/nachrichten-leicht/leichte-sprache-sachsen-moegliche-evakuierung-dresden-bombenfund-carolabruecke-100.html'...
  -> Calling model for step 0.25...
  -> Success (4.5s, 2077 chars)
  -> Calling model for step 0.50...
  -> Success (3.7s, 2096 chars)
  -> Calling model for step 0.75...
  -> Success (4.3s, 1924 chars)
[info] [681/860] Completed all steps for 'https://www.mdr.de/nachrichten-leicht/leichte-sprache-sachsen-moegliche-evakuierung-dresden-bombenfund-carolabruecke-100.html'.
[info] [682/860] Generating steps [0.25, 0.5, 0.75] for 'https://www.mdr.de/nachrichten-leicht/leichte-sprache-sachsen-quattro-polizei-auf-hbf-leipzig-100.html'...
  -> Calling model for step 0.25...
  -> Success (3.5s, 1411 chars)
  -> Calling model for step 0.50...
  -> Success (3.4s, 1763 chars)
  -> Calling model for step 0.75...
  -> Success (3.8s, 1622 chars)
[info] [682/860] Completed all steps for 'https://www.mdr.de/nachrichten-leicht/leichte-sprache-sachsen-quattro-polizei-auf-hbf-leipzig-100.html'.
[info] [683/860] Generating steps [0.25, 0.5, 0.75] for 'https://www.mdr.de/nachrichten-leicht/leichte-sprache-thueringen-erfurter-schueler-erinnern-an-ns-opfer-100.html'...
  -> Calling model for step 0.25...
  -> Success (6.5s, 2735 chars)
  -> Calling model for step 0.50...
  -> Success (3.9s, 2187 chars)
  -> Calling model for step 0.75...
  -> Success (3.6s, 1337 chars)
[info] [683/860] Completed all steps for 'https://www.mdr.de/nachrichten-leicht/leichte-sprache-thueringen-erfurter-schueler-erinnern-an-ns-opfer-100.html'.
[info] [684/860] Generating steps [0.25, 0.5, 0.75] for 'https://www.mdr.de/nachrichten-leicht/leichte-sprache-wochenend-tipps-kultur-halle-goerlitz-100.html'...
  -> Calling model for step 0.25...
  -> Success (8.0s, 2450 chars)
  -> Calling model for step 0.50...
  -> Success (5.2s, 2009 chars)
  -> Calling model for step 0.75...
  -> Success (5.5s, 1343 chars)
[info] [684/860] Completed all steps for 'https://www.mdr.de/nachrichten-leicht/leichte-sprache-wochenend-tipps-kultur-halle-goerlitz-100.html'.
[info] [685/860] Generating steps [0.25, 0.5, 0.75] for 'https://www.mdr.de/nachrichten-leicht/leichte-sprache-sachsen-dresden-filmfest-keine-barrierefreien-angebote-100.html'...
  -> Calling model for step 0.25...
  -> Success (4.0s, 1962 chars)
  -> Calling model for step 0.50...
  -> Success (3.7s, 1742 chars)
  -> Calling model for step 0.75...
  -> Success (5.0s, 1420 chars)
[info] [685/860] Completed all steps for 'https://www.mdr.de/nachrichten-leicht/leichte-sprache-sachsen-dresden-filmfest-keine-barrierefreien-angebote-100.html'.
[info] [686/860] Generating steps [0.25, 0.5, 0.75] for 'https://www.mdr.de/nachrichten-leicht/leichte-sprache-sachsen-laussnitzer-heide-huegelgraeber-entdeckt-100.html'...
  -> Calling model for step 0.25...
  -> Success (3.9s, 820 chars)
  -> Calling model for step 0.50...
  -> Success (3.4s, 799 chars)
  -> Calling model for step 0.75...
  -> Success (2.4s, 899 chars)
[info] [686/860] Completed all steps for 'https://www.mdr.de/nachrichten-leicht/leichte-sprache-sachsen-laussnitzer-heide-huegelgraeber-entdeckt-100.html'.
[info] [687/860] Generating steps [0.25, 0.5, 0.75] for 'https://www.mdr.de/nachrichten-leicht/leichte-sprache-sachsen-anhalt-magdeburg-prozess-taleb-a-anschlag-fachliche-eignung-zweifel-100.html'...
  -> Calling model for step 0.25...
  -> Success (5.6s, 1514 chars)
  -> Calling model for step 0.50...
  -> Success (4.0s, 1176 chars)
  -> Calling model for step 0.75...
  -> Success (3.4s, 1209 chars)
[info] [687/860] Completed all steps for 'https://www.mdr.de/nachrichten-leicht/leichte-sprache-sachsen-anhalt-magdeburg-prozess-taleb-a-anschlag-fachliche-eignung-zweifel-100.html'.
[info] [688/860] Generating steps [0.25, 0.5, 0.75] for 'https://www.mdr.de/nachrichten-leicht/leichte-sprache-sachsen-vw-zwickau-recycling-100.html'...
  -> Calling model for step 0.25...
  -> Success (3.5s, 1857 chars)
  -> Calling model for step 0.50...
  -> Success (3.5s, 2336 chars)
  -> Calling model for step 0.75...
  -> Success (3.3s, 1649 chars)
[info] [688/860] Completed all steps for 'https://www.mdr.de/nachrichten-leicht/leichte-sprache-sachsen-vw-zwickau-recycling-100.html'.
[info] [689/860] Generating steps [0.25, 0.5, 0.75] for 'https://www.mdr.de/nachrichten-leicht/leichte-sprache-sachsen-fussball-dresden-herta-ausschreitungen-krawall-schuster-konsequenzen-100.html'...
  -> Calling model for step 0.25...
  -> Success (4.0s, 1675 chars)
  -> Calling model for step 0.50...
  -> Success (4.7s, 2139 chars)
  -> Calling model for step 0.75...
  -> Success (4.7s, 2212 chars)
[info] [689/860] Completed all steps for 'https://www.mdr.de/nachrichten-leicht/leichte-sprache-sachsen-fussball-dresden-herta-ausschreitungen-krawall-schuster-konsequenzen-100.html'.
[info] [690/860] Generating steps [0.25, 0.5, 0.75] for 'https://www.mdr.de/nachrichten-leicht/leichte-sprache-sachsen-leipzig-strassenbahn-entgleist-100.html'...
  -> Calling model for step 0.25...
  -> Success (5.1s, 1291 chars)
  -> Calling model for step 0.50...
  -> Success (4.9s, 1111 chars)
  -> Calling model for step 0.75...
  -> Success (3.9s, 926 chars)
[info] [690/860] Completed all steps for 'https://www.mdr.de/nachrichten-leicht/leichte-sprache-sachsen-leipzig-strassenbahn-entgleist-100.html'.
[info] [691/860] Generating steps [0.25, 0.5, 0.75] for 'https://www.mdr.de/nachrichten-leicht/leichte-sprache-thueringen-sondervermoegen-des-bundes-infrastruktur-100.html'...
  -> Calling model for step 0.25...
  -> Success (5.8s, 2933 chars)
  -> Calling model for step 0.50...
  -> Success (4.3s, 2074 chars)
  -> Calling model for step 0.75...
  -> Success (4.7s, 2210 chars)
[info] [691/860] Completed all steps for 'https://www.mdr.de/nachrichten-leicht/leichte-sprache-thueringen-sondervermoegen-des-bundes-infrastruktur-100.html'.
[info] [692/860] Generating steps [0.25, 0.5, 0.75] for 'https://www.mdr.de/nachrichten-leicht/leichte-sprache-sachsen-anhalt-tierpark-thale-baeren-winterschlaf-fruehling-100.html'...
  -> Calling model for step 0.25...
  -> Success (6.7s, 1577 chars)
  -> Calling model for step 0.50...
  -> Success (4.8s, 1390 chars)
  -> Calling model for step 0.75...
  -> Success (5.8s, 1399 chars)
[info] [692/860] Completed all steps for 'https://www.mdr.de/nachrichten-leicht/leichte-sprache-sachsen-anhalt-tierpark-thale-baeren-winterschlaf-fruehling-100.html'.
[info] [693/860] Generating steps [0.25, 0.5, 0.75] for 'https://www.mdr.de/nachrichten-leicht/leichte-sprache-mitteldeutschland-heizkosten-steigerung-fernwaerme-100.html'...
  -> Calling model for step 0.25...
  -> Success (6.3s, 1546 chars)
  -> Calling model for step 0.50...
  -> Success (4.3s, 1937 chars)
  -> Calling model for step 0.75...
  -> Success (4.9s, 2025 chars)
[info] [693/860] Completed all steps for 'https://www.mdr.de/nachrichten-leicht/leichte-sprache-mitteldeutschland-heizkosten-steigerung-fernwaerme-100.html'.
[info] [694/860] Generating steps [0.25, 0.5, 0.75] for 'https://www.mdr.de/nachrichten-leicht/leichte-sprache-sachsen-anhalt-bernburg-polizeimunition-taucht-wieder-auf-100.html'...
  -> Calling model for step 0.25...
  -> Success (6.5s, 1316 chars)
  -> Calling model for step 0.50...
  -> Success (3.5s, 888 chars)
  -> Calling model for step 0.75...
  -> Success (4.4s, 762 chars)
[info] [694/860] Completed all steps for 'https://www.mdr.de/nachrichten-leicht/leichte-sprache-sachsen-anhalt-bernburg-polizeimunition-taucht-wieder-auf-100.html'.
[info] [695/860] Generating steps [0.25, 0.5, 0.75] for 'https://www.mdr.de/nachrichten-leicht/leichte-sprache-kultur-ausfluege-am-wochenende-100.html'...
  -> Calling model for step 0.25...
  -> Success (6.1s, 2740 chars)
  -> Calling model for step 0.50...
  -> Success (4.4s, 2641 chars)
  -> Calling model for step 0.75...
  -> Success (4.0s, 1790 chars)
[info] [695/860] Completed all steps for 'https://www.mdr.de/nachrichten-leicht/leichte-sprache-kultur-ausfluege-am-wochenende-100.html'.
[info] [696/860] Generating steps [0.25, 0.5, 0.75] for 'https://www.mdr.de/nachrichten-leicht/leichte-sprache-sachsen-anhalt-kommunen-planen-fruehjahrsputz-100.html'...
  -> Calling model for step 0.25...
  -> Success (4.1s, 1782 chars)
  -> Calling model for step 0.50...
  -> Success (3.9s, 1786 chars)
  -> Calling model for step 0.75...
  -> Success (4.7s, 1546 chars)
[info] [696/860] Completed all steps for 'https://www.mdr.de/nachrichten-leicht/leichte-sprache-sachsen-anhalt-kommunen-planen-fruehjahrsputz-100.html'.
[info] [697/860] Generating steps [0.25, 0.5, 0.75] for 'https://www.mdr.de/nachrichten-leicht/leichte-sprache-sachsen-akkuzuege-zwischen-leipzig-und-chemnitz-100.html'...
  -> Calling model for step 0.25...
  -> Success (3.8s, 1657 chars)
  -> Calling model for step 0.50...
  -> Success (3.3s, 1342 chars)
  -> Calling model for step 0.75...
  -> Success (3.8s, 1194 chars)
[info] [697/860] Completed all steps for 'https://www.mdr.de/nachrichten-leicht/leichte-sprache-sachsen-akkuzuege-zwischen-leipzig-und-chemnitz-100.html'.
[info] [698/860] Generating steps [0.25, 0.5, 0.75] for 'https://www.mdr.de/nachrichten-leicht/leichte-sprache-sachsen-satelittenmission-weltraum-100.html'...
  -> Calling model for step 0.25...
  -> Success (4.6s, 1543 chars)
  -> Calling model for step 0.50...
  -> Success (5.2s, 1289 chars)
  -> Calling model for step 0.75...
  -> Success (5.6s, 1195 chars)
[info] [698/860] Completed all steps for 'https://www.mdr.de/nachrichten-leicht/leichte-sprache-sachsen-satelittenmission-weltraum-100.html'.
[info] [699/860] Generating steps [0.25, 0.5, 0.75] for 'https://www.mdr.de/nachrichten-leicht/leichte-sprache-sachsen-anhalt-vetternwirtschaft-afd-kein-sonderparteitag-100.html'...
  -> Calling model for step 0.25...
  -> Success (3.6s, 1570 chars)
  -> Calling model for step 0.50...
  -> Success (3.0s, 1534 chars)
  -> Calling model for step 0.75...
  -> Success (3.6s, 1229 chars)
[info] [699/860] Completed all steps for 'https://www.mdr.de/nachrichten-leicht/leichte-sprache-sachsen-anhalt-vetternwirtschaft-afd-kein-sonderparteitag-100.html'.
[info] [700/860] Generating steps [0.25, 0.5, 0.75] for 'https://www.mdr.de/nachrichten-leicht/leichte-sprache-buchmesse-leipzig-eroeffnung-festakt-100.html'...
  -> Calling model for step 0.25...
  -> Success (6.0s, 2761 chars)
  -> Calling model for step 0.50...
  -> Success (4.1s, 1860 chars)
  -> Calling model for step 0.75...
  -> Success (7.4s, 2198 chars)
[info] [700/860] Completed all steps for 'https://www.mdr.de/nachrichten-leicht/leichte-sprache-buchmesse-leipzig-eroeffnung-festakt-100.html'.
[info] [701/860] Generating steps [0.25, 0.5, 0.75] for 'https://www.mdr.de/nachrichten-leicht/leichte-sprache-sachsen-barrierefreie-xxl-rolltreppe-leipzig-100.html'...
  -> Calling model for step 0.25...
  -> Success (3.7s, 1587 chars)
  -> Calling model for step 0.50...
  -> Success (3.8s, 1447 chars)
  -> Calling model for step 0.75...
  -> Success (3.6s, 1260 chars)
[info] [701/860] Completed all steps for 'https://www.mdr.de/nachrichten-leicht/leichte-sprache-sachsen-barrierefreie-xxl-rolltreppe-leipzig-100.html'.
[info] [702/860] Generating steps [0.25, 0.5, 0.75] for 'https://www.mdr.de/nachrichten-leicht/leichte-sprache-sachsen-haushaltsluecke-bildungsticket-preiserhoehung-100.html'...
  -> Calling model for step 0.25...
  -> Success (4.1s, 2068 chars)
  -> Calling model for step 0.50...
  -> Success (5.0s, 2261 chars)
  -> Calling model for step 0.75...
  -> Success (3.7s, 1498 chars)
[info] [702/860] Completed all steps for 'https://www.mdr.de/nachrichten-leicht/leichte-sprache-sachsen-haushaltsluecke-bildungsticket-preiserhoehung-100.html'.
[info] [703/860] Generating steps [0.25, 0.5, 0.75] for 'https://www.mdr.de/nachrichten-leicht/leichte-sprache-thueringen-moschee-in-erfurt-eroeffnet-100.html'...
  -> Calling model for step 0.25...
  -> Success (5.4s, 2044 chars)
  -> Calling model for step 0.50...
  -> Success (5.2s, 2207 chars)
  -> Calling model for step 0.75...
  -> Success (5.0s, 1902 chars)
[info] [703/860] Completed all steps for 'https://www.mdr.de/nachrichten-leicht/leichte-sprache-thueringen-moschee-in-erfurt-eroeffnet-100.html'.
[info] [704/860] Generating steps [0.25, 0.5, 0.75] for 'https://www.mdr.de/nachrichten-leicht/leichte-sprache-sachsen-warnstreik-oepnv-100.html'...
  -> Calling model for step 0.25...
  -> Success (5.7s, 2068 chars)
  -> Calling model for step 0.50...
  -> Success (3.0s, 1742 chars)
  -> Calling model for step 0.75...
  -> Success (4.8s, 1743 chars)
[info] [704/860] Completed all steps for 'https://www.mdr.de/nachrichten-leicht/leichte-sprache-sachsen-warnstreik-oepnv-100.html'.
[info] [705/860] Generating steps [0.25, 0.5, 0.75] for 'https://www.mdr.de/nachrichten-leicht/leichte-sprache-thuerinen-fuenf-autos-ausgebrannt-100.html'...
  -> Calling model for step 0.25...
  -> Success (3.2s, 629 chars)
  -> Calling model for step 0.50...
  -> Success (2.0s, 677 chars)
  -> Calling model for step 0.75...
  -> Success (3.4s, 598 chars)
[info] [705/860] Completed all steps for 'https://www.mdr.de/nachrichten-leicht/leichte-sprache-thuerinen-fuenf-autos-ausgebrannt-100.html'.
[info] [706/860] Generating steps [0.25, 0.5, 0.75] for 'https://www.mdr.de/nachrichten-leicht/leichte-sprache-thueringen-goldmedaille-langenhan-100.html'...
  -> Calling model for step 0.25...
  -> Success (4.1s, 1552 chars)
  -> Calling model for step 0.50...
  -> Success (3.7s, 1629 chars)
  -> Calling model for step 0.75...
  -> Success (3.8s, 1864 chars)
[info] [706/860] Completed all steps for 'https://www.mdr.de/nachrichten-leicht/leichte-sprache-thueringen-goldmedaille-langenhan-100.html'.
[info] [707/860] Generating steps [0.25, 0.5, 0.75] for 'https://www.mdr.de/nachrichten-leicht/leichte-sprache-sachsen-anhalt-ice-oberleitung-100.html'...
  -> Calling model for step 0.25...
  -> Success (3.9s, 1386 chars)
  -> Calling model for step 0.50...
  -> Success (3.5s, 1102 chars)
  -> Calling model for step 0.75...
  -> Success (5.1s, 1262 chars)
[info] [707/860] Completed all steps for 'https://www.mdr.de/nachrichten-leicht/leichte-sprache-sachsen-anhalt-ice-oberleitung-100.html'.
[info] [708/860] Generating steps [0.25, 0.5, 0.75] for 'https://www.mdr.de/nachrichten-leicht/leichte-sprache-thueringen-gedenkfeier-buchenwald-100.html'...
  -> Calling model for step 0.25...
  -> Success (6.4s, 2456 chars)
  -> Calling model for step 0.50...
  -> Success (5.3s, 2858 chars)
  -> Calling model for step 0.75...
  -> Success (5.4s, 2081 chars)
[info] [708/860] Completed all steps for 'https://www.mdr.de/nachrichten-leicht/leichte-sprache-thueringen-gedenkfeier-buchenwald-100.html'.
[info] [709/860] Generating steps [0.25, 0.5, 0.75] for 'https://www.mdr.de/nachrichten-leicht/leichte-sprache-mittel-deutschland-tarif-abschluss-oeffentlicher-dienst-100.html'...
  -> Calling model for step 0.25...
  -> Success (5.4s, 2516 chars)
  -> Calling model for step 0.50...
  -> Success (5.8s, 2617 chars)
  -> Calling model for step 0.75...
  -> Success (5.4s, 2097 chars)
[info] [709/860] Completed all steps for 'https://www.mdr.de/nachrichten-leicht/leichte-sprache-mittel-deutschland-tarif-abschluss-oeffentlicher-dienst-100.html'.
[info] [710/860] Generating steps [0.25, 0.5, 0.75] for 'https://www.mdr.de/nachrichten-leicht/leichte-sprache-sachsen-tod-pflegeheim-100.html'...
  -> Calling model for step 0.25...
  -> Success (2.3s, 977 chars)
  -> Calling model for step 0.50...
  -> Success (2.2s, 734 chars)
  -> Calling model for step 0.75...
  -> Success (1.9s, 736 chars)
[info] [710/860] Completed all steps for 'https://www.mdr.de/nachrichten-leicht/leichte-sprache-sachsen-tod-pflegeheim-100.html'.
[info] [711/860] Generating steps [0.25, 0.5, 0.75] for 'https://www.mdr.de/nachrichten-leicht/leichte-sprache-sachsen-frauen-sexualisierte-gewalt-schutz-100.html'...
  -> Calling model for step 0.25...
  -> Success (5.3s, 2978 chars)
  -> Calling model for step 0.50...
  -> Success (5.6s, 2864 chars)
  -> Calling model for step 0.75...
  -> Success (4.2s, 1781 chars)
[info] [711/860] Completed all steps for 'https://www.mdr.de/nachrichten-leicht/leichte-sprache-sachsen-frauen-sexualisierte-gewalt-schutz-100.html'.
[info] [712/860] Generating steps [0.25, 0.5, 0.75] for 'https://www.mdr.de/nachrichten-leicht/leichte-sprache-zeulenroda-grossbrand-feuerwehr-thueringen-deponie-100.html'...
  -> Calling model for step 0.25...
  -> Success (4.2s, 1242 chars)
  -> Calling model for step 0.50...
  -> Success (4.1s, 1181 chars)
  -> Calling model for step 0.75...
  -> Success (6.7s, 1074 chars)
[info] [712/860] Completed all steps for 'https://www.mdr.de/nachrichten-leicht/leichte-sprache-zeulenroda-grossbrand-feuerwehr-thueringen-deponie-100.html'.
[info] [713/860] Generating steps [0.25, 0.5, 0.75] for 'https://www.mdr.de/nachrichten-leicht/leichte-sprache-sachsen-ddr-zug-testfahrt-svt-goerlitz-100.html'...
  -> Calling model for step 0.25...
  -> Success (2.9s, 1389 chars)
  -> Calling model for step 0.50...
  -> Success (3.2s, 1165 chars)
  -> Calling model for step 0.75...
  -> Success (4.4s, 1138 chars)
[info] [713/860] Completed all steps for 'https://www.mdr.de/nachrichten-leicht/leichte-sprache-sachsen-ddr-zug-testfahrt-svt-goerlitz-100.html'.
[info] [714/860] Generating steps [0.25, 0.5, 0.75] for 'https://www.mdr.de/nachrichten-leicht/leichte-sprache-sachsen-saalekreis-anhalt-querfurt-sirene-heulen-falsch-100.html'...
  -> Calling model for step 0.25...
  -> Success (4.2s, 1971 chars)
  -> Calling model for step 0.50...
  -> Success (4.1s, 1549 chars)
  -> Calling model for step 0.75...
  -> Success (4.3s, 1170 chars)
[info] [714/860] Completed all steps for 'https://www.mdr.de/nachrichten-leicht/leichte-sprache-sachsen-saalekreis-anhalt-querfurt-sirene-heulen-falsch-100.html'.
[info] [715/860] Generating steps [0.25, 0.5, 0.75] for 'https://www.mdr.de/nachrichten-leicht/leichte-sprache-dresden-polizei-gedenken-sicherheitszone-nationalsozialismus-100.html'...
  -> Calling model for step 0.25...
  -> Success (6.4s, 2277 chars)
  -> Calling model for step 0.50...
  -> Success (4.4s, 2491 chars)
  -> Calling model for step 0.75...
  -> Success (5.0s, 1867 chars)
[info] [715/860] Completed all steps for 'https://www.mdr.de/nachrichten-leicht/leichte-sprache-dresden-polizei-gedenken-sicherheitszone-nationalsozialismus-100.html'.
[info] [716/860] Generating steps [0.25, 0.5, 0.75] for 'https://www.mdr.de/nachrichten-leicht/leichte-sprache-thueringen-volleyball-vfb-suhl-pokalsieg-gegen-mtv-mannheim-100.html'...
  -> Calling model for step 0.25...
  -> Success (5.1s, 1550 chars)
  -> Calling model for step 0.50...
  -> Success (6.5s, 1772 chars)
  -> Calling model for step 0.75...
  -> Success (5.9s, 1333 chars)
[info] [716/860] Completed all steps for 'https://www.mdr.de/nachrichten-leicht/leichte-sprache-thueringen-volleyball-vfb-suhl-pokalsieg-gegen-mtv-mannheim-100.html'.
[info] [717/860] Generating steps [0.25, 0.5, 0.75] for 'https://www.mdr.de/nachrichten-leicht/leichte-sprache-thueringen-greiz-betrug-ehepaar-verliert-hohe-geldsumme-100.html'...
  -> Calling model for step 0.25...
  -> Success (3.0s, 1253 chars)
  -> Calling model for step 0.50...
  -> Success (2.5s, 1023 chars)
  -> Calling model for step 0.75...
  -> Success (2.9s, 1223 chars)
[info] [717/860] Completed all steps for 'https://www.mdr.de/nachrichten-leicht/leichte-sprache-thueringen-greiz-betrug-ehepaar-verliert-hohe-geldsumme-100.html'.
[info] [718/860] Generating steps [0.25, 0.5, 0.75] for 'https://www.mdr.de/nachrichten-leicht/leichte-sprache-sachsen-anhalt-haushalt-software-fehler-landesfinanzen-100.html'...
  -> Calling model for step 0.25...
  -> Success (4.3s, 1933 chars)
  -> Calling model for step 0.50...
  -> Success (3.2s, 1483 chars)
  -> Calling model for step 0.75...
  -> Success (4.2s, 1867 chars)
[info] [718/860] Completed all steps for 'https://www.mdr.de/nachrichten-leicht/leichte-sprache-sachsen-anhalt-haushalt-software-fehler-landesfinanzen-100.html'.
[info] [719/860] Generating steps [0.25, 0.5, 0.75] for 'https://www.mdr.de/nachrichten-leicht/leichte-sprache-sachsen-anhalt-thueringen-was-machen-an-ostern-100.html'...
  -> Calling model for step 0.25...
  -> Success (3.9s, 1340 chars)
  -> Calling model for step 0.50...
  -> Success (3.1s, 1353 chars)
  -> Calling model for step 0.75...
  -> Success (4.8s, 1276 chars)
[info] [719/860] Completed all steps for 'https://www.mdr.de/nachrichten-leicht/leichte-sprache-sachsen-anhalt-thueringen-was-machen-an-ostern-100.html'.
[info] [720/860] Generating steps [0.25, 0.5, 0.75] for 'https://www.mdr.de/nachrichten-leicht/leichte-sprache-mitteldeutschland-braende-an-silvester-100.html'...
  -> Calling model for step 0.25...
  -> Success (5.2s, 2273 chars)
  -> Calling model for step 0.50...
  -> Success (4.4s, 1861 chars)
  -> Calling model for step 0.75...
  -> Success (5.5s, 2154 chars)
[info] [720/860] Completed all steps for 'https://www.mdr.de/nachrichten-leicht/leichte-sprache-mitteldeutschland-braende-an-silvester-100.html'.
[info] [721/860] Generating steps [0.25, 0.5, 0.75] for 'https://www.mdr.de/nachrichten-leicht/leichte-sprache-thueringen-weissensee-runneburg-brand-feuer-100.html'...
  -> Calling model for step 0.25...
  -> Success (4.5s, 1586 chars)
  -> Calling model for step 0.50...
  -> Success (3.9s, 1348 chars)
  -> Calling model for step 0.75...
  -> Success (3.3s, 1386 chars)
[info] [721/860] Completed all steps for 'https://www.mdr.de/nachrichten-leicht/leichte-sprache-thueringen-weissensee-runneburg-brand-feuer-100.html'.
[info] [722/860] Generating steps [0.25, 0.5, 0.75] for 'https://www.mdr.de/nachrichten-leicht/leichte-sprache-thueringen-erfurt-nach-brand-einsturzgefahr-100.html'...
  -> Calling model for step 0.25...
  -> Success (3.8s, 1374 chars)
  -> Calling model for step 0.50...
  -> Success (4.0s, 1536 chars)
  -> Calling model for step 0.75...
  -> Success (5.8s, 1554 chars)
[info] [722/860] Completed all steps for 'https://www.mdr.de/nachrichten-leicht/leichte-sprache-thueringen-erfurt-nach-brand-einsturzgefahr-100.html'.
[info] [723/860] Generating steps [0.25, 0.5, 0.75] for 'https://www.mdr.de/nachrichten-leicht/leichte-sprache-sachsen-anhalt-ausgrabungen-in-weissenfels-100.html'...
  -> Calling model for step 0.25...
  -> Success (3.6s, 904 chars)
  -> Calling model for step 0.50...
  -> Success (3.3s, 672 chars)
  -> Calling model for step 0.75...
  -> Success (2.4s, 713 chars)
[info] [723/860] Completed all steps for 'https://www.mdr.de/nachrichten-leicht/leichte-sprache-sachsen-anhalt-ausgrabungen-in-weissenfels-100.html'.
[info] [724/860] Generating steps [0.25, 0.5, 0.75] for 'https://www.mdr.de/nachrichten-leicht/leichte-sprache-sachsen-anhalt-einfuehrung-e-akte-verschoben-100.html'...
  -> Calling model for step 0.25...
  -> Success (10.3s, 3617 chars)
  -> Calling model for step 0.50...
  -> Success (5.1s, 2389 chars)
  -> Calling model for step 0.75...
  -> Success (7.5s, 2519 chars)
[info] [724/860] Completed all steps for 'https://www.mdr.de/nachrichten-leicht/leichte-sprache-sachsen-anhalt-einfuehrung-e-akte-verschoben-100.html'.
[info] [725/860] Generating steps [0.25, 0.5, 0.75] for 'https://www.mdr.de/nachrichten-leicht/leichte-sprache-sachsen-online-erpressung-nacktbilder-100.html'...
  -> Calling model for step 0.25...
  -> Success (6.3s, 3440 chars)
  -> Calling model for step 0.50...
  -> Success (4.2s, 1999 chars)
  -> Calling model for step 0.75...
  -> Success (3.4s, 1716 chars)
[info] [725/860] Completed all steps for 'https://www.mdr.de/nachrichten-leicht/leichte-sprache-sachsen-online-erpressung-nacktbilder-100.html'.
[info] [726/860] Generating steps [0.25, 0.5, 0.75] for 'https://www.mdr.de/nachrichten-leicht/leichte-sprache-sachsen-bildungsurlaub-arbeitnehmer-qualifikation-100.html'...
  -> Calling model for step 0.25...
  -> Success (5.2s, 2312 chars)
  -> Calling model for step 0.50...
  -> Success (4.9s, 2117 chars)
  -> Calling model for step 0.75...
  -> Success (5.2s, 1722 chars)
[info] [726/860] Completed all steps for 'https://www.mdr.de/nachrichten-leicht/leichte-sprache-sachsen-bildungsurlaub-arbeitnehmer-qualifikation-100.html'.
[info] [727/860] Generating steps [0.25, 0.5, 0.75] for 'https://www.mdr.de/nachrichten-leicht/leichte-sprache-sachsen-anhalt-streik-oepnv-blk-100.html'...
  -> Calling model for step 0.25...
  -> Success (3.5s, 1686 chars)
  -> Calling model for step 0.50...
  -> Success (3.8s, 1915 chars)
  -> Calling model for step 0.75...
  -> Success (3.0s, 1274 chars)
[info] [727/860] Completed all steps for 'https://www.mdr.de/nachrichten-leicht/leichte-sprache-sachsen-anhalt-streik-oepnv-blk-100.html'.
[info] [728/860] Generating steps [0.25, 0.5, 0.75] for 'https://www.mdr.de/nachrichten-leicht/leichte-sprache-sachsen-anhalt-groebener-see-unfall-toter-eise-feuerwehr-warnung-100.html'...
  -> Calling model for step 0.25...
  -> Success (4.7s, 1256 chars)
  -> Calling model for step 0.50...
  -> Success (4.9s, 1219 chars)
  -> Calling model for step 0.75...
  -> Success (4.1s, 984 chars)
[info] [728/860] Completed all steps for 'https://www.mdr.de/nachrichten-leicht/leichte-sprache-sachsen-anhalt-groebener-see-unfall-toter-eise-feuerwehr-warnung-100.html'.
[info] [729/860] Generating steps [0.25, 0.5, 0.75] for 'https://www.mdr.de/nachrichten-leicht/leichte-sprache-sachsen-anhalt-fsme-risiko-100.html'...
  -> Calling model for step 0.25...
  -> Success (6.6s, 1686 chars)
  -> Calling model for step 0.50...
  -> Success (3.7s, 1430 chars)
  -> Calling model for step 0.75...
  -> Success (3.8s, 1533 chars)
[info] [729/860] Completed all steps for 'https://www.mdr.de/nachrichten-leicht/leichte-sprache-sachsen-anhalt-fsme-risiko-100.html'.
[info] [730/860] Generating steps [0.25, 0.5, 0.75] for 'https://www.mdr.de/nachrichten-leicht/leichte-sprache-dresden-prozess-saechsiche-separatisten-hauptverhandlung-100.html'...
  -> Calling model for step 0.25...
  -> Success (4.6s, 2410 chars)
  -> Calling model for step 0.50...
  -> Success (5.1s, 2321 chars)
  -> Calling model for step 0.75...
  -> Success (5.1s, 2566 chars)
[info] [730/860] Completed all steps for 'https://www.mdr.de/nachrichten-leicht/leichte-sprache-dresden-prozess-saechsiche-separatisten-hauptverhandlung-100.html'.
[info] [731/860] Generating steps [0.25, 0.5, 0.75] for 'https://www.mdr.de/nachrichten-leicht/leichte-sprache-sachsen-chemnitz-kongresshotel-kuendigt-100.html'...
  -> Calling model for step 0.25...
  -> Success (2.7s, 1271 chars)
  -> Calling model for step 0.50...
  -> Success (3.0s, 1499 chars)
  -> Calling model for step 0.75...
  -> Success (3.1s, 925 chars)
[info] [731/860] Completed all steps for 'https://www.mdr.de/nachrichten-leicht/leichte-sprache-sachsen-chemnitz-kongresshotel-kuendigt-100.html'.
[info] [732/860] Generating steps [0.25, 0.5, 0.75] for 'https://www.mdr.de/nachrichten-leicht/leichte-sprache-thueringen-erfurt-brand-verbot-von-feuerwerk-100.html'...
  -> Calling model for step 0.25...
  -> Success (4.5s, 1911 chars)
  -> Calling model for step 0.50...
  -> Success (4.2s, 1773 chars)
  -> Calling model for step 0.75...
  -> Success (4.2s, 1510 chars)
[info] [732/860] Completed all steps for 'https://www.mdr.de/nachrichten-leicht/leichte-sprache-thueringen-erfurt-brand-verbot-von-feuerwerk-100.html'.
[info] [733/860] Generating steps [0.25, 0.5, 0.75] for 'https://www.mdr.de/nachrichten-leicht/leichte-sprache-mitteldeutschland-olympia-bob-cortina-medaillen-100.html'...
  -> Calling model for step 0.25...
  -> Success (4.1s, 1425 chars)
  -> Calling model for step 0.50...
  -> Success (3.2s, 1167 chars)
  -> Calling model for step 0.75...
  -> Success (3.5s, 1026 chars)
[info] [733/860] Completed all steps for 'https://www.mdr.de/nachrichten-leicht/leichte-sprache-mitteldeutschland-olympia-bob-cortina-medaillen-100.html'.
[info] [734/860] Generating steps [0.25, 0.5, 0.75] for 'https://www.mdr.de/nachrichten-leicht/leichte-sprache-streik-sachsen-anhalt-busse-bahnen-100.html'...
  -> Calling model for step 0.25...
  -> Success (5.5s, 1910 chars)
  -> Calling model for step 0.50...
  -> Success (4.6s, 2166 chars)
  -> Calling model for step 0.75...
  -> Success (4.1s, 1674 chars)
[info] [734/860] Completed all steps for 'https://www.mdr.de/nachrichten-leicht/leichte-sprache-streik-sachsen-anhalt-busse-bahnen-100.html'.
[info] [735/860] Generating steps [0.25, 0.5, 0.75] for 'https://www.mdr.de/nachrichten-leicht/leichte-sprache-thueringen-regionalliga-auftakt-faellt-wegen-wetter-aus-100.html'...
  -> Calling model for step 0.25...
  -> Success (7.0s, 1724 chars)
  -> Calling model for step 0.50...
  -> Success (4.3s, 1479 chars)
  -> Calling model for step 0.75...
  -> Success (3.8s, 1092 chars)
[info] [735/860] Completed all steps for 'https://www.mdr.de/nachrichten-leicht/leichte-sprache-thueringen-regionalliga-auftakt-faellt-wegen-wetter-aus-100.html'.
[info] [736/860] Generating steps [0.25, 0.5, 0.75] for 'https://www.mdr.de/nachrichten-leicht/leichte-sprache-mitteldeutschland-sprit-preise-steigen-wegen-krieg-im-nahen-osten-102.html'...
  -> Calling model for step 0.25...
  -> Success (5.9s, 2943 chars)
  -> Calling model for step 0.50...
  -> Success (5.8s, 2512 chars)
  -> Calling model for step 0.75...
  -> Success (5.9s, 2419 chars)
[info] [736/860] Completed all steps for 'https://www.mdr.de/nachrichten-leicht/leichte-sprache-mitteldeutschland-sprit-preise-steigen-wegen-krieg-im-nahen-osten-102.html'.
[info] [737/860] Generating steps [0.25, 0.5, 0.75] for 'https://www.mdr.de/nachrichten-leicht/leichte-sprache-sachsen-anhalt-neue-s-bahn-flotte-100.html'...
  -> Calling model for step 0.25...
  -> Success (4.5s, 1022 chars)
  -> Calling model for step 0.50...
  -> Success (5.3s, 984 chars)
  -> Calling model for step 0.75...
  -> Success (2.6s, 892 chars)
[info] [737/860] Completed all steps for 'https://www.mdr.de/nachrichten-leicht/leichte-sprache-sachsen-anhalt-neue-s-bahn-flotte-100.html'.
[info] [738/860] Generating steps [0.25, 0.5, 0.75] for 'https://www.mdr.de/nachrichten-leicht/leichte-sprache-mitteldeutschland-polarlichter-100.html'...
  -> Calling model for step 0.25...
  -> Success (6.1s, 1861 chars)
  -> Calling model for step 0.50...
  -> Success (3.0s, 1426 chars)
  -> Calling model for step 0.75...
  -> Success (3.8s, 1688 chars)
[info] [738/860] Completed all steps for 'https://www.mdr.de/nachrichten-leicht/leichte-sprache-mitteldeutschland-polarlichter-100.html'.
[info] [739/860] Generating steps [0.25, 0.5, 0.75] for 'https://www.mdr.de/nachrichten-leicht/leichte-sprache-magdeburg-gedenken-bomben-weltkrieg-100.html'...
  -> Calling model for step 0.25...
  -> Success (5.4s, 2642 chars)
  -> Calling model for step 0.50...
  -> Success (4.4s, 2355 chars)
  -> Calling model for step 0.75...
  -> Success (4.2s, 1820 chars)
[info] [739/860] Completed all steps for 'https://www.mdr.de/nachrichten-leicht/leichte-sprache-magdeburg-gedenken-bomben-weltkrieg-100.html'.
[info] [740/860] Generating steps [0.25, 0.5, 0.75] for 'https://www.mdr.de/nachrichten-leicht/leichte-sprache-sachsen-anhalt-haseloff-schulze-ministerpraesident-wahl-januar-100.html'...
  -> Calling model for step 0.25...
  -> Success (3.9s, 1246 chars)
  -> Calling model for step 0.50...
  -> Success (4.6s, 1826 chars)
  -> Calling model for step 0.75...
  -> Success (3.4s, 1241 chars)
[info] [740/860] Completed all steps for 'https://www.mdr.de/nachrichten-leicht/leichte-sprache-sachsen-anhalt-haseloff-schulze-ministerpraesident-wahl-januar-100.html'.
[info] [741/860] Generating steps [0.25, 0.5, 0.75] for 'https://www.mdr.de/nachrichten-leicht/leichte-sprache-mitteldeutschland-waffen-verteidigung-ruestungsmilliarden-100.html'...
  -> Calling model for step 0.25...
  -> Success (6.3s, 3664 chars)
  -> Calling model for step 0.50...
  -> Success (3.3s, 1873 chars)
  -> Calling model for step 0.75...
  -> Success (5.8s, 3259 chars)
[info] [741/860] Completed all steps for 'https://www.mdr.de/nachrichten-leicht/leichte-sprache-mitteldeutschland-waffen-verteidigung-ruestungsmilliarden-100.html'.
[info] [742/860] Generating steps [0.25, 0.5, 0.75] for 'https://www.mdr.de/nachrichten-leicht/leichte-sprache-mittel-deutschland-glatteis-unfaelle-gehweg-streupflicht-100.html'...
  -> Calling model for step 0.25...
  -> Success (4.4s, 1973 chars)
  -> Calling model for step 0.50...
  -> Success (4.3s, 2547 chars)
  -> Calling model for step 0.75...
  -> Success (3.8s, 1678 chars)
[info] [742/860] Completed all steps for 'https://www.mdr.de/nachrichten-leicht/leichte-sprache-mittel-deutschland-glatteis-unfaelle-gehweg-streupflicht-100.html'.
[info] [743/860] Generating steps [0.25, 0.5, 0.75] for 'https://www.mdr.de/nachrichten-leicht/leichte-sprache-thueringen-naturschutz-gebiet-100.html'...
  -> Calling model for step 0.25...
  -> Success (4.7s, 2337 chars)
  -> Calling model for step 0.50...
  -> Success (6.0s, 1529 chars)
  -> Calling model for step 0.75...
  -> Success (4.1s, 2027 chars)
[info] [743/860] Completed all steps for 'https://www.mdr.de/nachrichten-leicht/leichte-sprache-thueringen-naturschutz-gebiet-100.html'.
[info] [744/860] Generating steps [0.25, 0.5, 0.75] for 'https://www.mdr.de/nachrichten-leicht/leichte-sprache-vonovia-prozess-amtsgericht-dresden-mieterverein-klagewelle-100.html'...
  -> Calling model for step 0.25...
  -> Success (3.9s, 1665 chars)
  -> Calling model for step 0.50...
  -> Success (3.7s, 1676 chars)
  -> Calling model for step 0.75...
  -> Success (3.6s, 1387 chars)
[info] [744/860] Completed all steps for 'https://www.mdr.de/nachrichten-leicht/leichte-sprache-vonovia-prozess-amtsgericht-dresden-mieterverein-klagewelle-100.html'.
[info] [745/860] Generating steps [0.25, 0.5, 0.75] for 'https://www.mdr.de/nachrichten-leicht/leichte-sprache-sachsen-verhinderter-raub-in-dresden-100.html'...
  -> Calling model for step 0.25...
  -> Success (4.8s, 1866 chars)
  -> Calling model for step 0.50...
  -> Success (3.1s, 1564 chars)
  -> Calling model for step 0.75...
  -> Success (3.4s, 1356 chars)
[info] [745/860] Completed all steps for 'https://www.mdr.de/nachrichten-leicht/leichte-sprache-sachsen-verhinderter-raub-in-dresden-100.html'.
[info] [746/860] Generating steps [0.25, 0.5, 0.75] for 'https://www.mdr.de/nachrichten-leicht/leichte-sprache-chemnitz-congress-hotel-schliesst-ngg-100.html'...
  -> Calling model for step 0.25...
  -> Success (4.4s, 1488 chars)
  -> Calling model for step 0.50...
  -> Success (4.9s, 1706 chars)
  -> Calling model for step 0.75...
  -> Success (4.0s, 1693 chars)
[info] [746/860] Completed all steps for 'https://www.mdr.de/nachrichten-leicht/leichte-sprache-chemnitz-congress-hotel-schliesst-ngg-100.html'.
[info] [747/860] Generating steps [0.25, 0.5, 0.75] for 'https://www.mdr.de/nachrichten-leicht/leichte-sprache-kulturnachricht-106.html'...
  -> Calling model for step 0.25...
  -> Success (5.0s, 2667 chars)
  -> Calling model for step 0.50...
  -> Success (6.3s, 2445 chars)
  -> Calling model for step 0.75...
  -> Success (5.7s, 1581 chars)
[info] [747/860] Completed all steps for 'https://www.mdr.de/nachrichten-leicht/leichte-sprache-kulturnachricht-106.html'.
[info] [748/860] Generating steps [0.25, 0.5, 0.75] for 'https://www.mdr.de/nachrichten-leicht/leichte-sprache-sachsen-anhalt-armutsgefaehrdung-quote-berechnung-100.html'...
  -> Calling model for step 0.25...
  -> Success (4.6s, 2122 chars)
  -> Calling model for step 0.50...
  -> Success (4.6s, 2033 chars)
  -> Calling model for step 0.75...
  -> Success (4.7s, 1303 chars)
[info] [748/860] Completed all steps for 'https://www.mdr.de/nachrichten-leicht/leichte-sprache-sachsen-anhalt-armutsgefaehrdung-quote-berechnung-100.html'.
[info] [749/860] Generating steps [0.25, 0.5, 0.75] for 'https://www.mdr.de/nachrichten-leicht/leichte-sprache-lufthansa-streik-dresden-leipzig-passagiere-flughafen-100.html'...
  -> Calling model for step 0.25...
  -> Success (4.4s, 1934 chars)
  -> Calling model for step 0.50...
  -> Success (3.6s, 1667 chars)
  -> Calling model for step 0.75...
  -> Success (4.0s, 1181 chars)
[info] [749/860] Completed all steps for 'https://www.mdr.de/nachrichten-leicht/leichte-sprache-lufthansa-streik-dresden-leipzig-passagiere-flughafen-100.html'.
[info] [750/860] Generating steps [0.25, 0.5, 0.75] for 'https://www.mdr.de/nachrichten-leicht/leichte-sprache-sachsen-anhalt-hfc-teambus-angezuendet-100.html'...
  -> Calling model for step 0.25...
  -> Success (3.1s, 1099 chars)
  -> Calling model for step 0.50...
  -> Success (3.1s, 1162 chars)
  -> Calling model for step 0.75...
  -> Success (3.0s, 1058 chars)
[info] [750/860] Completed all steps for 'https://www.mdr.de/nachrichten-leicht/leichte-sprache-sachsen-anhalt-hfc-teambus-angezuendet-100.html'.
[info] [751/860] Generating steps [0.25, 0.5, 0.75] for 'https://www.mdr.de/nachrichten-leicht/leichte-sprache-mitteldeutschland-razzia-menschenhandel-100.html'...
  -> Calling model for step 0.25...
  -> Success (4.6s, 1698 chars)
  -> Calling model for step 0.50...
  -> Success (4.3s, 1574 chars)
  -> Calling model for step 0.75...
  -> Success (3.9s, 1480 chars)
[info] [751/860] Completed all steps for 'https://www.mdr.de/nachrichten-leicht/leichte-sprache-mitteldeutschland-razzia-menschenhandel-100.html'.
[info] [752/860] Generating steps [0.25, 0.5, 0.75] for 'https://www.mdr.de/nachrichten-leicht/leichte-sprache-haseloff-neuwahl-sven-schulze-100.html'...
  -> Calling model for step 0.25...
  -> Success (4.6s, 996 chars)
  -> Calling model for step 0.50...
  -> Success (2.6s, 872 chars)
  -> Calling model for step 0.75...
  -> Success (4.5s, 853 chars)
[info] [752/860] Completed all steps for 'https://www.mdr.de/nachrichten-leicht/leichte-sprache-haseloff-neuwahl-sven-schulze-100.html'.
[info] [753/860] Generating steps [0.25, 0.5, 0.75] for 'https://www.mdr.de/nachrichten-leicht/leichte-sprache-mitteldeutschland-buecher-leichte-sprache-inklusion-100.html'...
  -> Calling model for step 0.25...
  -> Success (3.2s, 1582 chars)
  -> Calling model for step 0.50...
  -> Success (3.9s, 2591 chars)
  -> Calling model for step 0.75...
  -> Success (3.4s, 1778 chars)
[info] [753/860] Completed all steps for 'https://www.mdr.de/nachrichten-leicht/leichte-sprache-mitteldeutschland-buecher-leichte-sprache-inklusion-100.html'.
[info] [754/860] Generating steps [0.25, 0.5, 0.75] for 'https://www.mdr.de/nachrichten-leicht/leichte-sprache-sachsen-anhalt-industrieansiedlung-zorbau-100.html'...
  -> Calling model for step 0.25...
  -> Success (3.8s, 1367 chars)
  -> Calling model for step 0.50...
  -> Success (3.3s, 1587 chars)
  -> Calling model for step 0.75...
  -> Success (8.3s, 1378 chars)
[info] [754/860] Completed all steps for 'https://www.mdr.de/nachrichten-leicht/leichte-sprache-sachsen-anhalt-industrieansiedlung-zorbau-100.html'.
[info] [755/860] Generating steps [0.25, 0.5, 0.75] for 'https://www.mdr.de/nachrichten-leicht/leichte-sprache-thueringen-mittelbau-dora-gedenken-100.html'...
  -> Calling model for step 0.25...
  -> Success (6.6s, 1639 chars)
  -> Calling model for step 0.50...
  -> Success (3.6s, 1462 chars)
  -> Calling model for step 0.75...
  -> Success (3.7s, 1354 chars)
[info] [755/860] Completed all steps for 'https://www.mdr.de/nachrichten-leicht/leichte-sprache-thueringen-mittelbau-dora-gedenken-100.html'.
[info] [756/860] Generating steps [0.25, 0.5, 0.75] for 'https://www.mdr.de/nachrichten-leicht/leichte-sprache-mittel-deutschland-schnee-glaette-wintereinbruch-verkehr-100.html'...
  -> Calling model for step 0.25...
  -> Success (4.9s, 2268 chars)
  -> Calling model for step 0.50...
  -> Success (3.7s, 2006 chars)
  -> Calling model for step 0.75...
  -> Success (4.3s, 1949 chars)
[info] [756/860] Completed all steps for 'https://www.mdr.de/nachrichten-leicht/leichte-sprache-mittel-deutschland-schnee-glaette-wintereinbruch-verkehr-100.html'.
[info] [757/860] Generating steps [0.25, 0.5, 0.75] for 'https://www.mdr.de/nachrichten-leicht/leichte-sprache-sachsen-anhalt-sozialreform-grad-der-behinderung-100.html'...
  -> Calling model for step 0.25...
  -> Success (3.1s, 1599 chars)
  -> Calling model for step 0.50...
  -> Success (2.7s, 1444 chars)
  -> Calling model for step 0.75...
  -> Success (2.7s, 1219 chars)
[info] [757/860] Completed all steps for 'https://www.mdr.de/nachrichten-leicht/leichte-sprache-sachsen-anhalt-sozialreform-grad-der-behinderung-100.html'.
[info] [758/860] Generating steps [0.25, 0.5, 0.75] for 'https://www.mdr.de/nachrichten-leicht/leichte-sprache-halle-roemisches-lager-aken-trabitz-100.html'...
  -> Calling model for step 0.25...
  -> Success (5.5s, 1975 chars)
  -> Calling model for step 0.50...
  -> Success (4.3s, 1629 chars)
  -> Calling model for step 0.75...
  -> Success (4.1s, 1535 chars)
[info] [758/860] Completed all steps for 'https://www.mdr.de/nachrichten-leicht/leichte-sprache-halle-roemisches-lager-aken-trabitz-100.html'.
[info] [759/860] Generating steps [0.25, 0.5, 0.75] for 'https://www.mdr.de/nachrichten-leicht/leichte-sprache-sachsen-waldbraende-ostern-lilienstein-niesky-100.html'...
  -> Calling model for step 0.25...
  -> Success (3.5s, 1460 chars)
  -> Calling model for step 0.50...
  -> Success (3.4s, 1537 chars)
  -> Calling model for step 0.75...
  -> Success (3.1s, 1191 chars)
[info] [759/860] Completed all steps for 'https://www.mdr.de/nachrichten-leicht/leichte-sprache-sachsen-waldbraende-ostern-lilienstein-niesky-100.html'.
[info] [760/860] Generating steps [0.25, 0.5, 0.75] for 'https://www.mdr.de/nachrichten-leicht/leichte-sprache-mittel-deutschland-sommer-flugplan-100.html'...
  -> Calling model for step 0.25...
  -> Success (5.2s, 2159 chars)
  -> Calling model for step 0.50...
  -> Success (4.4s, 1355 chars)
  -> Calling model for step 0.75...
  -> Success (5.3s, 1626 chars)
[info] [760/860] Completed all steps for 'https://www.mdr.de/nachrichten-leicht/leichte-sprache-mittel-deutschland-sommer-flugplan-100.html'.
[info] [761/860] Generating steps [0.25, 0.5, 0.75] for 'https://www.mdr.de/nachrichten-leicht/leichte-sprache-thueringen-fussball-jena-lok-100.html'...
  -> Calling model for step 0.25...
  -> Success (4.7s, 1246 chars)
  -> Calling model for step 0.50...
  -> Success (2.5s, 855 chars)
  -> Calling model for step 0.75...
  -> Success (5.0s, 831 chars)
[info] [761/860] Completed all steps for 'https://www.mdr.de/nachrichten-leicht/leichte-sprache-thueringen-fussball-jena-lok-100.html'.
[info] [762/860] Generating steps [0.25, 0.5, 0.75] for 'https://www.mdr.de/nachrichten-leicht/leichte-sprache-thueringen-neues-wolfspaar-100.html'...
  -> Calling model for step 0.25...
  -> Success (3.9s, 1331 chars)
  -> Calling model for step 0.50...
  -> Success (4.1s, 1304 chars)
  -> Calling model for step 0.75...
  -> Success (4.6s, 1257 chars)
[info] [762/860] Completed all steps for 'https://www.mdr.de/nachrichten-leicht/leichte-sprache-thueringen-neues-wolfspaar-100.html'.
[info] [763/860] Generating steps [0.25, 0.5, 0.75] for 'https://www.mdr.de/nachrichten-leicht/leichte-sprache-sachsen-naunhof-buergerentscheid-windkraft-abstimmung-100.html'...
  -> Calling model for step 0.25...
  -> Success (5.9s, 2340 chars)
  -> Calling model for step 0.50...
  -> Success (7.9s, 1754 chars)
  -> Calling model for step 0.75...
  -> Success (3.7s, 1188 chars)
[info] [763/860] Completed all steps for 'https://www.mdr.de/nachrichten-leicht/leichte-sprache-sachsen-naunhof-buergerentscheid-windkraft-abstimmung-100.html'.
[info] [764/860] Generating steps [0.25, 0.5, 0.75] for 'https://www.mdr.de/nachrichten-leicht/leichte-sprache-thueringen-muellkippenbrand-100.html'...
  -> Calling model for step 0.25...
  -> Success (6.4s, 1506 chars)
  -> Calling model for step 0.50...
  -> Success (7.4s, 1344 chars)
  -> Calling model for step 0.75...
  -> Success (3.6s, 1319 chars)
[info] [764/860] Completed all steps for 'https://www.mdr.de/nachrichten-leicht/leichte-sprache-thueringen-muellkippenbrand-100.html'.
[info] [765/860] Generating steps [0.25, 0.5, 0.75] for 'https://www.mdr.de/nachrichten-leicht/leichte-sprache-sachsen-anhalt-magdeburg-fcm-dynamo-dresden-ausschreitungen-polizei-ermittlungen-100.html'...
  -> Calling model for step 0.25...
  -> Success (4.1s, 1813 chars)
  -> Calling model for step 0.50...
  -> Success (3.6s, 1660 chars)
  -> Calling model for step 0.75...
  -> Success (4.1s, 1600 chars)
[info] [765/860] Completed all steps for 'https://www.mdr.de/nachrichten-leicht/leichte-sprache-sachsen-anhalt-magdeburg-fcm-dynamo-dresden-ausschreitungen-polizei-ermittlungen-100.html'.
[info] [766/860] Generating steps [0.25, 0.5, 0.75] for 'https://www.mdr.de/nachrichten-leicht/leichte-sprache-mitteldeutschland-schnee-unfaelle-100.html'...
  -> Calling model for step 0.25...
  -> Success (6.6s, 2893 chars)
  -> Calling model for step 0.50...
  -> Success (5.0s, 2342 chars)
  -> Calling model for step 0.75...
  -> Success (4.5s, 2170 chars)
[info] [766/860] Completed all steps for 'https://www.mdr.de/nachrichten-leicht/leichte-sprache-mitteldeutschland-schnee-unfaelle-100.html'.
[info] [767/860] Generating steps [0.25, 0.5, 0.75] for 'https://www.mdr.de/nachrichten-leicht/leichte-sprache-wildkatzen-thueringen-rhoen-hauskatze-naturschuetzer-100.html'...
  -> Calling model for step 0.25...
  -> Success (4.4s, 1993 chars)
  -> Calling model for step 0.50...
  -> Success (8.7s, 2307 chars)
  -> Calling model for step 0.75...
  -> Success (4.4s, 1091 chars)
[info] [767/860] Completed all steps for 'https://www.mdr.de/nachrichten-leicht/leichte-sprache-wildkatzen-thueringen-rhoen-hauskatze-naturschuetzer-100.html'.
[info] [768/860] Generating steps [0.25, 0.5, 0.75] for 'https://www.mdr.de/nachrichten-leicht/leichte-sprache-sachsen-scheibe-see-hoyerswerda-mole-100.html'...
  -> Calling model for step 0.25...
  -> Success (5.7s, 1469 chars)
  -> Calling model for step 0.50...
  -> Success (5.6s, 1489 chars)
  -> Calling model for step 0.75...
  -> Success (2.6s, 1011 chars)
[info] [768/860] Completed all steps for 'https://www.mdr.de/nachrichten-leicht/leichte-sprache-sachsen-scheibe-see-hoyerswerda-mole-100.html'.
[info] [769/860] Generating steps [0.25, 0.5, 0.75] for 'https://www.mdr.de/nachrichten-leicht/leichte-sprache-sport-thueringen-sachsen-skispringen-hoffmann-freitag-100.html'...
  -> Calling model for step 0.25...
  -> Success (5.2s, 2006 chars)
  -> Calling model for step 0.50...
  -> Success (3.9s, 1678 chars)
  -> Calling model for step 0.75...
  -> Success (5.8s, 1703 chars)
[info] [769/860] Completed all steps for 'https://www.mdr.de/nachrichten-leicht/leichte-sprache-sport-thueringen-sachsen-skispringen-hoffmann-freitag-100.html'.
[info] [770/860] Generating steps [0.25, 0.5, 0.75] for 'https://www.mdr.de/nachrichten-leicht/leichte-sprache-sachsen-anhalt-zerbst-klinik-in-kommunaler-hand-100.html'...
  -> Calling model for step 0.25...
  -> Success (3.6s, 1523 chars)
  -> Calling model for step 0.50...
  -> Success (3.7s, 1447 chars)
  -> Calling model for step 0.75...
  -> Success (6.1s, 1401 chars)
[info] [770/860] Completed all steps for 'https://www.mdr.de/nachrichten-leicht/leichte-sprache-sachsen-anhalt-zerbst-klinik-in-kommunaler-hand-100.html'.
[info] [771/860] Generating steps [0.25, 0.5, 0.75] for 'https://www.mdr.de/nachrichten-leicht/leichte-sprache-sachsen-dresden-csd-als-strassenfest-100.html'...
  -> Calling model for step 0.25...
  -> Success (3.8s, 1887 chars)
  -> Calling model for step 0.50...
  -> Success (5.2s, 2157 chars)
  -> Calling model for step 0.75...
  -> Success (6.6s, 1624 chars)
[info] [771/860] Completed all steps for 'https://www.mdr.de/nachrichten-leicht/leichte-sprache-sachsen-dresden-csd-als-strassenfest-100.html'.
[info] [772/860] Generating steps [0.25, 0.5, 0.75] for 'https://www.mdr.de/nachrichten-leicht/leichte-sprache-sachsen-warnstreik-schulen-100.html'...
  -> Calling model for step 0.25...
  -> Success (4.2s, 2282 chars)
  -> Calling model for step 0.50...
  -> Success (5.1s, 2050 chars)
  -> Calling model for step 0.75...
  -> Success (4.2s, 1733 chars)
[info] [772/860] Completed all steps for 'https://www.mdr.de/nachrichten-leicht/leichte-sprache-sachsen-warnstreik-schulen-100.html'.
[info] [773/860] Generating steps [0.25, 0.5, 0.75] for 'https://www.mdr.de/nachrichten-leicht/leichte-sprache-sachsen-anhalt-kirche-gegen-afd-100.html'...
  -> Calling model for step 0.25...
  -> Success (4.4s, 1630 chars)
  -> Calling model for step 0.50...
  -> Success (4.0s, 1881 chars)
  -> Calling model for step 0.75...
  -> Success (5.5s, 1340 chars)
[info] [773/860] Completed all steps for 'https://www.mdr.de/nachrichten-leicht/leichte-sprache-sachsen-anhalt-kirche-gegen-afd-100.html'.
[info] [774/860] Generating steps [0.25, 0.5, 0.75] for 'https://www.mdr.de/nachrichten-leicht/leichte-sprache-thueringen-erfurt-strassenbahn-sperrung-anger-100.html'...
  -> Calling model for step 0.25...
  -> Success (5.0s, 1557 chars)
  -> Calling model for step 0.50...
  -> Success (5.3s, 1464 chars)
  -> Calling model for step 0.75...
  -> Success (3.5s, 830 chars)
[info] [774/860] Completed all steps for 'https://www.mdr.de/nachrichten-leicht/leichte-sprache-thueringen-erfurt-strassenbahn-sperrung-anger-100.html'.
[info] [775/860] Generating steps [0.25, 0.5, 0.75] for 'https://www.sozialpolitik.com/es/translate-to-leichte-sprache-arbeitslosigkeit-und-arbeitslosenversicherung'...
  -> Calling model for step 0.25...
  -> Success (8.0s, 3673 chars)
  -> Calling model for step 0.50...
  -> Success (4.0s, 2551 chars)
  -> Calling model for step 0.75...
  -> Success (5.0s, 2659 chars)
[info] [775/860] Completed all steps for 'https://www.sozialpolitik.com/es/translate-to-leichte-sprache-arbeitslosigkeit-und-arbeitslosenversicherung'.
[info] [776/860] Generating steps [0.25, 0.5, 0.75] for 'https://www.sozialpolitik.com/es/kein-geld-zum-leben'...
  -> Calling model for step 0.25...
  -> Success (7.0s, 3652 chars)
  -> Calling model for step 0.50...
  -> Success (6.2s, 3001 chars)
  -> Calling model for step 0.75...
  -> Success (7.0s, 3274 chars)
[info] [776/860] Completed all steps for 'https://www.sozialpolitik.com/es/kein-geld-zum-leben'.
[info] [777/860] Generating steps [0.25, 0.5, 0.75] for 'https://www.sozialpolitik.com/es/soziale-gerechtigkeit'...
  -> Calling model for step 0.25...
  -> Success (6.4s, 4130 chars)
  -> Calling model for step 0.50...
  -> Success (5.1s, 3386 chars)
  -> Calling model for step 0.75...
  -> Success (4.9s, 2825 chars)
[info] [777/860] Completed all steps for 'https://www.sozialpolitik.com/es/soziale-gerechtigkeit'.
[info] [778/860] Generating steps [0.25, 0.5, 0.75] for 'https://www.sozialpolitik.com/es/die-europaeische-union'...
  -> Calling model for step 0.25...
  -> Success (5.5s, 3089 chars)
  -> Calling model for step 0.50...
  -> Success (7.1s, 3223 chars)
  -> Calling model for step 0.75...
  -> Success (5.6s, 3116 chars)
[info] [778/860] Completed all steps for 'https://www.sozialpolitik.com/es/die-europaeische-union'.
[info] [779/860] Generating steps [0.25, 0.5, 0.75] for 'https://www.sozialpolitik.com/es/recht-auf-soziale-entschaedigung'...
  -> Calling model for step 0.25...
  -> Success (5.2s, 2707 chars)
  -> Calling model for step 0.50...
  -> Success (5.3s, 2660 chars)
  -> Calling model for step 0.75...
  -> Success (4.5s, 2662 chars)
[info] [779/860] Completed all steps for 'https://www.sozialpolitik.com/es/recht-auf-soziale-entschaedigung'.
[info] [780/860] Generating steps [0.25, 0.5, 0.75] for 'https://www.sozialpolitik.com/es/sozial-versicherung-im-alter'...
  -> Calling model for step 0.25...
  -> Success (5.8s, 3061 chars)
  -> Calling model for step 0.50...
  -> Success (5.2s, 3440 chars)
  -> Calling model for step 0.75...
  -> Success (4.9s, 3174 chars)
[info] [780/860] Completed all steps for 'https://www.sozialpolitik.com/es/sozial-versicherung-im-alter'.
[info] [781/860] Generating steps [0.25, 0.5, 0.75] for 'https://www.sozialpolitik.com/es/ausbildung-und-studium'...
  -> Calling model for step 0.25...
  -> Success (5.7s, 2517 chars)
  -> Calling model for step 0.50...
  -> Success (5.9s, 2775 chars)
  -> Calling model for step 0.75...
  -> Success (4.3s, 1878 chars)
[info] [781/860] Completed all steps for 'https://www.sozialpolitik.com/es/ausbildung-und-studium'.
[info] [782/860] Generating steps [0.25, 0.5, 0.75] for 'https://www.sozialpolitik.com/es/der-berufs-einstieg'...
  -> Calling model for step 0.25...
  -> Success (6.1s, 3367 chars)
  -> Calling model for step 0.50...
  -> Success (5.4s, 3286 chars)
  -> Calling model for step 0.75...
  -> Success (5.4s, 3075 chars)
[info] [782/860] Completed all steps for 'https://www.sozialpolitik.com/es/der-berufs-einstieg'.
[info] [783/860] Generating steps [0.25, 0.5, 0.75] for 'https://www.sozialpolitik.com/es/rechte-und-pflichten-fuer-die-arbeit'...
  -> Calling model for step 0.25...
  -> Success (7.3s, 4728 chars)
  -> Calling model for step 0.50...
  -> Success (9.6s, 4234 chars)
  -> Calling model for step 0.75...
  -> Success (7.8s, 4523 chars)
[info] [783/860] Completed all steps for 'https://www.sozialpolitik.com/es/rechte-und-pflichten-fuer-die-arbeit'.
[info] [784/860] Generating steps [0.25, 0.5, 0.75] for 'https://www.sozialpolitik.com/es/die-arbeits-welt'...
  -> Calling model for step 0.25...
  -> Success (5.0s, 3118 chars)
  -> Calling model for step 0.50...
  -> Success (4.4s, 2402 chars)
  -> Calling model for step 0.75...
  -> Success (5.0s, 2000 chars)
[info] [784/860] Completed all steps for 'https://www.sozialpolitik.com/es/die-arbeits-welt'.
[info] [785/860] Generating steps [0.25, 0.5, 0.75] for 'https://www.sozialpolitik.com/es/leben-im-sozial-staat'...
  -> Calling model for step 0.25...
  -> Success (7.5s, 3709 chars)
  -> Calling model for step 0.50...
  -> Success (6.3s, 3403 chars)
  -> Calling model for step 0.75...
  -> Success (6.8s, 3563 chars)
[info] [785/860] Completed all steps for 'https://www.sozialpolitik.com/es/leben-im-sozial-staat'.
[info] [786/860] Generating steps [0.25, 0.5, 0.75] for 'https://www.sozialpolitik.com/es/leben-und-arbeiten-mit-behinderung'...
  -> Calling model for step 0.25...
  -> Success (8.4s, 4660 chars)
  -> Calling model for step 0.50...
  -> Success (6.2s, 3400 chars)
  -> Calling model for step 0.75...
  -> Success (5.7s, 3154 chars)
[info] [786/860] Completed all steps for 'https://www.sozialpolitik.com/es/leben-und-arbeiten-mit-behinderung'.
[info] [787/860] Generating steps [0.25, 0.5, 0.75] for 'https://www.sozialpolitik.com/es/das-recht-auf-mit-bestimmung'...
  -> Calling model for step 0.25...
  -> Success (7.5s, 3832 chars)
  -> Calling model for step 0.50...
  -> Success (5.8s, 3745 chars)
  -> Calling model for step 0.75...
  -> Success (5.6s, 3227 chars)
[info] [787/860] Completed all steps for 'https://www.sozialpolitik.com/es/das-recht-auf-mit-bestimmung'.
[info] [788/860] Generating steps [0.25, 0.5, 0.75] for 'https://www.stuttgart.de/leben/gesundheit/vorsorge/suchtpraevention?sp%3Aout=easy'...
  -> Calling model for step 0.25...
  -> Success (7.1s, 4270 chars)
  -> Calling model for step 0.50...
  -> Success (5.8s, 3851 chars)
  -> Calling model for step 0.75...
  -> Success (6.5s, 3961 chars)
[info] [788/860] Completed all steps for 'https://www.stuttgart.de/leben/gesundheit/vorsorge/suchtpraevention?sp%3Aout=easy'.
[info] [789/860] Generating steps [0.25, 0.5, 0.75] for 'https://www.stuttgart.de/organigramm/leistungen/wohnsitz-anmelden-als-hauptwohnsitz?sp%3Aout=easy'...
  -> Calling model for step 0.25...
  -> Success (9.1s, 3440 chars)
  -> Calling model for step 0.50...
  -> Success (11.5s, 5738 chars)
  -> Calling model for step 0.75...
  -> Success (6.6s, 2962 chars)
[info] [789/860] Completed all steps for 'https://www.stuttgart.de/organigramm/leistungen/wohnsitz-anmelden-als-hauptwohnsitz?sp%3Aout=easy'.
[info] [790/860] Generating steps [0.25, 0.5, 0.75] for 'https://www.stuttgart.de/organigramm/leistungen/reisepass-beantragen-erstmalig-oder-nach-ablauf?sp%3Aout=easy'...
  -> Calling model for step 0.25...
  -> Success (7.2s, 3589 chars)
  -> Calling model for step 0.50...
  -> Success (10.9s, 3422 chars)
  -> Calling model for step 0.75...
  -> Success (7.9s, 3147 chars)
[info] [790/860] Completed all steps for 'https://www.stuttgart.de/organigramm/leistungen/reisepass-beantragen-erstmalig-oder-nach-ablauf?sp%3Aout=easy'.
[info] [791/860] Generating steps [0.25, 0.5, 0.75] for 'https://www.stuttgart.de/organigramm/leistungen/ehefaehigkeitszeugnis-ausstellung-beantragen?sp%3Aout=easy'...
  -> Calling model for step 0.25...
  -> Success (7.6s, 2353 chars)
  -> Calling model for step 0.50...
  -> Success (4.5s, 2747 chars)
  -> Calling model for step 0.75...
  -> Success (6.4s, 2528 chars)
[info] [791/860] Completed all steps for 'https://www.stuttgart.de/organigramm/leistungen/ehefaehigkeitszeugnis-ausstellung-beantragen?sp%3Aout=easy'.
[info] [792/860] Generating steps [0.25, 0.5, 0.75] for 'https://www.stuttgart.de/organigramm/leistungen/wohnsitz-ummelden-innerhalb-von-stuttgart?sp%3Aout=easy'...
  -> Calling model for step 0.25...
  -> Success (10.7s, 4049 chars)
  -> Calling model for step 0.50...
  -> Success (5.5s, 2833 chars)
  -> Calling model for step 0.75...
  -> Success (4.8s, 2005 chars)
[info] [792/860] Completed all steps for 'https://www.stuttgart.de/organigramm/leistungen/wohnsitz-ummelden-innerhalb-von-stuttgart?sp%3Aout=easy'.
[info] [793/860] Generating steps [0.25, 0.5, 0.75] for 'https://www.stuttgart.de/organigramm/leistungen/eingliederungshilfe-fuer-menschen-mit-behinderung?sp%3Aout=easy'...
  -> Calling model for step 0.25...
  -> Success (6.0s, 3525 chars)
  -> Calling model for step 0.50...
  -> Success (5.2s, 3148 chars)
  -> Calling model for step 0.75...
  -> Success (6.8s, 3411 chars)
[info] [793/860] Completed all steps for 'https://www.stuttgart.de/organigramm/leistungen/eingliederungshilfe-fuer-menschen-mit-behinderung?sp%3Aout=easy'.
[info] [794/860] Generating steps [0.25, 0.5, 0.75] for 'https://www.stuttgart.de/leben/gesundheit/gesundheitsberatung/?sp%3Aout=easy'...
  -> Calling model for step 0.25...
  -> Success (3.1s, 1698 chars)
  -> Calling model for step 0.50...
  -> Success (2.9s, 1462 chars)
  -> Calling model for step 0.75...
  -> Success (5.5s, 1659 chars)
[info] [794/860] Completed all steps for 'https://www.stuttgart.de/leben/gesundheit/gesundheitsberatung/?sp%3Aout=easy'.
[info] [795/860] Generating steps [0.25, 0.5, 0.75] for 'https://www.stuttgart.de/buergerinnen-und-buerger/senioren/buergerservice-leben-im-alter?sp%3Aout=easy'...
  -> Calling model for step 0.25...
  -> Success (7.1s, 3716 chars)
  -> Calling model for step 0.50...
  -> Success (6.0s, 3604 chars)
  -> Calling model for step 0.75...
  -> Success (5.5s, 2989 chars)
[info] [795/860] Completed all steps for 'https://www.stuttgart.de/buergerinnen-und-buerger/senioren/buergerservice-leben-im-alter?sp%3Aout=easy'.
[info] [796/860] Generating steps [0.25, 0.5, 0.75] for 'https://www.stuttgart.de/leben/sport/sportprogramme/bewegt-und-aktiv?sp%3Aout=easy'...
  -> Calling model for step 0.25...
  -> Success (5.2s, 2729 chars)
  -> Calling model for step 0.50...
  -> Success (4.6s, 2917 chars)
  -> Calling model for step 0.75...
  -> Success (4.8s, 2446 chars)
[info] [796/860] Completed all steps for 'https://www.stuttgart.de/leben/sport/sportprogramme/bewegt-und-aktiv?sp%3Aout=easy'.
[info] [797/860] Generating steps [0.25, 0.5, 0.75] for 'https://www.stuttgart.de/buergerinnen-und-buerger/menschen-mit-behinderung/die-beauftragte-fuer-menschen-mit-behinderung/inklusion-teilhabe?sp%3Aout=easy'...
  -> Calling model for step 0.25...
  -> Success (7.4s, 2515 chars)
  -> Calling model for step 0.50...
  -> Success (6.0s, 2617 chars)
  -> Calling model for step 0.75...
  -> Success (6.0s, 2118 chars)
[info] [797/860] Completed all steps for 'https://www.stuttgart.de/buergerinnen-und-buerger/menschen-mit-behinderung/die-beauftragte-fuer-menschen-mit-behinderung/inklusion-teilhabe?sp%3Aout=easy'.
[info] [798/860] Generating steps [0.25, 0.5, 0.75] for 'https://www.stuttgart.de/leben/soziales/beratung-und-hilfe/rechtliche-betreuung/?sp%3Aout=easy'...
  -> Calling model for step 0.25...
  -> Success (6.0s, 2333 chars)
  -> Calling model for step 0.50...
  -> Success (5.6s, 2560 chars)
  -> Calling model for step 0.75...
  -> Success (3.7s, 2139 chars)
[info] [798/860] Completed all steps for 'https://www.stuttgart.de/leben/soziales/beratung-und-hilfe/rechtliche-betreuung/?sp%3Aout=easy'.
[info] [799/860] Generating steps [0.25, 0.5, 0.75] for 'https://www.stuttgart.de/organigramm/leistungen/eheschliessung-anmelden?sp%3Aout=easy'...
  -> Calling model for step 0.25...
  -> Success (9.0s, 3964 chars)
  -> Calling model for step 0.50...
  -> Success (6.2s, 3361 chars)
  -> Calling model for step 0.75...
  -> Success (7.2s, 3685 chars)
[info] [799/860] Completed all steps for 'https://www.stuttgart.de/organigramm/leistungen/eheschliessung-anmelden?sp%3Aout=easy'.
[info] [800/860] Generating steps [0.25, 0.5, 0.75] for 'https://www.stuttgart.de/leben/wohnen/foerderung-und-wohnungshilfe/sozialmietwohnungen?sp%3Aout=easy'...
  -> Calling model for step 0.25...
  -> Success (5.6s, 2856 chars)
  -> Calling model for step 0.50...
  -> Success (4.0s, 2498 chars)
  -> Calling model for step 0.75...
  -> Success (3.9s, 2025 chars)
[info] [800/860] Completed all steps for 'https://www.stuttgart.de/leben/wohnen/foerderung-und-wohnungshilfe/sozialmietwohnungen?sp%3Aout=easy'.
[info] [801/860] Generating steps [0.25, 0.5, 0.75] for 'https://www.stuttgart.de/leben/gesundheit/vorsorge/?sp%3Aout=easy'...
  -> Calling model for step 0.25...
  -> Success (2.5s, 1385 chars)
  -> Calling model for step 0.50...
  -> Success (3.5s, 1063 chars)
  -> Calling model for step 0.75...
  -> Success (2.9s, 895 chars)
[info] [801/860] Completed all steps for 'https://www.stuttgart.de/leben/gesundheit/vorsorge/?sp%3Aout=easy'.
[info] [802/860] Generating steps [0.25, 0.5, 0.75] for 'https://www.stuttgart.de/buergerinnen-und-buerger/menschen-mit-behinderung/die-beauftragte-fuer-menschen-mit-behinderung?sp%3Aout=easy'...
  -> Calling model for step 0.25...
  -> Success (5.5s, 3293 chars)
  -> Calling model for step 0.50...
  -> Success (4.6s, 3149 chars)
  -> Calling model for step 0.75...
  -> Success (5.0s, 3031 chars)
[info] [802/860] Completed all steps for 'https://www.stuttgart.de/buergerinnen-und-buerger/menschen-mit-behinderung/die-beauftragte-fuer-menschen-mit-behinderung?sp%3Aout=easy'.
[info] [803/860] Generating steps [0.25, 0.5, 0.75] for 'https://www.stuttgart.de/buergerinnen-und-buerger/senioren/gesund-aelter-werden?sp%3Aout=easy'...
  -> Calling model for step 0.25...
  -> Success (5.3s, 3690 chars)
  -> Calling model for step 0.50...
  -> Success (5.1s, 3583 chars)
  -> Calling model for step 0.75...
  -> Success (4.1s, 2764 chars)
[info] [803/860] Completed all steps for 'https://www.stuttgart.de/buergerinnen-und-buerger/senioren/gesund-aelter-werden?sp%3Aout=easy'.
[info] [804/860] Generating steps [0.25, 0.5, 0.75] for 'https://www.stuttgart.de/leben/soziales/beratung-und-hilfe/?sp%3Aout=easy'...
  -> Calling model for step 0.25...
  -> Success (6.4s, 4442 chars)
  -> Calling model for step 0.50...
  -> Success (6.0s, 4104 chars)
  -> Calling model for step 0.75...
  -> Success (7.6s, 3810 chars)
[info] [804/860] Completed all steps for 'https://www.stuttgart.de/leben/soziales/beratung-und-hilfe/?sp%3Aout=easy'.
[info] [805/860] Generating steps [0.25, 0.5, 0.75] for 'https://www.stuttgart.de/leben/wohnen/foerderung-und-wohnungshilfe/seniorenmietwohnungen?sp%3Aout=easy'...
  -> Calling model for step 0.25...
  -> Success (4.0s, 1205 chars)
  -> Calling model for step 0.50...
  -> Success (3.0s, 1157 chars)
  -> Calling model for step 0.75...
  -> Success (3.8s, 1173 chars)
[info] [805/860] Completed all steps for 'https://www.stuttgart.de/leben/wohnen/foerderung-und-wohnungshilfe/seniorenmietwohnungen?sp%3Aout=easy'.
[info] [806/860] Generating steps [0.25, 0.5, 0.75] for 'https://www.stuttgart.de/leben/soziales/generationenhaus?sp%3Aout=easy'...
  -> Calling model for step 0.25...
  -> Success (3.3s, 1842 chars)
  -> Calling model for step 0.50...
  -> Success (4.4s, 1819 chars)
  -> Calling model for step 0.75...
  -> Success (4.3s, 1840 chars)
[info] [806/860] Completed all steps for 'https://www.stuttgart.de/leben/soziales/generationenhaus?sp%3Aout=easy'.
[info] [807/860] Generating steps [0.25, 0.5, 0.75] for 'https://www.stuttgart.de/buergerinnen-und-buerger/menschen-mit-behinderung/politik-von-menschen-mit-behinderung/beirat-inklusion?sp%3Aout=easy'...
  -> Calling model for step 0.25...
  -> Success (2.4s, 1456 chars)
  -> Calling model for step 0.50...
  -> Success (5.7s, 1475 chars)
  -> Calling model for step 0.75...
  -> Success (4.1s, 1561 chars)
[info] [807/860] Completed all steps for 'https://www.stuttgart.de/buergerinnen-und-buerger/menschen-mit-behinderung/politik-von-menschen-mit-behinderung/beirat-inklusion?sp%3Aout=easy'.
[info] [808/860] Generating steps [0.25, 0.5, 0.75] for 'https://www.stuttgart.de/leben/soziales/soziale-leistungen/?sp%3Aout=easy'...
  -> Calling model for step 0.25...
  -> Success (6.9s, 3633 chars)
  -> Calling model for step 0.50...
  -> Success (6.6s, 3038 chars)
  -> Calling model for step 0.75...
  -> Success (4.0s, 2535 chars)
[info] [808/860] Completed all steps for 'https://www.stuttgart.de/leben/soziales/soziale-leistungen/?sp%3Aout=easy'.
[info] [809/860] Generating steps [0.25, 0.5, 0.75] for 'https://www.stuttgart.de/leben/arbeit/arbeitsuchende/hilfe-beim-wiedereinstieg?sp%3Aout=easy'...
  -> Calling model for step 0.25...
  -> Success (5.9s, 3316 chars)
  -> Calling model for step 0.50...
  -> Success (5.4s, 3223 chars)
  -> Calling model for step 0.75...
  -> Success (4.8s, 3237 chars)
[info] [809/860] Completed all steps for 'https://www.stuttgart.de/leben/arbeit/arbeitsuchende/hilfe-beim-wiedereinstieg?sp%3Aout=easy'.
[info] [810/860] Generating steps [0.25, 0.5, 0.75] for 'https://www.stuttgart.de/organigramm/leistungen/personalausweis-beantragen-erstmalig-oder-nach-ablauf?sp%3Aout=easy'...
  -> Calling model for step 0.25...
  -> Success (8.3s, 4607 chars)
  -> Calling model for step 0.50...
  -> Success (6.7s, 3673 chars)
  -> Calling model for step 0.75...
  -> Success (5.9s, 3102 chars)
[info] [810/860] Completed all steps for 'https://www.stuttgart.de/organigramm/leistungen/personalausweis-beantragen-erstmalig-oder-nach-ablauf?sp%3Aout=easy'.
[info] [811/860] Generating steps [0.25, 0.5, 0.75] for 'https://www.stuttgart.de/buergerinnen-und-buerger/chancengleichheit/hilfe-bei-gewalt/gewalt-in-haeuslicher-pflege?sp%3Aout=easy'...
  -> Calling model for step 0.25...
  -> Success (3.3s, 1731 chars)
  -> Calling model for step 0.50...
  -> Success (2.7s, 1692 chars)
  -> Calling model for step 0.75...
  -> Success (4.7s, 2144 chars)
[info] [811/860] Completed all steps for 'https://www.stuttgart.de/buergerinnen-und-buerger/chancengleichheit/hilfe-bei-gewalt/gewalt-in-haeuslicher-pflege?sp%3Aout=easy'.
[info] [812/860] Generating steps [0.25, 0.5, 0.75] for 'https://www.stuttgart.de/buergerinnen-und-buerger/menschen-mit-behinderung/beratungsangebote-fuer-menschen-mit-behinderung/?sp%3Aout=easy'...
  -> Calling model for step 0.25...
  -> Success (5.9s, 3327 chars)
  -> Calling model for step 0.50...
  -> Success (6.6s, 3917 chars)
  -> Calling model for step 0.75...
  -> Success (5.5s, 2738 chars)
[info] [812/860] Completed all steps for 'https://www.stuttgart.de/buergerinnen-und-buerger/menschen-mit-behinderung/beratungsangebote-fuer-menschen-mit-behinderung/?sp%3Aout=easy'.
[info] [813/860] Generating steps [0.25, 0.5, 0.75] for 'https://www.stuttgart.de/organigramm/leistungen/schwerbehinderten-ausweis-beantragen?sp%3Aout=easy'...
  -> Calling model for step 0.25...
  -> Success (5.5s, 3016 chars)
  -> Calling model for step 0.50...
  -> Success (5.2s, 3241 chars)
  -> Calling model for step 0.75...
  -> Success (5.6s, 2825 chars)
[info] [813/860] Completed all steps for 'https://www.stuttgart.de/organigramm/leistungen/schwerbehinderten-ausweis-beantragen?sp%3Aout=easy'.
[info] [814/860] Generating steps [0.25, 0.5, 0.75] for 'https://www.stuttgart.de/service/behoerdennummer-115/?sp%3Aout=easy'...
  -> Calling model for step 0.25...
  -> Success (4.1s, 1773 chars)
  -> Calling model for step 0.50...
  -> Success (3.6s, 1548 chars)
  -> Calling model for step 0.75...
  -> Success (3.5s, 1522 chars)
[info] [814/860] Completed all steps for 'https://www.stuttgart.de/service/behoerdennummer-115/?sp%3Aout=easy'.
[info] [815/860] Generating steps [0.25, 0.5, 0.75] for 'https://www.stuttgart.de/buergerinnen-und-buerger/menschen-mit-behinderung/politik-von-menschen-mit-behinderung/?sp%3Aout=easy'...
  -> Calling model for step 0.25...
  -> Success (3.6s, 2357 chars)
  -> Calling model for step 0.50...
  -> Success (4.2s, 1889 chars)
  -> Calling model for step 0.75...
  -> Success (4.5s, 1869 chars)
[info] [815/860] Completed all steps for 'https://www.stuttgart.de/buergerinnen-und-buerger/menschen-mit-behinderung/politik-von-menschen-mit-behinderung/?sp%3Aout=easy'.
[info] [816/860] Generating steps [0.25, 0.5, 0.75] for 'https://www.stuttgart.de/buergerinnen-und-buerger/senioren/beratung-und-angebote?sp%3Aout=easy'...
  -> Calling model for step 0.25...
  -> Success (3.8s, 1202 chars)
  -> Calling model for step 0.50...
  -> Success (3.9s, 1149 chars)
  -> Calling model for step 0.75...
  -> Success (3.5s, 1200 chars)
[info] [816/860] Completed all steps for 'https://www.stuttgart.de/buergerinnen-und-buerger/senioren/beratung-und-angebote?sp%3Aout=easy'.
[info] [817/860] Generating steps [0.25, 0.5, 0.75] for 'https://www.stuttgart.de/leben/gesundheit/vorsorge/impfungen?sp%3Aout=easy'...
  -> Calling model for step 0.25...
  -> Success (9.4s, 4843 chars)
  -> Calling model for step 0.50...
  -> Success (7.9s, 3620 chars)
  -> Calling model for step 0.75...
  -> Success (6.2s, 3063 chars)
[info] [817/860] Completed all steps for 'https://www.stuttgart.de/leben/gesundheit/vorsorge/impfungen?sp%3Aout=easy'.
[info] [818/860] Generating steps [0.25, 0.5, 0.75] for 'https://www.stuttgart.de/leben/gesundheit/infektionsschutz/?sp%3Aout=easy'...
  -> Calling model for step 0.25...
  -> Success (3.6s, 2009 chars)
  -> Calling model for step 0.50...
  -> Success (3.5s, 1568 chars)
  -> Calling model for step 0.75...
  -> Success (3.2s, 1822 chars)
[info] [818/860] Completed all steps for 'https://www.stuttgart.de/leben/gesundheit/infektionsschutz/?sp%3Aout=easy'.
[info] [819/860] Generating steps [0.25, 0.5, 0.75] for 'https://www.stuttgart.de/leben/gesundheit/umweltmedizin/?sp%3Aout=easy'...
  -> Calling model for step 0.25...
  -> Success (6.2s, 3225 chars)
  -> Calling model for step 0.50...
  -> Success (5.5s, 2457 chars)
  -> Calling model for step 0.75...
  -> Success (3.2s, 1777 chars)
[info] [819/860] Completed all steps for 'https://www.stuttgart.de/leben/gesundheit/umweltmedizin/?sp%3Aout=easy'.
[info] [820/860] Generating steps [0.25, 0.5, 0.75] for 'https://www.stuttgart.de/organigramm/leistungen/ehenamen-bestimmen?sp%3Aout=easy'...
  -> Calling model for step 0.25...
  -> Success (6.2s, 2260 chars)
  -> Calling model for step 0.50...
  -> Success (8.5s, 2998 chars)
  -> Calling model for step 0.75...
  -> Success (4.2s, 2040 chars)
[info] [820/860] Completed all steps for 'https://www.stuttgart.de/organigramm/leistungen/ehenamen-bestimmen?sp%3Aout=easy'.
[info] [821/860] Generating steps [0.25, 0.5, 0.75] for 'https://www.stuttgart.de/buergerinnen-und-buerger/menschen-mit-behinderung/wege-in-die-arbeit/?sp%3Aout=easy'...
  -> Calling model for step 0.25...
  -> Success (12.8s, 8671 chars)
  -> Calling model for step 0.50...
  -> Success (8.1s, 5434 chars)
  -> Calling model for step 0.75...
  -> Success (8.6s, 4460 chars)
[info] [821/860] Completed all steps for 'https://www.stuttgart.de/buergerinnen-und-buerger/menschen-mit-behinderung/wege-in-die-arbeit/?sp%3Aout=easy'.
[info] [822/860] Generating steps [0.25, 0.5, 0.75] for 'https://www.stuttgart.de/organigramm/leistungen/wohnberechtigungsschein-beantragen?sp%3Aout=easy'...
  -> Calling model for step 0.25...
  -> Success (5.8s, 3441 chars)
  -> Calling model for step 0.50...
  -> Success (5.6s, 3258 chars)
  -> Calling model for step 0.75...
  -> Success (6.0s, 3064 chars)
[info] [822/860] Completed all steps for 'https://www.stuttgart.de/organigramm/leistungen/wohnberechtigungsschein-beantragen?sp%3Aout=easy'.
[info] [823/860] Generating steps [0.25, 0.5, 0.75] for 'https://taz.de/Leichte-Sprache/!5590875/'...
  -> Calling model for step 0.25...
  -> Success (3.2s, 1597 chars)
  -> Calling model for step 0.50...
  -> Success (3.3s, 1847 chars)
  -> Calling model for step 0.75...
  -> Success (3.5s, 1731 chars)
[info] [823/860] Completed all steps for 'https://taz.de/Leichte-Sprache/!5590875/'.
[info] [824/860] Generating steps [0.25, 0.5, 0.75] for 'https://taz.de/Leichte-Sprache/!5617312/'...
  -> Calling model for step 0.25...
  -> Success (5.5s, 2750 chars)
  -> Calling model for step 0.50...
  -> Success (4.6s, 2388 chars)
  -> Calling model for step 0.75...
  -> Success (4.2s, 2090 chars)
[info] [824/860] Completed all steps for 'https://taz.de/Leichte-Sprache/!5617312/'.
[info] [825/860] Generating steps [0.25, 0.5, 0.75] for 'https://taz.de/Leichte-Sprache/!5621822/'...
  -> Calling model for step 0.25...
  -> Success (10.4s, 5989 chars)
  -> Calling model for step 0.50...
  -> Success (7.3s, 2518 chars)
  -> Calling model for step 0.75...
  -> Success (5.2s, 2917 chars)
[info] [825/860] Completed all steps for 'https://taz.de/Leichte-Sprache/!5621822/'.
[info] [826/860] Generating steps [0.25, 0.5, 0.75] for 'https://taz.de/Leichte-Sprache/!5585793/'...
  -> Calling model for step 0.25...
  -> Success (4.5s, 2364 chars)
  -> Calling model for step 0.50...
  -> Success (5.9s, 3495 chars)
  -> Calling model for step 0.75...
  -> Success (4.9s, 2648 chars)
[info] [826/860] Completed all steps for 'https://taz.de/Leichte-Sprache/!5585793/'.
[info] [827/860] Generating steps [0.25, 0.5, 0.75] for 'https://www.wiesbaden.de/leben-in-wiesbaden/freizeit/natur-erleben/stadtwald/stadtwald-multitalent?sp%3Aeasylanguage=1'...
  -> Calling model for step 0.25...
  -> Success (8.4s, 3219 chars)
  -> Calling model for step 0.50...
  -> Success (5.2s, 2590 chars)
  -> Calling model for step 0.75...
  -> Success (5.8s, 2701 chars)
[info] [827/860] Completed all steps for 'https://www.wiesbaden.de/leben-in-wiesbaden/freizeit/natur-erleben/stadtwald/stadtwald-multitalent?sp%3Aeasylanguage=1'.
[info] [828/860] Generating steps [0.25, 0.5, 0.75] for 'https://www.wiesbaden.de/vv/produkte/34/Grossraum-und-Schwerverkehr-Ausnahmen-und-Erlaubnisse?sp%3Aeasylanguage=1'...
  -> Calling model for step 0.25...
  -> Success (4.1s, 1052 chars)
  -> Calling model for step 0.50...
  -> Success (2.9s, 817 chars)
  -> Calling model for step 0.75...
  -> Success (3.8s, 985 chars)
[info] [828/860] Completed all steps for 'https://www.wiesbaden.de/vv/produkte/34/Grossraum-und-Schwerverkehr-Ausnahmen-und-Erlaubnisse?sp%3Aeasylanguage=1'.
[info] [829/860] Generating steps [0.25, 0.5, 0.75] for 'https://www.wiesbaden.de/leben-in-wiesbaden/gesellschaft-soziales/inklusion/arbeitskreis-inklusion-und-barrierefreiheit?sp%3Aeasylanguage=1'...
  -> Calling model for step 0.25...
  -> Success (4.4s, 2299 chars)
  -> Calling model for step 0.50...
  -> Success (4.4s, 2198 chars)
  -> Calling model for step 0.75...
  -> Success (4.1s, 2086 chars)
[info] [829/860] Completed all steps for 'https://www.wiesbaden.de/leben-in-wiesbaden/gesellschaft-soziales/inklusion/arbeitskreis-inklusion-und-barrierefreiheit?sp%3Aeasylanguage=1'.
[info] [830/860] Generating steps [0.25, 0.5, 0.75] for 'https://www.wiesbaden.de/rathaus/smart-city/sensor-bike?sp%3Aeasylanguage=1'...
  -> Calling model for step 0.25...
  -> Success (5.0s, 2403 chars)
  -> Calling model for step 0.50...
  -> Success (3.6s, 1695 chars)
  -> Calling model for step 0.75...
  -> Success (4.0s, 1751 chars)
[info] [830/860] Completed all steps for 'https://www.wiesbaden.de/rathaus/smart-city/sensor-bike?sp%3Aeasylanguage=1'.
[info] [831/860] Generating steps [0.25, 0.5, 0.75] for 'https://www.wiesbaden.de/vv/produkte/51/jugendarbeit-wi-and-you/Inklusion-fuer-Kinder-und-Jugendliche-Beratung-und-Information?sp%3Aeasylanguage=1'...
  -> Calling model for step 0.25...
  -> Success (3.8s, 1158 chars)
  -> Calling model for step 0.50...
  -> Success (3.4s, 1192 chars)
  -> Calling model for step 0.75...
  -> Success (2.8s, 807 chars)
[info] [831/860] Completed all steps for 'https://www.wiesbaden.de/vv/produkte/51/jugendarbeit-wi-and-you/Inklusion-fuer-Kinder-und-Jugendliche-Beratung-und-Information?sp%3Aeasylanguage=1'.
[info] [832/860] Generating steps [0.25, 0.5, 0.75] for 'https://www.wiesbaden.de/rathaus/smart-city/smart-city-in-wiesbaden?sp%3Aeasylanguage=1'...
  -> Calling model for step 0.25...
  -> Success (3.4s, 2187 chars)
  -> Calling model for step 0.50...
  -> Success (3.5s, 1751 chars)
  -> Calling model for step 0.75...
  -> Success (4.8s, 1284 chars)
[info] [832/860] Completed all steps for 'https://www.wiesbaden.de/rathaus/smart-city/smart-city-in-wiesbaden?sp%3Aeasylanguage=1'.
[info] [833/860] Generating steps [0.25, 0.5, 0.75] for 'https://www.wiesbaden.de/rathaus/smart-city/smart-ubilabs?sp%3Aeasylanguage=1'...
  -> Calling model for step 0.25...
  -> Success (5.1s, 1831 chars)
  -> Calling model for step 0.50...
  -> Success (3.6s, 1719 chars)
  -> Calling model for step 0.75...
  -> Success (3.6s, 1367 chars)
[info] [833/860] Completed all steps for 'https://www.wiesbaden.de/rathaus/smart-city/smart-ubilabs?sp%3Aeasylanguage=1'.
[info] [834/860] Generating steps [0.25, 0.5, 0.75] for 'https://www.wiesbaden.de/rathaus/smart-city/mobile-datenmessung?sp%3Aeasylanguage=1'...
  -> Calling model for step 0.25...
  -> Success (4.3s, 1743 chars)
  -> Calling model for step 0.50...
  -> Success (4.5s, 1768 chars)
  -> Calling model for step 0.75...
  -> Success (3.3s, 1264 chars)
[info] [834/860] Completed all steps for 'https://www.wiesbaden.de/rathaus/smart-city/mobile-datenmessung?sp%3Aeasylanguage=1'.
[info] [835/860] Generating steps [0.25, 0.5, 0.75] for 'https://www.wiesbaden.de/vv/produkte/34/Bewohnerparken-Ausnahmegenehmigungen?sp%3Aeasylanguage=1'...
  -> Calling model for step 0.25...
  -> Success (4.5s, 2388 chars)
  -> Calling model for step 0.50...
  -> Success (8.6s, 2134 chars)
  -> Calling model for step 0.75...
  -> Success (5.5s, 1737 chars)
[info] [835/860] Completed all steps for 'https://www.wiesbaden.de/vv/produkte/34/Bewohnerparken-Ausnahmegenehmigungen?sp%3Aeasylanguage=1'.
[info] [836/860] Generating steps [0.25, 0.5, 0.75] for 'https://www.wiesbaden.de/kultur/kultur-erleben/film/filmstadt-wiesbaden?sp%3Aeasylanguage=1'...
  -> Calling model for step 0.25...
  -> Success (5.1s, 1836 chars)
  -> Calling model for step 0.50...
  -> Success (4.8s, 1561 chars)
  -> Calling model for step 0.75...
  -> Success (4.8s, 1393 chars)
[info] [836/860] Completed all steps for 'https://www.wiesbaden.de/kultur/kultur-erleben/film/filmstadt-wiesbaden?sp%3Aeasylanguage=1'.
[info] [837/860] Generating steps [0.25, 0.5, 0.75] for 'https://www.wiesbaden.de/vv/produkte/34/Aufgrabungen-Genehmigung-beantragen?sp%3Aeasylanguage=1'...
  -> Calling model for step 0.25...
  -> Success (2.4s, 1032 chars)
  -> Calling model for step 0.50...
  -> Success (4.6s, 1270 chars)
  -> Calling model for step 0.75...
  -> Success (5.0s, 1248 chars)
[info] [837/860] Completed all steps for 'https://www.wiesbaden.de/vv/produkte/34/Aufgrabungen-Genehmigung-beantragen?sp%3Aeasylanguage=1'.
[info] [838/860] Generating steps [0.25, 0.5, 0.75] for 'https://www.wiesbaden.de/kultur/kultur-erleben/film/caligari?sp%3Aeasylanguage=1'...
  -> Calling model for step 0.25...
  -> Success (2.0s, 916 chars)
  -> Calling model for step 0.50...
  -> Success (2.0s, 964 chars)
  -> Calling model for step 0.75...
  -> Success (2.5s, 871 chars)
[info] [838/860] Completed all steps for 'https://www.wiesbaden.de/kultur/kultur-erleben/film/caligari?sp%3Aeasylanguage=1'.
[info] [839/860] Generating steps [0.25, 0.5, 0.75] for 'https://www.wiesbaden.de/vv/produkte/34/Behindertenparkplaetze?sp%3Aeasylanguage=1'...
  -> Calling model for step 0.25...
  -> Success (3.6s, 1515 chars)
  -> Calling model for step 0.50...
  -> Success (3.6s, 1585 chars)
  -> Calling model for step 0.75...
  -> Success (4.1s, 1086 chars)
[info] [839/860] Completed all steps for 'https://www.wiesbaden.de/vv/produkte/34/Behindertenparkplaetze?sp%3Aeasylanguage=1'.
[info] [840/860] Generating steps [0.25, 0.5, 0.75] for 'https://www.wiesbaden.de/vv/produkte/34/Handwerkerparkausweis-fuer-die-Region-Frankfurt-Rhein-Main?sp%3Aeasylanguage=1'...
  -> Calling model for step 0.25...
  -> Success (4.0s, 1732 chars)
  -> Calling model for step 0.50...
  -> Success (4.0s, 1538 chars)
  -> Calling model for step 0.75...
  -> Success (4.4s, 1846 chars)
[info] [840/860] Completed all steps for 'https://www.wiesbaden.de/vv/produkte/34/Handwerkerparkausweis-fuer-die-Region-Frankfurt-Rhein-Main?sp%3Aeasylanguage=1'.
[info] [841/860] Generating steps [0.25, 0.5, 0.75] for 'https://www.wiesbaden.de/rathaus/smart-city/?sp%3Aeasylanguage=1'...
  -> Calling model for step 0.25...
  -> Success (4.9s, 2748 chars)
  -> Calling model for step 0.50...
  -> Success (3.5s, 2140 chars)
  -> Calling model for step 0.75...
  -> Success (3.7s, 1802 chars)
[info] [841/860] Completed all steps for 'https://www.wiesbaden.de/rathaus/smart-city/?sp%3Aeasylanguage=1'.
[info] [842/860] Generating steps [0.25, 0.5, 0.75] for 'https://www.wiesbaden.de/leben-in-wiesbaden/umwelt-natur-klima/nachhaltiges-wirtschaften/oekoprofit_klub?sp%3Aeasylanguage=1'...
  -> Calling model for step 0.25...
  -> Success (5.6s, 2163 chars)
  -> Calling model for step 0.50...
  -> Success (7.4s, 2025 chars)
  -> Calling model for step 0.75...
  -> Success (8.1s, 1942 chars)
[info] [842/860] Completed all steps for 'https://www.wiesbaden.de/leben-in-wiesbaden/umwelt-natur-klima/nachhaltiges-wirtschaften/oekoprofit_klub?sp%3Aeasylanguage=1'.
[info] [843/860] Generating steps [0.25, 0.5, 0.75] for 'https://www.wiesbaden.de/vv/oe/05/34/Verwarngeldstelle?sp%3Aeasylanguage=1'...
  -> Calling model for step 0.25...
  -> Success (3.7s, 1632 chars)
  -> Calling model for step 0.50...
  -> Success (3.8s, 1301 chars)
  -> Calling model for step 0.75...
  -> Success (3.9s, 1395 chars)
[info] [843/860] Completed all steps for 'https://www.wiesbaden.de/vv/oe/05/34/Verwarngeldstelle?sp%3Aeasylanguage=1'.
[info] [844/860] Generating steps [0.25, 0.5, 0.75] for 'https://www.wiesbaden.de/vv/oe/07/31/ordnungsamt?sp%3Aeasylanguage=1'...
  -> Calling model for step 0.25...
  -> Success (4.1s, 1988 chars)
  -> Calling model for step 0.50...
  -> Success (3.4s, 1134 chars)
  -> Calling model for step 0.75...
  -> Success (3.8s, 1081 chars)
[info] [844/860] Completed all steps for 'https://www.wiesbaden.de/vv/oe/07/31/ordnungsamt?sp%3Aeasylanguage=1'.
[info] [845/860] Generating steps [0.25, 0.5, 0.75] for 'https://www.wiesbaden.de/rathaus/smart-city/stadtteil-app?sp%3Aeasylanguage=1'...
  -> Calling model for step 0.25...
  -> Success (2.3s, 1173 chars)
  -> Calling model for step 0.50...
  -> Success (3.3s, 1357 chars)
  -> Calling model for step 0.75...
  -> Success (3.9s, 1000 chars)
[info] [845/860] Completed all steps for 'https://www.wiesbaden.de/rathaus/smart-city/stadtteil-app?sp%3Aeasylanguage=1'.
[info] [846/860] Generating steps [0.25, 0.5, 0.75] for 'https://www.wiesbaden.de/leben-in-wiesbaden/umwelt-natur-klima/luftqualitaet/lufthygiene?sp%3Aeasylanguage=1'...
  -> Calling model for step 0.25...
  -> Success (6.2s, 2728 chars)
  -> Calling model for step 0.50...
  -> Success (6.3s, 2652 chars)
  -> Calling model for step 0.75...
  -> Success (5.0s, 2165 chars)
[info] [846/860] Completed all steps for 'https://www.wiesbaden.de/leben-in-wiesbaden/umwelt-natur-klima/luftqualitaet/lufthygiene?sp%3Aeasylanguage=1'.
[info] [847/860] Generating steps [0.25, 0.5, 0.75] for 'https://www.wiesbaden.de/leben-in-wiesbaden/gesellschaft-soziales/engagement/aktionswoche-wiesbaden-engagiert?sp%3Aeasylanguage=1'...
  -> Calling model for step 0.25...
  -> Success (4.3s, 2094 chars)
  -> Calling model for step 0.50...
  -> Success (4.1s, 1504 chars)
  -> Calling model for step 0.75...
  -> Success (4.3s, 1621 chars)
[info] [847/860] Completed all steps for 'https://www.wiesbaden.de/leben-in-wiesbaden/gesellschaft-soziales/engagement/aktionswoche-wiesbaden-engagiert?sp%3Aeasylanguage=1'.
[info] [848/860] Generating steps [0.25, 0.5, 0.75] for 'https://www.wiesbaden.de/rathaus/smart-city/Smart-City-in-Wiesbaden_159092_159093?sp%3Aeasylanguage=1'...
  -> Calling model for step 0.25...
  -> Success (3.5s, 1058 chars)
  -> Calling model for step 0.50...
  -> Success (4.0s, 1124 chars)
  -> Calling model for step 0.75...
  -> Success (3.3s, 836 chars)
[info] [848/860] Completed all steps for 'https://www.wiesbaden.de/rathaus/smart-city/Smart-City-in-Wiesbaden_159092_159093?sp%3Aeasylanguage=1'.
[info] [849/860] Generating steps [0.25, 0.5, 0.75] for 'https://www.wiesbaden.de/leben-in-wiesbaden/umwelt-natur-klima/nachhaltiges-wirtschaften/fortgeschrittene?sp%3Aeasylanguage=1'...
  -> Calling model for step 0.25...
  -> Success (2.5s, 660 chars)
  -> Calling model for step 0.50...
  -> Success (2.9s, 541 chars)
  -> Calling model for step 0.75...
  -> Success (3.2s, 520 chars)
[info] [849/860] Completed all steps for 'https://www.wiesbaden.de/leben-in-wiesbaden/umwelt-natur-klima/nachhaltiges-wirtschaften/fortgeschrittene?sp%3Aeasylanguage=1'.
[info] [850/860] Generating steps [0.25, 0.5, 0.75] for 'https://www.wiesbaden.de/vv/produkte/34/Altkleidercontainer-Sondernutzungserlaubnis-beantragen?sp%3Aeasylanguage=1'...
  -> Calling model for step 0.25...
  -> Success (3.2s, 1240 chars)
  -> Calling model for step 0.50...
  -> Success (3.8s, 987 chars)
  -> Calling model for step 0.75...
  -> Success (3.4s, 762 chars)
[info] [850/860] Completed all steps for 'https://www.wiesbaden.de/vv/produkte/34/Altkleidercontainer-Sondernutzungserlaubnis-beantragen?sp%3Aeasylanguage=1'.
[info] [851/860] Generating steps [0.25, 0.5, 0.75] for 'https://www.wiesbaden.de/vv/produkte/34/Online-Anhoerung?sp%3Aeasylanguage=1'...
  -> Calling model for step 0.25...
  -> Success (3.4s, 1285 chars)
  -> Calling model for step 0.50...
  -> Success (3.4s, 1197 chars)
  -> Calling model for step 0.75...
  -> Success (3.0s, 913 chars)
[info] [851/860] Completed all steps for 'https://www.wiesbaden.de/vv/produkte/34/Online-Anhoerung?sp%3Aeasylanguage=1'.
[info] [852/860] Generating steps [0.25, 0.5, 0.75] for 'https://www.wiesbaden.de/rathaus/smart-city/smart-city-kampagne?sp%3Aeasylanguage=1'...
  -> Calling model for step 0.25...
  -> Success (3.1s, 1538 chars)
  -> Calling model for step 0.50...
  -> Success (4.1s, 1920 chars)
  -> Calling model for step 0.75...
  -> Success (4.2s, 1221 chars)
[info] [852/860] Completed all steps for 'https://www.wiesbaden.de/rathaus/smart-city/smart-city-kampagne?sp%3Aeasylanguage=1'.
[info] [853/860] Generating steps [0.25, 0.5, 0.75] for 'https://www.wiesbaden.de/rathaus/smart-city/digitaler-zwilling?sp%3Aeasylanguage=1'...
  -> Calling model for step 0.25...
  -> Success (6.6s, 3594 chars)
  -> Calling model for step 0.50...
  -> Success (5.6s, 4074 chars)
  -> Calling model for step 0.75...
  -> Success (6.3s, 3162 chars)
[info] [853/860] Completed all steps for 'https://www.wiesbaden.de/rathaus/smart-city/digitaler-zwilling?sp%3Aeasylanguage=1'.
[info] [854/860] Generating steps [0.25, 0.5, 0.75] for 'https://www.wiesbaden.de/vv/produkte/51/Verfahrenslotse-junge-Menschen-Behinderung?sp%3Aeasylanguage=1'...
  -> Calling model for step 0.25...
  -> Success (4.1s, 1220 chars)
  -> Calling model for step 0.50...
  -> Success (3.2s, 1165 chars)
  -> Calling model for step 0.75...
  -> Success (3.6s, 1202 chars)
[info] [854/860] Completed all steps for 'https://www.wiesbaden.de/vv/produkte/51/Verfahrenslotse-junge-Menschen-Behinderung?sp%3Aeasylanguage=1'.
[info] [855/860] Generating steps [0.25, 0.5, 0.75] for 'https://www.wiesbaden.de/vv/produkte/34/Umzug-und-Ausnahmegenehmigung?sp%3Aeasylanguage=1'...
  -> Calling model for step 0.25...
  -> Success (3.3s, 1270 chars)
  -> Calling model for step 0.50...
  -> Success (5.0s, 1317 chars)
  -> Calling model for step 0.75...
  -> Success (5.5s, 1362 chars)
[info] [855/860] Completed all steps for 'https://www.wiesbaden.de/vv/produkte/34/Umzug-und-Ausnahmegenehmigung?sp%3Aeasylanguage=1'.
[info] [856/860] Generating steps [0.25, 0.5, 0.75] for 'https://www.wiesbaden.de/vv/produkte/34/Umweltzone-Ausnahmegenehmigungen-zum-Befahren?sp%3Aeasylanguage=1'...
  -> Calling model for step 0.25...
  -> Success (5.0s, 1704 chars)
  -> Calling model for step 0.50...
  -> Success (3.4s, 1441 chars)
  -> Calling model for step 0.75...
  -> Success (4.1s, 1610 chars)
[info] [856/860] Completed all steps for 'https://www.wiesbaden.de/vv/produkte/34/Umweltzone-Ausnahmegenehmigungen-zum-Befahren?sp%3Aeasylanguage=1'.
[info] [857/860] Generating steps [0.25, 0.5, 0.75] for 'https://www.wiesbaden.de/rathaus/smart-city/virtuelle_stadtentwicklung?sp%3Aeasylanguage=1'...
  -> Calling model for step 0.25...
  -> Success (3.2s, 1492 chars)
  -> Calling model for step 0.50...
  -> Success (2.2s, 942 chars)
  -> Calling model for step 0.75...
  -> Success (3.9s, 1001 chars)
[info] [857/860] Completed all steps for 'https://www.wiesbaden.de/rathaus/smart-city/virtuelle_stadtentwicklung?sp%3Aeasylanguage=1'.
[info] [858/860] Generating steps [0.25, 0.5, 0.75] for 'https://www.wiesbaden.de/vv/oe/05/34/stabstelle-oeffentlichkeitsarbeit-amtskoordination/stabstelle-oeffentlichkeitsarbeit-amtskoordination?sp%3Aeasylanguage=1'...
  -> Calling model for step 0.25...
  -> Success (4.2s, 1875 chars)
  -> Calling model for step 0.50...
  -> Success (4.0s, 1817 chars)
  -> Calling model for step 0.75...
  -> Success (6.1s, 1665 chars)
[info] [858/860] Completed all steps for 'https://www.wiesbaden.de/vv/oe/05/34/stabstelle-oeffentlichkeitsarbeit-amtskoordination/stabstelle-oeffentlichkeitsarbeit-amtskoordination?sp%3Aeasylanguage=1'.
[info] [859/860] Generating steps [0.25, 0.5, 0.75] for 'https://www.wiesbaden.de/vv/produkte/34/Ordnungswidrigkeiten-im-Strassenverkehr?sp%3Aeasylanguage=1'...
  -> Calling model for step 0.25...
  -> Success (4.6s, 2660 chars)
  -> Calling model for step 0.50...
  -> Success (4.5s, 2217 chars)
  -> Calling model for step 0.75...
  -> Success (4.7s, 2314 chars)
[info] [859/860] Completed all steps for 'https://www.wiesbaden.de/vv/produkte/34/Ordnungswidrigkeiten-im-Strassenverkehr?sp%3Aeasylanguage=1'.
[info] [860/860] Generating steps [0.25, 0.5, 0.75] for 'https://www.wiesbaden.de/leben-in-wiesbaden/umwelt-natur-klima/luftqualitaet/luftreinhalteplan?sp%3Aeasylanguage=1'...
  -> Calling model for step 0.25...
  -> Success (5.3s, 2543 chars)
  -> Calling model for step 0.50...
  -> Success (4.9s, 2281 chars)
  -> Calling model for step 0.75...
  -> Success (4.9s, 2033 chars)
[info] [860/860] Completed all steps for 'https://www.wiesbaden.de/leben-in-wiesbaden/umwelt-natur-klima/luftqualitaet/luftreinhalteplan?sp%3Aeasylanguage=1'.
[done] Processed 860 articles. Generated 2578 new steps. Output saved to data/corpus/corpus_master_with_steps.json
