source,as_url,ls_url,as_word_count,ls_word_count,sim_128,sim_256,sim_512,sim_1024,sim_8192
apotheken,https://www.apotheken-umschau.de/krankheiten-symptome/augenkrankheiten/wie-kann-man-weitsichtigkeit-behandeln-733661.html,https://www.apotheken-umschau.de/einfache-sprache/krankheiten/weitsichtigkeit-753261.html,1652,655,0.8286688327789307,0.8219878673553467,0.7924315929412842,0.7590633630752563,0.8157438635826111
apotheken,https://www.apotheken-umschau.de/medikamente/heilpflanzen/baldrian-schlaffoerdernd-und-beruhigend-732989.html,https://www.apotheken-umschau.de/einfache-sprache/medikamente-heilpflanzen/baldrian-769821.html,807,775,0.9055202007293701,0.9364856481552124,0.915550708770752,0.935468316078186,0.9438985586166382
apotheken,https://www.apotheken-umschau.de/krankheiten-symptome/magen-und-darmerkrankungen/magenschleimhautentzuendung-symptome-diagnose-behandlung-739927.html,https://www.apotheken-umschau.de/einfache-sprache/krankheiten/magenschleimhaut-entzuendung-722625.html,1035,567,0.7607676982879639,0.7404611110687256,0.8243941068649292,0.8335394263267517,0.8473758101463318
apotheken,https://www.apotheken-umschau.de/krankheiten-symptome/psychische-krankheiten/zwangsstoerung-ursachen-symptome-und-behandlung-1473831.html,https://www.apotheken-umschau.de/einfache-sprache/krankheiten/zwangsstoerung-912051.html,1369,921,0.8077619671821594,0.7838976383209229,0.8928194046020508,0.9307823777198792,0.8847141265869141
apotheken,https://www.apotheken-umschau.de/krankheiten-symptome/infektionskrankheiten/mandelentzuendung-tonsillitis-735745.html,https://www.apotheken-umschau.de/einfache-sprache/krankheiten/mandelentzuendung-722661.html,1020,679,0.6348131895065308,0.635170042514801,0.8051143884658813,0.8769728541374207,0.8636367917060852
apotheken,https://www.apotheken-umschau.de/news/reisedurchfall-welche-medikamente-laut-stiftung-warentest-helfen-715693.html,https://www.apotheken-umschau.de/einfache-sprache/krankheiten/reisedurchfall-769781.html,952,528,0.5849428176879883,0.5907341241836548,0.7822277545928955,0.8801193237304688,0.8667920231819153
apotheken,https://www.apotheken-umschau.de/diagnose/diagnoseverfahren/darmspiegelung-gruende-vorteile-risiken-734823.html,https://www.apotheken-umschau.de/einfache-sprache/untersuchungen-therapien/darmspiegelung-722805.html,1308,669,0.7882373929023743,0.7763298749923706,0.74173504114151,0.8659982681274414,0.8521566390991211
apotheken,https://www.apotheken-umschau.de/medikamente/basiswissen/antibiotika-richtig-einnehmen-715399.html,https://www.apotheken-umschau.de/einfache-sprache/medikamente-heilpflanzen/antibiotika-richtig-einnehmen-761829.html,642,698,0.7792719602584839,0.7849045395851135,0.7882047891616821,0.866436779499054,0.866436779499054
apotheken,https://www.apotheken-umschau.de/e-health/mit-digitalen-helfern-gegen-die-migraene-837681.html,https://www.apotheken-umschau.de/einfache-sprache/untersuchungen-therapien/migraene-apps-837725.html,543,411,0.7699116468429565,0.7962508797645569,0.8775510191917419,0.8837025165557861,0.8837025165557861
apotheken,https://www.apotheken-umschau.de/krankheiten-symptome/erkrankungen-der-weiblichen-geschlechtsorgane/wechseljahre-beginn-symptome-hilfe-bei-beschwerden-736281.html,https://www.apotheken-umschau.de/einfache-sprache/krankheiten/wechseljahre-722097.html,202,526,0.8088876605033875,0.8084455132484436,0.7502642273902893,0.6886524558067322,0.6886524558067322
apotheken,https://www.apotheken-umschau.de/krankheiten-symptome/diabetes/typ-1/diabetes-mellitus-typ-1-808607.html,https://www.apotheken-umschau.de/einfache-sprache/krankheiten/diabetes-typ-1-862049.html,780,604,0.9142336845397949,0.8922284841537476,0.8783725500106812,0.793269157409668,0.7993356585502625
apotheken,https://www.apotheken-umschau.de/krankheiten-symptome/lausbefall-735073.html,https://www.apotheken-umschau.de/einfache-sprache/krankheiten/kopflaeuse-769767.html,1288,763,0.7419329881668091,0.8438855409622192,0.8195891380310059,0.8962392807006836,0.8877133131027222
apotheken,https://www.apotheken-umschau.de/gesund-bleiben/sex/verhuetung-kupferspirale-713663.html,https://www.apotheken-umschau.de/einfache-sprache/verhuetung/kupferspirale-937179.html,1681,728,0.8460032939910889,0.8729461431503296,0.9114543199539185,0.9144632816314697,0.9289422631263733
apotheken,https://www.apotheken-umschau.de/krankheiten-symptome/magen-und-darmerkrankungen/stuhlgang-was-die-ausscheidungen-verraten-738911.html,https://www.apotheken-umschau.de/einfache-sprache/untersuchungen-therapien/stuhlgang-753637.html,769,572,0.5682476758956909,0.653278112411499,0.7614742517471313,0.8362011909484863,0.843116283416748
apotheken,https://www.apotheken-umschau.de/therapie/erste-hilfe/knochenbruch-768031.html,https://www.apotheken-umschau.de/einfache-sprache/krankheiten/knochenbruch-788579.html,286,497,0.5607432126998901,0.6331197619438171,0.7994308471679688,0.8372161388397217,0.8372161388397217
apotheken,https://www.apotheken-umschau.de/medikamente/heilpflanzen/indischer-flohsamen-pflanzliches-mittel-gegen-verstopfung-736369.html,https://www.apotheken-umschau.de/einfache-sprache/medikamente-heilpflanzen/flohsamen-769873.html,596,699,0.514323353767395,0.6571500301361084,0.7945876717567444,0.8622379302978516,0.8603686094284058
apotheken,https://www.apotheken-umschau.de/krankheiten-symptome/gelenks-und-knochenerkrankungen/oberschenkelhalsbruch-schenkelhalsfraktur-748873.html,https://www.apotheken-umschau.de/einfache-sprache/krankheiten/oberschenkelhals-bruch-769825.html,1240,581,0.8056973218917847,0.8341231346130371,0.8871623873710632,0.82924485206604,0.8598647117614746
apotheken,https://www.apotheken-umschau.de/krankheiten-symptome/schilddruesenueberfunktion-ursachen-symptome-behandlung-734417.html,https://www.apotheken-umschau.de/einfache-sprache/krankheiten/schilddruesenueberfunktion-722735.html,2398,700,0.5511237382888794,0.7607394456863403,0.8541837930679321,0.833825945854187,0.8661431670188904
apotheken,https://www.apotheken-umschau.de/e-health/erste-hilfe-apps-wie-das-smartphone-im-notfall-unterstuetzt-837689.html,https://www.apotheken-umschau.de/einfache-sprache/erste-hilfe/erste-hilfe-apps-837713.html,455,549,0.7181811332702637,0.8306884765625,0.8719363212585449,0.9162206053733826,0.9162206053733826
apotheken,https://www.apotheken-umschau.de/krankheiten-symptome/neurologische-erkrankungen/lumbale-spinalkanalstenose-wirbelkanalstenose-735261.html,https://www.apotheken-umschau.de/einfache-sprache/krankheiten/spinalkanal-stenose-911545.html,1377,431,0.8676435351371765,0.8811843395233154,0.8288717269897461,0.8516541719436646,0.835582971572876
apotheken,https://www.apotheken-umschau.de/krankheiten-symptome/geschlechtskrankheiten/syphilis-lues-733965.html,https://www.apotheken-umschau.de/einfache-sprache/krankheiten/syphilis-769763.html,1255,1025,0.8104870915412903,0.7799872159957886,0.8681097030639648,0.8512227535247803,0.8601273894309998
apotheken,https://www.apotheken-umschau.de/krankheiten-symptome/magen-und-darmerkrankungen/magen-zwoelffingerdarmgeschwuer-734637.html,https://www.apotheken-umschau.de/einfache-sprache/krankheiten/geschwuere-im-magen-und-zwoelffingerdarm-786353.html,2907,901,0.7757776379585266,0.746857762336731,0.8109205961227417,0.8358504176139832,0.7848952412605286
apotheken,https://www.apotheken-umschau.de/medikamente/wirkstoffe/l-thyroxin-wirkung-nebenwirkungen-anwendungstipps-719751.html,https://www.apotheken-umschau.de/einfache-sprache/medikamente-heilpflanzen/l-thyroxin-722969.html,904,742,0.753675103187561,0.7831171154975891,0.849090039730072,0.9261898398399353,0.9354422688484192
apotheken,https://www.apotheken-umschau.de/medikamente/heilpflanzen/traubensilberkerze-pflanzliche-hilfe-in-den-wechseljahren-736517.html,https://www.apotheken-umschau.de/einfache-sprache/medikamente-heilpflanzen/traubensilberkerze-769869.html,399,433,0.7525315284729004,0.8648668527603149,0.9109368324279785,0.8779851198196411,0.8779851198196411
apotheken,https://www.apotheken-umschau.de/krankheiten-symptome/herz-kreislauf-erkrankungen/thrombose-ursachen-therapien-und-vorbeugung-740009.html,https://www.apotheken-umschau.de/einfache-sprache/krankheiten/thrombose-749541.html,1200,712,0.8088709115982056,0.8118699193000793,0.840253472328186,0.8593804240226746,0.84591144323349
apotheken,https://www.apotheken-umschau.de/therapie/therapiearten/defibrillator-neustart-fuer-das-herz-745527.html,https://www.apotheken-umschau.de/einfache-sprache/erste-hilfe/defibrillator-896773.html,696,461,0.5024040937423706,0.5966235399246216,0.7397944331169128,0.8310596942901611,0.8310596942901611
apotheken,https://www.apotheken-umschau.de/krankheiten-symptome/gelenks-und-knochenerkrankungen/rueckenschmerzen-was-hilft-734999.html,https://www.apotheken-umschau.de/einfache-sprache/krankheiten/rueckenschmerzen-906277.html,2002,620,0.6094198226928711,0.7615606784820557,0.8245970606803894,0.8227932453155518,0.8121374249458313
apotheken,https://www.apotheken-umschau.de/krankheiten-symptome/magen-und-darmerkrankungen/haemorrhoiden-ratgeber-739383.html,https://www.apotheken-umschau.de/einfache-sprache/krankheiten/haemorriden-723237.html,1429,779,0.5992560386657715,0.7558121681213379,0.7866948843002319,0.871324896812439,0.8249016404151917
apotheken,https://www.apotheken-umschau.de/krankheiten-symptome/infektionskrankheiten/richtig-inhalieren-so-geht-s-708809.html,https://www.apotheken-umschau.de/einfache-sprache/untersuchungen-therapien/richtig-inhalieren-942573.html,772,470,0.712348222732544,0.7566031217575073,0.7715863585472107,0.8368723392486572,0.8505778312683105
apotheken,https://www.apotheken-umschau.de/krankheiten-symptome/augenkrankheiten/kurzsichtigkeit-ursachen-und-therapie-733871.html,https://www.apotheken-umschau.de/einfache-sprache/krankheiten/kurzsichtigkeit-723523.html,776,550,0.8471463322639465,0.8806846141815186,0.8609256148338318,0.8504402041435242,0.8652681112289429
apotheken,https://www.apotheken-umschau.de/krankheiten-symptome/psychische-krankheiten/woran-man-eine-bipolare-stoerung-erkennt-718449.html,https://www.apotheken-umschau.de/einfache-sprache/krankheiten/bipolare-stoerung-1118963.html,1356,966,0.6652147173881531,0.7696923017501831,0.850489616394043,0.8663563132286072,0.8878719210624695
apotheken,https://www.apotheken-umschau.de/krankheiten-symptome/gelenks-und-knochenerkrankungen/sehnenscheidenentzuendung-ursachen-beschwerden-behandlung-735129.html,https://www.apotheken-umschau.de/einfache-sprache/krankheiten/sehnenscheidenentzuendung-722089.html,1190,429,0.8187593221664429,0.7296746969223022,0.7801973223686218,0.8486379981040955,0.8740694522857666
apotheken,https://www.apotheken-umschau.de/therapie/erste-hilfe/fremdkoerper-im-auge-766147.html,https://www.apotheken-umschau.de/einfache-sprache/erste-hilfe/erste-hilfe-fremdkoerper-im-auge-788185.html,244,290,0.8455036878585815,0.874419629573822,0.886103093624115,0.886103093624115,0.886103093624115
apotheken,https://www.apotheken-umschau.de/krankheiten-symptome/symptome/sodbrennen-welche-medikamente-helfen-716665.html,https://www.apotheken-umschau.de/einfache-sprache/medikamente-heilpflanzen/antazida-769857.html,505,424,0.6160323619842529,0.7355377078056335,0.7594738006591797,0.7314658164978027,0.7314658164978027
apotheken,https://www.apotheken-umschau.de/gesund-bleiben/vorsorge/impfungen-fuer-kinder-und-erwachsene-708063.html,https://www.apotheken-umschau.de/einfache-sprache/untersuchungen-therapien/impfungen-fuer-kinder-und-erwachsene-800069.html,1601,783,0.7706062197685242,0.8255090713500977,0.8130559325218201,0.8250013589859009,0.8958208560943604
apotheken,https://www.apotheken-umschau.de/medikamente/heilpflanzen/arnika-helfer-bei-kleinen-verletzungen-732973.html,https://www.apotheken-umschau.de/einfache-sprache/medikamente-heilpflanzen/arnika-775213.html,275,321,0.7556443810462952,0.8322557806968689,0.8756847977638245,0.8756847977638245,0.8756847977638245
apotheken,https://www.apotheken-umschau.de/krankheiten-symptome/herz-kreislauf-erkrankungen/herzbeutelentzuendung-perikarditis-734271.html,https://www.apotheken-umschau.de/einfache-sprache/krankheiten/herzbeutel-entzuendung-936561.html,2019,803,0.7017419934272766,0.771601140499115,0.7056401371955872,0.7477948665618896,0.7642513513565063
apotheken,https://www.apotheken-umschau.de/krankheiten-symptome/symptome/fieber-richtig-messen-so-geht-s-717301.html,https://www.apotheken-umschau.de/einfache-sprache/untersuchungen-therapien/fieber-richtig-messen-761839.html,777,752,0.6618959903717041,0.830172061920166,0.8374345898628235,0.8961130380630493,0.9004061222076416
apotheken,https://www.apotheken-umschau.de/krankheiten-symptome/augenkrankheiten/gerstenkorn-wie-es-entsteht-und-wieder-weggeht-733561.html,https://www.apotheken-umschau.de/einfache-sprache/krankheiten/gerstenkorn-722641.html,947,854,0.8365886211395264,0.8863077759742737,0.8868621587753296,0.9086953401565552,0.9122450351715088
apotheken,https://www.apotheken-umschau.de/e-health/e-rezept/e-rezept-723151.html,https://www.apotheken-umschau.de/einfache-sprache/wegweiser-gesundheitssystem/e-rezept-einfache-sprache-1109215.html,1150,640,0.7607561349868774,0.8802763819694519,0.9116529226303101,0.9272985458374023,0.917033314704895
apotheken,https://www.apotheken-umschau.de/krankheiten-symptome/magen-und-darmerkrankungen/akute-bauchspeicheldruesenentzuendung-734221.html,https://www.apotheken-umschau.de/einfache-sprache/krankheiten/akute-bauchspeicheldruesenentzuendung-726169.html,1103,317,0.7396144866943359,0.7844268083572388,0.9078596830368042,0.876470685005188,0.8487062454223633
apotheken,https://www.apotheken-umschau.de/e-health/telemedizin-der-digitale-draht-zur-arztpraxis-837657.html,https://www.apotheken-umschau.de/einfache-sprache/wegweiser-gesundheitssystem/telemedizin-837701.html,915,698,0.2299148291349411,0.5843338966369629,0.7431849241256714,0.834276556968689,0.8345389366149902
apotheken,https://www.apotheken-umschau.de/krankheiten-symptome/magen-und-darmerkrankungen/analfissur-afterriss-734043.html,https://www.apotheken-umschau.de/einfache-sprache/krankheiten/analfissur-723191.html,1221,456,0.6330257058143616,0.7795314192771912,0.8866119384765625,0.870165228843689,0.8966892957687378
apotheken,https://www.apotheken-umschau.de/medikamente/heilpflanzen/johanniskraut-pflanzliches-mittel-gegen-depression-733191.html,https://www.apotheken-umschau.de/einfache-sprache/medikamente-heilpflanzen/johanniskraut-769807.html,435,488,0.7006213665008545,0.8525406122207642,0.871209979057312,0.8844162821769714,0.8844162821769714
apotheken,https://www.apotheken-umschau.de/krankheiten-symptome/zahnkrankheiten/karies-733975.html,https://www.apotheken-umschau.de/einfache-sprache/krankheiten/karies-761741.html,1323,1028,0.8398657441139221,0.847592830657959,0.8973824977874756,0.912492036819458,0.9178928136825562
apotheken,https://www.apotheken-umschau.de/krankheiten-symptome/hautkrankheiten/kraetze-ansteckung-symptome-und-behandlung-739623.html,https://www.apotheken-umschau.de/einfache-sprache/krankheiten/kraetze-722743.html,1884,544,0.841020941734314,0.79946368932724,0.8697640895843506,0.887783408164978,0.8413037657737732
apotheken,https://www.apotheken-umschau.de/krankheiten-symptome/infektionskrankheiten/hiv-infektion-aids-834345.html,https://www.apotheken-umschau.de/einfache-sprache/krankheiten/aids-953305.html,2148,1091,0.8377934694290161,0.8662610650062561,0.7701576948165894,0.678739070892334,0.8628426194190979
apotheken,https://www.apotheken-umschau.de/medikamente/heilpflanzen/lindert-teufelskralle-gelenkschmerzen-733503.html,https://www.apotheken-umschau.de/einfache-sprache/medikamente-heilpflanzen/teufelskralle-769865.html,372,404,0.8672081828117371,0.8625065088272095,0.9179486036300659,0.914040207862854,0.914040207862854
apotheken,https://www.apotheken-umschau.de/krankheiten-symptome/hautkrankheiten/kaelteschaeden-wie-sie-richtig-reagieren-742217.html,https://www.apotheken-umschau.de/einfache-sprache/erste-hilfe/unterkuehlungen-800819.html,2103,790,0.6844140291213989,0.731560468673706,0.7812443971633911,0.821738600730896,0.8673244714736938
apotheken,https://www.apotheken-umschau.de/krankheiten-symptome/symptome/schilddruese-was-ist-ein-kropf-713381.html,https://www.apotheken-umschau.de/einfache-sprache/krankheiten/kropf-750463.html,459,382,0.7427731156349182,0.7838094234466553,0.8669729232788086,0.8733745813369751,0.8733745813369751
apotheken,https://www.apotheken-umschau.de/krankheiten-symptome/gelenks-und-knochenerkrankungen/bandscheibenvorfall-symptome-diagnose-therapie-740735.html,https://www.apotheken-umschau.de/einfache-sprache/krankheiten/bandscheibenvorfall-722983.html,1325,773,0.776555061340332,0.8487496376037598,0.844664454460144,0.793764591217041,0.8073059320449829
apotheken,https://www.apotheken-umschau.de/gesund-bleiben/sex/verhuetung-kondom-707741.html,https://www.apotheken-umschau.de/einfache-sprache/verhuetung/kondom-1104727.html,792,1058,0.6222589612007141,0.7617127895355225,0.8728023767471313,0.8972620368003845,0.9009262323379517
apotheken,https://www.apotheken-umschau.de/krankheiten-symptome/zahnkrankheiten/parodontitis-symptome-diagnose-therapie-vorbeugen-733985.html,https://www.apotheken-umschau.de/einfache-sprache/krankheiten/parodontitis-753269.html,1613,972,0.9297647476196289,0.9141477942466736,0.8641918301582336,0.9245707988739014,0.8967399597167969
apotheken,https://www.apotheken-umschau.de/krankheiten-symptome/psychische-krankheiten/phobien-phobische-stoerung-738661.html,https://www.apotheken-umschau.de/einfache-sprache/krankheiten/phobien-865741.html,3392,830,0.8187817335128784,0.8647540807723999,0.897617757320404,0.8248799443244934,0.8657032251358032
apotheken,https://www.apotheken-umschau.de/krankheiten-symptome/erkrankungen-der-ohren/akute-mittelohrentzuendung-erkennen-und-behandeln-734211.html,https://www.apotheken-umschau.de/einfache-sprache/krankheiten/akute-mittelohr-entzuendung-722797.html,1367,429,0.7283485531806946,0.791246235370636,0.8291611075401306,0.8498849868774414,0.8667087554931641
apotheken,https://www.apotheken-umschau.de/diagnose/laborwerte/grosses-blutbild-weisse-blutkoerperchen-unter-der-lupe-742561.html,https://www.apotheken-umschau.de/einfache-sprache/untersuchungen-therapien/blutbild-937621.html,1004,550,0.5679634809494019,0.6492860913276672,0.7328886985778809,0.6797925233840942,0.6260405778884888
apotheken,https://www.apotheken-umschau.de/krankheiten-symptome/was-tun-bei-einer-lebensmittel-vergiftung-738111.html,https://www.apotheken-umschau.de/einfache-sprache/krankheiten/lebensmittel-vergiftung-722055.html,1055,720,0.7005405426025391,0.7970906496047974,0.8339955806732178,0.8421781659126282,0.8292843103408813
apotheken,https://www.apotheken-umschau.de/gesund-bleiben/sex/verhuetungsring-713727.html,https://www.apotheken-umschau.de/einfache-sprache/verhuetung/verhuetungsring-862665.html,990,778,0.7957531213760376,0.8132013082504272,0.8520316481590271,0.8765431642532349,0.8676233291625977
apotheken,https://www.apotheken-umschau.de/therapie/erste-hilfe/herzinfarkt-und-schlaganfall-768023.html,https://www.apotheken-umschau.de/einfache-sprache/erste-hilfe/erste-hilfe-bei-einem-schlaganfall-oder-einem-herzinfarkt-797059.html,202,410,0.5035408735275269,0.74774169921875,0.8032649159431458,0.8088873028755188,0.8088873028755188
apotheken,https://www.apotheken-umschau.de/krankheiten-symptome/infektionskrankheiten/coronavirus/corona-nachweis-die-testverfahren-im-ueberblick-724147.html,https://www.apotheken-umschau.de/einfache-sprache/untersuchungen-therapien/corona-tests-800247.html,2363,766,0.6751421689987183,0.6260128617286682,0.6939982771873474,0.8059996366500854,0.8642613887786865
apotheken,https://www.apotheken-umschau.de/krankheiten-symptome/neurologische-erkrankungen/multiple-sklerose-ms-ursachen-symptome-verlauf-behandlung-735343.html,https://www.apotheken-umschau.de/einfache-sprache/krankheiten/multiple-sklerose-722701.html,1712,771,0.8573912382125854,0.9027214646339417,0.8553006052970886,0.8000709414482117,0.889663815498352
apotheken,https://www.apotheken-umschau.de/krankheiten-symptome/psychische-krankheiten/schlafstoerungen-ursachen-therapien-und-selbsthilfe-1004699.html,https://www.apotheken-umschau.de/einfache-sprache/krankheiten/schlafstoerungen-936207.html,1800,992,0.6648849844932556,0.7132968902587891,0.6991437673568726,0.9082522988319397,0.8702031970024109
apotheken,https://www.apotheken-umschau.de/e-health/familienplanung-per-app-kann-das-funktionieren-837741.html,https://www.apotheken-umschau.de/einfache-sprache/verhuetung/apps-fuer-die-familienplanung-837787.html,555,693,0.7159669399261475,0.7138194441795349,0.7618285417556763,0.8351580500602722,0.8351580500602722
apotheken,https://www.apotheken-umschau.de/e-health/hilfreich-und-bequem-blutdruck-digital-managen-837737.html,https://www.apotheken-umschau.de/einfache-sprache/untersuchungen-therapien/digitales-blutdruck-management-837841.html,575,699,0.5693420767784119,0.6710029244422913,0.7757810354232788,0.8295267820358276,0.8295267820358276
apotheken,https://www.apotheken-umschau.de/krankheiten-symptome/gelenks-und-knochenerkrankungen/schluesselbeinbruch-740679.html,https://www.apotheken-umschau.de/einfache-sprache/krankheiten/schluesselbeinbruch-753253.html,1036,557,0.8179624676704407,0.8163961172103882,0.9076432585716248,0.8148693442344666,0.825683057308197
apotheken,https://www.apotheken-umschau.de/therapie/erste-hilfe/bewusstlose-lagern-766053.html,https://www.apotheken-umschau.de/einfache-sprache/erste-hilfe/stabile-seitenlage-796347.html,260,516,0.5466253757476807,0.6388714909553528,0.7450087070465088,0.7647892236709595,0.7647892236709595
apotheken,https://www.apotheken-umschau.de/medikamente/basiswissen/schmerzmittel-welches-hilft-wann-717725.html,https://www.apotheken-umschau.de/einfache-sprache/medikamente-heilpflanzen/schmerzmittel-welches-hilft-wann-753623.html,1116,637,0.20249773561954498,0.38061195611953735,0.4707062840461731,0.6063804626464844,0.6472506523132324
apotheken,https://www.apotheken-umschau.de/krankheiten-symptome/infektionskrankheiten/eileiterentzuendung-und-eierstockentzuendung-adnexitis-734141.html,https://www.apotheken-umschau.de/einfache-sprache/krankheiten/entzuendung-der-eileiter-und-eierstoecke-896987.html,1015,540,0.5492430925369263,0.7657392024993896,0.7310715913772583,0.7627627849578857,0.7509200572967529
apotheken,https://www.apotheken-umschau.de/medikamente/wirkstoffe/tilidin-wirkung-nebenwirkungen-wichtige-hinweise-718755.html,https://www.apotheken-umschau.de/einfache-sprache/medikamente-heilpflanzen/tilidin-761733.html,534,570,0.8018190860748291,0.8398991227149963,0.8853442668914795,0.8931338787078857,0.8931338787078857
apotheken,https://www.apotheken-umschau.de/e-health/zyklus-apps-die-digitalen-perioden-tracker-837667.html,https://www.apotheken-umschau.de/einfache-sprache/untersuchungen-therapien/zyklus-apps-837717.html,566,519,0.6429407596588135,0.6237806677818298,0.8040309548377991,0.8360490202903748,0.8360490202903748
apotheken,https://www.apotheken-umschau.de/krankheiten-symptome/gelenks-und-knochenerkrankungen/hexenschuss-was-tun-wenn-ploetzlich-nichts-mehr-geht-735041.html,https://www.apotheken-umschau.de/einfache-sprache/krankheiten/hexenschuss-750365.html,1811,432,0.7893058061599731,0.7636394500732422,0.7609543800354004,0.8257806897163391,0.8083699345588684
apotheken,https://www.apotheken-umschau.de/krankheiten-symptome/rheumatische-erkrankungen/rheuma-erkennen-und-behandeln-708001.html,https://www.apotheken-umschau.de/einfache-sprache/krankheiten/rheuma-722071.html,232,226,0.8893094062805176,0.8646613359451294,0.8611584305763245,0.8611584305763245,0.8611584305763245
apotheken,https://www.apotheken-umschau.de/krankheiten-symptome/psychische-krankheiten/alkoholsucht-alkoholabhaengigkeit-736931.html,https://www.apotheken-umschau.de/einfache-sprache/krankheiten/alkohol-sucht-725867.html,1353,803,0.6975047588348389,0.7153854370117188,0.7822554111480713,0.8582110404968262,0.8523135781288147
apotheken,https://www.apotheken-umschau.de/therapie/therapiearten/psychotherapien-welche-es-gibt-wann-sie-helfen-832635.html,https://www.apotheken-umschau.de/einfache-sprache/untersuchungen-therapien/psychotherapie-954435.html,2652,992,0.7579679489135742,0.7596688270568848,0.7864986658096313,0.824700117111206,0.8946107029914856
apotheken,https://www.apotheken-umschau.de/krankheiten-symptome/magen-und-darmerkrankungen/laktoseintoleranz-milchzucker-unvertraeglichkeit-738977.html,https://www.apotheken-umschau.de/einfache-sprache/krankheiten/laktose-intoleranz-1098199.html,1951,780,0.759663462638855,0.856415867805481,0.8549098372459412,0.8658971190452576,0.9017771482467651
apotheken,https://www.apotheken-umschau.de/krankheiten-symptome/magen-und-darmerkrankungen/gallensteine-behandlung-nicht-immer-noetig-735451.html,https://www.apotheken-umschau.de/einfache-sprache/krankheiten/gallensteine-769771.html,2081,603,0.5331394672393799,0.6673990488052368,0.8069223165512085,0.844098687171936,0.8320605754852295
apotheken,https://www.apotheken-umschau.de/therapie/erste-hilfe/bei-kindern/was-tun-bei-vergiftungen-790123.html,https://www.apotheken-umschau.de/einfache-sprache/erste-hilfe/vergiftungen-800827.html,487,618,0.512507438659668,0.6509881019592285,0.6131711006164551,0.7428042888641357,0.7428042888641357
apotheken,https://www.bundesgesundheitsministerium.de/service/begriffe-von-a-z/c/chronisch-kranke-menschen.html,https://www.apotheken-umschau.de/einfache-sprache/wegweiser-gesundheitssystem/disease-management-programme-1247821.html,517,441,0.28751295804977417,0.33548498153686523,0.5743491053581238,0.6276918649673462,0.6276918649673462
apotheken,https://www.apotheken-umschau.de/medikamente/heilpflanzen/cayennepfeffer-hilfreich-gegen-schmerzen-735803.html,https://www.apotheken-umschau.de/einfache-sprache/medikamente-heilpflanzen/cayennepfeffer-769889.html,373,390,0.687235951423645,0.8043830394744873,0.8705472946166992,0.8661361932754517,0.8661361932754517
apotheken,https://www.apotheken-umschau.de/krankheiten-symptome/adipositas-733691.html,https://www.apotheken-umschau.de/einfache-sprache/krankheiten/adipositas-769803.html,1205,894,0.7953441739082336,0.8760992288589478,0.8333299160003662,0.8413589000701904,0.8420882225036621
apotheken,https://www.apotheken-umschau.de/krankheiten-symptome/zahnkrankheiten/zahnwurzelentzuendung-743571.html,https://www.apotheken-umschau.de/einfache-sprache/krankheiten/zahnwurzel-entzuendung-1119187.html,1527,642,0.5609982013702393,0.670538604259491,0.7579113245010376,0.8085011839866638,0.7933545708656311
apotheken,https://www.apotheken-umschau.de/therapie/erste-hilfe/erste-hilfe-wunden-richtig-versorgen-766065.html,https://www.apotheken-umschau.de/einfache-sprache/erste-hilfe/wunden-richtig-versorgen-788179.html,817,927,0.6813468933105469,0.783341646194458,0.8124685287475586,0.9038507342338562,0.9080859422683716
apotheken,https://www.apotheken-umschau.de/krankheiten-symptome/hautkrankheiten/nagelbettentzuendung-symptome-und-behandlung-738987.html,https://www.apotheken-umschau.de/einfache-sprache/krankheiten/nagelbett-entzuendung-722761.html,1605,861,0.7232177257537842,0.7962608933448792,0.8766382932662964,0.9060889482498169,0.9174631834030151
apotheken,https://www.apotheken-umschau.de/krankheiten-symptome/gelenks-und-knochenerkrankungen/rueckenschmerzen-was-hilft-734999.html,https://www.apotheken-umschau.de/einfache-sprache/krankheiten/spezifische-rueckenschmerzen-912043.html,2002,507,0.5953377485275269,0.7018178105354309,0.7438996434211731,0.7561261653900146,0.693656325340271
apotheken,https://www.apotheken-umschau.de/therapie/therapiearten/wadenwickel-richtig-anwenden-so-geht-s-743397.html,https://www.apotheken-umschau.de/einfache-sprache/untersuchungen-therapien/wadenwickel-1120431.html,970,661,0.7329138517379761,0.7221669554710388,0.7140625715255737,0.899360179901123,0.9010117650032043
apotheken,https://www.apotheken-umschau.de/krankheiten-symptome/gelenks-und-knochenerkrankungen/rueckenschmerzen-was-hilft-734999.html,https://www.apotheken-umschau.de/einfache-sprache/krankheiten/nicht-spezifische-rueckenschmerzen-906943.html,2002,590,0.5440848469734192,0.6471289396286011,0.7225093841552734,0.6835277080535889,0.7385428547859192
apotheken,https://www.apotheken-umschau.de/krankheiten-symptome/augenkrankheiten/grauer-star-linsentruebung-katarakt-symptome-operation-733619.html,https://www.apotheken-umschau.de/einfache-sprache/krankheiten/grauer-star-1100087.html,1054,827,0.864038348197937,0.88480544090271,0.881921648979187,0.8579639792442322,0.8349688053131104
apotheken,https://www.apotheken-umschau.de/krankheiten-symptome/infektionskrankheiten/kehlkopfentzuendung-laryngitis-was-tun-736737.html,https://www.apotheken-umschau.de/einfache-sprache/krankheiten/kehlkopf-entzuendung-753607.html,1235,873,0.5935251116752625,0.7531804442405701,0.7991082072257996,0.8396223783493042,0.8267529010772705
apotheken,https://www.apotheken-umschau.de/krankheiten-symptome/gelenks-und-knochenerkrankungen/distale-radiusfraktur-beim-erwachsenen-748561.html,https://www.apotheken-umschau.de/einfache-sprache/krankheiten/distale-radiusfraktur-771193.html,1352,649,0.8849401473999023,0.9069715738296509,0.9119352698326111,0.8496937155723572,0.9060715436935425
apotheken,https://www.apotheken-umschau.de/medikamente/basiswissen/tropfen-wie-sie-das-fluessige-arzneimittel-richtig-anwenden-769637.html,https://www.apotheken-umschau.de/einfache-sprache/medikamente-heilpflanzen/wie-verwendet-man-fluessige-arzneimittel-769757.html,379,668,0.4989565312862396,0.6701547503471375,0.7357974648475647,0.7287914156913757,0.7287914156913757
apotheken,https://www.apotheken-umschau.de/krankheiten-symptome/krebs/lungenkrebs-symptome-verlauf-therapie-737681.html,https://www.apotheken-umschau.de/einfache-sprache/krankheiten/lungenkrebs-769843.html,1835,902,0.8474847078323364,0.7929472923278809,0.8331862092018127,0.9047918915748596,0.864867627620697
apotheken,https://www.apotheken-umschau.de/therapie/erste-hilfe/verbrennungen-und-verbruehungen-768119.html,https://www.apotheken-umschau.de/einfache-sprache/erste-hilfe/verbrennungen-858533.html,789,705,0.3787039518356323,0.4389880299568176,0.6958457827568054,0.8263199925422668,0.8292703628540039
apotheken,https://www.apotheken-umschau.de/krankheiten-symptome/herz-kreislauf-erkrankungen/besenreiser-schoenheitsmakel-oder-gefaehrlich-742693.html,https://www.apotheken-umschau.de/einfache-sprache/krankheiten/besenreiser-722837.html,812,519,0.8187094330787659,0.8513015508651733,0.8449878692626953,0.9041398763656616,0.9061535596847534
apotheken,https://www.apotheken-umschau.de/krankheiten-symptome/infektionskrankheiten/coronavirus/medikamente-gegen-covid-19-die-verschiedenen-ansaetze-723603.html,https://www.apotheken-umschau.de/einfache-sprache/medikamente-heilpflanzen/medikamente-gegen-covid-19-724673.html,1498,877,0.533187747001648,0.6598027944564819,0.7215203046798706,0.7373798489570618,0.7843451499938965
apotheken,https://www.apotheken-umschau.de/therapie/erste-hilfe/insektenstich-768005.html,https://www.apotheken-umschau.de/einfache-sprache/erste-hilfe/insektenstich-821989.html,351,534,0.8428768515586853,0.8382910490036011,0.8771422505378723,0.8829233646392822,0.8829233646392822
apotheken,https://www.apotheken-umschau.de/krankheiten-symptome/gelenks-und-knochenerkrankungen/schleimbeutelentzuendung-bursitis-735103.html,https://www.apotheken-umschau.de/einfache-sprache/krankheiten/schleimbeutel-entzuendung-723391.html,1436,686,0.7357218265533447,0.781989336013794,0.8408559560775757,0.8201404809951782,0.852966845035553
apotheken,https://www.apotheken-umschau.de/medikamente/wirkstoffe/was-ist-amlodipin-wie-wirkt-es-750237.html,https://www.apotheken-umschau.de/einfache-sprache/medikamente-heilpflanzen/amlodipin-769839.html,1023,732,0.8084877729415894,0.8663899898529053,0.9001322388648987,0.9082279205322266,0.9313050508499146
apotheken,https://www.apotheken-umschau.de/krankheiten-symptome/zahnkrankheiten/zahnfleischentzuendung-was-hilft-733995.html,https://www.apotheken-umschau.de/einfache-sprache/krankheiten/zahnfleisch-entzuendung-1101701.html,1221,1047,0.7538616061210632,0.772515058517456,0.7597498893737793,0.8117848634719849,0.8476730585098267
apotheken,https://www.apotheken-umschau.de/medikamente/wirkstoffe/citalopram-wirkung-anwendung-und-nebenwirkungen-939111.html,https://www.apotheken-umschau.de/einfache-sprache/medikamente-heilpflanzen/citalopram-wirkung-und-nebenwirkungen-725981.html,348,475,0.6895338296890259,0.6815390586853027,0.8942071199417114,0.8951849937438965,0.8951849937438965
apotheken,https://www.apotheken-umschau.de/gesund-bleiben/sex/verhuetung-die-pille-707733.html,https://www.apotheken-umschau.de/einfache-sprache/verhuetung/pille-805349.html,2641,837,0.705810546875,0.7100933790206909,0.7186203598976135,0.7924627065658569,0.8727192878723145
apotheken,https://www.apotheken-umschau.de/gesund-bleiben/ernaehrung/ingwer-gesund-und-vielseitig-713089.html,https://www.apotheken-umschau.de/einfache-sprache/medikamente-heilpflanzen/ingwer-769861.html,863,474,0.6204167604446411,0.6263877153396606,0.7522937059402466,0.7979801893234253,0.7781388163566589
apotheken,https://www.apotheken-umschau.de/krankheiten-symptome/symptome/ohrenschmerzen-ursachen-diagnose-therapie-739175.html,https://www.apotheken-umschau.de/einfache-sprache/krankheiten/ohrenschmerzen-1126409.html,693,960,0.3331771492958069,0.3900531530380249,0.7100493907928467,0.8059549331665039,0.8265496492385864
apotheken,https://www.apotheken-umschau.de/krankheiten-symptome/infektionskrankheiten/fusspilz-symptome-und-behandlung-737271.html,https://www.apotheken-umschau.de/einfache-sprache/krankheiten/fusspilz-1104659.html,2148,1334,0.9044164419174194,0.8976852893829346,0.8960167169570923,0.8709376454353333,0.9024537801742554
apotheken,https://www.apotheken-umschau.de/krankheiten-symptome/psychische-krankheiten/depressive-verstimmung-736827.html,https://www.apotheken-umschau.de/einfache-sprache/krankheiten/depressive-verstimmung-1153459.html,721,763,0.8364558219909668,0.8440967798233032,0.8810104727745056,0.8531360626220703,0.8614625334739685
apotheken,https://www.apotheken-umschau.de/medikamente/wirkstoffe/schmerzmittel-fiebersenker-paracetamol-wirkung-dosierung-nebenwirkungen-911255.html,https://www.apotheken-umschau.de/einfache-sprache/medikamente-heilpflanzen/paracetamol-723403.html,470,530,0.7495067119598389,0.8554747104644775,0.8421823978424072,0.8932796716690063,0.8932796716690063
apotheken,https://www.apotheken-umschau.de/medikamente/heilpflanzen/echter-thymian-hilfreich-gegen-husten-733477.html,https://www.apotheken-umschau.de/einfache-sprache/medikamente-heilpflanzen/thymian-774199.html,395,451,0.6514151692390442,0.8226014375686646,0.8762048482894897,0.8959454298019409,0.8959454298019409
apotheken,https://www.apotheken-umschau.de/krankheiten-symptome/gelenks-und-knochenerkrankungen/osteoporose-ursachen-therapie-vorbeugung-734881.html,https://www.apotheken-umschau.de/einfache-sprache/krankheiten/osteoporose-896995.html,1943,708,0.8303872346878052,0.8437742590904236,0.9031440615653992,0.9005266427993774,0.8142194151878357
apotheken,https://www.apotheken-umschau.de/krankheiten-symptome/psychische-krankheiten/posttraumatische-belastungsstoerung-ptbs-740879.html,https://www.apotheken-umschau.de/einfache-sprache/krankheiten/posttraumatische-belastungsstoerung-ptbs-1097581.html,563,727,0.8180847764015198,0.7627925872802734,0.8402811884880066,0.7565515637397766,0.7565515637397766
apotheken,https://www.apotheken-umschau.de/krankheiten-symptome/atemwegserkrankungen/asthma-736647.html,https://www.apotheken-umschau.de/einfache-sprache/krankheiten/asthma-768147.html,1353,748,0.7698485255241394,0.8057067394256592,0.854107677936554,0.8213560581207275,0.8445597887039185
apotheken,https://www.apotheken-umschau.de/krankheiten-symptome/herz-kreislauf-erkrankungen/niedriger-blutdruck-hypotonie-734171.html,https://www.apotheken-umschau.de/einfache-sprache/krankheiten/niedriger-blutdruck-723115.html,2424,702,0.805873692035675,0.8570999503135681,0.8512794375419617,0.873832106590271,0.8846977949142456
apotheken,https://www.apotheken-umschau.de/therapie/therapiearten/bluttransfusion-erklaert-gruende-ablauf-und-risiken-743337.html,https://www.apotheken-umschau.de/einfache-sprache/untersuchungen-therapien/blut-transfusion-768157.html,976,585,0.6348503828048706,0.7585747838020325,0.7878237962722778,0.8736433982849121,0.8771181702613831
apotheken,https://www.apotheken-umschau.de/medikamente/wirkstoffe/diclofenac-wirkung-anwendung-nebenwirkungen-718715.html,https://www.apotheken-umschau.de/einfache-sprache/medikamente-heilpflanzen/diclofenac-723415.html,786,575,0.7670013904571533,0.877185583114624,0.8972790241241455,0.8920218348503113,0.8587436676025391
apotheken,https://www.apotheken-umschau.de/krankheiten-symptome/symptome/schnupfen-rhinitis-736785.html,https://www.apotheken-umschau.de/einfache-sprache/medikamente-heilpflanzen/hausmittel-gegen-schnupfen-769789.html,1497,868,0.6755928993225098,0.6644721031188965,0.7100784778594971,0.7558374404907227,0.7579492330551147
apotheken,https://www.apotheken-umschau.de/krankheiten-symptome/hautkrankheiten/lippenherpes-ursachen-therapie-vorbeugen-734287.html,https://www.apotheken-umschau.de/einfache-sprache/krankheiten/lippenherpes-761569.html,2662,976,0.7427621483802795,0.7900848388671875,0.8592922687530518,0.8984161615371704,0.9317792654037476
apotheken,https://www.apotheken-umschau.de/gesund-bleiben/sex/verhuetungsstaebchen-hormonimplantat-707749.html,https://www.apotheken-umschau.de/einfache-sprache/verhuetung/verhuetungsstaebchen-857815.html,914,655,0.7098062634468079,0.6993448734283447,0.7788132429122925,0.8456652164459229,0.8276456594467163
apotheken,https://www.apotheken-umschau.de/krankheiten-symptome/sportverletzungen/muskelfaserriss-und-muskelzerrung-735063.html,https://www.apotheken-umschau.de/einfache-sprache/krankheiten/muskelfaserriss-und-muskelzerrung-723303.html,1131,617,0.7428246736526489,0.7873028516769409,0.7961110472679138,0.8250600695610046,0.8716344833374023
apotheken,https://www.apotheken-umschau.de/krankheiten-symptome/sprunggelenkbruch-sprunggelenksfraktur-721307.html,https://www.apotheken-umschau.de/einfache-sprache/krankheiten/sprunggelenksbruch-801063.html,1288,477,0.6821293830871582,0.716021716594696,0.7624979019165039,0.8597439527511597,0.7786322832107544
apotheken,https://www.apotheken-umschau.de/gesund-bleiben/sex/verhuetungspflaster-707745.html,https://www.apotheken-umschau.de/einfache-sprache/verhuetung/verhuetungspflaster-862847.html,1010,726,0.7391107678413391,0.7720739841461182,0.8120691180229187,0.902127742767334,0.8629372119903564
apotheken,https://www.apotheken-umschau.de/medikamente/wirkstoffe/ibuprofen-wie-es-wirkt-wechselwirkungen-tipps-718699.html,https://www.apotheken-umschau.de/einfache-sprache/medikamente-heilpflanzen/ibuprofen-722713.html,1062,703,0.894900381565094,0.8981945514678955,0.8572639226913452,0.8775438070297241,0.9195314645767212
apotheken,https://www.apotheken-umschau.de/krankheiten-symptome/symptome/sodbrennen-moegliche-gruende-und-selbsthilfe-737629.html,https://www.apotheken-umschau.de/einfache-sprache/krankheiten/sodbrennen-862575.html,921,560,0.7725664973258972,0.7670644521713257,0.8239840865135193,0.9004262685775757,0.8983709812164307
apotheken,https://www.apotheken-umschau.de/krankheiten-symptome/neurologische-erkrankungen/parkinson-krankheit-symptome-ursachen-therapie-733737.html,https://www.apotheken-umschau.de/einfache-sprache/krankheiten/parkinson-750505.html,1212,972,0.7834646105766296,0.7772426009178162,0.8250146508216858,0.8777334690093994,0.8572140336036682
apotheken,https://www.apotheken-umschau.de/medikamente/basiswissen/magensaeureblocker-wirkung-und-nebenwirkungen-718281.html,https://www.apotheken-umschau.de/einfache-sprache/medikamente-heilpflanzen/magensaeure-blocker-936185.html,727,358,0.44404205679893494,0.5984949469566345,0.6522400975227356,0.6297316551208496,0.6297316551208496
apotheken,https://www.apotheken-umschau.de/krankheiten-symptome/symptome/husten-welche-hausmittel-helfen-715983.html,https://www.apotheken-umschau.de/einfache-sprache/medikamente-heilpflanzen/hausmittel-bei-husten-722633.html,916,908,0.6286497116088867,0.8273652195930481,0.8558927178382874,0.9022594094276428,0.9299839735031128
apotheken,https://www.apotheken-umschau.de/krankheiten-symptome/sportverletzungen/baenderriss-am-sprunggelenk-741491.html,https://www.apotheken-umschau.de/einfache-sprache/krankheiten/baenderriss-am-sprunggelenk-723251.html,1654,719,0.8974708318710327,0.8442584276199341,0.7936363816261292,0.8025598526000977,0.872970700263977
apotheken,https://www.apotheken-umschau.de/krankheiten-symptome/atemwegserkrankungen/akute-bronchitis-anzeichen-verlauf-behandlung-736657.html,https://www.apotheken-umschau.de/einfache-sprache/krankheiten/akute-bronchitis-750471.html,921,727,0.8133836388587952,0.8598642945289612,0.8698412775993347,0.9283002018928528,0.9351170063018799
apotheken,https://www.apotheken-umschau.de/krankheiten-symptome/kinderkrankheiten/was-sind-ringelroeteln-790543.html,https://www.apotheken-umschau.de/einfache-sprache/krankheiten/ringelroeteln-1136041.html,1249,723,0.7998601794242859,0.836806058883667,0.860268771648407,0.8212200999259949,0.8219636678695679
apotheken,https://www.apotheken-umschau.de/krankheiten-symptome/rheumatische-erkrankungen/morbus-bechterew-spondylitis-ankylosans-740995.html,https://www.apotheken-umschau.de/einfache-sprache/krankheiten/morbus-bechterew-912075.html,1769,531,0.8634961843490601,0.8827890157699585,0.8608183860778809,0.8816483616828918,0.8966103792190552
apotheken,https://www.apotheken-umschau.de/therapie/erste-hilfe/erste-hilfe-fuer-die-seele-766133.html,https://www.apotheken-umschau.de/einfache-sprache/wegweiser-gesundheitssystem/seelsorge-794415.html,103,167,0.5447471141815186,0.7224993705749512,0.7224993705749512,0.7224993705749512,0.7224993705749512
apotheken,https://www.apotheken-umschau.de/krankheiten-symptome/schilddruesenunterfunktion-symptome-und-behandlung-734397.html,https://www.apotheken-umschau.de/einfache-sprache/krankheiten/schilddruesenunterfunktion-722601.html,1462,579,0.7231631278991699,0.8444192409515381,0.9014843106269836,0.8500341176986694,0.8636684417724609
apotheken,https://www.apotheken-umschau.de/gesund-bleiben/sex/verhuetung-dreimonatsspritze-depotspritze-707987.html,https://www.apotheken-umschau.de/einfache-sprache/verhuetung/dreimonatsspritze-868523.html,1026,887,0.8326237201690674,0.7637200355529785,0.8132078647613525,0.9160560369491577,0.9359138011932373
apotheken,https://www.apotheken-umschau.de/medikamente/heilpflanzen/pfefferminze-hilfreich-gegen-kopf-und-bauchschmerzen-733337.html,https://www.apotheken-umschau.de/einfache-sprache/medikamente-heilpflanzen/pfefferminze-802797.html,494,519,0.6835947036743164,0.8428732752799988,0.8797950148582458,0.9213258028030396,0.9213258028030396
apotheken,https://www.apotheken-umschau.de/krankheiten-symptome/infektionskrankheiten/noroviren-hochansteckend-und-meldepflichtig-735861.html,https://www.apotheken-umschau.de/einfache-sprache/krankheiten/noroviren-infektion-750387.html,983,720,0.6388413906097412,0.7075380086898804,0.7849727869033813,0.8815845251083374,0.8977019786834717
apotheken,https://www.apotheken-umschau.de/krankheiten-symptome/kinderkrankheiten/mumps-789601.html,https://www.apotheken-umschau.de/einfache-sprache/krankheiten/mumps-937211.html,893,693,0.8011105060577393,0.866692066192627,0.857638955116272,0.8530049920082092,0.8769816160202026
apotheken,https://www.apotheken-umschau.de/krankheiten-symptome/gelenks-und-knochenerkrankungen/arthrose-der-hand-und-fingergelenke-733759.html,https://www.apotheken-umschau.de/einfache-sprache/krankheiten/arthrose-der-hand-und-fingergelenke-722669.html,1538,424,0.6077049970626831,0.7078479528427124,0.8093823194503784,0.7647470831871033,0.7997698783874512
apotheken,https://www.apotheken-umschau.de/krankheiten-symptome/nieren-und-harnwegserkrankungen/nierenbeckenentzuendung-symptome-und-behandlung-733919.html,https://www.apotheken-umschau.de/einfache-sprache/krankheiten/nierenbecken-entzuendung-722933.html,1143,615,0.5134120583534241,0.7302746772766113,0.8250460624694824,0.8211108446121216,0.8219935894012451
apotheken,https://www.apotheken-umschau.de/therapie/erste-hilfe/bewusstlose-lagern-766053.html,https://www.apotheken-umschau.de/einfache-sprache/krankheiten/schock-800055.html,260,696,0.35162630677223206,0.39639392495155334,0.4589235782623291,0.6051214933395386,0.6051214933395386
apotheken,https://www.apotheken-umschau.de/krankheiten-symptome/infektionskrankheiten/pfeiffersches-druesenfieber-symptome-ansteckung-behandlung-734069.html,https://www.apotheken-umschau.de/einfache-sprache/krankheiten/pfeiffersches-druesenfieber-722063.html,1571,492,0.8369373679161072,0.8630449771881104,0.8716286420822144,0.8844612240791321,0.8914587497711182
apotheken,https://www.apotheken-umschau.de/therapie/erste-hilfe/blutungen-768015.html,https://www.apotheken-umschau.de/einfache-sprache/erste-hilfe/erste-hilfe-blutungen-richtig-versorgen-807921.html,384,390,0.6905285120010376,0.800300121307373,0.8589416742324829,0.852234423160553,0.852234423160553
apotheken,https://www.apotheken-umschau.de/krankheiten-symptome/augenkrankheiten/bindehautentzuendung-konjunktivitis-733551.html,https://www.apotheken-umschau.de/einfache-sprache/krankheiten/bindehaut-entzuendung-722019.html,1425,480,0.8435684442520142,0.8307408094406128,0.8163069486618042,0.8370099067687988,0.8839856386184692
apotheken,https://www.apotheken-umschau.de/krankheiten-symptome/diabetes/typ-2/diabetes-mellitus-typ-2-808639.html,https://www.apotheken-umschau.de/einfache-sprache/krankheiten/diabetes-typ-2-868609.html,892,718,0.8598774671554565,0.8334317803382874,0.8394390940666199,0.8706955909729004,0.8665370941162109
apotheken,https://www.apotheken-umschau.de/krankheiten-symptome/hautkrankheiten/kaelteschaeden-wie-sie-richtig-reagieren-742217.html,https://www.apotheken-umschau.de/einfache-sprache/erste-hilfe/erfrierungen-801001.html,2103,749,0.7758818864822388,0.7409950494766235,0.7992064356803894,0.813403844833374,0.8941071033477783
apotheken,https://www.apotheken-umschau.de/krankheiten-symptome/psychische-krankheiten/nikotinabhaengigkeit-737301.html,https://www.apotheken-umschau.de/einfache-sprache/krankheiten/nikotin-abhaengigkeit-910543.html,1173,458,0.5721786022186279,0.6764519214630127,0.7495216131210327,0.7391237020492554,0.778129518032074
apotheken,https://www.apotheken-umschau.de/krankheiten-symptome/nieren-und-harnwegserkrankungen/blasenentzuendung-erkennen-und-richtig-behandeln-733893.html,https://www.apotheken-umschau.de/einfache-sprache/krankheiten/blasenentzuendung-722027.html,2412,526,0.5180041193962097,0.6910061836242676,0.8560898303985596,0.8802157640457153,0.8663114309310913
apotheken,https://www.apotheken-umschau.de/krankheiten-symptome/allergien/was-ist-eine-arzneimittelallergie-745317.html,https://www.apotheken-umschau.de/einfache-sprache/krankheiten/arzneimittel-allergie-953249.html,876,645,0.5747945308685303,0.7495070099830627,0.7580572962760925,0.8235019445419312,0.849456787109375
apotheken,https://www.apotheken-umschau.de/medikamente/basiswissen/medikamente-was-sind-wechselwirkungen-721855.html,https://www.apotheken-umschau.de/einfache-sprache/medikamente-heilpflanzen/medikamente-was-sind-wechselwirkungen-761795.html,525,353,0.7248148322105408,0.8101706504821777,0.7661138772964478,0.7660475969314575,0.7660475969314575
apotheken,https://www.apotheken-umschau.de/krankheiten-symptome/infektionskrankheiten/coronavirus/coronavirus-was-sie-jetzt-wissen-muessen-723211.html,https://www.apotheken-umschau.de/einfache-sprache/krankheiten/corona-virus-723743.html,1806,845,0.5817233920097351,0.7536795139312744,0.8016862869262695,0.8684166073799133,0.8689525127410889
apotheken,https://www.apotheken-umschau.de/krankheiten-symptome/infektionskrankheiten/fruehsommer-meningoenzephalitis-fsme-vorbeugen-erkennen-und-behandeln-737137.html,https://www.apotheken-umschau.de/einfache-sprache/krankheiten/fsme-939565.html,969,640,0.8654791116714478,0.8738844990730286,0.8229203224182129,0.8558059930801392,0.8968749046325684
apotheken,https://www.apotheken-umschau.de/krankheiten-symptome/atemwegserkrankungen/schlafapnoe-symptome-und-behandlung-736763.html,https://www.apotheken-umschau.de/einfache-sprache/krankheiten/schlafapnoe-1104695.html,1086,835,0.8336162567138672,0.8027499914169312,0.868320107460022,0.9008361101150513,0.8399636149406433
apotheken,https://www.apotheken-umschau.de/medikamente/heilpflanzen/baerentraube-pflanzlicher-helfer-bei-blasenentzuendung-733005.html,https://www.apotheken-umschau.de/einfache-sprache/medikamente-heilpflanzen/baerentraube-777515.html,234,361,0.8100181818008423,0.8734230995178223,0.924573540687561,0.9190888404846191,0.9190888404846191
apotheken,https://www.apotheken-umschau.de/krankheiten-symptome/entzuendung-der-gallenblase-cholezystitis-744145.html,https://www.apotheken-umschau.de/einfache-sprache/krankheiten/gallenblasenentzuendung-869551.html,741,335,0.5865362882614136,0.6530725359916687,0.7455065250396729,0.7703982591629028,0.7602399587631226
apotheken,https://www.apotheken-umschau.de/krankheiten-symptome/symptome/nachtschweiss-diagnose-ursachen-therapie-1003595.html,https://www.apotheken-umschau.de/einfache-sprache/krankheiten/nachtschweiss-1098937.html,1140,756,0.7601715326309204,0.8287909030914307,0.8643803000450134,0.8862242698669434,0.894166111946106
apotheken,https://www.apotheken-umschau.de/krankheiten-symptome/infektionskrankheiten/coronavirus/die-wichtigsten-fakten-zur-corona-impfung-723499.html,https://www.apotheken-umschau.de/einfache-sprache/untersuchungen-therapien/impfung-und-covid-19-762305.html,1488,1137,0.5732029676437378,0.5514806509017944,0.5460072755813599,0.6575047969818115,0.828257143497467
apotheken,https://www.apotheken-umschau.de/familie/freizeit-alltag/recht-finanzen-familie/telefonische-krankschreibung-regeln-rechte-und-tipps-1036441.html,https://www.apotheken-umschau.de/einfache-sprache/wegweiser-gesundheitssystem/kinderkrankentage-1164647.html,1221,879,0.22378134727478027,0.4604743421077728,0.5786013007164001,0.5761138200759888,0.604210376739502
behindertenbeauftragter,https://www.behindertenbeauftragter.de/DE/AS/der-beauftragte/gesetzliche-aufgabe/gesetzliche-aufgabe-node.html              ,https://www.behindertenbeauftragter.de/DE/LS/der-beauftragte/gesetzliche-aufgabe/gesetzliche-aufgabe.html,529,422,0.9695118069648743,0.9334389567375183,0.9313492774963379,0.943026602268219,0.943026602268219
behindertenbeauftragter,https://www.behindertenbeauftragter.de/DE/AS/rechtliches/un-brk/un-brk-node.html              ,https://www.behindertenbeauftragter.de/DE/LS/rechtliches/un-brk/un-brk.html,546,182,0.7637028694152832,0.8519870042800903,0.8240002393722534,0.7568111419677734,0.7568111419677734
behindertenbeauftragter,https://www.behindertenbeauftragter.de/DE/AS/kultur-im-kleisthaus/kultur-im-kleisthaus-node.html              ,https://www.behindertenbeauftragter.de/DE/LS/kultur-im-kleisthaus/kultur-im-kleisthaus.html,254,196,0.847662091255188,0.9247276782989502,0.9107149839401245,0.9107149839401245,0.9107149839401245
behindertenbeauftragter,https://www.behindertenbeauftragter.de/DE/AS/presse-und-aktuelles/veranstaltungen/sonderseiten/arbeit/ankuendigung.html              ,https://www.behindertenbeauftragter.de/DE/LS/presse-und-aktuelles/veranstaltungen/sonderseiten/arbeit/ankuendigung.html,373,512,0.8675022721290588,0.8528578281402588,0.8424439430236816,0.8423060774803162,0.8423060774803162
behindertenbeauftragter,https://www.behindertenbeauftragter.de/DE/AS/kultur-im-kleisthaus/salon-im-kleisthaus/gaeste/_documents/ninialagrande_inhalt.html              ,https://www.behindertenbeauftragter.de/DE/LS/kultur-im-kleisthaus/salon-im-kleisthaus/gaeste/_documents/ninialagrande_inhalt.html,125,177,0.8725361824035645,0.8979746103286743,0.8996415734291077,0.8996415734291077,0.8996415734291077
behindertenbeauftragter,https://www.behindertenbeauftragter.de/SharedDocs/Pressemitteilungen/DE/AS/2021/PM19_DresdnerPositionen.html              ,https://www.behindertenbeauftragter.de/SharedDocs/Pressemitteilungen/DE/LS/LS_2021/PM19_DresdnerPositionen_LS.html,471,743,0.7859547138214111,0.8139004707336426,0.889336884021759,0.913115382194519,0.9246306419372559
behindertenbeauftragter,https://www.behindertenbeauftragter.de/SharedDocs/DerBeauftragteAktuell/DE/AS/2024/20240131_T4_Ankuendigung.html              ,https://www.behindertenbeauftragter.de/SharedDocs/DerBeauftragteAktuell/DE/LS/2024/20240131_T4_Ankuendigung.html,313,468,0.8569737672805786,0.8605661392211914,0.9066588878631592,0.9024922847747803,0.9024922847747803
behindertenbeauftragter,https://www.behindertenbeauftragter.de/DE/AS/kultur-im-kleisthaus/erinnerungskultur-t4/erinnerungskultur-t4-node.html              ,https://www.behindertenbeauftragter.de/DE/LS/kultur-im-kleisthaus/erinnerungskultur-t4/erinnerungskultur-t4.html,190,120,0.84453946352005,0.8200735449790955,0.8220103979110718,0.8220103979110718,0.8220103979110718
behindertenbeauftragter,https://www.behindertenbeauftragter.de/DE/AS/kultur-im-kleisthaus/kulturveranstaltungen/kulturveranstaltungen-node.html              ,https://www.behindertenbeauftragter.de/DE/LS/kultur-im-kleisthaus/kulturveranstaltungen/kulturveranstaltungen.html,156,166,0.9490963816642761,0.9027887582778931,0.9027887582778931,0.9027887582778931,0.9027887582778931
behindertenbeauftragter,https://www.behindertenbeauftragter.de/SharedDocs/Pressemitteilungen/DE/AS/2021/PM20_Schweigen_brechen.html              ,https://www.behindertenbeauftragter.de/SharedDocs/Pressemitteilungen/DE/LS/LS_2021/PM20_Schweigen_brechen_LS.html,723,1223,0.926430344581604,0.895875096321106,0.904350996017456,0.9271893501281738,0.9417967796325684
behindertenbeauftragter,https://www.behindertenbeauftragter.de/DE/AS/schwerpunkte/schwerpunkte-node.html              ,https://www.behindertenbeauftragter.de/DE/LS/schwerpunkte/schwerpunkte.html,412,83,0.8921007513999939,0.8545631766319275,0.7535529136657715,0.7620903849601746,0.7620903849601746
behindertenbeauftragter,https://www.behindertenbeauftragter.de/DE/AS/rechtliches/behindertengleichstellungsgesetz/behindertengleichstellungsgesetz-node.html              ,https://www.behindertenbeauftragter.de/DE/LS/rechtliches/behindertengleichstellungsgesetz/behindertengleichstellungsgesetz.html,436,241,0.9062553644180298,0.8973774313926697,0.8945736885070801,0.9109137654304504,0.9109137654304504
behindertenbeauftragter,https://www.behindertenbeauftragter.de/DE/AS/schwerpunkte/wohnen/wohnen-node.html              ,https://www.behindertenbeauftragter.de/DE/LS/schwerpunkte/wohnen/wohnen.html,183,129,0.7714019417762756,0.8152800798416138,0.8106719851493835,0.8106719851493835,0.8106719851493835
behindertenbeauftragter,https://www.behindertenbeauftragter.de/DE/AS/rechtliches/allgemeines-gleichbehandlungsgesetz/allgemeines-gleichbehandlungsgesetz-node.html              ,https://www.behindertenbeauftragter.de/DE/LS/rechtliches/allgemeines-gleichbehandlungsgesetz/allgemeines-gleichbehandlungsgesetz.html,516,333,0.8852617740631104,0.9150673747062683,0.9213522672653198,0.9491898417472839,0.9491898417472839
behindertenbeauftragter,https://www.behindertenbeauftragter.de/DE/AS/schwerpunkte/teilhabe-am-arbeitsleben/teilhabe-am-arbeitsleben-node.html              ,https://www.behindertenbeauftragter.de/DE/LS/schwerpunkte/teilhabe-am-arbeitsleben/teilhabe-am-arbeitsleben.html,667,427,0.7676292657852173,0.7929968237876892,0.8220070600509644,0.8491814732551575,0.8506884574890137
behindertenbeauftragter,https://www.behindertenbeauftragter.de/DE/AS/presse-und-aktuelles/medienbereich/pressefotos/pressefotos-node.html              ,https://www.behindertenbeauftragter.de/DE/LS/presse-und-aktuelles/kontakt-und-medienbereich/pressefotos/pressefotos.html,234,227,0.9189634323120117,0.9421502351760864,0.9481022357940674,0.9511777758598328,0.9511777758598328
behindertenbeauftragter,https://www.behindertenbeauftragter.de/SharedDocs/DerBeauftragteAktuell/DE/AS/2026/20260128_T4_Ankuendigung.html              ,https://www.behindertenbeauftragter.de/SharedDocs/DerBeauftragteAktuell/DE/LS/2026/20260128_T4_Ankuendigung.html,414,566,0.6712421774864197,0.7161695957183838,0.8566843271255493,0.9030630588531494,0.9030630588531494
behindertenbeauftragter,https://www.behindertenbeauftragter.de/DE/AS/kultur-im-kleisthaus/kultur-im-kleisthaus-node.html              ,https://www.behindertenbeauftragter.de/DE/LS/kultur-im-kleisthaus/kultur-im-kleisthaus-teaser.html,254,108,0.8386645317077637,0.8059578537940979,0.781680703163147,0.781680703163147,0.781680703163147
behindertenbeauftragter,https://www.behindertenbeauftragter.de/SharedDocs/Pressemitteilungen/DE/AS/2022/PM04_Gefl%C3%BCchtete_Ukraine.html              ,https://www.behindertenbeauftragter.de/SharedDocs/Pressemitteilungen/DE/LS/LS_2022/PM04_Ukraine.html,434,1093,0.8432972431182861,0.8476986885070801,0.782085657119751,0.8213268518447876,0.8407619595527649
behindertenbeauftragter,https://www.behindertenbeauftragter.de/DE/AS/kultur-im-kleisthaus/salon-im-kleisthaus/gaeste/_documents/Helga-Schubert_inhalt.html              ,https://www.behindertenbeauftragter.de/DE/LS/kultur-im-kleisthaus/salon-im-kleisthaus/gaeste/_documents/Helga-Schubert_inhalt.html,165,248,0.9022143483161926,0.9043829441070557,0.8858672380447388,0.8858672380447388,0.8858672380447388
behindertenbeauftragter,https://www.behindertenbeauftragter.de/DE/AS/kultur-im-kleisthaus/salon-im-kleisthaus/gaeste/_documents/Roth-und-Levit_inhalt.html              ,https://www.behindertenbeauftragter.de/DE/LS/kultur-im-kleisthaus/salon-im-kleisthaus/gaeste/_documents/Roth-und-Levit_inhalt.html,225,536,0.7182849049568176,0.7477238178253174,0.8189310431480408,0.8412511348724365,0.8412511348724365
behindertenbeauftragter,https://www.behindertenbeauftragter.de/DE/AS/presse-und-aktuelles/veranstaltungen/sonderseiten/BRKKonferenz/2024_brk-konferenz.html              ,https://www.behindertenbeauftragter.de/DE/LS/presse-und-aktuelles/veranstaltungen/sonderseiten/BRKKonferenz/2024_brk-konferenz.html,347,468,0.8088710308074951,0.7889858484268188,0.8255892992019653,0.8410063982009888,0.8410063982009888
behindertenbeauftragter,https://www.behindertenbeauftragter.de/DE/AS/presse-und-aktuelles/veranstaltungen/sonderseiten/bts/Ankuendigung_bts.html              ,https://www.behindertenbeauftragter.de/DE/LS/presse-und-aktuelles/veranstaltungen/sonderseiten/bts/Ankuendigung_bts-ls.html,337,232,0.864554762840271,0.807938814163208,0.8129304051399231,0.8097649812698364,0.8097649812698364
behindertenbeauftragter,https://www.behindertenbeauftragter.de/DE/AS/presse-und-aktuelles/veranstaltungen/sonderseiten/gesundheitsversorgung/ankuendigung.html              ,https://www.behindertenbeauftragter.de/DE/LS/presse-und-aktuelles/veranstaltungen/sonderseiten/gesundheitsversorgung/ankuendigung.html,588,735,0.7970249652862549,0.825203001499176,0.8034020662307739,0.8090001940727234,0.8287652730941772
behindertenbeauftragter,https://www.behindertenbeauftragter.de/DE/AS/presse-und-aktuelles/publikationen-und-erklaerungen/publikationen-und-erklaerungen-node.html              ,https://www.behindertenbeauftragter.de/DE/LS/presse-und-aktuelles/publikationen/publikationen.html,401,231,0.5785799026489258,0.7951236963272095,0.8449346423149109,0.8413442373275757,0.8413442373275757
behindertenbeauftragter,https://www.behindertenbeauftragter.de/DE/AS/presse-und-aktuelles/medienbereich/medienbereich-node.html              ,https://www.behindertenbeauftragter.de/DE/LS/presse-und-aktuelles/kontakt-und-medienbereich/kontakt-und-medienbereich.html,145,84,0.8749222755432129,0.8040860891342163,0.8040860891342163,0.8040860891342163,0.8040860891342163
behindertenbeauftragter,https://www.behindertenbeauftragter.de/DE/AS/der-beauftragte/behindertenbeauftragte-in-bundeslaendern/behindertenbeauftragte-in-bundeslaendern-node.html              ,https://www.behindertenbeauftragter.de/DE/LS/der-beauftragte/behindertenbeauftragte-in-bundeslaendern/behindertenbeauftragte-in-bundeslaendern.html,79,160,0.7756059169769287,0.7686800956726074,0.7686800956726074,0.7686800956726074,0.7686800956726074
behindertenbeauftragter,https://www.behindertenbeauftragter.de/DE/AS/kultur-im-kleisthaus/salon-im-kleisthaus/gaeste/_documents/Johann-Koenig_inhalt.html              ,https://www.behindertenbeauftragter.de/DE/LS/kultur-im-kleisthaus/salon-im-kleisthaus/gaeste/_documents/Johann-Koenig_inhalt.html,87,158,0.7961323857307434,0.8180367946624756,0.8180367946624756,0.8180367946624756,0.8180367946624756
behindertenbeauftragter,https://www.behindertenbeauftragter.de/DE/AS/schwerpunkte/gesundheit/gesundheit-node.html              ,https://www.behindertenbeauftragter.de/DE/LS/schwerpunkte/gesundheit/gesundheit.html,886,555,0.8830998539924622,0.9380999207496643,0.9121060371398926,0.9192302227020264,0.918257474899292
behindertenbeauftragter,https://www.behindertenbeauftragter.de/DE/AS/der-beauftragte/lebenslauf/lebenslauf-node.html              ,https://www.behindertenbeauftragter.de/DE/LS/der-beauftragte/lebenslauf/lebenslauf.html,224,336,0.8108209371566772,0.8189215660095215,0.8612719774246216,0.864439070224762,0.864439070224762
behindertenbeauftragter,https://www.behindertenbeauftragter.de/DE/AS/kultur-im-kleisthaus/teilhabe-an-kunst-und-kultur/teilhabe-an-kunst-und-kultur-node.html              ,https://www.behindertenbeauftragter.de/DE/LS/kultur-im-kleisthaus/teilhabe-an-kunst-und-kultur/teilhabe-an-kunst-und-kultur.html,333,192,0.820937991142273,0.879784345626831,0.883741021156311,0.883741021156311,0.883741021156311
behindertenbeauftragter,https://www.behindertenbeauftragter.de/DE/AS/presse-und-aktuelles/veranstaltungen/sonderseiten/bildung/ankuendigung.html              ,https://www.behindertenbeauftragter.de/DE/LS/presse-und-aktuelles/veranstaltungen/sonderseiten/bildung/ankuendigung.html,375,459,0.879052996635437,0.8607684373855591,0.8366718292236328,0.8496103286743164,0.8496103286743164
behindertenbeauftragter,https://www.behindertenbeauftragter.de/DE/AS/kultur-im-kleisthaus/salon-im-kleisthaus/salon-im-kleisthaus-node.html              ,https://www.behindertenbeauftragter.de/DE/LS/kultur-im-kleisthaus/salon-im-kleisthaus/salon-im-kleisthaus.html,184,108,0.9719336628913879,0.9681012034416199,0.9681012034416199,0.9681012034416199,0.9681012034416199
behindertenbeauftragter,https://www.behindertenbeauftragter.de/DE/AS/presse-und-aktuelles/veranstaltungen/sonderseiten/T4/ankuendigung-as.html              ,https://www.behindertenbeauftragter.de/DE/LS/presse-und-aktuelles/veranstaltungen/sonderseiten/T4/ankuendigung-ls.html,527,896,0.7677600979804993,0.8569504618644714,0.906790554523468,0.9280638694763184,0.9381817579269409
behindertenbeauftragter,https://www.behindertenbeauftragter.de/SharedDocs/Pressemitteilungen/DE/AS/2021/PM21_Schlichtungsstelle_Geburtstag.html              ,https://www.behindertenbeauftragter.de/SharedDocs/Pressemitteilungen/DE/LS/LS_2021/PM21_Geburtstag-Schlichtungsstelle.html,535,749,0.8119634389877319,0.8768879175186157,0.8880443572998047,0.9256085157394409,0.9216582179069519
behindertenbeauftragter,https://www.behindertenbeauftragter.de/DE/AS/rechtliches/sozialgesetzbuch-und-bundesteilhabegesetz/sozialgesetzbuch-und-bundesteilhabegesetz-node.html              ,https://www.behindertenbeauftragter.de/DE/LS/rechtliches/sozialgesetzbuch-und-bundesteilhabegesetz/sozialgesetzbuch-und-bundesteilhabegesetz.html,459,331,0.3815214931964874,0.6286556720733643,0.8136804103851318,0.8352600336074829,0.8352600336074829
behindertenbeauftragter,https://www.behindertenbeauftragter.de/DE/AS/schwerpunkte/barrierefreiheit/barrierefreiheit-node.html              ,https://www.behindertenbeauftragter.de/DE/LS/schwerpunkte/barrierefreiheit/barrierefreiheit.html,901,460,0.8818488121032715,0.9149468541145325,0.9265671968460083,0.9291351437568665,0.9251008629798889
behindertenbeauftragter,https://www.behindertenbeauftragter.de/DE/AS/kultur-im-kleisthaus/salon-im-kleisthaus/gaeste/_documents/wedel-und-caglar_inhalt.html              ,https://www.behindertenbeauftragter.de/DE/LS/kultur-im-kleisthaus/salon-im-kleisthaus/gaeste/_documents/wedel-und-caglar_inhalt.html,278,604,0.6324408054351807,0.6989642381668091,0.8532710075378418,0.8842958807945251,0.8842958807945251
behindertenbeauftragter,https://www.behindertenbeauftragter.de/DE/AS/presse-und-aktuelles/medienbereich/medienbereich-node.html              ,https://www.behindertenbeauftragter.de/DE/LS/presse-und-aktuelles/kontakt-und-medienbereich/kontakt-und-medienbereich-teaser.html,145,42,0.8303701281547546,0.767401933670044,0.767401933670044,0.767401933670044,0.767401933670044
behindertenbeauftragter,https://www.behindertenbeauftragter.de/DE/AS/der-beauftragte/dienstsitz/dienstsitz-node.html              ,https://www.behindertenbeauftragter.de/DE/LS/der-beauftragte/dienstsitz/dienstsitz.html,536,488,0.8932373523712158,0.902945876121521,0.9124987125396729,0.930883526802063,0.930883526802063
behindertenbeauftragter,https://www.behindertenbeauftragter.de/DE/AS/service/barrierefreiheit/barrierefreiheit_node.html              ,https://www.behindertenbeauftragter.de/DE/LS/service/barrierefreiheit/barrierefreiheit.html,515,334,0.6742575168609619,0.758931040763855,0.7153611183166504,0.85200035572052,0.85200035572052
behindertenbeauftragter,https://www.behindertenbeauftragter.de/SharedDocs/DerBeauftragteAktuell/DE/AS/2025/20250129_T4_Ankuendigung.html              ,https://www.behindertenbeauftragter.de/SharedDocs/DerBeauftragteAktuell/DE/LS/2025/20250129_T4_Ankuendigung.html,380,553,0.7410277128219604,0.7989135980606079,0.8383197784423828,0.875720739364624,0.875720739364624
behindertenbeauftragter,https://www.behindertenbeauftragter.de/DE/AS/schwerpunkte/kinder-und-jugendliche-mit-behinderungen/kinder-und-jugendliche-mit-behinderungen-node.html              ,https://www.behindertenbeauftragter.de/DE/LS/schwerpunkte/kinder-und-jugendliche-mit-behinderungen/kinder-und-jugendliche-mit-behinderungen.html,545,276,0.801923930644989,0.8500037789344788,0.8173797130584717,0.8263604640960693,0.8263604640960693
behindertenbeauftragter,https://www.behindertenbeauftragter.de/DE/AS/schwerpunkte/umsetzung-bundesteilhabegesetz/umsetzung-bundesteilhabegesetz-node.html              ,https://www.behindertenbeauftragter.de/DE/LS/schwerpunkte/umsetzung-bundesteilhabegesetz/umsetzung-bundesteilhabegesetz.html,395,266,0.7464959621429443,0.7625972032546997,0.8563675880432129,0.8399215936660767,0.8399215936660767
behindertenbeauftragter,https://www.behindertenbeauftragter.de/SharedDocs/DerBeauftragteAktuell/DE/AS/2023/20230616_Digitaltag.html              ,https://www.behindertenbeauftragter.de/SharedDocs/DerBeauftragteAktuell/DE/LS/2023/20230616_Digitaltag_LS.html,123,128,0.8186807036399841,0.8677985668182373,0.8677985668182373,0.8677985668182373,0.8677985668182373
behindertenbeauftragter,https://www.behindertenbeauftragter.de/DE/AS/rechtliches/schwerbehinderung/schwerbehinderung-node.html              ,https://www.behindertenbeauftragter.de/DE/LS/rechtliches/schwerbehinderung/schwerbehinderung.html,494,304,0.7212252020835876,0.7933290004730225,0.8368313908576965,0.8701266050338745,0.8701266050338745
behindertenbeauftragter,https://www.behindertenbeauftragter.de/DE/AS/kultur-im-kleisthaus/salon-im-kleisthaus/gaeste/_documents/Felix-Klieser_inhalt.html              ,https://www.behindertenbeauftragter.de/DE/LS/kultur-im-kleisthaus/salon-im-kleisthaus/gaeste/_documents/Felix-Klieser_inhalt.html,204,72,0.7166603207588196,0.7116652727127075,0.7124212980270386,0.7124212980270386,0.7124212980270386
brandeins,https://web.archive.org/web/20240528075943/https://www.brandeins.de/magazine/brand-eins-wirtschaftsmagazin/2023/marketing/leichte-sprache-ich-darf-das-reh-erschiessen-darueber-freue-ich-mich,unknown,191,167,0.45627331733703613,0.6241192817687988,0.6231046915054321,0.6231046915054321,0.6231046915054321
brandeins,https://web.archive.org/web/20240528075943/https://www.brandeins.de/magazine/brand-eins-wirtschaftsmagazin/2023/wertschaetzung/leichte-sprache-jede-abteilung-kriegt-einen-computer-chef,unknown,165,162,0.6892483234405518,0.651148796081543,0.651148796081543,0.651148796081543,0.651148796081543
brandeins,https://web.archive.org/web/20240528075943/https://www.brandeins.de/magazine/brand-eins-wirtschaftsmagazin/2021/kapitalismus/ich-mag-nils-glagau-nicht-nur-weil-er-mir-geld-gibt,unknown,229,228,0.8161904811859131,0.8557137250900269,0.8530126810073853,0.8530126810073853,0.8530126810073853
brandeins,https://web.archive.org/web/20240528075943/https://www.brandeins.de/magazine/brand-eins-wirtschaftsmagazin/2022/nachtleben/leichte-sprache-auch-dieser-ball-fliegt-ein-bisschen-zu-weit,unknown,212,214,0.6282292604446411,0.6483122706413269,0.6898647546768188,0.6898647546768188,0.6898647546768188
brandeins,https://web.archive.org/web/20240528075943/https://www.brandeins.de/magazine/brand-eins-wirtschaftsmagazin/2021/regeln/mein-chef-muss-mir-weiter-arbeit-geben,unknown,231,226,0.632552444934845,0.6877374649047852,0.7120757699012756,0.7120757699012756,0.7120757699012756
brandeins,https://web.archive.org/web/20240528075943/https://www.brandeins.de/magazine/brand-eins-wirtschaftsmagazin/2023/stadt/sie-werden-mit-falschem-kaese-betrogen,unknown,183,181,0.7518893480300903,0.8029170632362366,0.8114973306655884,0.8114973306655884,0.8114973306655884
brandeins,https://web.archive.org/web/20240528075943/https://www.brandeins.de/magazine/brand-eins-wirtschaftsmagazin/2021/kassensturz/viele-kleine-chefs-sind-besser-als-ein-grosser-chef,unknown,213,236,0.6336987018585205,0.7175927758216858,0.7163167595863342,0.7163167595863342,0.7163167595863342
brandeins,https://web.archive.org/web/20240528075943/https://www.brandeins.de/magazine/brand-eins-wirtschaftsmagazin/2022/fuehren/wir-sollten-die-homoeopathie-besser-machen,unknown,212,188,0.6114885807037354,0.6340674757957458,0.6443139910697937,0.6443139910697937,0.6443139910697937
brandeins,https://web.archive.org/web/20240528075943/https://www.brandeins.de/magazine/brand-eins-wirtschaftsmagazin/2023/kuenstliche-intelligenz/leichte-sprache-kein-mensch-auf-der-welt-versteht-alle-texte,unknown,176,181,0.41908276081085205,0.6269099712371826,0.6203640699386597,0.6203640699386597,0.6203640699386597
brandeins,https://web.archive.org/web/20240528075943/https://www.brandeins.de/magazine/brand-eins-wirtschaftsmagazin/2021/oekologischer-umbau/dann-koennen-die-schueler-ihre-meinung-sagen,unknown,210,252,0.5238948464393616,0.6049052476882935,0.6803278923034668,0.6803278923034668,0.6803278923034668
brandeins,https://web.archive.org/web/20240528075943/https://www.brandeins.de/magazine/brand-eins-wirtschaftsmagazin/2023/kundenbeziehung/leichte-sprache-es-gibt-auch-ein-bisschen-handlung,unknown,171,173,0.7338715195655823,0.7598971724510193,0.7538262605667114,0.7538262605667114,0.7538262605667114
brandeins,https://web.archive.org/web/20240528075943/https://www.brandeins.de/magazine/brand-eins-wirtschaftsmagazin/2023/neue-lebensplanung/leichte-sprache-diese-pflanzen-sollen-woanders-wachsen,unknown,167,199,0.6097153425216675,0.6202847957611084,0.6195640563964844,0.6195640563964844,0.6195640563964844
brandeins,https://web.archive.org/web/20240528075943/https://www.brandeins.de/magazine/brand-eins-wirtschaftsmagazin/2021/perspektiven/wir-bauen-eine-insel-mitten-in-die-strasse,unknown,202,216,0.7363142967224121,0.6933097839355469,0.7095667719841003,0.7095667719841003,0.7095667719841003
brandeins,https://web.archive.org/web/20240528075943/https://www.brandeins.de/magazine/brand-eins-wirtschaftsmagazin/2021/begegnungen/ich-verkaufe-nur-die-besten-stuecke,unknown,203,183,0.6788222789764404,0.7335372567176819,0.7567775249481201,0.7567775249481201,0.7567775249481201
brandeins,https://web.archive.org/web/20240528075943/https://www.brandeins.de/magazine/brand-eins-wirtschaftsmagazin/2022/gross-denken/dafuer-schaemen-wir-uns-nicht,unknown,172,181,0.8395752310752869,0.8027025461196899,0.8027025461196899,0.8027025461196899,0.8027025461196899
brandeins,https://web.archive.org/web/20240528075943/https://www.brandeins.de/magazine/brand-eins-wirtschaftsmagazin/2021/marketing/eine-bruecke-muss-immer-ueber-etwas-drueber-gehen,unknown,257,243,0.7178788781166077,0.7524798512458801,0.8119754791259766,0.8119754791259766,0.8119754791259766
brandeins,https://web.archive.org/web/20240528075943/https://www.brandeins.de/magazine/brand-eins-wirtschaftsmagazin/2021/frei-arbeiten/leichte-sprache-diese-rechnung-bezahlen-wir-nicht,unknown,211,234,0.6138647198677063,0.6797727346420288,0.6536675691604614,0.6536675691604614,0.6536675691604614
brandeins,https://web.archive.org/web/20240528075943/https://www.brandeins.de/magazine/brand-eins-wirtschaftsmagazin/2021/ballast-abwerfen/leichte-sprache-man-kann-beim-tanken-aufs-klo-gehen,unknown,190,87,0.4738249182701111,0.599617600440979,0.6057051420211792,0.6057051420211792,0.6057051420211792
brandeins,https://web.archive.org/web/20240528075943/https://www.brandeins.de/magazine/brand-eins-wirtschaftsmagazin/2020/wie-wollen-wir-leben/der-richter-soll-die-kinder-nur-ganz-selten-schlagen,unknown,79,82,0.6934847235679626,0.6934847235679626,0.6934847235679626,0.6934847235679626,0.6934847235679626
hamburg,https://www.hamburg.de/politik-und-verwaltung/behoerden/bjv/themen/verbraucherschutz/kundenschutz/kontakt-beratung-88526,https://www.hamburg.de/barrierefrei/leichte-sprache/service-und-tipps/beratung-fuer-verbraucher-in-hamburg-575968,241,678,0.6893012523651123,0.7875175476074219,0.8141695261001587,0.8797746896743774,0.8797746896743774
hamburg,https://www.hamburg.de/politik-und-verwaltung/behoerden/sozialbehoerde/themen/pflege/beratung/pflegestuetzpunkte/pflegestuetzpunkte-hamburg-85942,https://www.hamburg.de/barrierefrei/leichte-sprache/gesundheit/pflege-stuetz-punkte-575966,302,515,0.865621030330658,0.8535553216934204,0.8358328342437744,0.8802957534790039,0.8802957534790039
hamburg,https://www.hamburg.de/politik-und-verwaltung/behoerden/bwfg/einrichtungen/hamburgisches-krebsregister/informationen-patienten-196606,https://www.hamburg.de/politik-und-verwaltung/behoerden/bwfg/einrichtungen/hamburgisches-krebsregister/infos-ueber-menschen-mit-krebs-sammeln-1030538,424,1000,0.7474608421325684,0.7693285346031189,0.8195985555648804,0.8456617593765259,0.8407601118087769
hamburg,https://www.hamburg.de/politik-und-verwaltung/behoerden/sozialbehoerde/themen/behinderung/mobilitaet/behindertenfahrten-43710,https://www.hamburg.de/barrierefrei/leichte-sprache/infos-fuer-menschen-mit-behinderung/ls-fahr-dienst-fuer-menschen-mit-behinderungenls--575940,541,688,0.6180611252784729,0.74578857421875,0.7973438501358032,0.7898695468902588,0.7898695468902588
hamburg,https://www.hamburg.de/politik-und-verwaltung/senat/senat-236762,https://www.hamburg.de/barrierefrei/leichte-sprache/politik/ls-der-senat-576194,226,203,0.8226317763328552,0.7833470702171326,0.7797226905822754,0.7797226905822754,0.7797226905822754
hamburg,https://www.hamburg.de/politik-und-verwaltung/behoerden/bukea/themen/wasser/grundwasser/wassersparen/wertvoll-unser-trinkwasser-176418,https://www.hamburg.de/barrierefrei/leichte-sprache/service-und-tipps/ls-trinkwasser-ist-kostbar-1004728,372,377,0.7978783845901489,0.8596004843711853,0.84921795129776,0.8596127033233643,0.8596127033233643
hamburg,https://www.hamburg.de/politik-und-verwaltung/bezirke/harburg/themen/gesundheit/kinder-jugend-gesundheitsdienst-64382,https://www.hamburg.de/barrierefrei/leichte-sprache/bezirke/kindergesundheit-576382,732,736,0.9143472909927368,0.8821530342102051,0.9281212687492371,0.91655433177948,0.9156472086906433
hamburg,https://www.hamburg.de/politik-und-verwaltung/behoerden/bjv/services/schoeffen-215578,https://www.hamburg.de/barrierefrei/leichte-sprache/soziales-hilfen/schoeffen-bei-gericht-575928,214,247,0.5328506827354431,0.6478832960128784,0.6553394794464111,0.6553394794464111,0.6553394794464111
hamburg,https://www.hamburg.de/politik-und-verwaltung/behoerden/bjv/services/justizkasse-215516,https://www.hamburg.de/barrierefrei/leichte-sprache/soziales-hilfen/justiz-kasse-hamburg-575932,109,206,0.827390193939209,0.7793128490447998,0.8601510524749756,0.8601510524749756,0.8601510524749756
hamburg,https://www.hamburg.de/tourismus/sehenswuerdigkeiten/landungsbruecken-artikel-298738,https://www.hamburg.de/barrierefrei/leichte-sprache/freizeit/landungsbruecken-575858,444,348,0.7143776416778564,0.7752280235290527,0.8480442762374878,0.831570565700531,0.831570565700531
hamburg,https://www.hamburg.de/politik-und-verwaltung/bezirke/mitte/themen/gesundheit/pflegestuetzpunkt-67526,https://www.hamburg.de/barrierefrei/leichte-sprache/bezirke/pflege-stuetz-punkt-mitte-575910,217,325,0.7642210721969604,0.8499891757965088,0.8434395790100098,0.8454199433326721,0.8454199433326721
hamburg,https://www.hamburg.de/politik-und-verwaltung/behoerden/sozialbehoerde/themen/gesundheit/arztruf-hamburg-32384,https://www.hamburg.de/barrierefrei/leichte-sprache/gesundheit/der-arzt-ruf-in-hamburg-575964,116,380,0.7640200257301331,0.7520965933799744,0.7579729557037354,0.7571609020233154,0.7571609020233154
hamburg,https://www.hamburg.de/freizeit/ausfluege/in-hamburg/ausfluege-in-hamburg-368184,https://www.hamburg.de/barrierefrei/leichte-sprache/freizeit/ausfluege-575864,1202,548,0.378182590007782,0.4145771861076355,0.5524941682815552,0.6268783211708069,0.7258548736572266
hamburg,https://www.hamburg.de/politik-und-verwaltung/bezirke/mitte/themen/gesundheit/behinderung/beratungsstelle-fuer-koerperbehinderte-67506,https://www.hamburg.de/barrierefrei/leichte-sprache/bezirke/beratung-fuer-menschen-mit-koerper-behinderungen-575916,203,509,0.8034268021583557,0.7981067895889282,0.839205265045166,0.8578997850418091,0.8578997850418091
hamburg,https://www.hamburg.de/politik-und-verwaltung/bezirke/harburg/themen/soziales/integration/harburger-integrationskonzept-64842,https://www.hamburg.de/barrierefrei/leichte-sprache/bezirke/soziale-integration-576388,223,249,0.640674352645874,0.8051527738571167,0.8528085947036743,0.8528085947036743,0.8528085947036743
hamburg,https://www.hamburg.de/politik-und-verwaltung/bezirke/harburg/themen/soziales/integration/harburger-integrationsrat-64780,https://www.hamburg.de/barrierefrei/leichte-sprache/bezirke/integrationsrat-576384,208,192,0.7807712554931641,0.8709096312522888,0.8874287009239197,0.8874287009239197,0.8874287009239197
hamburg,https://www.hamburg.de/politik-und-verwaltung/behoerden/bukea/themen/luft-laerm-elektromagnetische-felder/nachbarschaft-164004,https://www.hamburg.de/barrierefrei/leichte-sprache/wohnen/laerm-schutz-nachbarschaft-576340,1015,846,0.6655476093292236,0.6390681266784668,0.7726978063583374,0.8431475162506104,0.8659006357192993
hamburg,https://www.hamburg.de/politik-und-verwaltung/behoerden/behoerde-fuer-inneres-und-sport/themen/katastrophenschutz/sturmflut-massnahmen-93280,https://www.hamburg.de/barrierefrei/leichte-sprache/polizei-feuerwehr/sturmflut-576274,546,678,0.6062321662902832,0.7341016530990601,0.7047637701034546,0.7077616453170776,0.7077616453170776
hamburg,https://www.hamburg.de/politik-und-verwaltung/behoerden/behoerde-fuer-stadtentwicklung-und-wohnen/themen/wohnen/wohnraumschutz/hmbwoschg-190974,https://www.hamburg.de/barrierefrei/leichte-sprache/wohnen/wohn-raum-schutz-gesetz-hamburg-575876,144,255,0.679871141910553,0.6720232963562012,0.6668962240219116,0.6668962240219116,0.6668962240219116
hamburg,https://www.hamburg.de/politik-und-verwaltung/behoerden/behoerde-fuer-inneres-und-sport/themen/katastrophenschutz/sturmflut-fragen-und-anworten-94034,https://www.hamburg.de/barrierefrei/leichte-sprache/polizei-feuerwehr/sturmflut-infos-576268,1575,532,0.6039478778839111,0.7904329299926758,0.8532577157020569,0.852262020111084,0.8199254870414734
hamburg,https://www.hamburg.de/politik-und-verwaltung/bezirke/harburg/themen/freizeit-kultur/sport/sport-64348,https://www.hamburg.de/barrierefrei/leichte-sprache/bezirke/draussen-sport-machen-in-harburg-575804,291,384,0.8152002096176147,0.8368740081787109,0.8893598318099976,0.9035471081733704,0.9035471081733704
hamburg,https://www.hamburg.de/politik-und-verwaltung/behoerden/bjv/themen/verbraucherschutz/lebensmittel/lebensmittelverschwendung-88828,https://www.hamburg.de/barrierefrei/leichte-sprache/service-und-tipps/so-gehen-sie-gut-mit-lebensmitteln-um-575894,430,480,0.6042467951774597,0.6507788300514221,0.6544138193130493,0.696855902671814,0.696855902671814
hamburg,https://www.hamburg.de/politik-und-verwaltung/behoerden/sozialbehoerde/themen/pflege/demenz/allgemeine-informationen-86144,https://www.hamburg.de/barrierefrei/leichte-sprache/gesundheit/hilfe-bei-demenz-575980,2047,543,0.6740313768386841,0.7153053283691406,0.7846158742904663,0.818268895149231,0.8094663619995117
hamburg,https://www.hamburg.de/politik-und-verwaltung/bezirke/wandsbek/ihr-bezirksamt/barrierefrei-75148,https://www.hamburg.de/barrierefrei/leichte-sprache/bezirke/buergersaal-wandsbek-575834,221,298,0.7349969148635864,0.8576469421386719,0.8985731601715088,0.8985731601715088,0.8985731601715088
hamburg,https://www.hamburg.de/politik-und-verwaltung/behoerden/bukea/park-knigge-282402,https://www.hamburg.de/barrierefrei/leichte-sprache/freizeit/regeln-in-parks-575852,451,230,0.7960990071296692,0.8255208730697632,0.8029077053070068,0.8044525384902954,0.8044525384902954
hamburg,https://www.hamburg.de/politik-und-verwaltung/behoerden/bukea/naturschutz-knigge-282398,https://www.hamburg.de/barrierefrei/leichte-sprache/freizeit/ls-naturschutzgebiete-575848,235,146,0.5855775475502014,0.638992965221405,0.6256964206695557,0.6256964206695557,0.6256964206695557
hamburg,https://www.hamburg.de/politik-und-verwaltung/bezirke/bergedorf/themen/gesundheit/schulzahnarzt-56606,https://www.hamburg.de/barrierefrei/leichte-sprache/bezirke/schul-zahn-aerztlicher-dienst-575912,232,258,0.6015959978103638,0.7069783210754395,0.8417330980300903,0.8417330980300903,0.8417330980300903
hamburg,https://www.hamburg.de/tourismus/sehenswuerdigkeiten/michel-hamburg-306340,https://www.hamburg.de/barrierefrei/leichte-sprache/freizeit/der-hamburger-michel-576234,1088,1108,0.8443752527236938,0.763468861579895,0.7062544226646423,0.7451246976852417,0.8448784351348877
hamburg,https://www.hamburg.de/politik-und-verwaltung/bezirke/wandsbek/themen/soziales/pflegestuetzpunkt-77634,https://www.hamburg.de/barrierefrei/leichte-sprache/bezirke/pflege-stuetz-punkt-wandsbek-575918,194,298,0.6539273262023926,0.7137959003448486,0.8010132312774658,0.8010132312774658,0.8010132312774658
hamburg,https://www.hamburg.de/politik-und-verwaltung/behoerden/bjv/themen/justizvollzug/resozialisierung-214978,https://www.hamburg.de/barrierefrei/leichte-sprache/soziales-hilfen/zurueck-ins-leben-nach-dem-gefaengnis-575930,675,803,0.6927476525306702,0.7531155347824097,0.7374497652053833,0.8621436357498169,0.8621436357498169
hamburg,https://www.hamburg.de/politik-und-verwaltung/behoerden/sozialbehoerde/themen/gesundheit/gesundheitsfoerderung/schwangerschaftskonfliktberatung/schwangerschaftskonflikte-34970,https://www.hamburg.de/barrierefrei/leichte-sprache/soziales-hilfen/hilfe-fuer-schwangere-frauen-575962,718,975,0.6474872827529907,0.725103497505188,0.8433465957641602,0.8805926442146301,0.892011284828186
hamburg,https://www.hamburg.de/politik-und-verwaltung/behoerden/sozialbehoerde/themen/behinderung/anerkennung/schwerbehindertenausweis/schwerbehindertenausweis-22870,https://www.hamburg.de/barrierefrei/leichte-sprache/infos-fuer-menschen-mit-behinderung/ls-schwerbehinderten-ausweis-merk-zeichen-575938,1550,643,0.5749619603157043,0.6709316968917847,0.7371834516525269,0.7284164428710938,0.816500186920166
hamburg,https://www.hamburg.de/politik-und-verwaltung/behoerden/sozialbehoerde/themen/gesundheit/gesundheitsfoerderung/kindergesundheit/guter-start-33646,https://www.hamburg.de/barrierefrei/leichte-sprache/familie/guter-start-kinder-575970,136,183,0.8121331334114075,0.8702731132507324,0.8702731132507324,0.8702731132507324,0.8702731132507324
hamburg,https://www.hamburg.de/politik-und-verwaltung/behoerden/bukea/wasser-knigge-282406,https://www.hamburg.de/barrierefrei/leichte-sprache/freizeit/ls-regeln-auf-dem-wasser-575850,499,414,0.7512692213058472,0.8887512683868408,0.887947142124176,0.9102322459220886,0.9102322459220886
hamburg,https://www.hamburg.de/politik-und-verwaltung/behoerden/bukea/themen/abfall-entsorgung/siedlungsabfaelle/altmedikamente-159982,https://www.hamburg.de/barrierefrei/leichte-sprache/service-und-tipps/ls-alte-medikamente-gehoeren-in-den-rest-muell-575900,297,659,0.6432061195373535,0.7264844179153442,0.784085750579834,0.8292672634124756,0.8292672634124756
hamburg,https://www.hamburg.de/politik-und-verwaltung/behoerden/sozialbehoerde/themen/gesundheit/gesundheitsfoerderung/nichtrauchen/schluss-mit-dem-rauchen-33740,https://www.hamburg.de/barrierefrei/leichte-sprache/gesundheit/schluss-mit-dem-rauchen-575978,580,441,0.769930362701416,0.785659670829773,0.8002171516418457,0.8608860969543457,0.8608860969543457
hamburg,https://www.hamburg.de/politik-und-verwaltung/behoerden/bsfb/themen/ganztag/ferienbetreuung-141126,https://www.hamburg.de/barrierefrei/leichte-sprache/familie/ferien-betreuung-in-der-schule-575888,186,263,0.578741729259491,0.73231041431427,0.7814635038375854,0.7814635038375854,0.7814635038375854
hamburg,https://www.hamburg.de/politik-und-verwaltung/behoerden/bsfb/familie/kinderbetreuung/krankheitssymptome-35072,https://www.hamburg.de/barrierefrei/leichte-sprache/gesundheit/ls-kranke-kinder-gehoeren-nicht-in-die-kita-1109042,303,444,0.7898246049880981,0.8271143436431885,0.821668267250061,0.8231390714645386,0.8231390714645386
hamburg,https://www.hamburg.de/politik-und-verwaltung/behoerden/sozialbehoerde/themen/gesundheit/impfen/impfkampagne-hamburg-34426,https://www.hamburg.de/barrierefrei/leichte-sprache/gesundheit/ls-grippe-impfung-1103306,468,471,0.6839053630828857,0.7284629940986633,0.885930061340332,0.8866191506385803,0.8866191506385803
hamburg,https://www.hamburg.de/politik-und-verwaltung/senat/rathaus-hamburg/rathausfuehrungen-237546,https://www.hamburg.de/barrierefrei/leichte-sprache/politik/rathausfuehrung-576210,789,561,0.6504999995231628,0.685845673084259,0.6743975877761841,0.7523123621940613,0.7481328248977661
hamburg,https://www.hamburg.de/politik-und-verwaltung/bezirke/harburg/themen/familie-jugend-senior-innen/kinderschutz-64022,https://www.hamburg.de/barrierefrei/leichte-sprache/bezirke/kinderschutz-576386,372,326,0.7376823425292969,0.7714656591415405,0.767202615737915,0.7555437088012695,0.7555437088012695
hamburg,https://www.hamburg.de/politik-und-verwaltung/senat/buergermeister-236760,https://www.hamburg.de/barrierefrei/leichte-sprache/politik/ls-politik-im-hamburger-rathaus-575820,222,273,0.7017147541046143,0.7595051527023315,0.7038102149963379,0.7038102149963379,0.7038102149963379
hamburg,https://www.hamburg.de/politik-und-verwaltung/behoerden/bvm/die-themen-der-behoerde/fussverkehr/fussgaengerleitsystem-414328,https://www.hamburg.de/barrierefrei/leichte-sprache/verkehr/fussgaenger-575946,231,248,0.8012427091598511,0.8313605189323425,0.8153018951416016,0.8153018951416016,0.8153018951416016
hamburg,https://www.hamburg.de/politik-und-verwaltung/behoerden/sozialbehoerde/themen/behinderung/mobilitaet/behindertenparkplaetze-31264,https://www.hamburg.de/barrierefrei/leichte-sprache/infos-fuer-menschen-mit-behinderung/ls-behindertenparkplaetze-575948,125,210,0.7654376029968262,0.8585301637649536,0.8765519857406616,0.8765519857406616,0.8765519857406616
hamburg,https://www.hamburg.de/politik-und-verwaltung/behoerden/bukea/themen/energie/beratung-und-foerderung/stromspar-check-158188,https://www.hamburg.de/barrierefrei/leichte-sprache/service-und-tipps/energie-spar-beratung-575898,398,229,0.5312511920928955,0.7256453037261963,0.8586167693138123,0.8535152673721313,0.8535152673721313
hamburg,https://www.hamburg.de/politik-und-verwaltung/behoerden/finanzbehoerde/themen/bezirke-und-bezirksverwaltung/startseite-bezirke-85604,https://www.hamburg.de/barrierefrei/leichte-sprache/bezirke/die-bezirke-in-hamburg-575812,187,100,0.7251497507095337,0.8269573450088501,0.8269573450088501,0.8269573450088501,0.8269573450088501
hannover,https://www.hannover.de/Service/Presse-Medien/Landeshauptstadt-Hannover/Aktuelle-Meldungen-und-Veranstaltungen/Neue-Bewohner*innen-Parkzonen-ab-Mai-2026,https://www.hannover.de/Leichte-Sprache/Nachrichten-und-Veranstaltungen/Nachrichten/Neue-Park∙zonen-für-Bewohner-in-der-Stadt-Hannover,274,618,0.45388534665107727,0.5742610692977905,0.6707770824432373,0.6922919750213623,0.6922919750213623
hannover,https://www.hannover.de/Leben-in-der-Region-Hannover/Soziales/Menschen-mit-Behinderung/Aktuelles/Meldungen/Helena-Klintschar-ist-„Be­hin­der­ten­­sport­­lerin-des-Jahres“-2026,https://www.hannover.de/Leichte-Sprache/Nachrichten-und-Veranstaltungen/Nachrichten/Behinderten∙sportlerin-2026,495,140,0.504865288734436,0.7164506912231445,0.690849781036377,0.7239477634429932,0.7239477634429932
hannover,https://www.hannover.de/Leben-in-der-Region-Hannover/Bürger-Service/Bürger-Service-in-der-Landeshauptstadt-Hannover/Ideen-und-Beschwerden,https://www.hannover.de/Leichte-Sprache/Hilfe-und-Tipps/Ideen-und-Beschwerden-an-das-Bürger∙büro-schicken,294,253,0.5981615781784058,0.6777920722961426,0.8101998567581177,0.8101998567581177,0.8101998567581177
hannover,https://www.hannover.de/Service/Presse-Medien/Hannover.de/Aktuelles/Aktuelle-Service­in­for­ma­tio­nen-aus-Stadt-und-Re­gion-Hannover/Was-tun-bei-Notfällen-in-Bussen-und-Bahnen,https://www.hannover.de/Leichte-Sprache/Hilfe-und-Tipps/Notfall/Busse-und-Bahnen-Was-mache-ich-bei-einem-Notfall,421,632,0.674572229385376,0.8036826848983765,0.8212825655937195,0.8639501333236694,0.8639501333236694
hannover,https://www.hannover.de/Leben-in-der-Region-Hannover/Soziales/Menschen-mit-Behinderung/Barriere­freiheits­erklärung,https://www.hannover.de/Leichte-Sprache/Erklärung-zur-Barriere∙freiheit-in-Leichter-Sprache,554,1214,0.6915128827095032,0.8427307605743408,0.8507492542266846,0.8347753286361694,0.8468590974807739
hannover,https://www.hannover.de/Leben-in-der-Region-Hannover/Soziales/Menschen-mit-Behinderung/Warum-Leichte-Sprache-auf-Hannover.de,https://www.hannover.de/Leichte-Sprache/Hilfe-und-Tipps/Wie-benutze-ich-Hannover.de-in-Leichter-Sprache/Warum-gibt-es-Leichte-Sprache-auf-Hannover.de,279,280,0.43438827991485596,0.7011280655860901,0.7841917276382446,0.7841917276382446,0.7841917276382446
hannover,https://www.hannover.de/Service/Presse-Medien/Hannover.de/Hilfen-zur-Be­die­nung-von-Han­no­ver.de,https://www.hannover.de/Leichte-Sprache/Hilfe-und-Tipps/Wie-benutze-ich-Hannover.de-in-Leichter-Sprache/Wie-benutze-ich-Hannover.de,1654,1682,0.6482291221618652,0.661879301071167,0.7755287885665894,0.8986499309539795,0.9078270196914673
hannover,https://www.hannover.de/Leben-in-der-Region-Hannover/Verwaltungen-Kommunen/Die-Verwaltung-der-Region-Hannover/Stellt-sich-vor/Geografisch,https://www.hannover.de/Leichte-Sprache/Hannover-und-Region/Die-Landschaft-von-der-Region-Hannover,145,248,0.8518540859222412,0.8193170428276062,0.8707051873207092,0.8707051873207092,0.8707051873207092
hannover,https://www.hannover.de/Leben-in-der-Region-Hannover/Mobilität,https://www.hannover.de/Leichte-Sprache/Hannover-und-Region/Unterwegs-sein,202,45,0.7301244735717773,0.7527018189430237,0.7527018189430237,0.7527018189430237,0.7527018189430237
hannover,https://www.hannover.de/Service/Mobil-in-Hannover/Parken/Bewohner*innenparken,https://www.hannover.de/Leichte-Sprache/Hilfe-und-Tipps/Park∙zonen-für-Bewohner-in-der-Stadt-Hannover,3269,1747,0.7873972654342651,0.7707931399345398,0.7771304845809937,0.6724851131439209,0.8559713959693909
hannover,https://www.hannover.de/Leben-in-der-Region-Hannover/Umwelt-Nachhaltigkeit/Wasser-Abwasser/Abwasser/Stadtentwässerung-Hannover/Öffentliche-Toiletten-in-Hannover/Euro-WC-Schlüssel-für-Behinderte,https://www.hannover.de/Leichte-Sprache/Hilfe-und-Tipps/Euro-WC-Schlüssel-für-Menschen-mit-Behinderung,140,378,0.8824774026870728,0.8481078147888184,0.8972458839416504,0.9056957364082336,0.9056957364082336
hannover,https://www.hannover.de/Kultur-Freizeit/Freizeit-Sport/Sport/Bäderführer/Badeseen/Bordenauer-See/Fragen-und-Antworten-zum-Thema-Blaualgen,https://www.hannover.de/Leichte-Sprache/Hilfe-und-Tipps/Blau∙algen-Fragen-und-Antworten,383,634,0.8764927387237549,0.8606041669845581,0.815796971321106,0.7912150621414185,0.7912150621414185
hannover,https://www.hannover.de/Leben-in-der-Region-Hannover/Soziales/Sozialleistungen-weitere-Hilfen/HannoverAktivPass,https://www.hannover.de/Leichte-Sprache/Hilfe-und-Tipps/HannoverAktivPass,467,164,0.845312237739563,0.895290732383728,0.9021973609924316,0.904866099357605,0.904866099357605
hannover,https://www.hannover.de/Leben-in-der-Region-Hannover/Soziales/Menschen-mit-Behinderung/Aktuelles/Meldungen/Informationen-für-Geflüchtete-mit-Behinderung,https://www.hannover.de/Leichte-Sprache/Hilfe-und-Tipps/Flucht-aus-der-Ukraine-Informationen-für-Menschen-mit-Behinderung,544,570,0.45730531215667725,0.7037646174430847,0.7895424962043762,0.8087895512580872,0.8087895512580872
hannover,https://www.hannover.de/Leben-in-der-Region-Hannover/Kulturförderung/Kulturförderung-der-Region-Hannover,https://www.hannover.de/Leichte-Sprache/Hilfe-und-Tipps/Förderung-von-Kultur-in-der-Region-Hannover,400,207,0.6990253925323486,0.752322256565094,0.7406857013702393,0.760765552520752,0.760765552520752
hannover,https://www.hannover.de/Leben-in-der-Region-Hannover/Soziales/Menschen-mit-Behinderung/Förderung-Unterstützung/Schwer­behinderten­­­­­ausweis,https://www.hannover.de/Leichte-Sprache/Hilfe-und-Tipps/Schwer∙behinderten∙ausweis,160,186,0.7099618911743164,0.7331578135490417,0.736676812171936,0.736676812171936,0.736676812171936
hannover,https://www.hannover.de/Leben-in-der-Region-Hannover/Politik/Wahlen-Statistik/Kommunalwahlen-2026-in-der-Region-Hannover/Allgemeine-Informationen,https://www.hannover.de/Leichte-Sprache/Hannover-und-Region/Politik/Wahlen/Kommunal∙wahlen-2026-in-der-Region-Hannover/Informationen-zu-den-Kommunal∙wahlen-2026,1513,1555,0.865565299987793,0.8535562753677368,0.8658096790313721,0.8345425128936768,0.8821408152580261
hannover,https://www.hannover.de/Leben-in-der-Region-Hannover/Politik/Wahlen-Statistik/Kommunalwahlen-2026-in-der-Region-Hannover/FAQ-für-Wahlhelfer*innen,https://www.hannover.de/Leichte-Sprache/Hannover-und-Region/Politik/Wahlen/Kommunal∙wahlen-2026-in-der-Region-Hannover/Fragen-und-Antworten-für-Wahl∙helfer,771,699,0.5815799832344055,0.6945672035217285,0.8022394180297852,0.8604257702827454,0.8692469000816345
hannover,https://www.hannover.de/Leben-in-der-Region-Hannover/Politik/Wahlen-Statistik/Kommunalwahlen-2026-in-der-Region-Hannover/Wahlhelfer*innen-gesucht,https://www.hannover.de/Leichte-Sprache/Hannover-und-Region/Politik/Wahlen/Kommunal∙wahlen-2026-in-der-Region-Hannover/Wie-kann-ich-bei-der-Wahl-helfen,276,339,0.6063240766525269,0.8069408535957336,0.8475912809371948,0.8475912809371948,0.8475912809371948
hannover,https://www.hannover.de/Leben-in-der-Region-Hannover/Verwaltungen-Kommunen/Die-Verwaltung-der-Region-Hannover/Stellt-sich-vor/Politisch,https://www.hannover.de/Leichte-Sprache/Hannover-und-Region/Politik/Politik-in-der-Region-Hannover,153,425,0.8207254409790039,0.8340010643005371,0.8090585470199585,0.8137333989143372,0.8137333989143372
hannover,https://www.hannover.de/Leben-in-der-Region-Hannover/Verwaltungen-Kommunen/Die-Verwaltung-der-Region-Hannover/Pressebereich-Region-Hannover/Archiv-Pressemitteilungen/2025/Regionshaus-leuchtet-lila,https://www.hannover.de/Leichte-Sprache/Nachrichten-und-Veranstaltungen/Nachrichten/Menschen-mit-Behinderung-Regions∙haus-leuchtet-Lila,515,402,0.6536873579025269,0.6736875772476196,0.7438603639602661,0.7612601518630981,0.7612601518630981
hannover,https://www.hannover.de/Service/Presse-Medien/Landeshauptstadt-Hannover/Meldungsarchiv-für-das-Jahr-2025/Winternothilfe-jetzt-auch-mit-Nachtcafé-für-Frauen-und-FLINTA*,https://www.hannover.de/Leichte-Sprache/Nachrichten-und-Veranstaltungen/Nachrichten/Neues-Angebot-Hilfen-im-Winter-im-Nacht∙café-Luna,867,503,0.7333472371101379,0.7064418792724609,0.8270609974861145,0.8407065868377686,0.8237940073013306
hannover,https://www.hannover.de/Service/Presse-Medien/Landeshauptstadt-Hannover/Meldungsarchiv-für-das-Jahr-2025/Wohlbefinden-auf-Rezept,https://www.hannover.de/Leichte-Sprache/Nachrichten-und-Veranstaltungen/Nachrichten/Projekt-für-ältere-Menschen-Hilfs∙angebot-gegen-Einsamkeit,956,484,0.5658494234085083,0.6434634327888489,0.7120269536972046,0.7239527702331543,0.7177131175994873
hannover,https://www.hannover.de/Service/Presse-Medien/Landeshauptstadt-Hannover/Meldungsarchiv-für-das-Jahr-2025/Hilfe-für-Obdachlose-bei-Hitzewellen,https://www.hannover.de/Leichte-Sprache/Nachrichten-und-Veranstaltungen/Nachrichten/Große-Hitze-in-Hannover-Hilfe-für-Menschen-ohne-Wohnung,746,569,0.6591509580612183,0.7678462266921997,0.8620147109031677,0.8684321045875549,0.8685752153396606
hannover,https://www.hannover.de/Leben-in-der-Region-Hannover/Umwelt-Nachhaltigkeit/Wasser-Abwasser/Fragen-und-Antworten-rund-um-die-Allgemeinverfügung-%22Beregnung%22,https://www.hannover.de/Leichte-Sprache/Nachrichten-und-Veranstaltungen/Nachrichten/Fragen-und-Antworten-zu-den-Einschränkungen-bei-der-Beregnung,1555,1225,0.457218736410141,0.6191183924674988,0.7375743985176086,0.7930225133895874,0.8293790817260742
hannover,https://www.hannover.de/Leben-in-der-Region-Hannover/Verwaltungen-Kommunen/Die-Verwaltung-der-Region-Hannover/Pressebereich-Region-Hannover/Archiv-Pressemitteilungen/2025/Region-Hannover-beim-PV-Ausbau-in-Niedersachsen-Spitzenreiter,https://www.hannover.de/Leichte-Sprache/Nachrichten-und-Veranstaltungen/Nachrichten/Region-Hannover-unterstützt-den-Bau-von-Solar∙anlagen,674,505,0.6583343148231506,0.6966108679771423,0.8144983053207397,0.8542044162750244,0.8542044162750244
hannover,https://www.hannover.de/Service/Presse-Medien/Landeshauptstadt-Hannover/Meldungsarchiv-für-das-Jahr-2025/Förderpreis-für-Inklusion-in-der-Wirtschaft-zum-14.-Mal-vergeben,https://www.hannover.de/Leichte-Sprache/Nachrichten-und-Veranstaltungen/Nachrichten/Zum-14.-Mal-Preis-für-Inklusion-in-der-Wirtschaft,879,658,0.7666102647781372,0.8770062327384949,0.8383395671844482,0.8633630275726318,0.8589316010475159
hannover,https://www.hannover.de/Leben-in-der-Region-Hannover/Soziales/Menschen-mit-Behinderung/Aktuelles/Meldungen/Jan-Haller-ist-„Be­hin­der­ten­­sport­­ler-des-Jahres“-2025,https://www.hannover.de/Leichte-Sprache/Nachrichten-und-Veranstaltungen/Nachrichten/Jan-Haller-ist-Behinderten∙sportler-2025,589,164,0.7808108925819397,0.8180165886878967,0.8175269365310669,0.8028002977371216,0.8028002977371216
hannover,https://www.hannover.de/Leben-in-der-Region-Hannover/Soziales/Menschen-mit-Behinderung/Assistenzhunde-sind-in-öffentlichen-Gebäuden-willkommen,https://www.hannover.de/Leichte-Sprache/Nachrichten-und-Veranstaltungen/Nachrichten/Assistenz∙hunde-sind-in-öffentlichen-Einrichtungen-willkommen,623,569,0.48764681816101074,0.582400918006897,0.7058428525924683,0.7724836468696594,0.7724836468696594
hannover,https://www.hannover.de/Service/Presse-Medien/Landeshauptstadt-Hannover/Meldungsarchiv-für-das-Jahr-2025/Hannover-KI-Chatbot-hilft-bei-Fragen-zur-Grundsteuerreform,https://www.hannover.de/Leichte-Sprache/Nachrichten-und-Veranstaltungen/Nachrichten/Chat∙bot-beantwortet-Fragen-zur-Grund∙steuer,366,409,0.3937980532646179,0.6030687093734741,0.6614490747451782,0.6624317765235901,0.6624317765235901
hannover,https://www.hannover.de/Leben-in-der-Region-Hannover/Umwelt-Nachhaltigkeit/Naturschutz/Aufgaben-Projekte/Aktionsprogramm-Deister,https://www.hannover.de/Leichte-Sprache/Nachrichten-und-Veranstaltungen/Nachrichten/Hilfe∙plan-für-den-Natur∙schutz-im-Deister,1579,548,0.629906177520752,0.6185234785079956,0.715192973613739,0.696607232093811,0.7207168340682983
hannover,https://www.hannover.de/Veranstaltungskalender/Kostenlos/Suche-nach-kostenlosen-Events,https://www.hannover.de/Leichte-Sprache/Nachrichten-und-Veranstaltungen/Veranstaltungen/Suche-nach-kosten∙losen-Veranstaltungen,127,168,0.7278872132301331,0.7599180340766907,0.7599180340766907,0.7599180340766907,0.7599180340766907
hannover,https://www.hannover.de/Veranstaltungskalender/Bürger-Service/Mobilitäts­trainings-im-Stadt­gebiet,https://www.hannover.de/Leichte-Sprache/Nachrichten-und-Veranstaltungen/Veranstaltungen/Übungs∙tage-für-Fahrgäste-im-Stadt∙gebiet,168,53,0.8131451606750488,0.8055591583251953,0.8117738962173462,0.8117738962173462,0.8117738962173462
hannover,https://www.hannover.de/Veranstaltungskalender/Politik/Regions­versamm­lung-am-19.-Mai-2026,https://www.hannover.de/Leichte-Sprache/Nachrichten-und-Veranstaltungen/Veranstaltungen/Sitzung-von-der-Regions·versammlung,92,133,0.9188171625137329,0.919380784034729,0.919380784034729,0.919380784034729,0.919380784034729
hannover,https://www.hannover.de/Leben-in-der-Region-Hannover/Verwaltungen-Kommunen/Die-Verwaltung-der-Region-Hannover/Termine-Veranstaltungen/Regionsforum-für-Menschen-mit-Behinderungen,https://www.hannover.de/Leichte-Sprache/Nachrichten-und-Veranstaltungen/Veranstaltungen/Das-Regions∙forum-für-Menschen-mit-Behinderung,190,44,0.9279683828353882,0.873358964920044,0.8725586533546448,0.8725586533546448,0.8725586533546448
hannover,https://www.hannover.de/Leben-in-der-Region-Hannover/Soziales/Senioren/Information-Beratung/Kostenlose-Beratung/Infos-zur-Vorsorgevollmacht-in-Wunstorf,https://www.hannover.de/Leichte-Sprache/Nachrichten-und-Veranstaltungen/Veranstaltungen/Beratungen-Vorsorge∙vollmacht-und-Betreuungs∙verfügung,129,51,0.7814238667488098,0.7943503856658936,0.7943503856658936,0.7943503856658936,0.7943503856658936
hannover,https://www.hannover.de/Leben-in-der-Region-Hannover/Politik/Politische-Gremien/Europa/Kontakte/Die-Stabsstelle-EU-Angelegenheiten-und-Fördermittelmanagement,https://www.hannover.de/Leichte-Sprache/Hannover-und-Region/Die-Verwaltung-von-der-Region-Hannover/Büro-für-Zusammen･arbeit-in-Europa,451,383,0.6364660859107971,0.7460590600967407,0.8071212768554688,0.835361123085022,0.835361123085022
hannover,https://www.hannover.de/Leben-in-der-Region-Hannover/Politik/Politische-Gremien/Landeshauptstadt-Hannover/Der-Rat,https://www.hannover.de/Leichte-Sprache/Hannover-und-Region/Politik/Der-Rat-von-der-Stadt-Hannover,393,265,0.7524425387382507,0.887215793132782,0.914316713809967,0.914316713809967,0.914316713809967
hannover,https://www.hannover.de/Leben-in-der-Region-Hannover/Politik/Regionspräsident-Oberbürgermeister/Der-Oberbürgermeister,https://www.hannover.de/Leichte-Sprache/Hannover-und-Region/Politik/Der-Oberbürger･meister,81,143,0.8543953895568848,0.8236954212188721,0.8236954212188721,0.8236954212188721,0.8236954212188721
hannover,https://www.hannover.de/Leben-in-der-Region-Hannover/Mobilität/Kraftfahrzeug-Straße/Bauvorhaben-an-Kreisstraßen,https://www.hannover.de/Leichte-Sprache/Hannover-und-Region/Unterwegs-sein/Bau∙arbeiten-in-der-Region-Hannover-Das-sind-die-Pläne-für-Kreis∙straßen,1354,276,0.7707362174987793,0.751253604888916,0.7383420467376709,0.7039126753807068,0.64536452293396
hannover,https://www.hannover.de/Leben-in-der-Region-Hannover/Soziales/Menschen-mit-Behinderung/Förderung-Unterstützung/Verfahrenslots*innen-für-junge-Menschen-mit-drohender-Behinderung,https://www.hannover.de/Leichte-Sprache/Hilfe-und-Tipps/Beratung-und-Unterstützung/Ansprech∙personen-für-junge-Menschen-mit-Behinderung,520,419,0.5752453804016113,0.6315999627113342,0.6800681352615356,0.7429274320602417,0.7429274320602417
hannover,https://www.hannover.de/Leben-in-der-Region-Hannover/Soziales/Kinder-Jugendliche/Beratung/Beratungsstelle-Inklusion,https://www.hannover.de/Leichte-Sprache/Hilfe-und-Tipps/Beratung-und-Unterstützung/Beratungs∙stelle-Inklusion,189,197,0.8206444382667542,0.8433284759521484,0.8199577927589417,0.8199577927589417,0.8199577927589417
hannover,"https://www.hannover.de/Leben-in-der-Region-Hannover/Verwaltungen-Kommunen/Die-Verwaltung-der-Landeshauptstadt-Hannover/Dezernate-und-Fachbereiche-der-LHH/Jugend,-Familie-Sport/Fachbereich-Jugend-und-Familie/Verfahrenslots*innen-und-inklusive-Beratung",https://www.hannover.de/Leichte-Sprache/Hilfe-und-Tipps/Beratung-und-Unterstützung/Verfahrens∙lotsen-und-Beratung-Ansprech∙personen-für-Menschen-mit-Behinderung,889,1291,0.8374544382095337,0.8271126747131348,0.8085170388221741,0.83158278465271,0.8837224245071411
hannover,https://www.hannover.de/Leben-in-der-Region-Hannover/Soziales/Kinder-Jugendliche/Beratung/JUGEND-STÄRKEN-Brücken-in-die-Eigenständigkeit-JUST-BEst,https://www.hannover.de/Leichte-Sprache/Hilfe-und-Tipps/Beratung-und-Unterstützung/JUST-BEst-Hilfe-bei-der-Lebens∙planung-für-junge-Erwachsene,643,474,0.28308922052383423,0.6143506169319153,0.7197030782699585,0.8150863647460938,0.8150863647460938
hannover,https://www.hannover.de/Leben-in-der-Region-Hannover/Soziales/Senioren/Information-Beratung,https://www.hannover.de/Leichte-Sprache/Hilfe-und-Tipps/Beratung-und-Unterstützung/Hilfe-und-Beratung-für-ältere-Menschen,115,94,0.6388537883758545,0.6997563242912292,0.6997563242912292,0.6997563242912292,0.6997563242912292
hannover,"https://www.hannover.de/Leben-in-der-Region-Hannover/Verwaltungen-Kommunen/Die-Verwaltung-der-Region-Hannover/Stellt-sich-vor/Dezernate-und-Fachbereiche-der-Region-Hannover/Dezernat-Soziales,-Teilhabe,-Familie-und-Jugend/Fachbereich-Jugend/Team-Allgemeiner-Sozialer-Dienst-ASD/Jugendhilfe-im-Strafverfahren",https://www.hannover.de/Leichte-Sprache/Hilfe-und-Tipps/Beratung-und-Unterstützung/Hilfe-für-Jugendliche-im-Straf∙verfahren,580,825,0.584870457649231,0.7334171533584595,0.7732741832733154,0.9163703918457031,0.9163703918457031
hannover,https://www.hannover.de/Leben-in-der-Region-Hannover/Soziales/Sozialleistungen-weitere-Hilfen/RE_StaRT,https://www.hannover.de/Leichte-Sprache/Hilfe-und-Tipps/Beratung-und-Unterstützung/RE_StaRT,279,637,0.7744178175926208,0.7783321142196655,0.7725915908813477,0.7839590311050415,0.7839590311050415
hannover,https://www.hannover.de/Leben-in-der-Region-Hannover/Verwaltungen-Kommunen/Die-Verwaltung-der-Region-Hannover/Pressebereich-Region-Hannover/Archiv-Pressemitteilungen/2022/Höhere-Heizkosten-können-zu-Anspruch-auf-Grundsicherung-führen,https://www.hannover.de/Leichte-Sprache/Hilfe-und-Tipps/Beratung-und-Unterstützung/Hilfe-bei-hohen-Heiz∙kosten-bekommen,224,314,0.674604058265686,0.8222523927688599,0.8620847463607788,0.8620847463607788,0.8620847463607788
hannover,"https://www.hannover.de/Leben-in-der-Region-Hannover/Verwaltungen-Kommunen/Die-Verwaltung-der-Region-Hannover/Stellt-sich-vor/Dezernate-und-Fachbereiche-der-Region-Hannover/Dezernat-Soziales,-Teilhabe,-Familie-und-Jugend/Eingliederungshilfe/Fachbereich-Teilhabe",https://www.hannover.de/Leichte-Sprache/Hilfe-und-Tipps/Büros-und-Ämter-für-Bürger/Fach∙bereich-Teil∙habe-bei-der-Region-Hannover,347,876,0.761090099811554,0.8674017190933228,0.8478796482086182,0.9284641742706299,0.9267882108688354
hannover,https://www.hannover.de/Leben-in-der-Region-Hannover/Bürger-Service/Bürger-Service-in-der-Landeshauptstadt-Hannover/Bürgerämter-der-Landeshauptstadt/Bürgerämter-in-Hannover,https://www.hannover.de/Leichte-Sprache/Hilfe-und-Tipps/Büros-und-Ämter-für-Bürger/Bürger·ämter-in-Hannover,104,192,0.5569667220115662,0.6305539608001709,0.6904060244560242,0.6904060244560242,0.6904060244560242
hannover,https://www.hannover.de/Leben-in-der-Region-Hannover/Verwaltungen-Kommunen/Die-Verwaltung-der-Landeshauptstadt-Hannover/Dezernate-und-Fachbereiche-der-LHH/Soziales-und-Integration/Fachbereich-Soziales-der-Landeshauptstadt,https://www.hannover.de/Leichte-Sprache/Hilfe-und-Tipps/Büros-und-Ämter-für-Bürger/Fach･bereich-Soziales-von-der-Stadt-Hannover,74,125,0.8442562818527222,0.8787876963615417,0.8787876963615417,0.8787876963615417,0.8787876963615417
hannover,"https://www.hannover.de/Leben-in-der-Region-Hannover/Verwaltungen-Kommunen/Die-Verwaltung-der-Region-Hannover/Stellt-sich-vor/Dezernate-und-Fachbereiche-der-Region-Hannover/Dezernat-Soziales,-Teilhabe,-Familie-und-Jugend/Fachbereich-Soziales-Region-Hannover",https://www.hannover.de/Leichte-Sprache/Hilfe-und-Tipps/Büros-und-Ämter-für-Bürger/Fach･bereich-Soziales-von-der-Region-Hannover,154,111,0.8862115144729614,0.9166748523712158,0.9166748523712158,0.9166748523712158,0.9166748523712158
hannover,"https://www.hannover.de/Leben-in-der-Region-Hannover/Verwaltungen-Kommunen/Die-Verwaltung-der-Landeshauptstadt-Hannover/Dezernate-und-Fachbereiche-der-LHH/Jugend,-Familie-Sport/Fachbereich-Jugend-und-Familie",https://www.hannover.de/Leichte-Sprache/Hilfe-und-Tipps/Büros-und-Ämter-für-Bürger/Fach･bereich-Jugend-und-Familie-in-Hannover,113,86,0.7628868818283081,0.722663938999176,0.722663938999176,0.722663938999176,0.722663938999176
hannover,"https://www.hannover.de/Leben-in-der-Region-Hannover/Verwaltungen-Kommunen/Die-Verwaltung-der-Region-Hannover/Stellt-sich-vor/Dezernate-und-Fachbereiche-der-Region-Hannover/Dezernat-Soziales,-Teilhabe,-Familie-und-Jugend/Fachbereich-Jugend",https://www.hannover.de/Leichte-Sprache/Hilfe-und-Tipps/Büros-und-Ämter-für-Bürger/Fach･bereich-Jugend-der-Region-Hannover,249,97,0.7532323598861694,0.6523436307907104,0.636528730392456,0.636528730392456,0.636528730392456
hannover,"https://www.hannover.de/Leben-in-der-Region-Hannover/Verwaltungen-Kommunen/Die-Verwaltung-der-Landeshauptstadt-Hannover/Dezernate-und-Fachbereiche-der-LHH/Jugend,-Familie-Sport/Fachbereich-Jugend-und-Familie/FamilienServiceBüro-der-Landeshauptstadt-Hannover",https://www.hannover.de/Leichte-Sprache/Hilfe-und-Tipps/Büros-und-Ämter-für-Bürger/Familien･service･büro-der-Stadt-Hannover,315,132,0.4949038624763489,0.6750540137290955,0.7050848603248596,0.7050848603248596,0.7050848603248596
hannover,"https://www.hannover.de/Leben-in-der-Region-Hannover/Verwaltungen-Kommunen/Die-Verwaltung-der-Landeshauptstadt-Hannover/Dezernate-und-Fachbereiche-der-LHH/Finanzen,-Ordnung-und-Feuerwehr/Fachbereich-Öffentliche-Ordnung/Fundbüro",https://www.hannover.de/Leichte-Sprache/Hilfe-und-Tipps/Büros-und-Ämter-für-Bürger/Fund･büro,86,141,0.5784764289855957,0.7086940407752991,0.7086940407752991,0.7086940407752991,0.7086940407752991
hannover,https://www.hannover.de/Leben-in-der-Region-Hannover/Soziales/Kinder-Jugendliche/Dein-Weg-ins-Erwachsenenleben/1.-Volljährigkeit2,https://www.hannover.de/Leichte-Sprache/Hilfe-und-Tipps/Volljährigkeit-Was-du-mit-18-Jahren-beachten-musst/1.-Volljährigkeit,617,973,0.704522967338562,0.8248752355575562,0.9107444286346436,0.8853665590286255,0.8848196268081665
hannover,https://www.hannover.de/Leben-in-der-Region-Hannover/Soziales/Kinder-Jugendliche/Dein-Weg-ins-Erwachsenenleben/2.-Erwachsen-werden-in-der-Jugendhilfe,https://www.hannover.de/Leichte-Sprache/Hilfe-und-Tipps/Volljährigkeit-Was-du-mit-18-Jahren-beachten-musst/2.-Jugend∙hilfe,615,472,0.6856725811958313,0.86691814661026,0.8675282001495361,0.8366849422454834,0.8366849422454834
hannover,https://www.hannover.de/Leben-in-der-Region-Hannover/Soziales/Kinder-Jugendliche/Dein-Weg-ins-Erwachsenenleben/3.-Wohnen,https://www.hannover.de/Leichte-Sprache/Hilfe-und-Tipps/Volljährigkeit-Was-du-mit-18-Jahren-beachten-musst/3.-Wohnen,1650,2605,0.6534282565116882,0.7422152757644653,0.8565655946731567,0.8242101669311523,0.9201434850692749
hannover,https://www.hannover.de/Leben-in-der-Region-Hannover/Soziales/Kinder-Jugendliche/Dein-Weg-ins-Erwachsenenleben/4.-Geld,https://www.hannover.de/Leichte-Sprache/Hilfe-und-Tipps/Volljährigkeit-Was-du-mit-18-Jahren-beachten-musst/4.-Geld,1641,1386,0.7908766269683838,0.8220356702804565,0.824824333190918,0.8513767719268799,0.8885585069656372
hannover,https://www.hannover.de/Leben-in-der-Region-Hannover/Soziales/Kinder-Jugendliche/Dein-Weg-ins-Erwachsenenleben/5.-Versicherungen,https://www.hannover.de/Leichte-Sprache/Hilfe-und-Tipps/Volljährigkeit-Was-du-mit-18-Jahren-beachten-musst/5.-Versicherungen,460,718,0.6033375859260559,0.6759601831436157,0.7754384875297546,0.8489378690719604,0.8489378690719604
hannover,https://www.hannover.de/Leben-in-der-Region-Hannover/Soziales/Kinder-Jugendliche/Dein-Weg-ins-Erwachsenenleben/6.-Schule,https://www.hannover.de/Leichte-Sprache/Hilfe-und-Tipps/Volljährigkeit-Was-du-mit-18-Jahren-beachten-musst/6.-Schule,538,444,0.8024687767028809,0.7780981063842773,0.7695841789245605,0.8439105749130249,0.8439105749130249
hannover,https://www.hannover.de/Leben-in-der-Region-Hannover/Soziales/Kinder-Jugendliche/Dein-Weg-ins-Erwachsenenleben/7.-Nach-der-Schule,https://www.hannover.de/Leichte-Sprache/Hilfe-und-Tipps/Volljährigkeit-Was-du-mit-18-Jahren-beachten-musst/7.-Nach-der-Schule,1793,1559,0.685545027256012,0.7577131986618042,0.8114229440689087,0.8514291048049927,0.897192120552063
hannover,https://www.hannover.de/Leben-in-der-Region-Hannover/Soziales/Kinder-Jugendliche/Dein-Weg-ins-Erwachsenenleben/8.-Gesundheit,https://www.hannover.de/Leichte-Sprache/Hilfe-und-Tipps/Volljährigkeit-Was-du-mit-18-Jahren-beachten-musst/8.-Gesundheit,232,240,0.6783859133720398,0.7456719279289246,0.7517828345298767,0.7517828345298767,0.7517828345298767
hannover,https://www.hannover.de/Leben-in-der-Region-Hannover/Soziales/Kinder-Jugendliche/Dein-Weg-ins-Erwachsenenleben/9.-Freizeitgestaltung,https://www.hannover.de/Leichte-Sprache/Hilfe-und-Tipps/Volljährigkeit-Was-du-mit-18-Jahren-beachten-musst/9.-Freizeit,267,239,0.6400089859962463,0.7488818168640137,0.7687341570854187,0.7687341570854187,0.7687341570854187
hannover,https://www.hannover.de/Leben-in-der-Region-Hannover/Soziales/Kinder-Jugendliche/Dein-Weg-ins-Erwachsenenleben/10.-Beratung-und-Hilfen,https://www.hannover.de/Leichte-Sprache/Hilfe-und-Tipps/Volljährigkeit-Was-du-mit-18-Jahren-beachten-musst/10.-Beratung-und-Hilfen,1374,1569,0.7998983860015869,0.775752067565918,0.842270016670227,0.8360645771026611,0.9098499417304993
hannover,https://www.hannover.de/Leben-in-der-Region-Hannover/Soziales/Familie-Partnerschaft/Frühe-Hilfen-–-Frühe-Chancen,https://www.hannover.de/Leichte-Sprache/Hilfe-und-Tipps/Familie-und-Partnerschaft/Frühe-Hilfen-für-Familien,250,410,0.8956727385520935,0.845496416091919,0.8845270872116089,0.8818515539169312,0.8818515539169312
hannover,https://www.hannover.de/Leben-in-der-Region-Hannover/Soziales/Familie-Partnerschaft/Koordinierungsstelle-Alleinerziehende,https://www.hannover.de/Leichte-Sprache/Hilfe-und-Tipps/Familie-und-Partnerschaft/Koordinierungs∙stelle-Unterstützung-für-Allein∙erziehende,143,119,0.690448522567749,0.7168663740158081,0.7168663740158081,0.7168663740158081,0.7168663740158081
hannover,https://www.hannover.de/Leben-in-der-Region-Hannover/Gesundheit/Gesundheitsschutz/Beratungsstelle-für-Sexuelle-Gesundheit,https://www.hannover.de/Leichte-Sprache/Hilfe-und-Tipps/Gesundheit2/Hilfe-bei-Geschlechts∙krankheiten,124,236,0.2481377124786377,0.5285133123397827,0.6066253185272217,0.6066253185272217,0.6066253185272217
hannover,"https://www.hannover.de/Leben-in-der-Region-Hannover/Gesundheit/Gesundheitsschutz/Beratungsstelle-für-Sexuelle-Gesundheit/GAYsund-!-Angebote-für-Männer,-die-Sex-mit-Männern-haben",https://www.hannover.de/Leichte-Sprache/Hilfe-und-Tipps/Gesundheit2/GAYsund,319,395,0.5863505601882935,0.6485157012939453,0.7948795557022095,0.8400933742523193,0.8400933742523193
hannover,https://www.hannover.de/Leben-in-der-Region-Hannover/Kulturförderung/Kulturförderung-der-Region-Hannover/1.-Projektförderung,https://www.hannover.de/Leichte-Sprache/Hilfe-und-Tipps/Förderung-von-Kultur-in-der-Region-Hannover/1.-Förderung-für-Projekte,493,542,0.6661553382873535,0.7002716064453125,0.7708402872085571,0.80941241979599,0.80941241979599
hannover,https://www.hannover.de/Leben-in-der-Region-Hannover/Kulturförderung/Kulturförderung-der-Region-Hannover/2.-Kulturelle-Bildung,https://www.hannover.de/Leichte-Sprache/Hilfe-und-Tipps/Förderung-von-Kultur-in-der-Region-Hannover/2.-Förderung-für-Projekte-mit-kulturellen-Aufgaben,219,493,0.6510615348815918,0.626441478729248,0.7209091186523438,0.7498926520347595,0.7498926520347595
hannover,https://www.hannover.de/Leben-in-der-Region-Hannover/Kulturförderung/Kulturförderung-der-Region-Hannover/3.-Chorförderung,https://www.hannover.de/Leichte-Sprache/Hilfe-und-Tipps/Förderung-von-Kultur-in-der-Region-Hannover/3.-Förderung-für-die-Arbeit-in-einem-Chor,205,327,0.6945391297340393,0.7135241031646729,0.785459041595459,0.785459041595459,0.785459041595459
hannover,https://www.hannover.de/Leben-in-der-Region-Hannover/Kulturförderung/Kulturförderung-der-Region-Hannover/4.-Spielplanförderung,https://www.hannover.de/Leichte-Sprache/Hilfe-und-Tipps/Förderung-von-Kultur-in-der-Region-Hannover/4.-Förderung-für-Spiel∙pläne,337,408,0.4830983877182007,0.6197822093963623,0.7957538366317749,0.7928993701934814,0.7928993701934814
hannover,https://www.hannover.de/Leben-in-der-Region-Hannover/Kulturförderung/Kulturförderung-der-Region-Hannover/7.-Institutionelle-Förderung,https://www.hannover.de/Leichte-Sprache/Hilfe-und-Tipps/Förderung-von-Kultur-in-der-Region-Hannover/7.-Förderung-für-kulturelle-Einrichtungen,365,258,0.46968263387680054,0.5651368498802185,0.74802166223526,0.7235020995140076,0.7235020995140076
hannover,https://www.hannover.de/Leben-in-der-Region-Hannover/Kulturförderung/Kulturförderung-der-Region-Hannover/8.-Theaterpädagogik,https://www.hannover.de/Leichte-Sprache/Hilfe-und-Tipps/Förderung-von-Kultur-in-der-Region-Hannover/8.-Förderung-für-Theater,278,239,0.6130127906799316,0.6450895071029663,0.7412726879119873,0.7412726879119873,0.7412726879119873
hannover,https://www.hannover.de/Leben-in-der-Region-Hannover/Sicherheit-Ordnung/Feuerwehr-Hannover/Rettungsdienst2/Wer-hilft-wann,https://www.hannover.de/Leichte-Sprache/Hilfe-und-Tipps/Notfall/Wer-hilft-mir-bei-welchem-Notfall,700,924,0.6644328236579895,0.6552244424819946,0.7581125497817993,0.7521129250526428,0.76613450050354
hannover,https://www.hannover.de/Service/Presse-Medien/Hannover.de/Aktuelles/Gut-zu-wissen/Evakuierung-Das-gehört-ins-Not­fall­gepäck,https://www.hannover.de/Leichte-Sprache/Hilfe-und-Tipps/Notfall/Was-passiert-bei-einer-Evakuierung,592,807,0.4656936228275299,0.5642626881599426,0.6443314552307129,0.683816134929657,0.683816134929657
hannover,https://www.hannover.de/Leben-in-der-Region-Hannover/Soziales/Frauen-und-Gleichstellung/Gleichstellungsbeauftragte-der-Region-Hannover/Beratung-und-Unterstützung-gegen-häusliche-und-sexualisierte-Gewalt,https://www.hannover.de/Leichte-Sprache/Hilfe-und-Tipps/Notfall/Hilfe-bei-Gewalt,1193,395,0.42736178636550903,0.6181255578994751,0.7530854344367981,0.7397961616516113,0.7109475135803223
hannover,https://www.hannover.de/Service/Notdienste-Notfall­nummern/Ärztliche-Notdienste/Ärztliche-Notdienste-in-der-Region-Hannover,https://www.hannover.de/Leichte-Sprache/Hilfe-und-Tipps/Notfall/Not∙dienste,324,201,0.5197855234146118,0.6297439336776733,0.7052709460258484,0.7125856876373291,0.7125856876373291
hannover,https://www.hannover.de/Leben-in-der-Region-Hannover/Soziales/Menschen-mit-Behinderung/Aktuelles/Meldungen/Notfall­pass-für-Menschen-mit-Taub­blind­heit,https://www.hannover.de/Leichte-Sprache/Hilfe-und-Tipps/Notfälle-und-Katastrophen-Hilfe-und-Tipps/Notfall∙pass-für-Menschen-mit-Taub∙blindheit,373,429,0.7649061679840088,0.8501704931259155,0.8717128038406372,0.8982274532318115,0.8982274532318115
hannover,https://www.hannover.de/Leben-in-der-Region-Hannover/Verwaltungen-Kommunen/Die-Verwaltung-der-Landeshauptstadt-Hannover/Dezernate-und-Fachbereiche-der-LHH/Soziales-und-Integration/Fachbereich-Gesellschaftliche-Teilhabe/Die-Struktur/Soziale-Hilfen-in-Wohnungslosigkeit/Nothilfe-in-Sommer-und-Winter/Sommerhilfe-und-Hilfen-im-Sommer-auf-der-Straße,https://www.hannover.de/Leichte-Sprache/Hilfe-und-Tipps/Menschen-ohne-Wohnung-Hilfs∙angebote-im-Sommer-und-Winter/Hilfen-im-Sommer-für-Menschen-ohne-Wohnung,592,605,0.8994162082672119,0.9173479676246643,0.8702164888381958,0.8480091094970703,0.8480091094970703
hannover,https://www.hannover.de/Leben-in-der-Region-Hannover/Verwaltungen-Kommunen/Die-Verwaltung-der-Landeshauptstadt-Hannover/Dezernate-und-Fachbereiche-der-LHH/Soziales-und-Integration/Fachbereich-Gesellschaftliche-Teilhabe/Die-Struktur/Soziale-Hilfen-in-Wohnungslosigkeit/Nothilfe-in-Sommer-und-Winter/Winternothilfe-und-Hilfen-im-Winter-auf-der-Straße,https://www.hannover.de/Leichte-Sprache/Hilfe-und-Tipps/Menschen-ohne-Wohnung-Hilfs∙angebote-im-Sommer-und-Winter/Hilfen-im-Winter-für-Menschen-ohne-Wohnung,588,866,0.8080722093582153,0.8432647585868835,0.7709869146347046,0.7803606986999512,0.7769094705581665
hannover,https://www.hannover.de/Leben-in-der-Region-Hannover/Soziales/Menschen-mit-Behinderung/Mobilität/%22Gemeinsam-mobil%22,https://www.hannover.de/Leichte-Sprache/Nachrichten-und-Veranstaltungen/Nachrichten/Begleit%E2%88%99service-f%C3%BCr-Fahrg%C3%A4ste,289,426,0.7365039587020874,0.8428868651390076,0.8436511754989624,0.8910232186317444,0.8910232186317444
hannover,https://www.hannover.de/Leben-in-der-Region-Hannover/Soziales/Familie-Partnerschaft/Frühe-Hilfen-–-Frühe-Chancen/Eltern/Fachkräfte-Frühe-Hilfen,https://www.hannover.de/Leichte-Sprache/Hilfe-und-Tipps/Schwangerschaft-und-Geburt/Fachkräfte-Frühe-Hilfen,471,266,0.8802637457847595,0.9072644114494324,0.92254638671875,0.9314329624176025,0.9314329624176025
hannover,https://www.hannover.de/Kultur-Freizeit/Naherholung/Raus-in-die-Natur/Bewegen/Spielplätze-in-Hannover,https://www.hannover.de/Leichte-Sprache/Freizeit-und-Tourismus/Draußen/Spiel･plätze-in-Hannover,438,147,0.8110164999961853,0.8937410116195679,0.8544865846633911,0.8612498044967651,0.8612498044967651
hannover,https://www.hannover.de/Kultur-Freizeit/Naherholung/Raus-in-die-Natur/„Grüne-Schätze“,https://www.hannover.de/Leichte-Sprache/Freizeit-und-Tourismus/Draußen/Grüne-Schätze,1105,407,0.6670811176300049,0.8096675276756287,0.9082075357437134,0.9284530282020569,0.9270815849304199
hannover,"https://www.hannover.de/Kultur-Freizeit/Bühnen,-Musik,-Literatur/Kino",https://www.hannover.de/Leichte-Sprache/Freizeit-und-Tourismus/Drinnen/Kinos,210,154,0.8614698648452759,0.9256462454795837,0.9204875230789185,0.9204875230789185,0.9204875230789185
hannover,https://www.hannover.de/Leben-in-der-Region-Hannover/Soziales/Kinder-Jugendliche/Kinderbetreuung/Kita-Start-Fragen-und-Antworten,https://www.hannover.de/Leichte-Sprache/Lernen-und-Arbeiten/Lernen/Informationen-zur-Kinder∙tages∙stätte,894,1110,0.8130764961242676,0.826026201248169,0.8991923928260803,0.9133149981498718,0.8548382520675659
hannover,https://www.hannover.de/Leben-in-der-Region-Hannover/Soziales/Kinder-Jugendliche/Kinderbetreuung/Krippe-Krippenplatz-Fragen-und-Antworten,https://www.hannover.de/Leichte-Sprache/Lernen-und-Arbeiten/Lernen/Informationen-zur-Krippe,1025,1152,0.7055609226226807,0.8142425417900085,0.8659803867340088,0.9091876149177551,0.8580385446548462
hannover,https://www.hannover.de/Leben-in-der-Region-Hannover/Bildung/Lernen-außerschulisch/Medienzentrum-der-Region-Hannover,https://www.hannover.de/Leichte-Sprache/Lernen-und-Arbeiten/Lernen/Medien･zentrum-der-Region-Hannover,227,99,0.6391975283622742,0.761847198009491,0.728906512260437,0.728906512260437,0.728906512260437
hannover,https://www.hannover.de/Wirtschaft-Wissenschaft/Arbeit/Arbeitsmarkt/Jobsuche/Jobcenter-Region-Hannover,https://www.hannover.de/Leichte-Sprache/Lernen-und-Arbeiten/Arbeiten/Job･center-von-der-Region-Hannover,200,210,0.735877513885498,0.7430193424224854,0.782906711101532,0.782906711101532,0.782906711101532
hannover,https://www.hannover.de/Leben-in-der-Region-Hannover/Soziales/Sozialleistungen-weitere-Hilfen/Bildungs-und-Teilhabepaket,https://www.hannover.de/Leichte-Sprache/Hilfe-und-Tipps/Sozial%EF%BD%A5leistungen/Informationen-zu-Bildung-und-Teilhabe,664,238,0.7118719220161438,0.6623008847236633,0.6257420778274536,0.7517116069793701,0.7517116069793701
hannover,https://www.hannover.de/Leben-in-der-Region-Hannover/Umwelt-Nachhaltigkeit/Verhalten-bei-extremem-Wetter/Glätte-und-Schnee-in-der-Region-Hannover,https://www.hannover.de/Leichte-Sprache/Hilfe-und-Tipps/Notfälle-und-Katastrophen-Hilfe-und-Tipps/Verhalten-bei-extremem-Wetter/Schnee-und-Glatt∙eis-in-Hannover,1081,804,0.35110294818878174,0.4273875653743744,0.47167739272117615,0.8442113399505615,0.8962262868881226
hannover,https://www.hannover.de/Leben-in-der-Region-Hannover/Umwelt-Nachhaltigkeit/Verhalten-bei-extremem-Wetter/Hitze-in-der-Region-Hannover,https://www.hannover.de/Leichte-Sprache/Hilfe-und-Tipps/Notfälle-und-Katastrophen-Hilfe-und-Tipps/Verhalten-bei-extremem-Wetter/Hitze-in-der-Region-Hannover,346,143,0.59381502866745,0.8762762546539307,0.8787639141082764,0.8787639141082764,0.8787639141082764
hannover,https://www.hannover.de/Leben-in-der-Region-Hannover/Umwelt-Nachhaltigkeit/Verhalten-bei-extremem-Wetter/Hochwasser-in-der-Region-Hannover,https://www.hannover.de/Leichte-Sprache/Hilfe-und-Tipps/Notfälle-und-Katastrophen-Hilfe-und-Tipps/Verhalten-bei-extremem-Wetter/Hoch∙wasser-in-der-Region-Hannover,680,667,0.7564532160758972,0.8328967094421387,0.8595678806304932,0.8627914190292358,0.8874147534370422
hannover,https://www.hannover.de/Leben-in-der-Region-Hannover/Umwelt-Nachhaltigkeit/Verhalten-bei-extremem-Wetter/Kälte-in-der-Region-Hannover,https://www.hannover.de/Leichte-Sprache/Hilfe-und-Tipps/Notfälle-und-Katastrophen-Hilfe-und-Tipps/Verhalten-bei-extremem-Wetter/Kälte-in-Hannover,1058,815,0.11107994616031647,0.31005361676216125,0.632010817527771,0.8654437065124512,0.8766754269599915
hannover,https://www.hannover.de/Leben-in-der-Region-Hannover/Umwelt-Nachhaltigkeit/Verhalten-bei-extremem-Wetter/Sturm-und-Gewitter,https://www.hannover.de/Leichte-Sprache/Hilfe-und-Tipps/Notfälle-und-Katastrophen-Hilfe-und-Tipps/Verhalten-bei-extremem-Wetter/Gewitter-und-Sturm-in-Hannover,669,771,0.5641382336616516,0.5073719620704651,0.6727641820907593,0.8693222403526306,0.8693222403526306
hannover,https://www.hannover.de/Leben-in-der-Region-Hannover/Umwelt-Nachhaltigkeit/Verhalten-bei-extremem-Wetter/Wann-fällt-die-Schule-aus,https://www.hannover.de/Leichte-Sprache/Hilfe-und-Tipps/Notfälle-und-Katastrophen-Hilfe-und-Tipps/Verhalten-bei-extremem-Wetter/Wann-fällt-in-Hannover-die-Schule-aus,204,285,0.6412186622619629,0.7584959864616394,0.8367477059364319,0.8367477059364319,0.8367477059364319
hannover,https://www.hannover.de/Kultur-Freizeit/Geschichte-Geschichten/Erinnerungskultur/Gedenkstätte-Ahlem/Die-Gedenkstätte-heute,https://www.hannover.de/Leichte-Sprache/Nachrichten-und-Veranstaltungen/Nachrichten/Die-Gedenkstätte-Ahlem/Die-Gedenkstätte-Ahlem-heute,305,423,0.710005521774292,0.716991662979126,0.8215733766555786,0.8068521022796631,0.8068521022796631
hannover,https://www.hannover.de/Kultur-Freizeit/Geschichte-Geschichten/Erinnerungskultur/Gedenkstätte-Ahlem/Die-Geschichte-des-Ortes,https://www.hannover.de/Leichte-Sprache/Nachrichten-und-Veranstaltungen/Nachrichten/Die-Gedenkstätte-Ahlem/Die-Geschichte-von-der-Gedenkstätte-Ahlem,353,473,0.9290223717689514,0.8842611312866211,0.8911958336830139,0.8806126117706299,0.8806126117706299
hannover,https://www.hannover.de/Kultur-Freizeit/Geschichte-Geschichten/Erinnerungskultur/Gedenkstätte-Ahlem/Führungen-und-pädagogisches-Angebot,https://www.hannover.de/Leichte-Sprache/Nachrichten-und-Veranstaltungen/Nachrichten/Die-Gedenkstätte-Ahlem/Lern∙angebote-in-der-Gedenkstätte-Ahlem,465,601,0.721603274345398,0.7083576321601868,0.8469801545143127,0.8664491176605225,0.8664491176605225
hannover,https://www.hannover.de/Leben-in-der-Region-Hannover/Umwelt-Nachhaltigkeit/Klimawandel-und-anpassung,https://www.hannover.de/Leichte-Sprache/Hilfe-und-Tipps/Gesundheit2/Gesundheits%EF%BD%A5tipps/Hitze-in-der-Region-Hannover/Klima%E2%88%99wandel-und-Klima%E2%88%99anpassung,168,365,0.7986337542533875,0.8268074989318848,0.8789342045783997,0.8789342045783997,0.8789342045783997
hannover,https://www.hannover.de/Service/Presse-Medien/Hannover.de/Aktuelles/Gut-zu-wissen/Glossar-Feste-und-Feiertage/Warum-und-wie-Hannover-Silvester-und-Neujahr-feiert,https://www.hannover.de/Leichte-Sprache/Nachrichten-und-Veranstaltungen/Nachrichten/Warum-feiern-wir-Silvester-und-Neu%E2%88%99jahr,905,196,0.7299376726150513,0.6914482712745667,0.7638463973999023,0.7613497376441956,0.7357013821601868
hannover,https://www.hannover.de/Leben-in-der-Region-Hannover/Mobilität/Bus-Bahn/GVH-–-Großraum-Verkehr-Hannover,https://www.hannover.de/Leichte-Sprache/Hannover-und-Region/Unterwegs-sein/Unterwegs-mit-Bus-und-Bahn/Gro%C3%9Fraum-Verkehr-Hannover,331,386,0.4936167299747467,0.6525917053222656,0.7904669046401978,0.8021135330200195,0.8021135330200195
hannover,"https://www.hannover.de/Leben-in-der-Region-Hannover/Verwaltungen-Kommunen/Die-Verwaltung-der-Region-Hannover/Stellt-sich-vor/Dezernate-und-Fachbereiche-der-Region-Hannover/Dezernat-Bildung,-Kultur-und-Baumanagement/Fachbereich-Bildung-und-Kultur/Team-Kultur/Bildende-Kunst/Atelierspaziergang",https://www.hannover.de/Leichte-Sprache/Nachrichten-und-Veranstaltungen/Nachrichten/Atelier∙spaziergang-Kunst-erleben,365,287,0.7564698457717896,0.6020639538764954,0.6081709265708923,0.6041167974472046,0.6041167974472046
hannover,https://www.hannover.de/Leben-in-der-Region-Hannover/Soziales/Senioren/Information-Beratung/Kostenlose-Beratung,https://www.hannover.de/Leichte-Sprache/Hilfe-und-Tipps/Beratung-und-Unterstützung/Hilfe-und-Beratung-für-ältere-Menschen/Kosten∙lose-Beratung,102,204,0.649542510509491,0.8100723028182983,0.8202986717224121,0.8202986717224121,0.8202986717224121
hannover,https://www.hannover.de/Leben-in-der-Region-Hannover/Verwaltungen-Kommunen/Die-Verwaltung-der-Region-Hannover/Die-Hörregion-Hannover/Gesund-hören/11-Tipps-für-gutes-Hören,https://www.hannover.de/Leichte-Sprache/Hannover-und-Region/Die-Verwaltung-von-der-Region-Hannover/Die-Hör∙region-Hannover/Gesund-hören/Tipps-für-gutes-Hören,688,869,0.9002262353897095,0.9119472503662109,0.8962185978889465,0.9180859327316284,0.9245336651802063
hannover,https://www.hannover.de/Leben-in-der-Region-Hannover/Verwaltungen-Kommunen/Die-Verwaltung-der-Region-Hannover/Die-Hörregion-Hannover/Hören-lernen/Gutes-Hören-in-der-Kita,https://www.hannover.de/Leichte-Sprache/Hannover-und-Region/Die-Verwaltung-von-der-Region-Hannover/Die-Hör∙region-Hannover/Hören-lernen/Gutes-Hören-in-der-Kinder∙tages∙stätte,322,489,0.6785027980804443,0.8271758556365967,0.8464989066123962,0.8950609564781189,0.8950609564781189
hannover,https://www.hannover.de/Leben-in-der-Region-Hannover/Verwaltungen-Kommunen/Die-Verwaltung-der-Region-Hannover/Die-Hörregion-Hannover/Gesund-hören/Hilfe-für-Menschen-mit-Hörbeeinträchtigung,https://www.hannover.de/Leichte-Sprache/Hannover-und-Region/Die-Verwaltung-von-der-Region-Hannover/Die-Hör∙region-Hannover/Gesund-hören/Hilfe-für-Menschen-mit-einer-Hör∙beeinträchtigung,405,974,0.752577543258667,0.7925892472267151,0.7895504236221313,0.8798264861106873,0.9072423577308655
hannover,https://www.hannover.de/Leben-in-der-Region-Hannover/Mobilität/Bus-Bahn/Angebot-Infrastruktur/sprinti-–-On-Demand-Angebot,https://www.hannover.de/Leichte-Sprache/Hannover-und-Region/Unterwegs-sein/Unterwegs-mit-Bus-und-Bahn/sprinti-in-der-Region-Hannover,270,549,0.7424262166023254,0.7617742419242859,0.8546109795570374,0.8694838285446167,0.8694838285446167
hannover,https://www.hannover.de/Service/Mobil-in-Hannover/Busse-und-Bahnen-in-der-Region-Hannover/Nachtsternverkehr,https://www.hannover.de/Leichte-Sprache/Hannover-und-Region/Unterwegs-sein/Unterwegs-mit-Bus-und-Bahn/Nacht･stern･verkehr,619,166,0.5965641140937805,0.6678516268730164,0.7233209609985352,0.7111577391624451,0.7111577391624451
hannover,https://www.hannover.de/Service/Mobil-in-Hannover/An-und-Abreise-nach-und-von-Hannover/Fernbusse-von-und-nach-Hannover,https://www.hannover.de/Leichte-Sprache/Hannover-und-Region/Unterwegs-sein/Unterwegs-mit-Bus-und-Bahn/Fern･busse,287,243,0.48524606227874756,0.5578615665435791,0.671667218208313,0.671667218208313,0.671667218208313
hannover,https://www.hannover.de/Service/Mobil-in-Hannover/Weitere-Mobilitätsdienste/Rund-ums-Taxi/Frauennachttaxi,https://www.hannover.de/Leichte-Sprache/Hannover-und-Region/Unterwegs-sein/Unterwegs-mit-dem-Taxi/Frauen%EF%BD%A5nacht%EF%BD%A5taxi,620,1659,0.800692617893219,0.8170820474624634,0.8273502588272095,0.8360123038291931,0.8441498279571533
hannover,https://www.hannover.de/Leben-in-der-Region-Hannover/Soziales/Senioren/Information-Beratung/Albtraum-Betrug-Diebstahl-Einbruch-Überfall,https://www.hannover.de/Leichte-Sprache/Hilfe-und-Tipps/Beratung-und-Unterstützung/Hilfe-und-Beratung-für-ältere-Menschen/Hilfe-für-ältere-Menschen-Beratung-über-den-Schutz-vor-Einbrüchen,211,257,0.539993405342102,0.7104713916778564,0.7511053085327148,0.7511053085327148,0.7511053085327148
hannover,https://www.hannover.de/Leben-in-der-Region-Hannover/Soziales/Senioren/Information-Beratung/Hilfen-für-hörgeschädigte-Menschen,https://www.hannover.de/Leichte-Sprache/Hilfe-und-Tipps/Beratung-und-Unterstützung/Hilfe-und-Beratung-für-ältere-Menschen/Hilfen-für-Menschen-mit-Hör∙behinderung,222,357,0.6730233430862427,0.8382226228713989,0.8632612228393555,0.8632612228393555,0.8632612228393555
hannover,https://www.hannover.de/Leben-in-der-Region-Hannover/Soziales/Senioren/Information-Beratung/Infobroschüre,https://www.hannover.de/Leichte-Sprache/Hilfe-und-Tipps/Beratung-und-Unterstützung/Hilfe-und-Beratung-für-ältere-Menschen/Info∙broschüre-für-Senioren,174,282,0.739192008972168,0.8230630159378052,0.8994858860969543,0.8994858860969543,0.8994858860969543
hannover,https://www.hannover.de/Leben-in-der-Region-Hannover/Soziales/Senioren/Information-Beratung/Mobilität-Öffentlicher-Personennahverkehr-ÖPNV,https://www.hannover.de/Leichte-Sprache/Hilfe-und-Tipps/Beratung-und-Unterstützung/Hilfe-und-Beratung-für-ältere-Menschen/Bus-und-Bahn-fahren-Informationen-für-ältere-Menschen,439,379,0.7859236001968384,0.7095348238945007,0.7802373170852661,0.7936094403266907,0.7936094403266907
hannover,https://www.hannover.de/Leben-in-der-Region-Hannover/Soziales/Senioren/Information-Beratung/Seniorenbeiräte-und-Seniorenräte/Seniorenbeirat-der-Region-Hannover,https://www.hannover.de/Leichte-Sprache/Hilfe-und-Tipps/Beratung-und-Unterstützung/Hilfe-und-Beratung-für-ältere-Menschen/Informationen-zum-Senioren∙beirat,282,426,0.7420995235443115,0.8732556104660034,0.9088554382324219,0.9083094000816345,0.9083094000816345
hannover,https://www.hannover.de/Leben-in-der-Region-Hannover/Soziales/Senioren/Information-Beratung/Seniorenbeiräte-und-Seniorenräte,https://www.hannover.de/Leichte-Sprache/Hilfe-und-Tipps/Beratung-und-Unterstützung/Hilfe-und-Beratung-für-ältere-Menschen/Der-Senioren∙beirat,228,450,0.7467610836029053,0.7967042326927185,0.8238327503204346,0.8158656358718872,0.8158656358718872
hannover,https://www.hannover.de/Leben-in-der-Region-Hannover/Soziales/Senioren/Information-Beratung/Seniorentelefon-der-Stadt-Hannover,https://www.hannover.de/Leichte-Sprache/Hilfe-und-Tipps/Beratung-und-Unterstützung/Hilfe-und-Beratung-für-ältere-Menschen/Senioren∙telefon-in-der-Stadt-Hannover,99,212,0.9462160468101501,0.9425422549247742,0.9408592581748962,0.9408592581748962,0.9408592581748962
hannover,https://www.hannover.de/Leben-in-der-Region-Hannover/Soziales/Senioren/Information-Beratung/Telefonseelsorge,https://www.hannover.de/Leichte-Sprache/Hilfe-und-Tipps/Beratung-und-Unterstützung/Hilfe-und-Beratung-für-ältere-Menschen/Telefon∙beratung-bei-Problemen-und-Sorgen,98,331,0.6482200026512146,0.7467871904373169,0.7454447746276855,0.7454447746276855,0.7454447746276855
hannover,https://www.hannover.de/Leben-in-der-Region-Hannover/Soziales/Senioren/Wohnen-im-Alter/Wohnberatung,https://www.hannover.de/Leichte-Sprache/Hilfe-und-Tipps/Beratung-und-Unterstützung/Hilfe-und-Beratung-für-ältere-Menschen/Wohn∙beratung,292,389,0.555903434753418,0.5275046229362488,0.811924159526825,0.813789427280426,0.813789427280426
hannover,"https://www.hannover.de/Leben-in-der-Region-Hannover/Soziales/Familie-Partnerschaft/Beratung-Unterstützung/Beratung-für-Eltern,-Kinder-und-Jugendliche/Familien-und-Erziehungsberatung/Jugend-und-Familienberatung-der-Landeshauptstadt-Hannover",https://www.hannover.de/Leichte-Sprache/Hilfe-und-Tipps/Beratung-und-Unterstützung/Beratung-für-Eltern.-Für-Kinder.-Und-für-Jugendliche/Jugend∙beratung-und-Familien∙beratung-bei-der-Stadt-Hannover,518,1437,0.7249968647956848,0.7422658205032349,0.8255230188369751,0.8138022422790527,0.8666867613792419
hannover,"https://www.hannover.de/Leben-in-der-Region-Hannover/Soziales/Familie-Partnerschaft/Beratung-Unterstützung/Beratung-für-Eltern,-Kinder-und-Jugendliche/Familien-und-Erziehungsberatung/Beratungsstellen-für-Eltern,-Kinder-und-Jugendliche-der-Region-Hannover",https://www.hannover.de/Leichte-Sprache/Hilfe-und-Tipps/Beratung-und-Unterstützung/Beratung-für-Eltern.-Für-Kinder.-Und-für-Jugendliche/Familien∙beratung-und-Erziehungs∙beratung/Beratungs∙stellen-für-Eltern.-Für-Kinder.-Und-für-Jugendliche,261,231,0.7396976947784424,0.7432328462600708,0.7764123678207397,0.7764123678207397,0.7764123678207397
hannover,"https://www.hannover.de/Leben-in-der-Region-Hannover/Soziales/Familie-Partnerschaft/Beratung-Unterstützung/Beratung-für-Eltern,-Kinder-und-Jugendliche/Familien-und-Erziehungsberatung",https://www.hannover.de/Leichte-Sprache/Hilfe-und-Tipps/Beratung-und-Unterstützung/Beratung-für-Eltern.-Für-Kinder.-Und-für-Jugendliche/Familien∙beratung-und-Erziehungs∙beratung,133,211,0.6874207854270935,0.8803684711456299,0.8848259449005127,0.8848259449005127,0.8848259449005127
hannover,"https://www.hannover.de/Leben-in-der-Region-Hannover/Soziales/Familie-Partnerschaft/Beratung-Unterstützung/Beratung-für-Eltern,-Kinder-und-Jugendliche/Familien-und-Erziehungsberatung/Jugend-,-Familien-und-Erziehungsberatung/Beratungsstellen-der-Landeshauptstadt-Hannover/Sprechstunden-der-Beratungsstellen-der-Jugend-und-Familienberatung",https://www.hannover.de/Leichte-Sprache/Hilfe-und-Tipps/Beratung-und-Unterstützung/Beratung-für-Eltern.-Für-Kinder.-Und-für-Jugendliche/Sprech∙stunden-bei-den-Beratungs∙stellen,238,790,0.8880599141120911,0.7937264442443848,0.853361964225769,0.8748651742935181,0.8748651742935181
hannover,"https://www.hannover.de/Leben-in-der-Region-Hannover/Soziales/Familie-Partnerschaft/Beratung-Unterstützung/Beratung-für-Eltern,-Kinder-und-Jugendliche/Frühe-Beratung/Sprechstunde-für-Eltern-von-Säuglingen-Kleinkindern",https://www.hannover.de/Leichte-Sprache/Hilfe-und-Tipps/Beratung-und-Unterstützung/Beratung-für-Eltern.-Für-Kinder.-Und-für-Jugendliche/Sprech∙stunde-für-Eltern-mit-Säuglingen-und-Klein∙kindern,185,418,0.5947540998458862,0.6733944416046143,0.8252952694892883,0.8252952694892883,0.8252952694892883
hannover,"https://www.hannover.de/Leben-in-der-Region-Hannover/Soziales/Familie-Partnerschaft/Beratung-Unterstützung/Beratung-für-Eltern,-Kinder-und-Jugendliche/Aktuelles-aus-den-Beratungsstellen/Kinder-im-Blick",https://www.hannover.de/Leichte-Sprache/Hilfe-und-Tipps/Beratung-und-Unterstützung/Beratung-für-Eltern.-Für-Kinder.-Und-für-Jugendliche/Angebote-für-Kinder-und-Eltern/Kurse-für-Eltern,444,319,0.7943812608718872,0.8174556493759155,0.8129674196243286,0.8406926393508911,0.8406926393508911
hannover,"https://www.hannover.de/Leben-in-der-Region-Hannover/Soziales/Familie-Partnerschaft/Beratung-Unterstützung/Beratung-für-Eltern,-Kinder-und-Jugendliche/Familien-und-Erziehungsberatung/Jugend-und-Familienberatung-der-Landeshauptstadt-Hannover/Gruppenangebot-für-Kinder-von-getrennten-lebenden-Eltern",https://www.hannover.de/Leichte-Sprache/Hilfe-und-Tipps/Beratung-und-Unterstützung/Beratung-für-Eltern.-Für-Kinder.-Und-für-Jugendliche/Angebote-für-Kinder-und-Eltern/Gruppen∙angebot-für-Kinder,542,338,0.5793755054473877,0.7055608630180359,0.8328052163124084,0.856166660785675,0.856166660785675
hannover,https://www.hannover.de/Leben-in-der-Region-Hannover/Bürger-Service/Bürger-Service-in-der-Landeshauptstadt-Hannover/Termine-bei-Behörden-buchen/Terminvereinbarung-in-den-Bürgerämtern,https://www.hannover.de/Leichte-Sprache/Hilfe-und-Tipps/Büros-und-Ämter-für-Bürger/Bürger·ämter-in-Hannover/Termin･vereinbarung-in-den-Bürger･ämtern,330,458,0.7376946806907654,0.8117631673812866,0.851904034614563,0.8467869758605957,0.8467869758605957
hannover,https://www.hannover.de/Leben-in-der-Region-Hannover/Soziales/Familie-Partnerschaft/Koordinierungsstelle-Alleinerziehende/Angebote-für-Alleinerziehende,https://www.hannover.de/Leichte-Sprache/Hilfe-und-Tipps/Familie-und-Partnerschaft/Koordinierungs∙stelle-Unterstützung-für-Allein∙erziehende/Angebote-für-Allein∙erziehende,104,51,0.7427812814712524,0.7394844889640808,0.7394844889640808,0.7394844889640808,0.7394844889640808
hannover,https://www.hannover.de/Leben-in-der-Region-Hannover/Verwaltungen-Kommunen/Die-Verwaltung-der-Region-Hannover/Pressebereich-Region-Hannover/Archiv-Pressemitteilungen/2022/Erster-Fall-von-Affenpocken-in-der-Region-Hannover-nachgewiesen,https://www.hannover.de/Leichte-Sprache/Hilfe-und-Tipps/Gesundheit2/Gesundheits･tipps/Das-müssen-Sie-über-Affen∙pocken-wissen,359,454,0.4774187207221985,0.4507846534252167,0.7061927914619446,0.7332395911216736,0.7332395911216736
hannover,https://www.hannover.de/Leben-in-der-Region-Hannover/Gesundheit/Gesundheitsschutz/Gesundheitstipps/Der-Erkältung-vorbeugen,https://www.hannover.de/Leichte-Sprache/Hilfe-und-Tipps/Gesundheit2/Gesundheits･tipps/Wie-kann-ich-mich-vor-einer-Erkältung-schützen,1243,1051,0.827627420425415,0.9041734933853149,0.8917553424835205,0.9012842774391174,0.9097501039505005
hannover,https://www.hannover.de/Leben-in-der-Region-Hannover/Gesundheit/Gesundheitsschutz/Gesundheitstipps/Hautkrebsfrüherkennung,https://www.hannover.de/Leichte-Sprache/Hilfe-und-Tipps/Gesundheit2/Gesundheits･tipps/Hautkrebs-früh-genug-erkennen,302,237,0.6885846853256226,0.7292938232421875,0.7883763313293457,0.7883763313293457,0.7883763313293457
hannover,https://www.hannover.de/Leben-in-der-Region-Hannover/Gesundheit/Gesundheitsschutz/Gesundheitstipps/Herzinfarkt-und-Schlaganfall,https://www.hannover.de/Leichte-Sprache/Hilfe-und-Tipps/Gesundheit2/Gesundheits･tipps/Herz·infarkt-und-Schlag·anfall,1110,837,0.6864335536956787,0.8274104595184326,0.8615950345993042,0.7954830527305603,0.759939432144165
hannover,https://www.hannover.de/Leben-in-der-Region-Hannover/Gesundheit/Gesundheitsschutz/Gesundheitstipps/Influenza,https://www.hannover.de/Leichte-Sprache/Hilfe-und-Tipps/Gesundheit2/Gesundheits･tipps/Influenza,769,714,0.7610540986061096,0.7570793628692627,0.8039906024932861,0.8254144191741943,0.8279457092285156
hannover,https://www.hannover.de/Leben-in-der-Region-Hannover/Gesundheit/Gesundheitsschutz/Gesundheitstipps/Kopfläuse-–-was-tun,https://www.hannover.de/Leichte-Sprache/Hilfe-und-Tipps/Gesundheit2/Gesundheits･tipps/Was-kann-ich-gegen-Kopf·läuse-tun,1225,524,0.5963821411132812,0.6073545217514038,0.7385281324386597,0.8387888669967651,0.8260916471481323
hannover,https://www.hannover.de/Leben-in-der-Region-Hannover/Gesundheit/Gesundheitsschutz/Gesundheitstipps/Noro-Virus,https://www.hannover.de/Leichte-Sprache/Hilfe-und-Tipps/Gesundheit2/Gesundheits･tipps/Was-ist-der-Noro-Virus,622,559,0.6834700703620911,0.7394397854804993,0.7440910339355469,0.8092316389083862,0.8092316389083862
hannover,https://www.hannover.de/Leben-in-der-Region-Hannover/Gesundheit/Gesundheitsschutz/Impfen-und-Impfberatung/Masern-und-Masernschutzgesetz,https://www.hannover.de/Leichte-Sprache/Hilfe-und-Tipps/Gesundheit2/Gesundheits･tipps/Das-Masern·schutz·gesetz,835,820,0.7796974182128906,0.7921848297119141,0.8186115026473999,0.8253198266029358,0.8312215805053711
hannover,https://www.hannover.de/Leben-in-der-Region-Hannover/Kulturförderung/Kulturförderung-der-Region-Hannover,https://www.hannover.de/Leichte-Sprache/Hilfe-und-Tipps/F%C3%B6rderung-von-Kultur-in-der-Region-Hannover,399,207,0.6990253925323486,0.752322256565094,0.7437244653701782,0.7613691091537476,0.7613691091537476
hannover,https://www.hannover.de/Leben-in-der-Region-Hannover/Kulturförderung/Kulturförderung-der-Region-Hannover/1.-Projektförderung,https://www.hannover.de/Leichte-Sprache/Hilfe-und-Tipps/F%C3%B6rderung-von-Kultur-in-der-Region-Hannover/1.-F%C3%B6rderung-f%C3%BCr-Projekte,513,542,0.6661553382873535,0.7002716064453125,0.7708402872085571,0.7961249351501465,0.7961249351501465
hannover,https://www.hannover.de/Service/Presse-Medien/Hannover.de/Aktuelles/Gut-zu-wissen/Glossar-Feste-und-Feiertage/Warum-und-wie-Hannover-Ostern-feiert,https://www.hannover.de/Leichte-Sprache/Freizeit-und-Tourismus/Feste/Warum-feiern-wir-bestimmte-Feste/Warum-feiern-wir-Ostern,912,670,0.5248450040817261,0.6740171313285828,0.7315044403076172,0.8164835572242737,0.8185364603996277
hannover,https://www.hannover.de/Service/Presse-Medien/Hannover.de/Aktuelles/Gut-zu-wissen/Glossar-Feste-und-Feiertage/Warum-und-wie-Hannover-den-1.-Mai-feiert,https://www.hannover.de/Leichte-Sprache/Freizeit-und-Tourismus/Feste/Warum-feiern-wir-bestimmte-Feste/Warum-feiern-wir-den-1.-Mai,905,322,0.7897508144378662,0.7897042036056519,0.8557953834533691,0.8030062913894653,0.7911450266838074
hannover,https://www.hannover.de/Service/Presse-Medien/Hannover.de/Aktuelles/Gut-zu-wissen/Glossar-Feste-und-Feiertage/Warum-und-wie-Hannover-Christi-Himmelfahrt-feiert,https://www.hannover.de/Leichte-Sprache/Freizeit-und-Tourismus/Feste/Warum-feiern-wir-bestimmte-Feste/Warum-feiern-wir-Christi-Himmel∙fahrt,394,183,0.7461756467819214,0.8196350336074829,0.8113729953765869,0.8132960200309753,0.8132960200309753
hannover,https://www.hannover.de/Service/Presse-Medien/Hannover.de/Aktuelles/Gut-zu-wissen/Glossar-Feste-und-Feiertage/Warum-und-wie-Hannover-Pfingsten-feiert,https://www.hannover.de/Leichte-Sprache/Freizeit-und-Tourismus/Feste/Warum-feiern-wir-bestimmte-Feste/Warum-feiern-wir-Pfingsten,473,212,0.6620516777038574,0.807306170463562,0.7835614681243896,0.8153601884841919,0.8153601884841919
hannover,https://www.hannover.de/Service/Presse-Medien/Hannover.de/Aktuelles/Gut-zu-wissen/Glossar-Feste-und-Feiertage/Warum-und-wie-Hannover-den-Reformationstag-feiert,https://www.hannover.de/Leichte-Sprache/Freizeit-und-Tourismus/Feste/Warum-feiern-wir-bestimmte-Feste/Warum-feiern-wir-den-Reformations∙tag,648,323,0.8106727004051208,0.8855013847351074,0.8175071477890015,0.8667902946472168,0.8667902946472168
hannover,https://www.hannover.de/Service/Presse-Medien/Hannover.de/Aktuelles/Gut-zu-wissen/Glossar-Feste-und-Feiertage/Warum-und-wie-Hannover-den-Martinstag-feiert,https://www.hannover.de/Leichte-Sprache/Freizeit-und-Tourismus/Feste/Warum-feiern-wir-bestimmte-Feste/Warum-feiern-wir-den-Martins∙tag,898,199,0.6570000648498535,0.8413407802581787,0.8586961030960083,0.8701205849647522,0.853165864944458
hannover,https://www.hannover.de/Service/Presse-Medien/Hannover.de/Aktuelles/Gut-zu-wissen/Glossar-Feste-und-Feiertage/Warum-und-wie-Hannover-Weihnachten-feiert,https://www.hannover.de/Leichte-Sprache/Freizeit-und-Tourismus/Feste/Warum-feiern-wir-bestimmte-Feste/Warum-feiern-wir-Weihnachten,1413,547,0.6461299657821655,0.7486953735351562,0.7561390399932861,0.8261384963989258,0.8043850064277649
hannover,https://www.hannover.de/Kultur-Freizeit/Naherholung/Raus-in-die-Natur/Radfahren/Der-Deisterkreisel,https://www.hannover.de/Leichte-Sprache/Freizeit-und-Tourismus/Draußen/Fahrrad∙fahren-in-der-Region-Hannover/Der-Deister∙kreisel,370,406,0.8509907722473145,0.8789847493171692,0.9063036441802979,0.9197254776954651,0.9197254776954651
hannover,https://www.hannover.de/Kultur-Freizeit/Naherholung/Raus-in-die-Natur/Radfahren/Grüner-Ring/Der-Grüne-Ring,https://www.hannover.de/Leichte-Sprache/Freizeit-und-Tourismus/Draußen/Fahrrad∙fahren-in-der-Region-Hannover/Der-Grüne-Ring,176,283,0.8333017826080322,0.8200908899307251,0.8542348146438599,0.8542348146438599,0.8542348146438599
hannover,https://www.hannover.de/Kultur-Freizeit/Naherholung/Raus-in-die-Natur/Radfahren/Die-Hofladenrouten,https://www.hannover.de/Leichte-Sprache/Freizeit-und-Tourismus/Draußen/Fahrrad∙fahren-in-der-Region-Hannover/Die-Hof∙laden∙routen,208,347,0.774721622467041,0.8442236185073853,0.9221453666687012,0.9194549322128296,0.9194549322128296
hannover,https://www.hannover.de/Kultur-Freizeit/Naherholung/Raus-in-die-Natur/Moore-in-der-Region-Hannover/Nordhannoversche-Moorroute/Die-Nordhannoversche-Moorroute,https://www.hannover.de/Leichte-Sprache/Freizeit-und-Tourismus/Draußen/Fahrrad∙fahren-in-der-Region-Hannover/Die-Nord∙hannoversche-Moor∙route,202,339,0.8059669137001038,0.8412150144577026,0.8448911309242249,0.8448911309242249,0.8448911309242249
hannover,https://www.hannover.de/Kultur-Freizeit/Naherholung/Raus-in-die-Natur/Radfahren/Kulturroute,https://www.hannover.de/Leichte-Sprache/Freizeit-und-Tourismus/Draußen/Fahrrad∙fahren-in-der-Region-Hannover/Die-Kultur∙route,257,227,0.8269586563110352,0.8660202026367188,0.9019567370414734,0.9019567370414734,0.9019567370414734
hannover,https://www.hannover.de/Kultur-Freizeit/Naherholung/Raus-in-die-Natur/Radfahren/Radeln-am-Mittellandkanal,https://www.hannover.de/Leichte-Sprache/Freizeit-und-Tourismus/Draußen/Fahrrad∙fahren-in-der-Region-Hannover/Fahrrad∙fahren-am-Mittel∙land∙kanal,395,521,0.7745391130447388,0.8720573782920837,0.8818025588989258,0.9011201858520508,0.9011201858520508
hannover,https://www.hannover.de/Kultur-Freizeit/Naherholung/Gärten-und-Parks/Tier-und-Freizeitparks/Sea-Life-Hannover,https://www.hannover.de/Leichte-Sprache/Freizeit-und-Tourismus/Draußen/Ausflugs･ziele/Sea-Life-Hannover,195,169,0.8203319311141968,0.8729984760284424,0.8782086968421936,0.8782086968421936,0.8782086968421936
hannover,https://www.hannover.de/Kultur-Freizeit/Naherholung/Gärten-und-Parks/Historische-Parkanlagen/Tiergarten,https://www.hannover.de/Leichte-Sprache/Freizeit-und-Tourismus/Draußen/Ausflugs･ziele/Tier∙garten,506,186,0.5429856777191162,0.6605689525604248,0.7822374105453491,0.8177556991577148,0.8177556991577148
hannover,https://www.hannover.de/Kultur-Freizeit/Naherholung/Raus-in-die-Natur/Wälder/Die-Eilenriede,https://www.hannover.de/Leichte-Sprache/Freizeit-und-Tourismus/Draußen/Ausflugs･ziele/Eilenriede,546,194,0.6184685826301575,0.6498609781265259,0.7532262802124023,0.7563557028770447,0.7563557028770447
hannover,https://www.hannover.de/Leben-in-der-Region-Hannover/Soziales/Kinder-Jugendliche/Grundschulzeit/Einschulungskompass/Spielen,https://www.hannover.de/Leichte-Sprache/Lernen-und-Arbeiten/Lernen/Schul∙beginn-Informationen-für-Eltern-und-Kinder/Spielen,396,741,0.8725519180297852,0.886752724647522,0.9149768948554993,0.8832808136940002,0.8832808136940002
hannover,https://www.hannover.de/Leben-in-der-Region-Hannover/Soziales/Kinder-Jugendliche/Grundschulzeit/Einschulungskompass/Sprache,https://www.hannover.de/Leichte-Sprache/Lernen-und-Arbeiten/Lernen/Schul∙beginn-Informationen-für-Eltern-und-Kinder/Sprache,390,403,0.9525019526481628,0.9306526780128479,0.9204844236373901,0.9204844236373901,0.9204844236373901
hannover,https://www.hannover.de/Leben-in-der-Region-Hannover/Soziales/Kinder-Jugendliche/Grundschulzeit/Einschulungskompass/Das-machen-Kinder-mit-4-5-6-Jahren,https://www.hannover.de/Leichte-Sprache/Lernen-und-Arbeiten/Lernen/Schul∙beginn-Informationen-für-Eltern-und-Kinder/Das-machen-Kinder-von-4-bis-6-Jahren,94,86,0.7141180038452148,0.7141180038452148,0.7141180038452148,0.7141180038452148,0.7141180038452148
hannover,https://www.hannover.de/Leben-in-der-Region-Hannover/Soziales/Kinder-Jugendliche/Grundschulzeit/Einschulungskompass/Informationen-für-die-Zeit-vor-der-Einschulung,https://www.hannover.de/Leichte-Sprache/Lernen-und-Arbeiten/Lernen/Schul∙beginn-Informationen-für-Eltern-und-Kinder/Informationen-für-die-Zeit-vor-der-Einschulung,121,50,0.6249574422836304,0.6287150382995605,0.6287150382995605,0.6287150382995605,0.6287150382995605
hannover,https://www.hannover.de/Leben-in-der-Region-Hannover/Soziales/Kinder-Jugendliche/Grundschulzeit/Einschulungskompass/Ideen-und-Informationen-für-zuhause,https://www.hannover.de/Leichte-Sprache/Lernen-und-Arbeiten/Lernen/Schul∙beginn-Informationen-für-Eltern-und-Kinder/Ideen-und-Informationen-für-zuhause,98,95,0.817294180393219,0.817294180393219,0.817294180393219,0.817294180393219,0.817294180393219
hannover,https://www.hannover.de/Leben-in-der-Region-Hannover/Soziales/Kinder-Jugendliche/Grundschulzeit/Einschulungskompass/Kinder-mit-Förderbedarf,https://www.hannover.de/Leichte-Sprache/Lernen-und-Arbeiten/Lernen/Schul∙beginn-Informationen-für-Eltern-und-Kinder/Mein-Kind-braucht-Unterstützung,100,64,0.728108286857605,0.728108286857605,0.728108286857605,0.728108286857605,0.728108286857605
hannover,https://www.hannover.de/Leben-in-der-Region-Hannover/Bildung/Schulen/Schülerbeförderung-in-der-Region-Hannover,https://www.hannover.de/Leichte-Sprache/Lernen-und-Arbeiten/Lernen/F%C3%B6rderung/Hilfe-f%C3%BCr-den-Schul%EF%BD%A5weg,1036,690,0.7276269197463989,0.7302700877189636,0.8074461221694946,0.8863450288772583,0.868446409702301
hannover,https://www.hannover.de/Leben-in-der-Region-Hannover/Soziales/Sozialleistungen-weitere-Hilfen/Bildungs-und-Teilhabepaket/Leitfaden-für-Mitarbeitende-in-Kindertageseinrichtungen-Kindertagesbetreuung,https://www.hannover.de/Leichte-Sprache/Hilfe-und-Tipps/Sozial･leistungen/BuT-Leistungen-Leit∙faden-für-Mitarbeiter-in-Kitas,553,736,0.680345892906189,0.7515848278999329,0.7521692514419556,0.8464454412460327,0.8464454412460327
hannover,https://www.hannover.de/Leben-in-der-Region-Hannover/Soziales/Sozialleistungen-weitere-Hilfen/Grundsicherung/Grundsicherung-im-Alter-und-bei-Erwerbsminderung,https://www.hannover.de/Leichte-Sprache/Hilfe-und-Tipps/Sozial･leistungen/Grund∙sicherung-Hilfe-für-ältere-Menschen-und-bei-Berufs∙unfähigkeit,692,1707,0.4586600661277771,0.7331862449645996,0.8508980870246887,0.837899923324585,0.8971265554428101
hannover,https://www.hannover.de/Leben-in-der-Region-Hannover/Soziales/Sozialleistungen-weitere-Hilfen/Sozialhilfe,https://www.hannover.de/Leichte-Sprache/Hilfe-und-Tipps/Sozial･leistungen/Sozial･hilfe,495,452,0.5185896158218384,0.6425364017486572,0.7543532848358154,0.8149200677871704,0.8149200677871704
hannover,https://www.hannover.de/Leben-in-der-Region-Hannover/Umwelt-Nachhaltigkeit/Verhalten-bei-extremem-Wetter/Hitze-in-der-Region-Hannover/Tipps-für-die-heißen-Tage,https://www.hannover.de/Leichte-Sprache/Hilfe-und-Tipps/Gesundheit2/Gesundheits･tipps/Hitze-in-der-Region-Hannover/Tipps-für-heiße-Tage,3231,870,0.5326506495475769,0.5038156509399414,0.5152000188827515,0.6261706352233887,0.8130555152893066
hannover,https://www.hannover.de/Leben-in-der-Region-Hannover/Umwelt-Nachhaltigkeit/Verhalten-bei-extremem-Wetter/Hitze-in-der-Region-Hannover/Hitzebelastung-für-Kinder,https://www.hannover.de/Leichte-Sprache/Hilfe-und-Tipps/Gesundheit2/Gesundheits･tipps/Hitze-in-der-Region-Hannover/Sonnen∙schutz-für-Kinder,228,418,0.8718075156211853,0.8529711961746216,0.8368402123451233,0.8339042663574219,0.8339042663574219
hannover,https://www.hannover.de/Leben-in-der-Region-Hannover/Umwelt-Nachhaltigkeit/Verhalten-bei-extremem-Wetter/Hitze-in-der-Region-Hannover/Hitzebelastungen-in-der-Schwangerschaft,https://www.hannover.de/Leichte-Sprache/Hilfe-und-Tipps/Gesundheit2/Gesundheits･tipps/Hitze-in-der-Region-Hannover/Tipps-für-schwangere-Frauen,406,518,0.5349758863449097,0.693131685256958,0.7931181192398071,0.8167312145233154,0.8167312145233154
hannover,"https://www.hannover.de/Service/Presse-Medien/Hannover.de/Aktuelles/Wirtschaft-Wissenschaft-2024/Aus-Üstra,-GVH-und-Regiobus-wird-die-neue-Üstra",https://www.hannover.de/Leichte-Sprache/Nachrichten-und-Veranstaltungen/Nachrichten/%C3%9CMO-Die-neue-%C3%9Cstra,554,286,0.7948989868164062,0.8322121500968933,0.793866753578186,0.8592743873596191,0.8592743873596191
hannover,https://www.hannover.de/Leben-in-der-Region-Hannover/Verwaltungen-Kommunen/Die-Verwaltung-der-Region-Hannover/Die-Hörregion-Hannover/Das-ist-die-HÖRREGION/HörNews,https://www.hannover.de/Leichte-Sprache/Hannover-und-Region/Die-Verwaltung-von-der-Region-Hannover/Die-Hör∙region-Hannover/Hören-erleben/Programm-von-der-Hör∙region/Newsletter-von-der-Hör∙region,634,136,0.9040658473968506,0.7731142044067383,0.7923494577407837,0.7287118434906006,0.7324841022491455
hannover,https://www.hannover.de/Service/Presse-Medien/Hannover.de/Aktuelles/Service-2023/Fragen-und-Antworten-zum-Deutschland­ticket,https://www.hannover.de/Leichte-Sprache/Nachrichten-und-Veranstaltungen/Nachrichten/Fragen-und-Antworten-zum-Deutschland%E2%88%99ticket,787,1291,0.796108603477478,0.8282290697097778,0.8611440658569336,0.9269866943359375,0.9365217685699463
hannover,"https://www.hannover.de/Leben-in-der-Region-Hannover/Soziales/Familie-Partnerschaft/Beratung-Unterstützung/Beratung-für-Eltern,-Kinder-und-Jugendliche/Familien-und-Erziehungsberatung/Beratungsstellen-für-Eltern,-Kinder-und-Jugendliche-der-Region-Hannover/Beratungsstelle-für-Eltern,-Kinder-und-Jugendliche-Burgdorf",https://www.hannover.de/Leichte-Sprache/Hilfe-und-Tipps/Beratung-und-Unterstützung/Beratung-für-Eltern.-Für-Kinder.-Und-für-Jugendliche/Familien∙beratung-und-Erziehungs∙beratung/Beratungs∙stellen-für-Eltern.-Für-Kinder.-Und-für-Jugendliche/Burgdorf-Beratungs∙stelle-für-Eltern.-Für-Kinder.-Und-für-Jugendliche,180,112,0.8931124210357666,0.8467031121253967,0.8467031121253967,0.8467031121253967,0.8467031121253967
hannover,"https://www.hannover.de/Leben-in-der-Region-Hannover/Soziales/Familie-Partnerschaft/Beratung-Unterstützung/Beratung-für-Eltern,-Kinder-und-Jugendliche/Familien-und-Erziehungsberatung/Beratungsstellen-für-Eltern,-Kinder-und-Jugendliche-der-Region-Hannover/Beratungsstelle-für-Eltern,-Kinder-und-Jugendliche-Neustadt",https://www.hannover.de/Leichte-Sprache/Hilfe-und-Tipps/Beratung-und-Unterstützung/Beratung-für-Eltern.-Für-Kinder.-Und-für-Jugendliche/Familien∙beratung-und-Erziehungs∙beratung/Beratungs∙stellen-für-Eltern.-Für-Kinder.-Und-für-Jugendliche/Neustadt-Beratungs∙stelle-für-Eltern.-Für-Kinder.-Und-für-Jugendliche,215,126,0.9264736771583557,0.8984941244125366,0.8901848196983337,0.8901848196983337,0.8901848196983337
hannover,"https://www.hannover.de/Leben-in-der-Region-Hannover/Soziales/Familie-Partnerschaft/Beratung-Unterstützung/Beratung-für-Eltern,-Kinder-und-Jugendliche/Familien-und-Erziehungsberatung/Beratungsstellen-für-Eltern,-Kinder-und-Jugendliche-der-Region-Hannover/Beratungsstelle-für-Eltern,-Kinder-und-Jugendliche-Ronnenberg",https://www.hannover.de/Leichte-Sprache/Hilfe-und-Tipps/Beratung-und-Unterstützung/Beratung-für-Eltern.-Für-Kinder.-Und-für-Jugendliche/Familien∙beratung-und-Erziehungs∙beratung/Beratungs∙stellen-für-Eltern.-Für-Kinder.-Und-für-Jugendliche/Ronnenberg-Beratungs∙stelle-für-Eltern.-Für-Kinder.-Und-für-Jugendliche,243,197,0.9333133101463318,0.9191988706588745,0.9149584770202637,0.9149584770202637,0.9149584770202637
hannover,https://www.hannover.de/Leben-in-der-Region-Hannover/Soziales/Familie-Partnerschaft/Frühe-Hilfen-–-Frühe-Chancen/Eltern/Beratung-und-Unterstützung,https://www.hannover.de/Leichte-Sprache/Hilfe-und-Tipps/Familie-und-Partnerschaft/Frühe-Hilfen-für-Familien/Angebote-und-Unterstützung-für-Eltern/Frühe-Hilfen-Beratung-und-Unterstützung,670,190,0.6902287006378174,0.8600749969482422,0.7850912809371948,0.7210259437561035,0.7210259437561035
hannover,https://www.hannover.de/Leben-in-der-Region-Hannover/Soziales/Familie-Partnerschaft/Frühe-Hilfen-–-Frühe-Chancen/Eltern/Frühe-Hilfen-in-der-Kita,https://www.hannover.de/Leichte-Sprache/Hilfe-und-Tipps/Familie-und-Partnerschaft/Frühe-Hilfen-für-Familien/Angebote-und-Unterstützung-für-Eltern/Frühe-Hilfen-in-der-Kita,325,187,0.7002348899841309,0.8246300220489502,0.878190279006958,0.878190279006958,0.878190279006958
hannover,https://www.hannover.de/Leben-in-der-Region-Hannover/Soziales/Familie-Partnerschaft/Frühe-Hilfen-–-Frühe-Chancen/Eltern/Hausbesuchsprogramme,https://www.hannover.de/Leichte-Sprache/Hilfe-und-Tipps/Familie-und-Partnerschaft/Frühe-Hilfen-für-Familien/Angebote-und-Unterstützung-für-Eltern/Haus∙besuchs∙programme,371,156,0.6869099140167236,0.8495889902114868,0.843639612197876,0.8272317051887512,0.8272317051887512
hannover,https://www.hannover.de/Leben-in-der-Region-Hannover/Soziales/Familie-Partnerschaft/Frühe-Hilfen-–-Frühe-Chancen/Eltern/Väter,https://www.hannover.de/Leichte-Sprache/Hilfe-und-Tipps/Familie-und-Partnerschaft/Frühe-Hilfen-für-Familien/Angebote-und-Unterstützung-für-Eltern/Angebote-für-Väter,263,261,0.49000823497772217,0.6481982469558716,0.6973078846931458,0.6973078846931458,0.6973078846931458
hannover,https://www.hannover.de/Leben-in-der-Region-Hannover/Soziales/Familie-Partnerschaft/Koordinierungsstelle-Alleinerziehende/Angebote-für-Alleinerziehende/Angebote-aus-dem-Bereich-Freizeit-und-Erholung,https://www.hannover.de/Leichte-Sprache/Hilfe-und-Tipps/Familie-und-Partnerschaft/Koordinierungs∙stelle-Unterstützung-für-Allein∙erziehende/Angebote-für-Allein∙erziehende/Angebote-für-Freizeit-und-Erholung,232,270,0.8551270365715027,0.8581733703613281,0.8687334060668945,0.8687334060668945,0.8687334060668945
hannover,https://www.hannover.de/Leben-in-der-Region-Hannover/Soziales/Familie-Partnerschaft/Koordinierungsstelle-Alleinerziehende/Angebote-für-Alleinerziehende/Angebote-für-Kinder,https://www.hannover.de/Leichte-Sprache/Hilfe-und-Tipps/Familie-und-Partnerschaft/Koordinierungs∙stelle-Unterstützung-für-Allein∙erziehende/Angebote-für-Allein∙erziehende/Angebote-für-Kinder,348,433,0.7255632877349854,0.8372266292572021,0.8973243832588196,0.908196210861206,0.908196210861206
hannover,https://www.hannover.de/Leben-in-der-Region-Hannover/Soziales/Familie-Partnerschaft/Koordinierungsstelle-Alleinerziehende/Angebote-für-Alleinerziehende/Beratung-bei-Paarkonflikten-und-in-Trennungs-und-Scheidungssituationen,https://www.hannover.de/Leichte-Sprache/Hilfe-und-Tipps/Familie-und-Partnerschaft/Koordinierungs∙stelle-Unterstützung-für-Allein∙erziehende/Angebote-für-Allein∙erziehende/Trennung-und-Scheidung-Angebote-für-Paare,525,547,0.865870475769043,0.8970789909362793,0.8872724175453186,0.8793174028396606,0.9039695262908936
hannover,https://www.hannover.de/Leben-in-der-Region-Hannover/Soziales/Familie-Partnerschaft/Koordinierungsstelle-Alleinerziehende/Angebote-für-Alleinerziehende/Beratung-und-Angebote-zu-Schwangerschaft-und-Geburt,https://www.hannover.de/Leichte-Sprache/Hilfe-und-Tipps/Familie-und-Partnerschaft/Koordinierungs∙stelle-Unterstützung-für-Allein∙erziehende/Angebote-für-Allein∙erziehende/Angebote-zu-Schwangerschaft-und-Geburt,257,310,0.6977726221084595,0.7758245468139648,0.8363746404647827,0.8248898983001709,0.8248898983001709
hannover,https://www.hannover.de/Leben-in-der-Region-Hannover/Soziales/Familie-Partnerschaft/Koordinierungsstelle-Alleinerziehende/Angebote-für-Alleinerziehende/Beratung-zu-Erziehungsfragen,https://www.hannover.de/Leichte-Sprache/Hilfe-und-Tipps/Familie-und-Partnerschaft/Koordinierungs∙stelle-Unterstützung-für-Allein∙erziehende/Angebote-für-Allein∙erziehende/Beratung-Fragen-zur-Erziehung,506,616,0.9030213356018066,0.8228228092193604,0.8550158739089966,0.8963793516159058,0.8963793516159058
hannover,https://www.hannover.de/Kultur-Freizeit/Naherholung/Raus-in-die-Natur/Moore-in-der-Region-Hannover/Moor-Erlebnispfad-Resse/Der-Moor-Erlebnispfad/Moorwissen,https://www.hannover.de/Leichte-Sprache/Freizeit-und-Tourismus/Drau%C3%9Fen/Ausflugs%EF%BD%A5ziele/Der-Moor%C2%B7erlebnis%C2%B7pfad-Resse/Wissen-zum-Moor,506,403,0.3685065507888794,0.5565817356109619,0.6430410742759705,0.7232971787452698,0.7232971787452698
hannover,https://www.hannover.de/Kultur-Freizeit/Naherholung/Raus-in-die-Natur/Moore-in-der-Region-Hannover/Moor-Erlebnispfad-Resse/Der-Moor-Erlebnispfad/Moorerlebnisse-für-fast-Alle,https://www.hannover.de/Leichte-Sprache/Freizeit-und-Tourismus/Draußen/Ausflugs･ziele/Der-Moor·erlebnis·pfad-Resse/Moor･erlebnisse-für-Alle,323,582,0.33206576108932495,0.5484089851379395,0.7210446000099182,0.8193835616111755,0.8193835616111755
hannover,https://www.hannover.de/Kultur-Freizeit/Naherholung/Raus-in-die-Natur/Moore-in-der-Region-Hannover/Moor-Erlebnispfad-Resse/Der-Moor-Erlebnispfad/Moor-mit-den-Sinnen-erleben,https://www.hannover.de/Leichte-Sprache/Freizeit-und-Tourismus/Draußen/Ausflugs･ziele/Der-Moor·erlebnis·pfad-Resse/Moor-für-die-Sinne,328,523,0.4159711003303528,0.5881779789924622,0.7387297749519348,0.8375332355499268,0.8375332355499268
hannover,https://www.hannover.de/Kultur-Freizeit/Geschichte-Geschichten/Erinnerungskultur/ZeitZentrum-Zivilcourage/Bildungsangebote,https://www.hannover.de/Leichte-Sprache/Freizeit-und-Tourismus/Drinnen/Museen-und-Ausstellungen/Das-ZeitZentrum-Zivil∙courage/Bildungs∙angebote-im-ZeitZentrum-Zivil∙courage,481,585,0.8011094927787781,0.8354068994522095,0.9101158380508423,0.9023909568786621,0.9023909568786621
hannover,https://www.hannover.de/Kultur-Freizeit/Geschichte-Geschichten/Erinnerungskultur/ZeitZentrum-Zivilcourage/Ihr-Besuch,https://www.hannover.de/Leichte-Sprache/Freizeit-und-Tourismus/Drinnen/Museen-und-Ausstellungen/Das-ZeitZentrum-Zivil∙courage/Ihr-Besuch-im-ZeitZentrum-Zivil∙courage,822,1263,0.7538270950317383,0.8593518733978271,0.9001408815383911,0.8778420686721802,0.9014966487884521
hannover,https://www.hannover.de/Kultur-Freizeit/Geschichte-Geschichten/Erinnerungskultur/ZeitZentrum-Zivilcourage/Über-uns/Von-der-Idee-zur-Eröffnung-des-ZeitZentrum-Zivilcourage,https://www.hannover.de/Leichte-Sprache/Freizeit-und-Tourismus/Drinnen/Museen-und-Ausstellungen/Das-ZeitZentrum-Zivil∙courage/Das-ZeitZentrum-Zivil∙courage,1271,914,0.7103365659713745,0.8098878860473633,0.8191536664962769,0.8457623720169067,0.8687518239021301
hannover,https://www.hannover.de/Leben-in-der-Region-Hannover/Soziales/Kinder-Jugendliche/Grundschulzeit/Einschulungskompass/Das-machen-Kinder-mit-4-5-6-Jahren/Das-machen-viele-Kinder-mit-4-Jahren,https://www.hannover.de/Leichte-Sprache/Lernen-und-Arbeiten/Lernen/Schul%E2%88%99beginn-Informationen-f%C3%BCr-Eltern-und-Kinder/Das-machen-Kinder-von-4-bis-6-Jahren/Das-machen-viele-Kinder-mit-4-Jahren,514,669,0.8931377530097961,0.9140660762786865,0.932044506072998,0.8997828960418701,0.8997828960418701
hannover,https://www.hannover.de/Leben-in-der-Region-Hannover/Soziales/Kinder-Jugendliche/Grundschulzeit/Einschulungskompass/Das-machen-Kinder-mit-4-5-6-Jahren/Das-machen-viele-Kinder-mit-5-Jahren,https://www.hannover.de/Leichte-Sprache/Lernen-und-Arbeiten/Lernen/Schul%E2%88%99beginn-Informationen-f%C3%BCr-Eltern-und-Kinder/Das-machen-Kinder-von-4-bis-6-Jahren/Das-machen-viele-Kinder-mit-5-Jahren,632,694,0.8784878849983215,0.9168775081634521,0.9246091842651367,0.920828640460968,0.920828640460968
hannover,https://www.hannover.de/Leben-in-der-Region-Hannover/Soziales/Kinder-Jugendliche/Grundschulzeit/Einschulungskompass/Das-machen-Kinder-mit-4-5-6-Jahren/Das-machen-viele-Kinder-mit-6-Jahren,https://www.hannover.de/Leichte-Sprache/Lernen-und-Arbeiten/Lernen/Schul%E2%88%99beginn-Informationen-f%C3%BCr-Eltern-und-Kinder/Das-machen-Kinder-von-4-bis-6-Jahren/Das-machen-viele-Kinder-mit-6-Jahren,633,774,0.7541232109069824,0.8560420274734497,0.9005182385444641,0.8959912657737732,0.8959912657737732
hannover,https://www.hannover.de/Leben-in-der-Region-Hannover/Soziales/Kinder-Jugendliche/Grundschulzeit/Einschulungskompass/Informationen-für-die-Zeit-vor-der-Einschulung/Der-Kindergarten-in-der-Schulvorbereitung,https://www.hannover.de/Leichte-Sprache/Lernen-und-Arbeiten/Lernen/Schul%E2%88%99beginn-Informationen-f%C3%BCr-Eltern-und-Kinder/Informationen-f%C3%BCr-die-Zeit-vor-der-Einschulung/Schul%E2%88%99vorbereitung-im-Kinder%E2%88%99garten,465,695,0.8637773990631104,0.8540588617324829,0.9027619957923889,0.928210437297821,0.928210437297821
hannover,https://www.hannover.de/Leben-in-der-Region-Hannover/Soziales/Kinder-Jugendliche/Grundschulzeit/Einschulungskompass/Informationen-für-die-Zeit-vor-der-Einschulung/Bevor-Ihr-Kind-in-die-Schule-kommt,https://www.hannover.de/Leichte-Sprache/Lernen-und-Arbeiten/Lernen/Schul%E2%88%99beginn-Informationen-f%C3%BCr-Eltern-und-Kinder/Informationen-f%C3%BCr-die-Zeit-vor-der-Einschulung/Was-passiert-vor-der-Schule,866,1079,0.7893632054328918,0.8337750434875488,0.8963212370872498,0.9465591907501221,0.9539275765419006
hannover,https://www.hannover.de/Leben-in-der-Region-Hannover/Soziales/Kinder-Jugendliche/Grundschulzeit/Einschulungskompass/Informationen-für-die-Zeit-vor-der-Einschulung/Was-passiert-in-der-Grundschule,https://www.hannover.de/Leichte-Sprache/Lernen-und-Arbeiten/Lernen/Schul%E2%88%99beginn-Informationen-f%C3%BCr-Eltern-und-Kinder/Informationen-f%C3%BCr-die-Zeit-vor-der-Einschulung/Was-passiert-in-der-Grund%E2%88%99schule,348,551,0.8692970275878906,0.9119473099708557,0.9320864677429199,0.9260047674179077,0.9260047674179077
hannover,https://www.hannover.de/Leben-in-der-Region-Hannover/Soziales/Kinder-Jugendliche/Grundschulzeit/Einschulungskompass/Ideen-und-Informationen-für-zuhause/Sportvereine,https://www.hannover.de/Leichte-Sprache/Lernen-und-Arbeiten/Lernen/Schul%E2%88%99beginn-Informationen-f%C3%BCr-Eltern-und-Kinder/Ideen-und-Informationen-f%C3%BCr-zuhause/Sport%E2%88%99angebote,194,281,0.9448261260986328,0.9007759094238281,0.8929955363273621,0.8929955363273621,0.8929955363273621
hannover,https://www.hannover.de/Leben-in-der-Region-Hannover/Soziales/Kinder-Jugendliche/Grundschulzeit/Einschulungskompass/Ideen-und-Informationen-für-zuhause/Bibliothek,https://www.hannover.de/Leichte-Sprache/Lernen-und-Arbeiten/Lernen/Schul%E2%88%99beginn-Informationen-f%C3%BCr-Eltern-und-Kinder/Ideen-und-Informationen-f%C3%BCr-zuhause/B%C3%BCcher-ausleihen,254,472,0.8121947646141052,0.8712551593780518,0.8943682909011841,0.888075053691864,0.888075053691864
hannover,https://www.hannover.de/Leben-in-der-Region-Hannover/Soziales/Kinder-Jugendliche/Grundschulzeit/Einschulungskompass/Ideen-und-Informationen-für-zuhause/Die-Eltern-zuhause,https://www.hannover.de/Leichte-Sprache/Lernen-und-Arbeiten/Lernen/Schul%E2%88%99beginn-Informationen-f%C3%BCr-Eltern-und-Kinder/Ideen-und-Informationen-f%C3%BCr-zuhause/Die-Eltern-zuhause,472,653,0.6113733649253845,0.7942906618118286,0.8791319727897644,0.8791819214820862,0.8791819214820862
hannover,https://www.hannover.de/Leben-in-der-Region-Hannover/Soziales/Kinder-Jugendliche/Grundschulzeit/Einschulungskompass/Ideen-und-Informationen-für-zuhause/Wochenplan,https://www.hannover.de/Leichte-Sprache/Lernen-und-Arbeiten/Lernen/Schul%E2%88%99beginn-Informationen-f%C3%BCr-Eltern-und-Kinder/Ideen-und-Informationen-f%C3%BCr-zuhause/Wochen%E2%88%99plan,223,406,0.8750253915786743,0.888007402420044,0.9094439744949341,0.9094439744949341,0.9094439744949341
hannover,https://www.hannover.de/Leben-in-der-Region-Hannover/Soziales/Kinder-Jugendliche/Grundschulzeit/Einschulungskompass/Ideen-und-Informationen-für-zuhause/Lernen-zuhause,https://www.hannover.de/Leichte-Sprache/Lernen-und-Arbeiten/Lernen/Schul%E2%88%99beginn-Informationen-f%C3%BCr-Eltern-und-Kinder/Ideen-und-Informationen-f%C3%BCr-zuhause/Zuhause-lernen,623,759,0.8942667841911316,0.8900386095046997,0.8958401679992676,0.9231002330780029,0.9231002330780029
hannover,https://www.hannover.de/Leben-in-der-Region-Hannover/Soziales/Kinder-Jugendliche/Grundschulzeit/Einschulungskompass/Ideen-und-Informationen-für-zuhause/Mein-Kind-geht-nicht-in-die-Schule,https://www.hannover.de/Leichte-Sprache/Lernen-und-Arbeiten/Lernen/Schul%E2%88%99beginn-Informationen-f%C3%BCr-Eltern-und-Kinder/Ideen-und-Informationen-f%C3%BCr-zuhause/Mein-Kind-geht-nicht-in-die-Schule,255,401,0.9152356386184692,0.9175816774368286,0.9284602403640747,0.9284602403640747,0.9284602403640747
hannover,https://www.hannover.de/Leben-in-der-Region-Hannover/Soziales/Kinder-Jugendliche/Grundschulzeit/Einschulungskompass/Kinder-mit-Förderbedarf/Kinder-mit-Förderbedarf-in-der-Grundschule,https://www.hannover.de/Leichte-Sprache/Lernen-und-Arbeiten/Lernen/Schul%E2%88%99beginn-Informationen-f%C3%BCr-Eltern-und-Kinder/Mein-Kind-braucht-Unterst%C3%BCtzung/Unterst%C3%BCtzung-in-der-Grund%E2%88%99schule,137,303,0.8501158952713013,0.8182249069213867,0.8162429928779602,0.8162429928779602,0.8162429928779602
hannover,https://www.hannover.de/Leben-in-der-Region-Hannover/Soziales/Kinder-Jugendliche/Grundschulzeit/Einschulungskompass/Kinder-mit-Förderbedarf/Hilfe-für-Ihr-Kind,https://www.hannover.de/Leichte-Sprache/Lernen-und-Arbeiten/Lernen/Schul%E2%88%99beginn-Informationen-f%C3%BCr-Eltern-und-Kinder/Mein-Kind-braucht-Unterst%C3%BCtzung/Hilfe-f%C3%BCr-Ihr-Kind,648,795,0.9153692722320557,0.8964921832084656,0.8930909633636475,0.9458149671554565,0.9489285945892334
hannover,https://www.hannover.de/Leben-in-der-Region-Hannover/Soziales/Kinder-Jugendliche/Grundschulzeit/Einschulungskompass/Kinder-mit-Förderbedarf/Informationen-für-Eltern-von-Kindern-mit-Behinderungen,https://www.hannover.de/Leichte-Sprache/Lernen-und-Arbeiten/Lernen/Schul%E2%88%99beginn-Informationen-f%C3%BCr-Eltern-und-Kinder/Mein-Kind-braucht-Unterst%C3%BCtzung/Informationen-f%C3%BCr-Eltern-von-Kindern-mit-Behinderung,111,243,0.8238791823387146,0.7660006284713745,0.799730122089386,0.799730122089386,0.799730122089386
hannover,https://www.hannover.de/Leben-in-der-Region-Hannover/Soziales/Sozialleistungen-weitere-Hilfen/Bildungs-und-Teilhabepaket/Leitfaden-für-Mitarbeitende-in-Kindertageseinrichtungen-Kindertagesbetreuung/Kosten-für-Tagesausflüge-der-Kita,https://www.hannover.de/Leichte-Sprache/Hilfe-und-Tipps/Sozial･leistungen/BuT-Leistungen-Leit∙faden-für-Mitarbeiter-in-Kitas/BuT-Leistungen-Kosten-für-Tages∙ausflüge-von-der-Kita,573,1424,0.5548533201217651,0.5231903791427612,0.7209566831588745,0.8331655859947205,0.9146711230278015
hannover,https://www.hannover.de/Leben-in-der-Region-Hannover/Soziales/Sozialleistungen-weitere-Hilfen/Bildungs-und-Teilhabepaket/Leitfaden-für-Mitarbeitende-in-Kindertageseinrichtungen-Kindertagesbetreuung/Kosten-für-mehrtägige-Fahrten-der-Kita,https://www.hannover.de/Leichte-Sprache/Hilfe-und-Tipps/Sozial･leistungen/BuT-Leistungen-Leit∙faden-für-Mitarbeiter-in-Kitas/BuT-Leistungen-Kosten-für-Ausflüge-von-der-Kita-mit-Übernachtung,597,1438,0.5246819257736206,0.4548296630382538,0.6663122177124023,0.784042477607727,0.8728121519088745
hannover,https://www.hannover.de/Leben-in-der-Region-Hannover/Soziales/Sozialleistungen-weitere-Hilfen/Bildungs-und-Teilhabepaket/Leitfaden-für-Mitarbeitende-in-Kindertageseinrichtungen-Kindertagesbetreuung/Kosten-für-Mittagsverpflegung,https://www.hannover.de/Leichte-Sprache/Hilfe-und-Tipps/Sozial･leistungen/BuT-Leistungen-Leit∙faden-für-Mitarbeiter-in-Kitas/BuT-Leistungen-Kosten-für-das-Mittag∙essen-in-der-Kita,605,1275,0.47595295310020447,0.5938849449157715,0.6991575956344604,0.7969576120376587,0.8314501047134399
hannover,https://www.hannover.de/Leben-in-der-Region-Hannover/Soziales/Sozialleistungen-weitere-Hilfen/Bildungs-und-Teilhabepaket/Leitfaden-für-Mitarbeitende-in-Kindertageseinrichtungen-Kindertagesbetreuung/Kosten-für-Teilhabeaktivitäten,https://www.hannover.de/Leichte-Sprache/Hilfe-und-Tipps/Sozial･leistungen/BuT-Leistungen-Leit∙faden-für-Mitarbeiter-in-Kitas/BuT-Leistungen-Kosten-für-Teilhabe∙aktivitäten-von-der-Kita,679,1336,0.4136033356189728,0.45918768644332886,0.6763632893562317,0.7983165979385376,0.8497081398963928
hannover,https://www.hannover.de/Leben-in-der-Region-Hannover/Soziales/Sozialleistungen-weitere-Hilfen/Bildungs-und-Teilhabepaket/Leitfaden-für-Mitarbeitende-in-Kindertageseinrichtungen-Kindertagesbetreuung/Häufig-gestellte-Fragen,https://www.hannover.de/Leichte-Sprache/Hilfe-und-Tipps/Sozial･leistungen/BuT-Leistungen-Leit∙faden-für-Mitarbeiter-in-Kitas/BuT-Leistungen-Weitere-Fragen,242,770,0.38515380024909973,0.6386935710906982,0.7110177278518677,0.8333526253700256,0.8341046571731567
hannover,https://www.hannover.de/Leben-in-der-Region-Hannover/Kulturförderung/Kulturförderung-der-Region-Hannover/4.-Spielplanförderung,http://www.hannover.de/Leichte-Sprache/Hilfe-und-Tipps/Förderung-von-Kultur-in-der-Region-Hannover/4.-Förderung-für-Spiel∙pläne,357,408,0.4830983877182007,0.6197822093963623,0.7957538366317749,0.7781787514686584,0.7781787514686584
hannover,"https://www.hannover.de/Leben-in-der-Region-Hannover/Soziales/Familie-Partnerschaft/Beratung-Unterstützung/Beratung-für-Eltern,-Kinder-und-Jugendliche/Familien-und-Erziehungsberatung/Beratungsstellen-für-Eltern,-Kinder-und-Jugendliche-der-Region-Hannover/Beratungsstelle-für-Eltern,-Kinder-und-Jugendliche-Burgdorf/Gruppenangebot-für-Mütter-mit-Kindern-im-ersten-Lebensjahr",https://www.hannover.de/Leichte-Sprache/Hilfe-und-Tipps/Beratung-und-Unterstützung/Beratung-für-Eltern.-Für-Kinder.-Und-für-Jugendliche/Familien∙beratung-und-Erziehungs∙beratung/Beratungs∙stellen-für-Eltern.-Für-Kinder.-Und-für-Jugendliche/Burgdorf-Beratungs∙stelle-für-Eltern.-Für-Kinder.-Und-für-Jugendliche/Gruppen∙angebot-für-Mütter-mit-Kindern-von-0-bis-12-Monaten,370,356,0.6921555995941162,0.7439175248146057,0.7694380283355713,0.7694380283355713,0.7694380283355713
hannover,https://www.hannover.de/Leben-in-der-Region-Hannover/Kulturförderung/Kulturförderung-der-Region-Hannover,http://www.hannover.de/Leichte-Sprache/Hilfe-und-Tipps/F%C3%B6rderung-von-Kultur-in-der-Region-Hannover,395,207,0.6990253925323486,0.7490583658218384,0.7467672228813171,0.762127697467804,0.762127697467804
koeln,https://web.archive.org/web/20220401090142/https://www.stadt-koeln.de/service/produkt/unterhaltsvorschuss-1,https://web.archive.org/web/20220804230818/https://www.stadt-koeln.de/leben-in-koeln/soziales/unterhalts-vorschuss,678,1082,0.6921966075897217,0.8061878085136414,0.7878378629684448,0.8206175565719604,0.8562211990356445
koeln,https://web.archive.org/web/20220907093626/https://www.stadt-koeln.de/service/produkt/widerspruchsrecht-gegen-weitergabe-von-meldedaten,https://web.archive.org/web/20220804230818/https://www.stadt-koeln.de/leben-in-koeln/soziales/widerspruch-gegen-die-weitergabe-von-ihren-melde-daten-einle,319,630,0.8069060444831848,0.684617280960083,0.7059650421142578,0.7385205030441284,0.7385205030441284
koeln,https://web.archive.org/web/20220305180227/https://www.stadt-koeln.de/service/produkt/fuehrerschein-wiedererteilung-der-fahrerlaubnis,https://web.archive.org/web/20220804230818/https://www.stadt-koeln.de/leben-in-koeln/soziales/wie-bekomme-ich-meinen-fuehrerschein-wieder,764,1327,0.5051925182342529,0.7260390520095825,0.7849920392036438,0.8269227743148804,0.8576589822769165
koeln,https://web.archive.org/web/20220305053556/https://www.stadt-koeln.de/service/produkt/wiederannahme-des-geburtsnamens,https://web.archive.org/web/20220804230818/https://www.stadt-koeln.de/leben-in-koeln/soziales/geburts-namen-oder-frueheren-namen-wieder-bekommen,317,506,0.8751248121261597,0.8610924482345581,0.8559216260910034,0.8498031497001648,0.8498031497001648
koeln,https://web.archive.org/web/20220529191353/https://www.stadt-koeln.de/service/produkt/umschreibung-eines-fahrzeuges-von-ausserhalb-nach-koeln-1,https://web.archive.org/web/20220804230818/https://www.stadt-koeln.de/leben-in-koeln/soziales/fahrzeug-koeln-ummelden,682,1066,0.8419169187545776,0.8506530523300171,0.8201292157173157,0.8713444471359253,0.8760294318199158
koeln,https://web.archive.org/web/20220305053536/https://www.stadt-koeln.de/service/produkt/aidshiv-test,https://web.archive.org/web/20220804230818/https://www.stadt-koeln.de/leben-in-koeln/soziales/aidshiv-test,699,481,0.40658193826675415,0.6069492697715759,0.7658252716064453,0.8038437366485596,0.8038437366485596
koeln,https://web.archive.org/web/20170701021436/http://www.stadt-koeln.de/service/produkt/eintragung-der-geburt-eines-im-ausland-geborenen-kindes,https://web.archive.org/web/20220804230818/https://www.stadt-koeln.de/leben-in-koeln/soziales/geburt-von-einem-im-ausland-geborenen-kind-eintragen-lassen,189,682,0.8577340841293335,0.7397712469100952,0.759513258934021,0.8821030855178833,0.8821030855178833
koeln,https://web.archive.org/web/20220301233608/https://www.stadt-koeln.de/service/produkt/fischerpruefung,https://web.archive.org/web/20220804230818/https://www.stadt-koeln.de/leben-in-koeln/soziales/fischer-pruefung,475,1339,0.7179880738258362,0.7698912620544434,0.8788149952888489,0.8878782391548157,0.8969371318817139
koeln,https://web.archive.org/web/20201203194412/https://www.stadt-koeln.de/service/produkt/beratung-vor-anmeldung-einer-eheschliessung-bei-auslaendischer-staatsangehoerigkeit,https://web.archive.org/web/20220804230818/https://www.stadt-koeln.de/leben-in-koeln/soziales/beratung-fuer-menschen-aus-dem-ausland-zum-anmelden-einer-ehe,253,600,0.7310706377029419,0.784214198589325,0.7881620526313782,0.7526251077651978,0.7526251077651978
koeln,https://web.archive.org/web/20220529191846/https://www.stadt-koeln.de/service/produkt/zulassung-eines-neufahrzeuges,https://web.archive.org/web/20220804230818/https://www.stadt-koeln.de/leben-in-koeln/soziales/neues-fahrzeug-zulassen,535,1345,0.521682620048523,0.5680612325668335,0.61808180809021,0.7617452144622803,0.8154109120368958
koeln,https://web.archive.org/web/20220305053632/https://www.stadt-koeln.de/service/produkt/beratungstelefon-fuer-senioren-und-menschen-mit-behinderung-1,https://web.archive.org/web/20220804230818/https://www.stadt-koeln.de/leben-in-koeln/soziales/behinderung/beratungs-telefon-fuer-menschen-mit-behinderung-senioren-und-seniorinnen,89,337,0.8237876892089844,0.8167119026184082,0.7828172445297241,0.7828172445297241,0.7828172445297241
koeln,https://web.archive.org/web/20220529192412/https://www.stadt-koeln.de/service/produkt/aenderung-des-vor-oder-familiennamens,https://web.archive.org/web/20220804230818/https://www.stadt-koeln.de/leben-in-koeln/soziales/vornamen-oder-nachnamen-aendern,549,539,0.6080939769744873,0.5816119909286499,0.6810129880905151,0.7250704765319824,0.7250704765319824
koeln,https://web.archive.org/web/20220401090625/https://www.stadt-koeln.de/service/produkt/pflegeeltern-werden,https://web.archive.org/web/20220804230818/https://www.stadt-koeln.de/leben-in-koeln/soziales/pflege-eltern-werden,438,851,0.5901867151260376,0.6799564957618713,0.7028177380561829,0.8117519617080688,0.8008750677108765
koeln,https://web.archive.org/web/20220305053537/https://www.stadt-koeln.de/service/produkt/tagespflege-antrag-auf-uebernahme-der-kosten-1,https://web.archive.org/web/20220804230818/https://www.stadt-koeln.de/leben-in-koeln/soziales/behinderung/tages-pflege-hilfe-bei-den-kosten,232,343,0.6264951229095459,0.6791732311248779,0.7848811149597168,0.7848811149597168,0.7848811149597168
koeln,https://web.archive.org/web/20220529191015/https://www.stadt-koeln.de/service/produkt/ehefaehigkeitszeugnis-zur-eheschliessung-im-ausland-1,https://web.archive.org/web/20220804230818/https://www.stadt-koeln.de/leben-in-koeln/soziales/ehe-faehigkeits-zeugnis-fuer-eine-heirat-im-ausland,758,1378,0.761267900466919,0.8091998100280762,0.8929585218429565,0.8909361958503723,0.9235761761665344
koeln,https://web.archive.org/web/20220529192502/https://www.stadt-koeln.de/service/produkt/bestellung-von-geburtsurkunden,https://web.archive.org/web/20220804230818/https://www.stadt-koeln.de/leben-in-koeln/soziales/weitere-geburts-urkunde-bestellen,426,827,0.7131814956665039,0.7506046295166016,0.7951310873031616,0.8290325999259949,0.8448809385299683
koeln,https://web.archive.org/web/20220401095616/https://www.stadt-koeln.de/leben-in-koeln/familie-kinder/ehe-lebenspartnerschaft/trautermin-online,https://web.archive.org/web/20220804230818/https://www.stadt-koeln.de/leben-in-koeln/soziales/trau-termin-im-internet-vormerken,756,666,0.8286365866661072,0.8446149826049805,0.7704037427902222,0.8398363590240479,0.8379848003387451
koeln,https://web.archive.org/web/20220529192825/https://www.stadt-koeln.de/service/produkte/wohngeld,https://web.archive.org/web/20220804230818/https://www.stadt-koeln.de/leben-in-koeln/soziales/wohn-geld,1730,989,0.7115310430526733,0.6670398712158203,0.7042118310928345,0.7209227681159973,0.8204546570777893
koeln,https://web.archive.org/web/20220529191746/https://www.stadt-koeln.de/service/produkt/kurzzeitkennzeichen-1,https://web.archive.org/web/20220804230818/https://www.stadt-koeln.de/leben-in-koeln/soziales/kurz-zeit-kennzeichen,559,822,0.4710564613342285,0.7533815503120422,0.7824005484580994,0.8432489037513733,0.8471791744232178
koeln,https://web.archive.org/web/20220401090431/https://www.stadt-koeln.de/service/produkt/tagespflege-fuer-ihr-kind-2,https://web.archive.org/web/20220804230818/https://www.stadt-koeln.de/leben-in-koeln/soziales/tages-pflege-fuer-ihr-kind,495,695,0.5804123282432556,0.6726508140563965,0.8656129837036133,0.9036100506782532,0.9036100506782532
koeln,https://web.archive.org/web/20220305053553/https://www.stadt-koeln.de/service/produkt/selbsthilfegruppen-im-sozialen-bereich-foerderung,https://web.archive.org/web/20220804230818/https://www.stadt-koeln.de/leben-in-koeln/soziales/behinderung/foerderung-fuer-selbsthilfe-gruppen-im-sozialen-bereich,202,370,0.8097221851348877,0.8196110129356384,0.9162764549255371,0.9165041446685791,0.9165041446685791
koeln,https://web.archive.org/web/20220305102134/https://www.stadt-koeln.de/service/produkt/umschreibung-eines-fahrzeuges-von-ausserhalb-nach-koeln-1,https://web.archive.org/web/20220804230818/https://www.stadt-koeln.de/leben-in-koeln/soziales/fahrzeug-von-einem-anderen-ort-deutschland-nach-koeln-umschreiben,733,1116,0.9196797609329224,0.9016506671905518,0.8391203880310059,0.8684303164482117,0.8782747983932495
koeln,https://web.archive.org/web/20220529192736/https://www.stadt-koeln.de/service/produkte/wohnberechtigungsschein,https://web.archive.org/web/20220804230818/https://www.stadt-koeln.de/leben-in-koeln/soziales/wohn-berechtigungs-schein-wbs,1040,1384,0.787489652633667,0.8516885638237,0.8886086940765381,0.8821284770965576,0.8779305815696716
koeln,https://web.archive.org/web/20220529192322/https://www.stadt-koeln.de/service/produkt/reisepass-vorlaeufig,https://web.archive.org/web/20220804230818/https://www.stadt-koeln.de/leben-in-koeln/soziales/vorlaeufiger-reise-pass,893,1188,0.695767343044281,0.6829755902290344,0.7377606630325317,0.8177123665809631,0.8581801652908325
koeln,https://web.archive.org/web/20220529191208/https://www.stadt-koeln.de/service/produkt/elternbeitraege-der-kindertageseinrichtungen,https://web.archive.org/web/20220804230818/https://www.stadt-koeln.de/leben-in-koeln/soziales/eltern-beitrag-fuer-die-kinder-tages-einrichtung,442,628,0.41437822580337524,0.6439975500106812,0.7214264273643494,0.7617206573486328,0.7617206573486328
koeln,https://web.archive.org/web/20220529192233/https://www.stadt-koeln.de/service/produkt/personalausweis-vorlaeufig,https://web.archive.org/web/20220804230818/https://www.stadt-koeln.de/leben-in-koeln/soziales/vorlaeufiger-personal-ausweis,921,959,0.5808510780334473,0.6170077323913574,0.6327325105667114,0.8086289167404175,0.7992926836013794
koeln,https://web.archive.org/web/20230203003312/https://www.stadt-koeln.de/service/produkt/beurkundung-von-geburten-1,https://web.archive.org/web/20220804230818/https://www.stadt-koeln.de/leben-in-koeln/soziales/geburts-urkunde-beantragen,713,643,0.8258528709411621,0.8676761388778687,0.8483147025108337,0.8665504455566406,0.8665504455566406
koeln,https://web.archive.org/web/20191119233009/https://www.stadt-koeln.de/service/produkt/ummeldung-ihres-wohnsitzes,https://web.archive.org/web/20220804230818/https://www.stadt-koeln.de/leben-in-koeln/soziales/wohnsitz-zu-einer-anderen-adresse-koeln-ummelden,550,831,0.5104280114173889,0.66634601354599,0.7601444721221924,0.8105164170265198,0.8196840286254883
koeln,https://web.archive.org/web/20220529193005/https://www.stadt-koeln.de/service/produkt/anmeldung-ihres-wohnsitzes,https://web.archive.org/web/20220804230818/https://www.stadt-koeln.de/leben-in-koeln/soziales/wohnsitz-zum-ersten-mal-koeln-anmelden,750,1028,0.7830939292907715,0.7515291571617126,0.8113231658935547,0.7932981848716736,0.8197062611579895
koeln,https://web.archive.org/web/20220401085744/https://www.stadt-koeln.de/service/produkt/vaterschaftsanerkennung-1,https://web.archive.org/web/20220804230818/https://www.stadt-koeln.de/leben-in-koeln/soziales/vaterschaft-anerkennen,266,258,0.7662910223007202,0.7889774441719055,0.7933646440505981,0.7933646440505981,0.7933646440505981
koeln,https://web.archive.org/web/20220529192043/https://www.stadt-koeln.de/service/produkt/soziale-leistungen-fuer-auslaender,https://web.archive.org/web/20220804230818/https://www.stadt-koeln.de/leben-in-koeln/soziales/soziale-leistungen-fuer-auslaender,208,441,0.7605165243148804,0.7789121866226196,0.8604214787483215,0.8752856254577637,0.8752856254577637
koeln,https://web.archive.org/web/20220529190745/https://www.stadt-koeln.de/leben-in-koeln/soziales/behinderung/merkzeichen-im-schwerbehindertenausweis,https://web.archive.org/web/20220804230818/https://www.stadt-koeln.de/leben-in-koeln/soziales/behinderung/merk-zeichen-im-schwer-behinderten-ausweis,450,734,0.7772240042686462,0.7433265447616577,0.7498077154159546,0.8146505355834961,0.8144321441650391
koeln,https://web.archive.org/web/20220529190833/https://www.stadt-koeln.de/service/produkt/schwerbehindertenausweis-beiblatt-mit-wertmarke,https://web.archive.org/web/20220804230818/https://www.stadt-koeln.de/leben-in-koeln/soziales/behinderung/schwer-behinderten-ausweis-beiblatt-mit-wert-marke,143,306,0.8535469770431519,0.8875530958175659,0.9026986956596375,0.9026986956596375,0.9026986956596375
koeln,https://web.archive.org/web/20220529191112/https://www.stadt-koeln.de/service/produkt/bestellung-einer-eheurkunde,https://web.archive.org/web/20220804230818/https://www.stadt-koeln.de/leben-in-koeln/soziales/ehe-urkunde-bestellen,483,817,0.8587491512298584,0.8290166854858398,0.805411696434021,0.8383471369743347,0.8531236052513123
koeln,https://web.archive.org/web/20220529192550/https://www.stadt-koeln.de/service/produkt/bestellung-von-sterbeurkunden-1,https://web.archive.org/web/20220804230818/https://www.stadt-koeln.de/leben-in-koeln/soziales/weitere-sterbe-urkunde-bestellen,367,734,0.760117769241333,0.7322771549224854,0.8018604516983032,0.8579280972480774,0.851718008518219
koeln,https://web.archive.org/web/20220305134741/https://www.stadt-koeln.de/service/produkt/bescheinigung-belehrung-frueher-gesundheitszeugnis,https://web.archive.org/web/20220804230818/https://www.stadt-koeln.de/leben-in-koeln/soziales/nachweis-fuer-die-arbeit-mit-lebensmitteln,1001,784,0.5766383409500122,0.5893281698226929,0.6893954873085022,0.7891992330551147,0.8153901696205139
koeln,https://web.archive.org/web/20220305233530/https://www.stadt-koeln.de/service/produkt/seniorenberatung,https://web.archive.org/web/20220804230818/https://www.stadt-koeln.de/leben-in-koeln/soziales/behinderung/senioren-beratung,171,210,0.7295081615447998,0.8536331653594971,0.8511834740638733,0.8511834740638733,0.8511834740638733
koeln,https://web.archive.org/web/20220305113104/https://www.stadt-koeln.de/leben-in-koeln/soziales/gesetzliche-betreuung,https://web.archive.org/web/20220804230818/https://www.stadt-koeln.de/leben-in-koeln/soziales/behinderung/gesetzliche-betreuung,679,546,0.7412111759185791,0.7557666301727295,0.7885199785232544,0.8250100612640381,0.8250100612640381
koeln,https://web.archive.org/web/20220529191606/https://www.stadt-koeln.de/service/produkt/fuehrerschein-internationaler-fuehrerschein,https://web.archive.org/web/20220804230818/https://www.stadt-koeln.de/leben-in-koeln/soziales/inter-nationaler-fuehrer-schein,328,595,0.6982970237731934,0.6692849397659302,0.7611204385757446,0.782780647277832,0.782780647277832
main_taunus,https://web.archive.org/web/20210225194538/https://www.lebenshilfe-main-taunus.de/reisen.html,https://web.archive.org/web/20210122220843/https://www.lebenshilfe-main-taunus.de/ls/reisen.html,40,90,0.8173668384552002,0.8150708675384521,0.8150708675384521,0.8150708675384521,0.8150708675384521
main_taunus,https://web.archive.org/web/20210117033610/https://www.lebenshilfe-main-taunus.de/haus-flesch.html,https://web.archive.org/web/20210122220843/https://www.lebenshilfe-main-taunus.de/ls/haus-flesch.html,168,188,0.8413095474243164,0.9247362017631531,0.9179238080978394,0.9179238080978394,0.9179238080978394
main_taunus,https://web.archive.org/web/20210117022018/https://www.lebenshilfe-main-taunus.de/die-wohnhaeuser-der-lebenshilfe.html,https://web.archive.org/web/20210122220843/https://www.lebenshilfe-main-taunus.de/ls/wohnheime.html,113,44,0.8092212677001953,0.8197020888328552,0.8197020888328552,0.8197020888328552,0.8197020888328552
main_taunus,https://web.archive.org/web/20220401084555/https://www.lebenshilfe-main-taunus.de/kunstforum.html,https://web.archive.org/web/20210122220843/https://www.lebenshilfe-main-taunus.de/ls/die-kunst-gruppe.html,343,499,0.6699037551879883,0.6108320355415344,0.6414680480957031,0.688378095626831,0.688378095626831
main_taunus,https://web.archive.org/web/20210117025640/https://www.lebenshilfe-main-taunus.de/was-wir-bieten.html,https://web.archive.org/web/20210122220843/https://www.lebenshilfe-main-taunus.de/ls/was-wir-bieten.html,281,297,0.7857088446617126,0.8305354118347168,0.9136078357696533,0.9136078357696533,0.9136078357696533
main_taunus,https://web.archive.org/web/20210225192022/https://www.lebenshilfe-main-taunus.de/buecherei-126.html,https://web.archive.org/web/20210122220843/https://www.lebenshilfe-main-taunus.de/ls/buecherei-126.html,91,133,0.964738667011261,0.9670634865760803,0.9670634865760803,0.9670634865760803,0.9670634865760803
main_taunus,https://web.archive.org/web/20201124200727/https://www.lebenshilfe-main-taunus.de/unser-infomaterial.html,https://web.archive.org/web/20210122220843/https://www.lebenshilfe-main-taunus.de/ls/infos.html-1529997863.html,207,105,0.8070217370986938,0.7957963943481445,0.7686449289321899,0.7686449289321899,0.7686449289321899
main_taunus,https://web.archive.org/web/20220401085011/https://www.lebenshilfe-main-taunus.de/leichte-sprache.html,https://web.archive.org/web/20210122220843/https://www.lebenshilfe-main-taunus.de/ls/texte-in-leichter-sprache.html,302,151,0.6120139956474304,0.7487794756889343,0.7252005934715271,0.7252005934715271,0.7252005934715271
main_taunus,https://web.archive.org/web/20200926184140/https://www.lebenshilfe-main-taunus.de/familienunterstuetzender-dienst-fud.html,https://web.archive.org/web/20210122220843/https://www.lebenshilfe-main-taunus.de/ls/familien-unterstuetzender-dienst.html,227,374,0.7800263166427612,0.8093264102935791,0.9101262092590332,0.9112296104431152,0.9112296104431152
main_taunus,https://web.archive.org/web/20210123112625/https://www.lebenshilfe-main-taunus.de/treffpunkt-leichte-sprache-m-65/,https://web.archive.org/web/20210122220843/https://www.lebenshilfe-main-taunus.de/ls/treffpunkt-leichte-sprache-m-65/,170,124,0.6387542486190796,0.7919307947158813,0.7919307947158813,0.7919307947158813,0.7919307947158813
main_taunus,https://web.archive.org/web/20210117022640/https://www.lebenshilfe-main-taunus.de/haus-walburga.html,https://web.archive.org/web/20210122220843/https://www.lebenshilfe-main-taunus.de/ls/wohnheim-haus-walburga.html,181,259,0.849091112613678,0.8204746246337891,0.8478844165802002,0.8478844165802002,0.8478844165802002
main_taunus,https://web.archive.org/web/20211203004518/https://www.lebenshilfe-main-taunus.de/helfen.html,https://web.archive.org/web/20210122220843/https://www.lebenshilfe-main-taunus.de/ls/helfen.html,324,322,0.7866211533546448,0.8212150931358337,0.777580738067627,0.777580738067627,0.777580738067627
main_taunus,https://web.archive.org/web/20210117030816/https://www.lebenshilfe-main-taunus.de/betreutes-wohnen.html,https://web.archive.org/web/20210122220843/https://www.lebenshilfe-main-taunus.de/ls/betreutes-wohnen.html,140,116,0.7030152082443237,0.7872071862220764,0.7872071862220764,0.7872071862220764,0.7872071862220764
main_taunus,https://web.archive.org/web/20220401083927/https://www.lebenshilfe-main-taunus.de/informationen-zum-betreuten-wohnen.html,https://web.archive.org/web/20210122220843/https://www.lebenshilfe-main-taunus.de/ls/weitere-informationen-zum-betreuten-wohnen.html,365,334,0.6753133535385132,0.7719911932945251,0.8251997232437134,0.8249144554138184,0.8249144554138184
main_taunus,https://web.archive.org/web/20220529142722/https://www.lebenshilfe-main-taunus.de/haus-wehr-betreute-wohngemeinschaft-179.html,https://web.archive.org/web/20210122220843/https://www.lebenshilfe-main-taunus.de/ls/das-haus-wehr.html,112,152,0.9209784269332886,0.9257522225379944,0.9257522225379944,0.9257522225379944,0.9257522225379944
main_taunus,https://web.archive.org/web/20220401084728/https://www.lebenshilfe-main-taunus.de/informationen-und-pressestimmen.html,https://web.archive.org/web/20210122220843/https://www.lebenshilfe-main-taunus.de/ls/infos-zu-leichter-sprache.html,234,324,0.6448736190795898,0.6363967657089233,0.6914535164833069,0.6914535164833069,0.6914535164833069
main_taunus,https://web.archive.org/web/20210117034921/https://www.lebenshilfe-main-taunus.de/wohnheim-floersheim.html,https://web.archive.org/web/20210122220843/https://www.lebenshilfe-main-taunus.de/ls/wohnheim-floersheim.html,142,191,0.890424370765686,0.8983676433563232,0.9113322496414185,0.9113322496414185,0.9113322496414185
main_taunus,https://web.archive.org/web/20210123234023/https://www.lebenshilfe-main-taunus.de/freizeit-und-kunst-m-30/,https://web.archive.org/web/20210122220843/https://www.lebenshilfe-main-taunus.de/ls/freizeit-und-kunst-m-30/,125,71,0.7666610479354858,0.7648228406906128,0.7648228406906128,0.7648228406906128,0.7648228406906128
main_taunus,https://web.archive.org/web/20210225193352/https://www.lebenshilfe-main-taunus.de/kunst.html,https://web.archive.org/web/20210122220843/https://www.lebenshilfe-main-taunus.de/ls/kunst.html,110,178,0.3668753504753113,0.6099643707275391,0.6364153623580933,0.6364153623580933,0.6364153623580933
main_taunus,https://web.archive.org/web/20200812064850/https://www.lebenshilfe-main-taunus.de/buecherei-74.html,https://web.archive.org/web/20210122220843/https://www.lebenshilfe-main-taunus.de/ls/buecherei-74.html,92,117,0.9205576777458191,0.9800339937210083,0.9800339937210083,0.9800339937210083,0.9800339937210083
main_taunus,https://web.archive.org/web/20210126080139/https://www.lebenshilfe-main-taunus.de/ueber-uns.html,https://web.archive.org/web/20210122220843/https://www.lebenshilfe-main-taunus.de/ls/ueber-uns.html,147,222,0.9529767036437988,0.9460603594779968,0.9358038902282715,0.9358038902282715,0.9358038902282715
main_taunus,https://web.archive.org/web/20210126082007/https://www.lebenshilfe-main-taunus.de/vorstand.html,https://web.archive.org/web/20210122220843/https://www.lebenshilfe-main-taunus.de/ls/der-vorstand.html,154,202,0.5890603065490723,0.6692731380462646,0.7575182318687439,0.7575182318687439,0.7575182318687439
main_taunus,https://web.archive.org/web/20210624015858/https://www.lebenshilfe-main-taunus.de/fruehfoerderung.html,https://web.archive.org/web/20210122220843/https://www.lebenshilfe-main-taunus.de/ls/die-frueh-foerder-stelle.html,370,186,0.6685202121734619,0.7317913174629211,0.7986570596694946,0.7968127727508545,0.7968127727508545
main_taunus,https://web.archive.org/web/20210117032049/https://www.lebenshilfe-main-taunus.de/wohnen.html,https://web.archive.org/web/20210122220843/https://www.lebenshilfe-main-taunus.de/ls/wohnen.html,155,144,0.7943185567855835,0.8202849626541138,0.8202849626541138,0.8202849626541138,0.8202849626541138
main_taunus,https://web.archive.org/web/20210117021759/https://www.lebenshilfe-main-taunus.de/beratungsstelle-wohnen-12.html,https://web.archive.org/web/20210122220843/https://www.lebenshilfe-main-taunus.de/ls/beratung-wohnen-12.html,230,177,0.7249490022659302,0.8778629899024963,0.9278321266174316,0.9278321266174316,0.9278321266174316
main_taunus,https://web.archive.org/web/20210225184957/https://www.lebenshilfe-main-taunus.de/programm-des-familienunterstuetzenden-diensts.html,https://web.archive.org/web/20210122220843/https://www.lebenshilfe-main-taunus.de/ls/freizeit-programm.html,147,203,0.7237631678581238,0.8728450536727905,0.878316342830658,0.878316342830658,0.878316342830658
main_taunus,https://web.archive.org/web/20210117021537/https://www.lebenshilfe-main-taunus.de/tagesstruktur.html,https://web.archive.org/web/20210122220843/https://www.lebenshilfe-main-taunus.de/ls/tages-betreuung.html,122,207,0.7305170297622681,0.8281906247138977,0.8171347379684448,0.8171347379684448,0.8171347379684448
main_taunus,https://web.archive.org/web/20220401084923/https://www.lebenshilfe-main-taunus.de/treffpunkt-leichte-sprache.html,https://web.archive.org/web/20210122220843/https://www.lebenshilfe-main-taunus.de/ls/treffpunkt-leichte-sprache.html-1526288265.html-1526288405.html,170,124,0.7928938865661621,0.8791714906692505,0.8791714906692505,0.8791714906692505,0.8791714906692505
main_taunus,https://web.archive.org/web/20220401085118/https://www.lebenshilfe-main-taunus.de/schulungen.html,https://web.archive.org/web/20210122220843/https://www.lebenshilfe-main-taunus.de/ls/schulungen.html,101,109,0.8175774812698364,0.833846926689148,0.833846926689148,0.833846926689148,0.833846926689148
main_taunus,https://web.archive.org/web/20210117023228/https://www.lebenshilfe-main-taunus.de/projekt-mitleben.html,https://web.archive.org/web/20210122220843/https://www.lebenshilfe-main-taunus.de/ls/mitleben.html,278,90,0.7690331935882568,0.8313566446304321,0.8309996724128723,0.8309996724128723,0.8309996724128723
main_taunus,https://web.archive.org/web/20210117032634/https://www.lebenshilfe-main-taunus.de/villa-luce-5.html,https://web.archive.org/web/20210122220843/https://www.lebenshilfe-main-taunus.de/ls/die-villa-luce.html,152,193,0.8860498666763306,0.9049964547157288,0.9091642498970032,0.9091642498970032,0.9091642498970032
main_taunus,https://web.archive.org/web/20220401084159/https://www.lebenshilfe-main-taunus.de/beratung-und-foerderung.html,https://web.archive.org/web/20210122220843/https://www.lebenshilfe-main-taunus.de/ls/beratung-und-foerderung.html,92,87,0.7671211361885071,0.768273115158081,0.768273115158081,0.768273115158081,0.768273115158081
main_taunus,https://web.archive.org/web/20210225192653/https://www.lebenshilfe-main-taunus.de/haus-trappen-9.html,https://web.archive.org/web/20210122220843/https://www.lebenshilfe-main-taunus.de/ls/haus-trappen-9.html,180,171,0.9437012672424316,0.9573283195495605,0.9573283195495605,0.9573283195495605,0.9573283195495605
main_taunus,https://web.archive.org/web/20210124001158/https://www.lebenshilfe-main-taunus.de/spenden-helfen-mitmachen.html,https://web.archive.org/web/20210122220843/https://www.lebenshilfe-main-taunus.de/ls/spenden-helfen-mitmachen.html,273,236,0.9148322343826294,0.9012621641159058,0.9290854930877686,0.9290854930877686,0.9290854930877686
main_taunus,https://web.archive.org/web/20210225194355/https://www.lebenshilfe-main-taunus.de/gruppen.html,https://web.archive.org/web/20210122220843/https://www.lebenshilfe-main-taunus.de/ls/gruppen.html,282,674,0.986075758934021,0.97942054271698,0.9655148386955261,0.9525139927864075,0.9379516839981079
main_taunus,https://web.archive.org/web/20210123233551/https://www.lebenshilfe-main-taunus.de/beratung-und-foerderung-m-79/,https://web.archive.org/web/20210122220843/https://www.lebenshilfe-main-taunus.de/ls/beratung-und-foerderung-m-79/,89,87,0.7667831182479858,0.7667831182479858,0.7667831182479858,0.7667831182479858,0.7667831182479858
mdr,https://www.mdr.de/nachrichten/sachsen/wetter-fruehling-wochenende-waldbrand-gefahr-102.html,https://www.mdr.de/nachrichten-leicht/leichte-sprache-sachsen-sachsenforst-waldbrand-saison-100.html,548,179,0.6411945223808289,0.7519104480743408,0.8794625997543335,0.8751744031906128,0.8751744031906128
mdr,https://www.mdr.de/nachrichten/thueringen/warnstreik-nahverkehr-oepnv-102.html,https://www.mdr.de/nachrichten-leicht/leichte-sprache-mitteldeutschland-verdi-warnstreik-nahverkehr-100.html,843,292,0.7281544208526611,0.6912072896957397,0.8092826008796692,0.8510571718215942,0.8663331270217896
mdr,https://www.mdr.de/nachrichten/sachsen-anhalt/magdeburg/harz/quedlinburg-cannabis-samen-netto-kaufen-104.html,https://www.mdr.de/nachrichten-leicht/leichte-sprache-sachsen-anhalt-cannabis-im-supermarkt-100.html,765,154,0.7906044721603394,0.8044800758361816,0.8614548444747925,0.8677853941917419,0.8713219165802002
mdr,https://www.mdr.de/nachrichten/sachsen-anhalt/magdeburg/magdeburg/fcm-ausschreitungen-gewalt-fussball-sponsor-rueckzug-100.html,https://www.mdr.de/nachrichten-leicht/leichte-sprache-sachsen-anhalt-fcm-rueckzug-sponsor-100.html,494,182,0.7287095785140991,0.8211621046066284,0.8489694595336914,0.813485324382782,0.813485324382782
mdr,https://www.mdr.de/sport/fussball_2bl/fcm-geldstrafe-dfb-100.html,https://www.mdr.de/nachrichten-leicht/leichte-sprache-fcm-magdeburg-geldstrafe-pyro-fussball-100.html,565,173,0.8811638355255127,0.8900399804115295,0.8987776637077332,0.8791132569313049,0.8791132569313049
mdr,https://www.mdr.de/nachrichten/sachsen/stoerung-zugverkehr-leipzig-chemnitz-ersatzverkehr-100.html,https://www.mdr.de/nachrichten-leicht/leichte-sprache-sachsen-zugverkehr-leipzig-chemnitz-100.html,253,110,0.747002363204956,0.861253023147583,0.8498930931091309,0.8498930931091309,0.8498930931091309
mdr,https://www.mdr.de/nachrichten/sachsen/leipzig/leipzig-leipzig-land/frost-eisflaechen-gefahr-100.html,https://www.mdr.de/nachrichten-leicht/leichte-sprache-mittel-deutschland-gefahr-vor-eisflaechen-100.html,391,374,0.6114420294761658,0.7881469130516052,0.847237765789032,0.8407057523727417,0.8407057523727417
mdr,https://www.mdr.de/nachrichten/thueringen/ost-thueringen/saale-holzland/kahla-porzellan-insolvenz-104.html,https://www.mdr.de/nachrichten-leicht/leichte-sprache-thueringen-kahla-insolvenz-porzellan-100.html,505,118,0.8813846707344055,0.9005892276763916,0.8660842180252075,0.807701587677002,0.807701587677002
mdr,https://www.mdr.de/nachrichten/sachsen-anhalt/landtagswahl/wahl-ministerpraesident-schulze-102.html,https://www.mdr.de/nachrichten-leicht/spezial/leichte-sprache-ticker-sachsen-anhalt-haseloff-schulze-neuwahl-100.html,2128,1805,0.8283617496490479,0.8213027715682983,0.852538526058197,0.9229655861854553,0.9367995262145996
mdr,https://www.mdr.de/nachrichten/sachsen/warnstreik-verdi-nahverkehr-bus-faehre-kirnitzschtalbahn-102.html,https://www.mdr.de/nachrichten-leicht/leichte-sprache-sachsen-tarifrunde-gescheitert-neue-streiks-im-nahverkehr-100.html,373,338,0.680232048034668,0.6999192237854004,0.8600831627845764,0.888798713684082,0.888798713684082
mdr,https://www.mdr.de/nachrichten/sachsen/dresden/dresden-radebeul/hauptbahnhof-bahn-umleitung-ausfall-bauarbeiten-102.html,https://www.mdr.de/nachrichten-leicht/leichte-sprache-sachsen-zugverkehr-ausfaelle-dresden-chemnitz-bruecke-baustelle-100.html,517,158,0.771508514881134,0.8825945854187012,0.8551026582717896,0.8501274585723877,0.8501274585723877
mdr,https://www.mdr.de/nachrichten/sachsen-anhalt/krankenversicherung-clearingstelle-gesundheitsversorgung-100.html,https://www.mdr.de/nachrichten-leicht/leichte-sprache-sachsen-anhalt-beratungsstelle-menschen-ohne-krankenversicherung-100.html,355,160,0.7426552772521973,0.7744449377059937,0.7252300977706909,0.7155859470367432,0.7155859470367432
mdr,https://www.mdr.de/nachrichten/thueringen/west-thueringen/wartburgkreis/eisenach-knockout-urteile-neonazis-100.html,https://www.mdr.de/nachrichten-leicht/leichte-sprache-thueringen-urteil-knockout-100.html,560,226,0.7343109250068665,0.6589293479919434,0.824883759021759,0.813446044921875,0.813446044921875
mdr,https://www.mdr.de/nachrichten/thueringen/nord-thueringen/unstrut-hainich/foerdermittel-thueringentherme-sanierung-100.html,https://www.mdr.de/nachrichten-leicht/leichte-sprache-thueringen-therme-saniert-muehlhausen-100.html,330,173,0.6617968082427979,0.8038739562034607,0.7319749593734741,0.7319749593734741,0.7319749593734741
mdr,https://www.mdr.de/nachrichten/sachsen-anhalt/magdeburg/jerichow/storch-stoerche-rueckkehrer-104.html,https://www.mdr.de/nachrichten-leicht/leichte-sprache-sachsen-anhalt-storch-stoerche-winterquartier-rueckkehr-100.html,446,146,0.8640220165252686,0.8832847476005554,0.8848623037338257,0.8724106550216675,0.8724106550216675
mdr,https://www.mdr.de/nachrichten/sachsen/sondervermoegen-staedte-gemeinden-investitionen-strassen-schulen-milliarden-102.html,https://www.mdr.de/nachrichten-leicht/leichte-sprache-sachsen-geld-fuer-kommunen-100.html,518,160,0.7749601006507874,0.8555774092674255,0.857288658618927,0.8358253240585327,0.8358253240585327
mdr,https://www.mdr.de/nachrichten/deutschland/politik/bahn-sanierung-hamburg-berlin-100.html,https://www.mdr.de/nachrichten-leicht/leichte-sprache-sachsen-anhalt-sanierung-gueterzug-brand-einschraenkungen-bahnverkehr-100.html,529,467,0.679035484790802,0.7843896150588989,0.8537280559539795,0.865099310874939,0.865099310874939
mdr,https://www.mdr.de/nachrichten/deutschland/politik/verdi-streik-oepnv-nahverkehr-sachsen-anhalt-thueringen-102.html,https://www.mdr.de/nachrichten-leicht/leichte-sprache-mitteldeutschland-streik-geht-weiter-100.html,574,187,0.6632237434387207,0.8328158855438232,0.8525262475013733,0.8551512360572815,0.8551512360572815
mdr,https://www.mdr.de/nachrichten/sachsen/leipzig/leipzig-leipzig-land/carbon-beton-werk-bauen-forschung-100.html,https://www.mdr.de/nachrichten-leicht/leichte-sprache-sachsen-leipzig-bauen-carbotbeton-klima-carbonbetonwerk-100.html,418,336,0.8088681101799011,0.783831000328064,0.8569895029067993,0.8311868906021118,0.8311868906021118
mdr,https://www.mdr.de/nachrichten/thueringen/mitte-thueringen/soemmerda/kmg-klinikum-gynaekologie-brustzentrum-schliessen-krankenhausreform-100.html,https://www.mdr.de/nachrichten-leicht/leichte-sprache-thueringen-soemmerda-klinik-schliessung-brustzentrum-gynaekologie-100.html,412,229,0.7693154811859131,0.7453746795654297,0.7943439483642578,0.7555212378501892,0.7555212378501892
mdr,https://www.mdr.de/sport/fussball_pokal/dfb-pokal/bericht-dfb-pokal-frauen-fc-carl-zeiss-jena-sc-sand-100.html,https://www.mdr.de/nachrichten-leicht/leichte-sprache-thueringen-sport-fusball-frauen-jena-100.html,473,177,0.8437527418136597,0.8823845982551575,0.8928999900817871,0.8887881636619568,0.8887881636619568
mdr,https://www.mdr.de/nachrichten/sachsen-anhalt/magdeburg/magdeburg/baustelle-innenstadt-verkehr-strassenbahn-106.html,https://www.mdr.de/nachrichten-leicht/leichte-sprache-sachsen-anhalt-magdeburg-strassenbahn-schienen-neu-100.html,633,279,0.7897933721542358,0.8653178811073303,0.9096373319625854,0.9192174673080444,0.9192174673080444
mdr,https://www.mdr.de/nachrichten/thueringen/voigt-afd-misstrauensvotum-abstimmung-100.html,https://www.mdr.de/nachrichten-leicht/leichte-sprache-thueringen-misstrauensvotum-voigt-100.html,582,304,0.8164160847663879,0.8343890309333801,0.8606018424034119,0.8834891319274902,0.8834891319274902
mdr,https://www.mdr.de/nachrichten/sachsen/dresden/dresden-radebeul/gedenken-krieg-zerstoerung-demos-erinnerung-kultur-100.html,https://www.mdr.de/nachrichten-leicht/leichte-sprache-dresden-protest-buendnis-krieg-gedenken-stadt-100.html,868,447,0.8592729568481445,0.8450868129730225,0.875474214553833,0.8954179883003235,0.8958030939102173
mdr,https://www.mdr.de/nachrichten/sachsen/dresden/warnstreik-nahverkehr-verdi-dvs-saechsische-schweiz-osterzgebirge-regionalverkehr-102.html,https://www.mdr.de/nachrichten-leicht/leichte-sprache-sachsen-sachsen-anhalt-streik-100.html,281,239,0.5526586771011353,0.6066020131111145,0.8298860192298889,0.8298860192298889,0.8298860192298889
mdr,https://www.mdr.de/nachrichten/sachsen-anhalt/ki-sexualisierte-gewalt-im-internet-alltag-vieler-frauen-102.html,https://www.mdr.de/nachrichten-leicht/leichte-sprache-sachsen-anhalt-sexualisierte-gewalt-im-internet-100.html,1125,428,0.49641773104667664,0.6173897385597229,0.632418692111969,0.6996309757232666,0.7071634531021118
mdr,https://www.mdr.de/nachrichten/deutschland/wirtschaft/inklusion-arbeitsmarkt-schwerbehinderung-unternehmen-100.html,https://www.mdr.de/nachrichten-leicht/leichte-sprache-mittel-deutschland-schlechte-inklusion-auf-dem-arbeitsmarkt-100.html,1240,296,0.7598884105682373,0.7687779664993286,0.8293615579605103,0.8581822514533997,0.8483215570449829
mdr,https://www.mdr.de/nachrichten/sachsen-anhalt/magdeburg/harz/mann-brocken-gerettet-feuerwehr-104.html,https://www.mdr.de/nachrichten-leicht/leichte-sprache-sachsen-anhalt-brocken-rettung-mann-gipfel-100.html,498,190,0.7412922382354736,0.8705713748931885,0.8620198369026184,0.8031317591667175,0.8031317591667175
mdr,https://www.mdr.de/nachrichten/deutschland/gesellschaft/schulstreik-wehrpflicht-schueler-streik-sachsen-anhalt-thueringen-100.html,https://www.mdr.de/nachrichten-leicht/leichte-sprache-mitteldeutschland-demos-schueler-wehrpflicht-100.html,580,442,0.4053378701210022,0.6356391906738281,0.7929481863975525,0.8455708026885986,0.8455708026885986
mdr,https://www.mdr.de/nachrichten/deutschland/gesellschaft/behoerden-it-panne-betrifft-behinderte-100.html,https://www.mdr.de/nachrichten-leicht/leichte-sprache-sachsen-sachsen-anhalt-software-panne-behoerden-schwerbehinderte-betroffen-100.html,1198,420,0.6548290252685547,0.5737037062644958,0.7370336055755615,0.8524823188781738,0.8403000831604004
mdr,https://www.mdr.de/nachrichten/thueringen/mitte-thueringen/erfurt/brand-domplatz-haus-schwelbrand-silvester-100.html,https://www.mdr.de/nachrichten-leicht/leichte-sprache-thueringen-erfurt-domplatz-100.html,335,142,0.7390353083610535,0.8489406108856201,0.8688976764678955,0.8688976764678955,0.8688976764678955
mdr,https://www.mdr.de/nachrichten/sachsen/verdi-streik-nahverkehr-erzgebirge-meissen-chemnitz-100.html,https://www.mdr.de/nachrichten-leicht/leichte-sprache-sachsen-thueringen-streik-100.html,497,206,0.6525282859802246,0.7431322932243347,0.8594961166381836,0.8628076910972595,0.8628076910972595
mdr,https://www.mdr.de/nachrichten/deutschland/panorama/glatteis-glaette-unfaelle-schnee-sachsen-anhalt-thueringen-unwetter-warnung-100.html,https://www.mdr.de/nachrichten-leicht/leichte-sprache-mitteldeutschland-wetter-umschwung-glatteis-gefahr-100.html,725,337,0.5654710531234741,0.6279447078704834,0.7189157009124756,0.7481263875961304,0.7585610151290894
mdr,https://www.mdr.de/nachrichten/sachsen-anhalt/magdeburg/harz/unwetter-wind-sturm-brocken-104.html,https://www.mdr.de/nachrichten-leicht/leichte-sprache-sachsen-anhalt-sturmwarnung-fuer-den-brocken-100.html,528,240,0.8129230737686157,0.8296969532966614,0.883502185344696,0.8765789270401001,0.8765789270401001
mdr,https://www.mdr.de/nachrichten/deutschland/politik/lufthansa-streik-flug-ausfaelle-leipzig-dresden-freitag-100.html,https://www.mdr.de/nachrichten-leicht/leichte-sprache-mitteldeutschland-lufthansa-streik-flughafen-leipzig-halle-dresden-100.html,548,198,0.6884126663208008,0.8675790429115295,0.8543199896812439,0.8467706441879272,0.8467706441879272
mdr,https://www.mdr.de/nachrichten/sachsen/bahn-verspaetung-bauarbeiten-ersatzverkehr-fahrplan-100.html,https://www.mdr.de/nachrichten-leicht/leichte-sprache-sachsen-einschraenkung-zugverkehr-zwickau-dresden-100.html,243,190,0.7158586978912354,0.8767716884613037,0.8395490646362305,0.8395490646362305,0.8395490646362305
mdr,https://www.mdr.de/sport/andere_sportarten/biathlon-frauen-verfolgung-weltcup-oberhof-vanessa-voigt-100.html,https://www.mdr.de/nachrichten-leicht/leichte-sprache-thueringen-oberhof-biathlon-voller-erfolg-100.html,401,217,0.6257830262184143,0.5696768164634705,0.7605113387107849,0.761735737323761,0.761735737323761
mdr,https://www.mdr.de/nachrichten/sachsen/schule-schwaenzen-schulverweigerer-bildung-100.html,https://www.mdr.de/nachrichten-leicht/leichte-sprache-sachsen-schulschwaenzer-schulverweigerer-100.html,329,213,0.7595104575157166,0.8042329549789429,0.8274247646331787,0.8274247646331787,0.8274247646331787
mdr,https://www.mdr.de/kultur/ausflug-tipps/hainich-quedlinburg-muldental-wohin-am-wochenende-tipps-100.html,https://www.mdr.de/nachrichten-leicht/leichte-sprache-wochenende-tipps-leipzig-asisi-panometer-gera-100.html,402,343,0.5346924662590027,0.5725359916687012,0.7462466359138489,0.7608449459075928,0.7608449459075928
mdr,https://www.mdr.de/sport/andere_sportarten/olympische-winterspiele-skeleton-susanne-kreher-jacqueline-pfeifer-100.html,https://www.mdr.de/nachrichten-leicht/leichte-sprache-sport-olympia-skeleton-medaillen-kreher-100.html,593,232,0.7213786840438843,0.7314074039459229,0.7980560064315796,0.838175892829895,0.838175892829895
mdr,https://www.mdr.de/nachrichten/sachsen-anhalt/magdeburg/magdeburg/erste-queere-buchmesse-magdequeer-kultur-news-100.html,https://www.mdr.de/nachrichten-leicht/leichte-sprache-sachsen-anhalt-erste-queere-buchmesse-in-magdeburg-100.html,677,172,0.895554780960083,0.946304202079773,0.9291982650756836,0.9089183211326599,0.9089183211326599
mdr,https://www.mdr.de/nachrichten/sachsen-anhalt/halle/halle/halle-neustadt-chlorgas-schwimmhalle-102.html,https://www.mdr.de/nachrichten-leicht/leichte-sprache-halle-chlor-unfall-gas-neustadt-schwimmbad-100.html,204,162,0.6353234052658081,0.8497077226638794,0.7894704341888428,0.7894704341888428,0.7894704341888428
mdr,https://www.mdr.de/nachrichten/thueringen/mitte-thueringen/erfurt/women-in-the-dark-ausstellung-kunst-installation-gewalt-gegen-frauen-kultur-news-100.html,https://www.mdr.de/nachrichten-leicht/leichte-sprache-kulturnachricht-108.html,740,482,0.3564656376838684,0.32133007049560547,0.6656777858734131,0.7148116230964661,0.7148116230964661
mdr,https://www.mdr.de/nachrichten/sachsen/chemnitz/chemnitz-stollberg/congress-hotel-mitarbeiter-kaempfen-jobs-100.html,https://www.mdr.de/nachrichten-leicht/leichte-sprache-sachsen-chemnitz-congress-hotel-mitarbeiter-suchen-betreiber-100.html,271,216,0.839018702507019,0.8725769519805908,0.8552834987640381,0.8552834987640381,0.8552834987640381
mdr,https://www.mdr.de/nachrichten/sachsen/nahverkehr-tarifeinigung-warnstreik-arbeitgeber-verdi-100.html,https://www.mdr.de/nachrichten-leicht/leichte-sprache-sachsen-tarifstreit-beigelegt-100.html,413,269,0.7478253841400146,0.8237662315368652,0.8639945983886719,0.8604615926742554,0.8604615926742554
mdr,https://www.mdr.de/nachrichten/thueringen/ost-thueringen/saale-orla/saalburg-elektro-dampfer-ms-gera-bleilochtalsperre-104.html,https://www.mdr.de/nachrichten-leicht/leichte-sprache-thueringen-elektroschiff-bleilochtalsperre-100.html,516,134,0.8629599809646606,0.9514315724372864,0.9023298025131226,0.8634416460990906,0.8634416460990906
mdr,https://www.mdr.de/nachrichten/thueringen/west-thueringen/wartburgkreis/heilwasser-bad-liebenstein-100.html,https://www.mdr.de/nachrichten-leicht/leichte-sprache-thueringen-bad-liebenstein-heilwasser-sprudelt-wieder-100.html,243,206,0.8392640352249146,0.8912713527679443,0.8510880470275879,0.8510880470275879,0.8510880470275879
mdr,https://www.mdr.de/nachrichten/sachsen/leipzig/leipzig-leipzig-land/naturkundemuseum-foerderung-umbau-millionen-euro-bowlingtreff-100.html,https://www.mdr.de/nachrichten-leicht/leichte-sprache-leipzig-naturkunde-museum-bowling-treff-100.html,442,155,0.8914740085601807,0.9400264620780945,0.9073382019996643,0.8897225856781006,0.8897225856781006
mdr,https://www.mdr.de/nachrichten/thueringen/stromversorgung-anschlag-berlin-maier-teag-100.html,https://www.mdr.de/nachrichten-leicht/leichte-sprache-sachsen-thueringen-risiko-stromausfall-100.html,473,277,0.7702375650405884,0.8526401519775391,0.8893746733665466,0.9028520584106445,0.9028520584106445
mdr,https://www.mdr.de/nachrichten/sachsen-anhalt/magdeburg/magdeburg/gebeine-otto-grosse-dom-magdeburg-authentisch-kultur-news-100.html,https://www.mdr.de/nachrichten-leicht/leichte-sprache-magdeburg-dom-kaiser-knochen-otto-100.html,484,169,0.7978179454803467,0.8638770580291748,0.891526997089386,0.8960313200950623,0.8960313200950623
mdr,https://www.mdr.de/nachrichten/sachsen-anhalt/halle/mansfeld/luchs-reisst-dutzende-schafe-100.html,https://www.mdr.de/nachrichten-leicht/leichte-sprache-sachsen-anhalt-luchs-100.html,443,139,0.8065668940544128,0.8430768251419067,0.82845139503479,0.7929587364196777,0.7929587364196777
mdr,https://www.mdr.de/nachrichten/sachsen/dresden/dippoldiswalde-sebnitz/altenberg-buergermeister-wahl-vorzeitig-102.html,https://www.mdr.de/nachrichten-leicht/leichte-sprache-sachsen-altenberg-buergermeister-wahl-barth-100.html,506,157,0.8763282299041748,0.8684058785438538,0.9065266251564026,0.8846177458763123,0.8846177458763123
mdr,https://www.mdr.de/nachrichten/sachsen/chemnitz/chemnitz-stollberg/brand-feuer-toter-altersheim-senioren-100.html,https://www.mdr.de/nachrichten-leicht/leichte-sprache-sachsen-brand-in-pflegeheim-100.html,309,176,0.8234831094741821,0.8860329389572144,0.8776637315750122,0.8776637315750122,0.8776637315750122
mdr,https://www.mdr.de/nachrichten/sachsen/dresden/dresden-radebeul/prozess-antifa-ost-kronzeuge-linksextremismus-100.html,https://www.mdr.de/nachrichten-leicht/leichte-sprache-sachsen-antifa-prozess-100.html,524,357,0.7421100735664368,0.789730429649353,0.8581949472427368,0.8528064489364624,0.8528064489364624
mdr,https://www.mdr.de/nachrichten/thueringen/nord-thueringen/eichsfeld/musashi-sozialplan-auto-zulieferer-entlassungen-100.html,https://www.mdr.de/nachrichten-leicht/leichte-sprache-thueringen-musashi-schliessung-leinefelde-100.html,429,180,0.7579946517944336,0.8741657733917236,0.9094662070274353,0.9084838628768921,0.9084838628768921
mdr,https://www.mdr.de/nachrichten/sachsen-anhalt/magdeburg/harz/mann-brocken-gerettet-feuerwehr-104.html,https://www.mdr.de/nachrichten-leicht/leichte-sprache-sachsen-anhalt-brocken-mann-gerettet-100.html,498,154,0.7489109635353088,0.8289806246757507,0.830766499042511,0.8046029806137085,0.8046029806137085
mdr,https://www.mdr.de/nachrichten/sachsen/wetter-heute-regen-gewitter-fruehling-100.html,https://www.mdr.de/nachrichten-leicht/leichte-sprache-sachsen-anhalt-hochwasserwarnung-bode-ilse-100.html,241,370,0.41718214750289917,0.4324735403060913,0.6438435316085815,0.6438435316085815,0.6438435316085815
mdr,https://www.mdr.de/nachrichten/sachsen-anhalt/magdeburg/magdeburg/fuenfundzwanzigster-prozesstag-anschlag-weihnachtsmarkt-102.html,https://www.mdr.de/nachrichten-leicht/leichte-sprache-sachsen-anhalt-attentaeter-magdeburg-hungerstreik-androhung-100.html,517,264,0.7635137438774109,0.8109739422798157,0.891883909702301,0.880286455154419,0.880286455154419
mdr,https://www.mdr.de/nachrichten/sachsen-anhalt/magdeburg/magdeburg/polizei-warnung-betrug-karten-108.html,https://www.mdr.de/nachrichten-leicht/leichte-sprache-sachsen-anhalt-magdeburg-gefaelschte-paketbenachrichtigungen-100.html,490,233,0.676161527633667,0.6963831186294556,0.8087269067764282,0.7791410684585571,0.7791410684585571
mdr,https://www.mdr.de/nachrichten/sachsen/dresden/grossenhain-riesa/waldbrand-ursache-gohrischheide-phosphor-feuerwehr-100.html,https://www.mdr.de/nachrichten-leicht/leichte-sprache-gohrischheide-waldbrand-sachsen-ursache-kampfmittel-100.html,335,333,0.7746677994728088,0.8278841972351074,0.827414333820343,0.827414333820343,0.827414333820343
mdr,https://www.mdr.de/nachrichten/sachsen-anhalt/landespolitik/landtag-kita-foerderung-stellen-100.html,https://www.mdr.de/nachrichten-leicht/leichte-sprache-sachsen-anhalt-kitas-erhalten-mehr-geld-100.html,372,208,0.8444651365280151,0.8784477114677429,0.865218997001648,0.8671650886535645,0.8671650886535645
mdr,https://www.mdr.de/nachrichten/sachsen/krankenhaeuser-gesundheit-landtag-investitionen-100.html,https://www.mdr.de/nachrichten-leicht/leichte-sprache-sachsen-krankenhaeuser-finanzierung-investitionen-100.html,598,158,0.8073713779449463,0.8299150466918945,0.7848268747329712,0.7855331897735596,0.7855331897735596
mdr,https://www.mdr.de/nachrichten/deutschland/politik/warnstreik-oeffentlicher-dienst-schulen-kitas-kliniken-104.html,https://www.mdr.de/nachrichten-leicht/leichte-sprache-mitteldeutschland-streik-oeffentlicher-dienst-100.html,670,338,0.7842025756835938,0.8279335498809814,0.8689247369766235,0.8737773895263672,0.8737773895263672
mdr,https://www.mdr.de/nachrichten/sachsen/dresden/dresden-radebeul/bahnhof-neustadt-empfangshalle-gesperrt-einschraenkungen-100.html,https://www.mdr.de/nachrichten-leicht/leichte-sprache-sachsen-dresden-neustadt-bahnhof-empfangshalle-gesperrt-100.html,265,169,0.8572336435317993,0.8985637426376343,0.8943091034889221,0.8943091034889221,0.8943091034889221
mdr,https://www.mdr.de/nachrichten/sachsen/dresden/dresden-radebeul/panda-zoo-tiere-100.html,https://www.mdr.de/nachrichten-leicht/leichte-sprache-sachsen-dresden-zoo-rote-pandas-100.html,222,199,0.8905423879623413,0.94431072473526,0.9465985894203186,0.9465985894203186,0.9465985894203186
mdr,https://www.mdr.de/nachrichten/sachsen/polizeigesetz-taser-drohnen-abwehr-kritik-opposition-100.html,https://www.mdr.de/nachrichten-leicht/leichte-sprache-sachsen-polizeigesetz-entwurf-befugnisse-taser-drohnen-ki-100.html,455,218,0.8168708086013794,0.8808798789978027,0.90401291847229,0.8884093761444092,0.8884093761444092
mdr,https://www.mdr.de/nachrichten/sachsen/chemnitz/bahn-preise-fahrkarte-tickets-teurer-dresden-vvo-vms-100.html,https://www.mdr.de/nachrichten-leicht/leichte-sprache-sachsen-erhoehte-ticketpreise-100.html,295,167,0.8158732056617737,0.9091293811798096,0.9027972221374512,0.9027972221374512,0.9027972221374512
mdr,https://www.mdr.de/sport/fussball_pokal/vorschau-mdr-sport-im-osten-sachsenpokal-fsa-pokal-thueringenpokal-100.html,https://www.mdr.de/nachrichten-leicht/leichte-sprache-mittel-deutschland-sport-pokal-spiele-am-wochenende-100.html,860,388,0.7186585664749146,0.7488354444503784,0.7311570644378662,0.7821836471557617,0.7900353670120239
mdr,https://www.mdr.de/nachrichten/sachsen-anhalt/magdeburg/magdeburg/prozess-attentaeter-taleb-a-tag-siebzehn-106.html,https://www.mdr.de/nachrichten-leicht/leichte-sprache-sachsen-anhalt-weihnachtsmarkt-attentat-angeklagter-wuetet-im-gerichtssaal-100.html,846,386,0.6085817813873291,0.6402040719985962,0.7499098777770996,0.8003038763999939,0.7978813052177429
mdr,https://www.mdr.de/nachrichten/sachsen/leipzig/leipzig-leipzig-land/bahn-fahrplan-aenderungen-bauarbeiten-100.html,https://www.mdr.de/nachrichten-leicht/leichte-sprache-mitteldeutschland-zugausfaelle-leipzig-chemnitz-doebeln-leinefelde-sangerhausen-100.html,199,108,0.8097253441810608,0.8974132537841797,0.8926079869270325,0.8926079869270325,0.8926079869270325
mdr,https://www.mdr.de/nachrichten/sachsen/leipzig/delitzsch-eilenburg-torgau/mieter-heizung-waermeversorgung-streit-vermieter-energierversorger-100.html,https://www.mdr.de/nachrichten-leicht/leichte-sprache-sachsen-torgau-vermieter-fernwaerme-streit-100.html,628,283,0.8306089043617249,0.8144485950469971,0.8516955971717834,0.8723413944244385,0.8723413944244385
mdr,https://www.mdr.de/nachrichten/sachsen-anhalt/halle/halle/hfc-fans-greifen-polizisten-an-100.html,https://www.mdr.de/nachrichten-leicht/leichte-sprache-sachsen-anhalt-angriff-polizist-100.html,292,111,0.8277620673179626,0.8725688457489014,0.8268796801567078,0.8268796801567078,0.8268796801567078
mdr,https://www.mdr.de/nachrichten/thueringen/sued-thueringen/hildburghausen/schleusingen-lindenschule-unterricht-frist-100.html,https://www.mdr.de/nachrichten-leicht/leichte-sprache-thueringen-schleusingen-lindenschule-frist-unterricht-100.html,218,153,0.8840583562850952,0.9097165465354919,0.916656494140625,0.916656494140625,0.916656494140625
mdr,https://www.mdr.de/nachrichten/sachsen/dresden/gefluegelpest-vogelgrippe-ausbruch-zahlen-infektion-100.html,https://www.mdr.de/nachrichten-leicht/leichte-sprache-sachsen-gefluegelpest-vogelgrippe-100.html,462,175,0.8539999723434448,0.9222594499588013,0.8906407952308655,0.8672177195549011,0.8672177195549011
mdr,https://www.mdr.de/nachrichten/thueringen/blindenschule-diesterweg-schliessung-bildungsminister-100.html,https://www.mdr.de/nachrichten-leicht/leichte-sprache-thueringen-weimar-foerderzentrum-fuer-sehbehinderte-bleibt-bestehen-100.html,681,205,0.8412942290306091,0.8803179264068604,0.9010034203529358,0.8551074266433716,0.8551074266433716
mdr,https://www.mdr.de/kultur/ausflug-tipps/hainich-quedlinburg-muldental-wohin-am-wochenende-tipps-100.html,https://www.mdr.de/nachrichten-leicht/leichte-sprache-mittel-deutschland-kultur-nachricht-dresden-erfurt-magdeburg-100.html,402,366,0.4042953848838806,0.43313783407211304,0.6437699794769287,0.6424123048782349,0.6424123048782349
mdr,https://www.mdr.de/nachrichten/sachsen-anhalt/dessau/dessau-rosslau/muldestausee-freizeitanlage-jugendrat-102.html,https://www.mdr.de/nachrichten-leicht/leichte-sprache-sachsen-anhalt-schlaitz-freizeitanlage-100.html,831,305,0.6794706583023071,0.7794244289398193,0.8286317586898804,0.7552844285964966,0.7644762992858887
mdr,https://www.mdr.de/nachrichten/thueringen/voigt-doktortitel-aberkannt-100.html,https://www.mdr.de/nachrichten-leicht/leichte-sprache-thueringen-plagiatsvorwurf-gegen-mario-voigt-mp-100.html,712,212,0.8017716407775879,0.7881522178649902,0.8753792643547058,0.8392283320426941,0.8392283320426941
mdr,https://www.mdr.de/nachrichten/thueringen/mitte-thueringen/weimar/gedenkstaette-buchenwald-widerstand-gegen-ki-fake-holocaust-bilder-kultur-news-100.html,https://www.mdr.de/nachrichten-leicht/leichte-sprache-thueringen-weimar-gedenkstaette-buchenwald-widerstand-gegen-ki-fake-bilder-100.html,684,271,0.6931650638580322,0.7797319889068604,0.8521066904067993,0.8962222337722778,0.8966406583786011
mdr,https://www.mdr.de/nachrichten/sachsen/dresden/warnstreik-nahverkehr-verdi-dvs-saechsische-schweiz-osterzgebirge-regionalverkehr-102.html,https://www.mdr.de/nachrichten-leicht/leichte-sprache-streik-dresden-nahverkehr-thueringen-verdi-100.html,281,195,0.731520414352417,0.8953459858894348,0.9170024394989014,0.9170024394989014,0.9170024394989014
mdr,https://www.mdr.de/nachrichten/sachsen-anhalt/magdeburg/harz/harzklinikum-krankenhaus-geld-kreistag-102.html,https://www.mdr.de/nachrichten-leicht/leichte-sprache-sachsen-anhalt-harz-klinikum-zuschuss-kreistag-100.html,423,207,0.8075379133224487,0.8484112024307251,0.8818621039390564,0.8745737075805664,0.8745737075805664
mdr,https://www.mdr.de/nachrichten/sachsen-anhalt/magdeburg/magdeburg/magdeburg-einschraenkungen-bahnverkehr-nach-gueterzugbrand-104.html,https://www.mdr.de/nachrichten-leicht/leichte-sprache-magdeburg-bahn-einschraenkungen-aufgehoben-brand-guterzug-100.html,396,162,0.6556857824325562,0.8206380605697632,0.8194876313209534,0.8193551898002625,0.8193551898002625
mdr,https://www.mdr.de/nachrichten/sachsen/chemnitz/chemnitz-stollberg/kardiologisches-zentrum-klinikum-eroeffnet-100.html,https://www.mdr.de/nachrichten-leicht/leichte-sprache-sachsen-chemnitz-neues-kardiologisches-zentrum-eroeffnet-100.html,187,214,0.877754807472229,0.8764021396636963,0.9084025621414185,0.9084025621414185,0.9084025621414185
mdr,https://www.mdr.de/nachrichten/thueringen/west-thueringen/gotha/bahnhof-sanierung-foerdermittel-100.html,https://www.mdr.de/nachrichten-leicht/leichte-sprache-thueringen-gotha-saniert-bahnhof-100.html,265,157,0.8072748184204102,0.9176348447799683,0.9145275354385376,0.9145275354385376,0.9145275354385376
mdr,https://www.mdr.de/nachrichten/thueringen/ost-thueringen/altenburg/pflege-azubis-aus-vietnam-neue-perspektiven-100.html,https://www.mdr.de/nachrichten-leicht/leichte-sprache-pflege-azubis-vietnam-altenburg-100.html,415,265,0.7769238948822021,0.8446323275566101,0.8655921220779419,0.8519901633262634,0.8519901633262634
mdr,https://www.mdr.de/sport/andere_sportarten/rodeln-em-oberhof-eggert-mueller-unterliegen-wendl-arlt-100.html,https://www.mdr.de/nachrichten-leicht/leichte-sprache-thueringen-oberhof-weltcups-rodeln-noko-langlauf-100.html,402,166,0.3658217191696167,0.6175513863563538,0.6507499814033508,0.6666523218154907,0.6666523218154907
mdr,https://www.mdr.de/kultur/ausflug-tipps/hainich-quedlinburg-muldental-wohin-am-wochenende-tipps-100.html,https://www.mdr.de/nachrichten-leicht/leichte-sprache-kulturnachricht-alle-laender-100.html,402,397,0.46328744292259216,0.5780943036079407,0.6487932801246643,0.6672681570053101,0.6672681570053101
mdr,https://www.mdr.de/nachrichten/sachsen-anhalt/magdeburg/gewerkschaft-kuendigt-lehrerstreik-an-tarifvertrag-102.html,https://www.mdr.de/nachrichten-leicht/leichte-sprache-sachsen-anhalt-thueringen-warnstreik-gew-lehrkraefte-schulen-100.html,214,129,0.74781334400177,0.8840091228485107,0.8682839870452881,0.8682839870452881,0.8682839870452881
mdr,https://www.mdr.de/nachrichten/sachsen/leipzig/leipzig-leipzig-land/baerlauch-diebe-diebstahl-auwald-kontrolle-polizei-100.html,https://www.mdr.de/nachrichten-leicht/leichte-sprache-sachsen-leipzig-auenwald-baerlauch-polizei-kontrollen-100.html,209,298,0.8326771259307861,0.8596739768981934,0.84596848487854,0.84596848487854,0.84596848487854
mdr,https://www.mdr.de/nachrichten/sachsen/leipzig/leipzig-leipzig-land/connewitz-demo-linke-polizei-straftaten-100.html,https://www.mdr.de/nachrichten-leicht/leichte-sprache-sachsen-leipzig-demos-linke-polizei-strafanzeigen-100.html,399,400,0.8016718626022339,0.6740158200263977,0.8901890516281128,0.8817431926727295,0.8817431926727295
mdr,https://www.mdr.de/nachrichten/sachsen/chemnitz/zwickau/insolvenz-crimmitschau-wohnunsggesellschaft-100.html,https://www.mdr.de/nachrichten-leicht/leichte-sprache-sachsen-insolvenz-crimmitschauer-wohnungsgesellschaft-100.html,183,178,0.8279615044593811,0.8568969964981079,0.863312840461731,0.863312840461731,0.863312840461731
mdr,https://www.mdr.de/nachrichten/thueringen/sued-thueringen/suhl/rennsteig-beschilderung-wandern-modernisieren-100.html,https://www.mdr.de/nachrichten-leicht/leichte-sprache-thueringen-rennsteig-neue-schilder-100.html,281,121,0.8979812860488892,0.9374583959579468,0.8900073766708374,0.8900073766708374,0.8900073766708374
mdr,https://www.mdr.de/nachrichten/thueringen/nord-thueringen/nordhausen/luchs-harz-wieder-angesiedelt-100.html,https://www.mdr.de/nachrichten-leicht/leichte-sprache-thueringen-sachsen-anhalt-luchs-im-harz-angesiedelt-100.html,322,164,0.8313552737236023,0.8817858695983887,0.8371759653091431,0.8371759653091431,0.8371759653091431
mdr,https://www.mdr.de/kultur/buchmesse/leipzig-highlights-messe-bilanz-kultur-news-104.html,https://www.mdr.de/nachrichten-leicht/leichte-sprache-sachsen-besucherrekord-buchmesse-leipzig-100.html,1380,321,0.767884373664856,0.6321761608123779,0.7541866302490234,0.9023628234863281,0.8753633499145508
mdr,https://www.mdr.de/nachrichten/sachsen-anhalt/halle/halle/bahn-liegen-geblieben-fahrgaeste-sitzen-fest-100.html,https://www.mdr.de/nachrichten-leicht/leichte-sprache-sachsen-anhalt-halle-zug-liegengeblieben-vier-stunden-100.html,325,131,0.8783106803894043,0.8706414103507996,0.832563042640686,0.832563042640686,0.832563042640686
mdr,https://www.mdr.de/sport/andere_sportarten/wintersport-vierschanzentournee-innsbruch-felix-hoffmann-100.html,https://www.mdr.de/nachrichten-leicht/leichte-sprache-thueringen-hoffmann-sport-vierschanzentournee-100.html,345,238,0.8684261441230774,0.8828864097595215,0.8749489784240723,0.8749489784240723,0.8749489784240723
mdr,https://www.mdr.de/nachrichten/sachsen/rettung-millionen-flughafen-leipzig-halle-dresden-100.html,https://www.mdr.de/nachrichten-leicht/leichte-sprache-sachsen-sachsen-anhalt-geld-fuer-flughaefen-100.html,620,167,0.8131305575370789,0.8756791353225708,0.8636246919631958,0.8602765798568726,0.8602765798568726
mdr,https://www.mdr.de/nachrichten/sachsen-anhalt/magdeburg/harz/harz-schneehoehe-skifahren-rodeln-wintersport-loipen-bedingungen-104.html,https://www.mdr.de/nachrichten-leicht/leichte-sprache-sachsen-anhalt-harz-rodeln-loipen-geoeffnet-100.html,442,214,0.7848941683769226,0.807790994644165,0.8642021417617798,0.8648660778999329,0.8648660778999329
mdr,https://www.mdr.de/nachrichten/sachsen-anhalt/magdeburg/magdeburg/fcm-statement-konsequenzen-ausschreitungen-dynamo-dresden-102.html,https://www.mdr.de/nachrichten-leicht/leichte-sprache-sachsen-anhalt-fcm-mehr-sicherheit-nach-ausschreitungen-100.html,630,355,0.7760086059570312,0.8061095476150513,0.872944176197052,0.8927488327026367,0.8927488327026367
mdr,https://www.mdr.de/nachrichten/sachsen/warnstreik-verdi-nahverkehr-bus-faehre-kirnitzschtalbahn-102.html,https://www.mdr.de/nachrichten-leicht/leichte-sprache-streik-mitteldeutschland-dvb-nahverkehr-100.html,373,164,0.7361817359924316,0.8714299201965332,0.8951542973518372,0.9020205736160278,0.9020205736160278
mdr,https://www.mdr.de/nachrichten/sachsen-anhalt/magdeburg/magdeburg/fcm-ausschreitungen-fanausschluss-geldstrafe-100.html,https://www.mdr.de/nachrichten-leicht/leichte-sprache-sachsen-anhalt-fcm-strafe-nach-krawallen-100.html,445,225,0.871130108833313,0.8878310322761536,0.8936616778373718,0.8687694072723389,0.8687694072723389
mdr,https://www.mdr.de/nachrichten/sachsen-anhalt/magdeburg/boerde/diesel-diebstahl-lkw-102.html,https://www.mdr.de/nachrichten-leicht/leichte-sprache-dieselklau-boerde-zunahme-diesel-diebstahl-100.html,569,186,0.7563202381134033,0.904245913028717,0.8981360197067261,0.8397877812385559,0.8397877812385559
mdr,https://www.mdr.de/kultur/buchmesse/absage-veranstaltung-afd-politiker-maximilian-krah-buch-kultur-news-100.html,https://www.mdr.de/nachrichten-leicht/leichte-sprache-sachsen-buchmesse-leipzig-absage-krah-100.html,439,198,0.8178998231887817,0.888012707233429,0.904155433177948,0.900545597076416,0.900545597076416
mdr,https://www.mdr.de/nachrichten/thueringen/afd-voigt-misstrauens-votum-100.html,https://www.mdr.de/nachrichten-leicht/leichte-sprache-thueringen-afd-will-voigt-stuerzen-100.html,120,328,0.7380090951919556,0.8151315450668335,0.859440803527832,0.859440803527832,0.859440803527832
mdr,https://www.mdr.de/nachrichten/sachsen-anhalt/magdeburg/magdeburg/landesverwaltungsamt-entschaedigung-anschlag-weihnachtsmarkt-102.html,https://www.mdr.de/nachrichten-leicht/leichte-sprache-entschaedigung-magdeburg-opfer-anschlag-geld-bund-100.html,425,236,0.8554268479347229,0.8409043550491333,0.8820641040802002,0.874386727809906,0.874386727809906
mdr,https://www.mdr.de/nachrichten/thueringen/sued-thueringen/sonneberg/unfall-regionalzug-postauto-verletzter-104.html,https://www.mdr.de/nachrichten-leicht/leichte-sprache-thueringen-postauto-unter-zug-geraten-100.html,301,158,0.852053165435791,0.8913891315460205,0.8829236030578613,0.8829236030578613,0.8829236030578613
mdr,https://www.mdr.de/nachrichten/sachsen/chemnitz/chemnitz-stollberg/marx-kopf-restaurierung-nischel-denkmal-100.html,https://www.mdr.de/nachrichten-leicht/leichte-sprache-sachsen-chemnitz-marx-denkmal-nischel-sanierung-100.html,391,207,0.7346227169036865,0.8157020211219788,0.8647942543029785,0.8683280348777771,0.8683280348777771
mdr,https://www.mdr.de/nachrichten/sachsen/chemnitz/annaberg-aue-schwarzenberg/abrafaxe-comic-erzgebirge-mosaik-ddr-kultur-news100.html,https://www.mdr.de/nachrichten-leicht/leichte-sprache-sachsen-schneeberg-abrafaxe-comic-erzgebirge-100.html,599,256,0.8027612566947937,0.8291038870811462,0.8749021291732788,0.8975682258605957,0.8975682258605957
mdr,https://www.mdr.de/nachrichten/sachsen-anhalt/sicherheit-bahnverkehr-zuege-hueskens-100.html,https://www.mdr.de/nachrichten-leicht/leichte-sprache-sachsen-anhalt-sicherheit-bahnverkehr-zuege-100.html,284,189,0.60709148645401,0.8115873336791992,0.8797147870063782,0.8797147870063782,0.8797147870063782
mdr,https://www.mdr.de/nachrichten/sachsen/chemnitz/vogtland/plauen-strassenbahn-insolvenz-rettung-betriebsversammung-100.html,https://www.mdr.de/nachrichten-leicht/leichte-sprache-sachsen-strassenbahn-plauen-100.html,462,146,0.6635701060295105,0.8658056259155273,0.8715095520019531,0.864741325378418,0.864741325378418
mdr,https://www.mdr.de/nachrichten/sachsen-anhalt/magdeburg/harz/feininger-museum-quedlinburg-sonderausstellung-die-blauen-vier-kultur-news-100.html,https://www.mdr.de/nachrichten-leicht/leichte-sprache-sachsen-anhalt-quedlinburg-feininger-museum-ausstellung-blaue-vier-100.html,816,215,0.7337663769721985,0.7902480363845825,0.8483518362045288,0.8396167755126953,0.874355673789978
mdr,https://www.mdr.de/nachrichten/sachsen-anhalt/magdeburg/boerde/schamanin-archaeologie-rehgeweih-114.html,https://www.mdr.de/nachrichten-leicht/leichte-sprache-schamanin-bad-duerrenberg-boerde-kopfschmuck-100.html,474,332,0.5857150554656982,0.7846015095710754,0.8645282983779907,0.8240238428115845,0.8240238428115845
mdr,https://www.mdr.de/nachrichten/sachsen/dresden/dresden-radebeul/filmfest-dresden-programm-kino-kurzfilme-kultur-news-100.html,https://www.mdr.de/nachrichten-leicht/leichte-sprache-sachsen-filmfest-dresden-100.html,620,231,0.7647621631622314,0.8008474111557007,0.868026852607727,0.8784017562866211,0.8784017562866211
mdr,https://www.mdr.de/kultur/ausflug-tipps/hainich-quedlinburg-muldental-wohin-am-wochenende-tipps-100.html,https://www.mdr.de/nachrichten-leicht/leichte-sprache-kultur-meissen-heimkehle-albrechtsburg-altenburg-100.html,402,314,0.45808401703834534,0.5685595273971558,0.7248641848564148,0.7158255577087402,0.7158255577087402
mdr,https://www.mdr.de/nachrichten/sachsen/leipzig/delitzsch-eilenburg-torgau/grundwasser-gift-verbot-gefahr-schadstoffe-100.html,https://www.mdr.de/nachrichten-leicht/leichte-sprache-sachsen-delitzsch-verseuchtes-grundwasser-100.html,393,156,0.8138030171394348,0.9129692912101746,0.8750984072685242,0.8618390560150146,0.8618390560150146
mdr,https://www.mdr.de/nachrichten/sachsen/dresden/dresden-radebeul/festspielhaus-hellerau-theater-preis-kultur-news-102.html,https://www.mdr.de/nachrichten-leicht/leichte-sprache-sachsen-dresden-festspielhaus-hellerau-theaterpreis-des-bundes-100.html,551,167,0.8272897005081177,0.8823262453079224,0.8994782567024231,0.9042244553565979,0.9042244553565979
mdr,https://www.mdr.de/nachrichten/thueringen/nord-thueringen/eichsfeld/heise-fretterode-spiegel-tv-angriff-100.html,https://www.mdr.de/nachrichten-leicht/leichte-sprache-thueringen-neonazi-attacke-auf-journalisten-100.html,451,169,0.8260629177093506,0.8546825051307678,0.8584970235824585,0.8577350974082947,0.8577350974082947
mdr,https://www.mdr.de/nachrichten/sachsen-anhalt/halle/halle/sirenen-alarm-cyberangriff-attacke-lka-halle-102.html,https://www.mdr.de/nachrichten-leicht/leichte-sprache-sachsen-anhalt-sirene-halle-alarm-cyper-attacke-100.html,683,172,0.7669070363044739,0.9119153022766113,0.8819722533226013,0.8333257436752319,0.8311316967010498
mdr,https://www.mdr.de/sport/fussball_rl/rot-weiss-erfurt-insolvenzverfahren-ende-100.html,https://www.mdr.de/nachrichten-leicht/leichte-sprache-thueringen-erfurt-rot-weiss-insolvenz-rwe-100.html,573,138,0.8271678686141968,0.8948245644569397,0.8757157325744629,0.8081490993499756,0.8081490993499756
mdr,https://www.mdr.de/nachrichten/sachsen/leipzig/delitzsch-eilenburg-torgau/tafel-wiedereroeffnung-wasserschaden-neues-domizil-100.html,https://www.mdr.de/nachrichten-leicht/leichte-sprache-torgau-sachsen-tafel-oeffnung-lebensmittel-wasserschaden-100.html,134,145,0.8103899955749512,0.8657077550888062,0.8657077550888062,0.8657077550888062,0.8657077550888062
mdr,https://www.mdr.de/nachrichten/sachsen-anhalt/bahn-berlin-anbindung-nasa-fahrplanaenderung-100.html,https://www.mdr.de/nachrichten-leicht/leichte-sprache-sachsen-anhalt-stuendliche-bahnverbindung-nach-berlin-100.html,449,191,0.810875415802002,0.8482198715209961,0.8952946662902832,0.8921506404876709,0.8921506404876709
mdr,https://www.mdr.de/kultur/ausflug-tipps/hainich-quedlinburg-muldental-wohin-am-wochenende-tipps-100.html,https://www.mdr.de/nachrichten-leicht/leichte-sprache-kulturnachricht-quedlinburg-hainich-mulderadweg-100.html,402,293,0.5075928568840027,0.5850685834884644,0.7432084083557129,0.7582316994667053,0.7582316994667053
mdr,https://www.mdr.de/nachrichten/sachsen-anhalt/magdeburg/harz/wernigerode-stolperstein-verlegt-euthanasie-opfer-102.html,https://www.mdr.de/nachrichten-leicht/leichte-sprache-sachsen-anhalt-wernigerode-stolpersteine-100.html,707,426,0.7085514068603516,0.7809875011444092,0.8067952394485474,0.848628044128418,0.8400466442108154
mdr,https://www.mdr.de/nachrichten/sachsen/schueler-mathematik-rechenschwaeche-dyskalkulie-102.html,https://www.mdr.de/nachrichten-leicht/leichte-sprache-sachsen-rechenschwaeche-mathematik-beschluss-100.html,246,475,0.7235386371612549,0.8458346724510193,0.8778650164604187,0.886073648929596,0.886073648929596
mdr,https://www.mdr.de/nachrichten/sachsen/software-panne-polizei-kritik-100.html,https://www.mdr.de/nachrichten-leicht/leichte-sprache-sachsen-polizei-computer-problem-100.html,902,379,0.7910588979721069,0.8019708395004272,0.8246082067489624,0.8195314407348633,0.8092062473297119
mdr,https://www.mdr.de/nachrichten/sachsen/dresden/dresden-radebeul/carolabruecke-blindgaenger-evakuierung-bombe-gefahr-100.html,https://www.mdr.de/nachrichten-leicht/leichte-sprache-sachsen-moegliche-evakuierung-dresden-bombenfund-carolabruecke-100.html,465,288,0.7692995071411133,0.8260483741760254,0.8826971054077148,0.8679096102714539,0.8679096102714539
mdr,https://www.mdr.de/nachrichten/sachsen/leipzig/leipzig-leipzig-land/hauptbahnhof-gewalt-kriminalitaet-sicherheit-polizei-100.html,https://www.mdr.de/nachrichten-leicht/leichte-sprache-sachsen-quattro-polizei-auf-hbf-leipzig-100.html,312,156,0.7917397022247314,0.889707624912262,0.8398903012275696,0.8398903012275696,0.8398903012275696
mdr,https://www.mdr.de/nachrichten/thueringen/mitte-thueringen/erfurt/nationalsozialismus-gedenken-topf-und-soehne-100.html,https://www.mdr.de/nachrichten-leicht/leichte-sprache-thueringen-erfurter-schueler-erinnern-an-ns-opfer-100.html,961,419,0.7465077042579651,0.8293931484222412,0.8245829343795776,0.8691272735595703,0.8709327578544617
mdr,https://www.mdr.de/nachrichten/sachsen/bautzen/goerlitz-weisswasser-zittau/ausstellung-schatz-goetter-bronzezeit-kaisertrutz-kultur-news-100.html,https://www.mdr.de/nachrichten-leicht/leichte-sprache-wochenend-tipps-kultur-halle-goerlitz-100.html,801,375,0.20507368445396423,0.61219322681427,0.6328734755516052,0.6304450631141663,0.6455157399177551
mdr,https://www.mdr.de/nachrichten/sachsen/dresden/dresden-radebeul/filmfest-dresden-programm-kino-kurzfilme-kultur-news-100.html,https://www.mdr.de/nachrichten-leicht/leichte-sprache-sachsen-dresden-filmfest-keine-barrierefreien-angebote-100.html,620,220,0.7812626361846924,0.6876789927482605,0.813591718673706,0.84041827917099,0.84041827917099
mdr,https://www.mdr.de/nachrichten/sachsen/bautzen/bautzen-hoyerswerda-kamenz/ottendorf-okrilla-huegelgrab-schnurkeramik-perlen-100.html,https://www.mdr.de/nachrichten-leicht/leichte-sprache-sachsen-laussnitzer-heide-huegelgraeber-entdeckt-100.html,144,174,0.9020891189575195,0.8932250142097473,0.9026309251785278,0.9026309251785278,0.9026309251785278
mdr,https://www.mdr.de/nachrichten/sachsen-anhalt/landespolitik/taleb-a-kritik-zweifel-arzt-anschlag-magdeburg-weihnachtsmarkt-100.html,https://www.mdr.de/nachrichten-leicht/leichte-sprache-sachsen-anhalt-magdeburg-prozess-taleb-a-anschlag-fachliche-eignung-zweifel-100.html,437,179,0.6170242428779602,0.8573472499847412,0.8693398833274841,0.8385775089263916,0.8385775089263916
mdr,https://www.mdr.de/nachrichten/sachsen/chemnitz/zwickau/vw-krise-zwickau-zukunft-recyclingstrecke-100.html,https://www.mdr.de/nachrichten-leicht/leichte-sprache-sachsen-vw-zwickau-recycling-100.html,748,342,0.8477767705917358,0.7049165964126587,0.8668924570083618,0.8771152496337891,0.8758727312088013
mdr,https://www.mdr.de/nachrichten/sachsen/fussball-dynamo-fans-hertha-gewalt-innenminister-102.html,https://www.mdr.de/nachrichten-leicht/leichte-sprache-sachsen-fussball-dresden-herta-ausschreitungen-krawall-schuster-konsequenzen-100.html,830,211,0.8245309591293335,0.8330878615379333,0.8813993334770203,0.8710306882858276,0.8750903010368347
mdr,https://www.mdr.de/nachrichten/sachsen/leipzig/leipzig-leipzig-land/strassenbahn-lvb-entgleist-ausfall-stoerung-100.html,https://www.mdr.de/nachrichten-leicht/leichte-sprache-sachsen-leipzig-strassenbahn-entgleist-100.html,247,151,0.8144919872283936,0.8630531430244446,0.8492462635040283,0.8492462635040283,0.8492462635040283
mdr,https://www.mdr.de/nachrichten/thueringen/sondervermoegen-bund-projekte-100.html,https://www.mdr.de/nachrichten-leicht/leichte-sprache-thueringen-sondervermoegen-des-bundes-infrastruktur-100.html,837,360,0.8089655637741089,0.8050637245178223,0.8697948455810547,0.8623256683349609,0.8601610660552979
mdr,https://www.mdr.de/nachrichten/sachsen-anhalt/magdeburg/harz/thale-tierpark-baeren-winterschlaf-beendet-100.html,https://www.mdr.de/nachrichten-leicht/leichte-sprache-sachsen-anhalt-tierpark-thale-baeren-winterschlaf-fruehling-100.html,375,113,0.8634599447250366,0.8557553291320801,0.8679222464561462,0.8690478205680847,0.8690478205680847
mdr,https://www.mdr.de/nachrichten/deutschland/wirtschaft/heizkosten-gestiegen-sachsen-anhalt-thueringen-verbrauch-januar-100.html,https://www.mdr.de/nachrichten-leicht/leichte-sprache-mitteldeutschland-heizkosten-steigerung-fernwaerme-100.html,542,283,0.630106508731842,0.6425983905792236,0.7711976170539856,0.7934646010398865,0.7934646010398865
mdr,https://www.mdr.de/nachrichten/sachsen-anhalt/magdeburg/salzland/harzer-polizei-findet-munition-wieder-102.html,https://www.mdr.de/nachrichten-leicht/leichte-sprache-sachsen-anhalt-bernburg-polizeimunition-taucht-wieder-auf-100.html,333,176,0.9185996651649475,0.9115596413612366,0.8918261528015137,0.8918261528015137,0.8918261528015137
mdr,https://www.mdr.de/kultur/ausflug-tipps/hainich-quedlinburg-muldental-wohin-am-wochenende-tipps-100.html,https://www.mdr.de/nachrichten-leicht/leichte-sprache-kultur-ausfluege-am-wochenende-100.html,402,290,0.664114773273468,0.7288753986358643,0.7766541242599487,0.8145780563354492,0.8145780563354492
mdr,https://www.mdr.de/nachrichten/sachsen-anhalt/magdeburg/kommunen-planen-fruejahrsputz-aktionen-100.html,https://www.mdr.de/nachrichten-leicht/leichte-sprache-sachsen-anhalt-kommunen-planen-fruehjahrsputz-100.html,323,144,0.8279054164886475,0.9214298725128174,0.9032183885574341,0.9032183885574341,0.9032183885574341
mdr,https://www.mdr.de/nachrichten/sachsen/regiobahn-akkuzug-chemnitz-leipzig-100.html,https://www.mdr.de/nachrichten-leicht/leichte-sprache-sachsen-akkuzuege-zwischen-leipzig-und-chemnitz-100.html,277,139,0.8565191626548767,0.8972161412239075,0.8786342740058899,0.8786342740058899,0.8786342740058899
mdr,https://www.mdr.de/nachrichten/sachsen/raumfahrt-satellit-mission-weltall-100.html,https://www.mdr.de/nachrichten-leicht/leichte-sprache-sachsen-satelittenmission-weltraum-100.html,227,217,0.8294724225997925,0.7965279817581177,0.8491867780685425,0.8491867780685425,0.8491867780685425
mdr,https://www.mdr.de/nachrichten/sachsen-anhalt/landespolitik/afd-kommission-anstellungen-kein-sonderparteitag-100.html,https://www.mdr.de/nachrichten-leicht/leichte-sprache-sachsen-anhalt-vetternwirtschaft-afd-kein-sonderparteitag-100.html,307,461,0.7920553684234619,0.822074294090271,0.8784931302070618,0.8904853463172913,0.8904853463172913
mdr,https://www.mdr.de/kultur/buchmesse/leipzig-weimer-kritik-protest-buchhandlungspreis-kultur-news-100.html,https://www.mdr.de/nachrichten-leicht/leichte-sprache-buchmesse-leipzig-eroeffnung-festakt-100.html,893,456,0.5700272917747498,0.7793458700180054,0.7274789810180664,0.817101240158081,0.8381977081298828
mdr,https://www.mdr.de/nachrichten/sachsen/leipzig/leipzig-leipzig-land/sanierung-citytunnel-bahn-rolltreppe-barrierefrei-100.html,https://www.mdr.de/nachrichten-leicht/leichte-sprache-sachsen-barrierefreie-xxl-rolltreppe-leipzig-100.html,284,288,0.7498189210891724,0.8230044841766357,0.8945275545120239,0.8945275545120239,0.8945275545120239
mdr,https://www.mdr.de/nachrichten/sachsen/politik/bildungsticket-preiserhoehung-haushaltsluecke-100.html,https://www.mdr.de/nachrichten-leicht/leichte-sprache-sachsen-haushaltsluecke-bildungsticket-preiserhoehung-100.html,629,228,0.7795500159263611,0.8358769416809082,0.9128736257553101,0.8823844790458679,0.8823844790458679
mdr,https://www.mdr.de/nachrichten/thueringen/mitte-thueringen/erfurt/moschee-ahmadiyya-marbach-eroeffnung-100.html,https://www.mdr.de/nachrichten-leicht/leichte-sprache-thueringen-moschee-in-erfurt-eroeffnet-100.html,440,277,0.7556924223899841,0.8018904328346252,0.8425582051277161,0.8536347150802612,0.8536347150802612
mdr,https://www.mdr.de/nachrichten/sachsen/warnstreik-nahverkehr-streik-busse-regionalverkehr-100.html,https://www.mdr.de/nachrichten-leicht/leichte-sprache-sachsen-warnstreik-oepnv-100.html,341,292,0.7690086364746094,0.7963874340057373,0.893310546875,0.889333188533783,0.889333188533783
mdr,https://www.mdr.de/nachrichten/thueringen/mitte-thueringen/erfurt/nach-autobrand-in-erfurt-tatverdaechtige-ermittelt-100.html,https://www.mdr.de/nachrichten-leicht/leichte-sprache-thuerinen-fuenf-autos-ausgebrannt-100.html,295,116,0.888064980506897,0.8873398303985596,0.8196545839309692,0.8196545839309692,0.8196545839309692
mdr,https://www.mdr.de/sport/andere_sportarten/olympia-rodeln-einzel-maenner-langenhan-100.html,https://www.mdr.de/nachrichten-leicht/leichte-sprache-thueringen-goldmedaille-langenhan-100.html,333,429,0.7926415205001831,0.8126106262207031,0.8067582845687866,0.8198644518852234,0.8198644518852234
mdr,https://www.mdr.de/nachrichten/sachsen-anhalt/dessau/wittenberg/ice-gestrandet-oberleitung-bahn-zuege-umleitung-108.html,https://www.mdr.de/nachrichten-leicht/leichte-sprache-sachsen-anhalt-ice-oberleitung-100.html,453,160,0.8431198596954346,0.8894490003585815,0.9155536890029907,0.9119026064872742,0.9119026064872742
mdr,https://www.mdr.de/nachrichten/thueringen/mitte-thueringen/weimar/gedenken-kz-gedenkstaette-buchenwald-kerkeling-100.html,https://www.mdr.de/nachrichten-leicht/leichte-sprache-thueringen-gedenkfeier-buchenwald-100.html,1254,666,0.450546532869339,0.6272558569908142,0.8202462196350098,0.857754647731781,0.8546960949897766
mdr,https://www.mdr.de/nachrichten/deutschland/politik/tarifeinigung-beschaeftigte-oeffentlicher-dienst-laender-abschluss-100.html,https://www.mdr.de/nachrichten-leicht/leichte-sprache-mittel-deutschland-tarif-abschluss-oeffentlicher-dienst-100.html,612,273,0.6492620706558228,0.7465881705284119,0.7004826068878174,0.690953254699707,0.690953254699707
mdr,https://www.mdr.de/nachrichten/sachsen/chemnitz/chemnitz-stollberg/toetungsdelikt-pflegeheim-polizei-bernsdorf-todesursache-100.html,https://www.mdr.de/nachrichten-leicht/leichte-sprache-sachsen-tod-pflegeheim-100.html,141,169,0.6857510209083557,0.8590344190597534,0.8590344190597534,0.8590344190597534,0.8590344190597534
mdr,https://www.mdr.de/nachrichten/sachsen/sexualisierte-gewalt-schutz-frauen-hilfe-collien-fernandes-100.html,https://www.mdr.de/nachrichten-leicht/leichte-sprache-sachsen-frauen-sexualisierte-gewalt-schutz-100.html,744,316,0.6340638399124146,0.7197664976119995,0.8350473642349243,0.821431040763855,0.8233219385147095
mdr,https://www.mdr.de/nachrichten/thueringen/ost-thueringen/greiz/brand-muell-deponie-feuerwehr-zeulenroda-102.html,https://www.mdr.de/nachrichten-leicht/leichte-sprache-zeulenroda-grossbrand-feuerwehr-thueringen-deponie-100.html,458,134,0.7533177137374878,0.8497202396392822,0.8503639698028564,0.8374226093292236,0.8374226093292236
mdr,https://www.mdr.de/nachrichten/sachsen-anhalt/magdeburg/harz/ddr-zug-absolviert-erste-probefahrt-104.html,https://www.mdr.de/nachrichten-leicht/leichte-sprache-sachsen-ddr-zug-testfahrt-svt-goerlitz-100.html,334,132,0.7396066188812256,0.8301110863685608,0.8585412502288818,0.8585412502288818,0.8585412502288818
mdr,https://www.mdr.de/nachrichten/sachsen-anhalt/halle/saalekreis/querfurt-sirenen-alarm-ermittlungen-polizei-104.html,https://www.mdr.de/nachrichten-leicht/leichte-sprache-sachsen-saalekreis-anhalt-querfurt-sirene-heulen-falsch-100.html,765,202,0.7651007175445557,0.8740447163581848,0.8601001501083374,0.8098255395889282,0.8012811541557312
mdr,https://www.mdr.de/nachrichten/sachsen/dresden/dresden-radebeul/sicherheit-schutz-demos-gedenken-allgemeinverfuegung-100.html,https://www.mdr.de/nachrichten-leicht/leichte-sprache-dresden-polizei-gedenken-sicherheitszone-nationalsozialismus-100.html,467,384,0.6091562509536743,0.7418287992477417,0.8195482492446899,0.8169136047363281,0.8169136047363281
mdr,https://www.mdr.de/sport/volleyball/nachklapp-laura-berger-volleyball-pokal-finale-vfb-suhl-mtv-stuttgart-100.html,https://www.mdr.de/nachrichten-leicht/leichte-sprache-thueringen-volleyball-vfb-suhl-pokalsieg-gegen-mtv-mannheim-100.html,657,157,0.7985275983810425,0.8746014833450317,0.871976375579834,0.875565230846405,0.875565230846405
mdr,https://www.mdr.de/nachrichten/thueringen/ost-thueringen/greiz/betrug-hohe-geldsumme-polizei-102.html,https://www.mdr.de/nachrichten-leicht/leichte-sprache-thueringen-greiz-betrug-ehepaar-verliert-hohe-geldsumme-100.html,263,235,0.5486924648284912,0.671673059463501,0.7849575281143188,0.7849575281143188,0.7849575281143188
mdr,https://www.mdr.de/nachrichten/sachsen-anhalt/landespolitik/software-debakel-landtag-ohne-einblick-in-landesfinanzen-102.html,https://www.mdr.de/nachrichten-leicht/leichte-sprache-sachsen-anhalt-haushalt-software-fehler-landesfinanzen-100.html,874,327,0.8274555206298828,0.8222551345825195,0.871640145778656,0.8628909587860107,0.847079873085022
mdr,https://www.mdr.de/nachrichten/thueringen/sued-thueringen/schmalkalden-meiningen/osterspaziergang-wandern-ostersonntag-vorbei-100.html,https://www.mdr.de/nachrichten-leicht/leichte-sprache-sachsen-anhalt-thueringen-was-machen-an-ostern-100.html,448,169,0.6387595534324646,0.7174974679946899,0.7052620649337769,0.6689198017120361,0.6689198017120361
mdr,https://www.mdr.de/nachrichten/sachsen-anhalt/magdeburg/magdeburg/brand-sternstrasse-hasselbachplatz-feuerwehr-106.html,https://www.mdr.de/nachrichten-leicht/leichte-sprache-mitteldeutschland-braende-an-silvester-100.html,376,383,0.5691362619400024,0.6276694536209106,0.691535472869873,0.6950005888938904,0.6950005888938904
mdr,https://www.mdr.de/nachrichten/thueringen/mitte-thueringen/soemmerda/runneburg-weissensee-brand-feuer-100.html,https://www.mdr.de/nachrichten-leicht/leichte-sprache-thueringen-weissensee-runneburg-brand-feuer-100.html,505,166,0.7460039258003235,0.8485188484191895,0.8381428718566895,0.7836720943450928,0.7836720943450928
mdr,https://www.mdr.de/nachrichten/thueringen/mitte-thueringen/erfurt/domplatz-brand-haus-abgerissen-102.html,https://www.mdr.de/nachrichten-leicht/leichte-sprache-thueringen-erfurt-nach-brand-einsturzgefahr-100.html,397,200,0.8522505164146423,0.9095986485481262,0.9086805582046509,0.9069281220436096,0.9069281220436096
mdr,https://www.mdr.de/nachrichten/sachsen-anhalt/halle/burgenland/weissenfels-ausgrabungen-neubau-promenade-100.html,https://www.mdr.de/nachrichten-leicht/leichte-sprache-sachsen-anhalt-ausgrabungen-in-weissenfels-100.html,271,139,0.7288264036178589,0.8182319402694702,0.7356457114219666,0.7356457114219666,0.7356457114219666
mdr,https://www.mdr.de/nachrichten/sachsen-anhalt/elektronische-akte-justiz-einfuehrung-verschoben-100.html,https://www.mdr.de/nachrichten-leicht/leichte-sprache-sachsen-anhalt-einfuehrung-e-akte-verschoben-100.html,605,238,0.6989067792892456,0.7496829628944397,0.8214892745018005,0.8176079988479614,0.8176079988479614
mdr,https://www.mdr.de/nachrichten/sachsen/sextortion-erpressung-nacktbilder-bilianz-lovescamming-100.html,https://www.mdr.de/nachrichten-leicht/leichte-sprache-sachsen-online-erpressung-nacktbilder-100.html,547,417,0.8710368871688843,0.8071720600128174,0.7821165323257446,0.7907956838607788,0.7907956838607788
mdr,https://www.mdr.de/nachrichten/sachsen/politik/bildungsurlaub-anspruch-abstimmung-beschluss-landtag-100.html,https://www.mdr.de/nachrichten-leicht/leichte-sprache-sachsen-bildungsurlaub-arbeitnehmer-qualifikation-100.html,859,461,0.6944084763526917,0.8619698882102966,0.8727789521217346,0.8791702389717102,0.8872743844985962
mdr,https://www.mdr.de/nachrichten/sachsen-anhalt/halle/burgenland/bus-streik-burgenlandkreis-104.html,https://www.mdr.de/nachrichten-leicht/leichte-sprache-sachsen-anhalt-streik-oepnv-blk-100.html,504,196,0.8122076988220215,0.9004344344139099,0.7571139335632324,0.7777242660522461,0.7777242660522461
mdr,https://www.mdr.de/nachrichten/sachsen-anhalt/dessau/wittenberg/graefenhainichen-unfall-toter-eis-groebener-see-feuerwehr-warnt-100.html,https://www.mdr.de/nachrichten-leicht/leichte-sprache-sachsen-anhalt-groebener-see-unfall-toter-eise-feuerwehr-warnung-100.html,455,188,0.806185245513916,0.8869874477386475,0.8841688632965088,0.8510556221008301,0.8510556221008301
mdr,https://www.mdr.de/nachrichten/sachsen-anhalt/halle/halle/zecken-fsme-risikogebiet-impfung-100.html,https://www.mdr.de/nachrichten-leicht/leichte-sprache-sachsen-anhalt-fsme-risiko-100.html,424,187,0.8312621712684631,0.8748213052749634,0.8528719544410706,0.8582969903945923,0.8582969903945923
mdr,https://www.mdr.de/nachrichten/sachsen/dresden/dresden-radebeul/prozess-saechsische-separatisten-gericht-100.html,https://www.mdr.de/nachrichten-leicht/leichte-sprache-dresden-prozess-saechsiche-separatisten-hauptverhandlung-100.html,583,284,0.8807415962219238,0.8801254034042358,0.9020766019821167,0.9078952670097351,0.9078952670097351
mdr,https://www.mdr.de/nachrichten/sachsen/chemnitz/chemnitz-stollberg/congress-hotel-kuendigung-arbeitslos-abfindung-100.html,https://www.mdr.de/nachrichten-leicht/leichte-sprache-sachsen-chemnitz-kongresshotel-kuendigt-100.html,311,168,0.8259507417678833,0.9057618379592896,0.899561882019043,0.899561882019043,0.899561882019043
mdr,https://www.mdr.de/nachrichten/thueringen/mitte-thueringen/erfurt/grossbrand-domplatz-silvester-stadt-boellerverbotszone-100.html,https://www.mdr.de/nachrichten-leicht/leichte-sprache-thueringen-erfurt-brand-verbot-von-feuerwerk-100.html,451,136,0.8787117600440979,0.905855655670166,0.8819568753242493,0.8765800595283508,0.8765800595283508
mdr,https://www.mdr.de/sport/andere_sportarten/olympia-bob-zweier-francesco-friedrich-cortina-dampezzo-100.html,https://www.mdr.de/nachrichten-leicht/leichte-sprache-mitteldeutschland-olympia-bob-cortina-medaillen-100.html,358,195,0.6276406049728394,0.6539254784584045,0.7144376039505005,0.7259717583656311,0.7259717583656311
mdr,https://www.mdr.de/nachrichten/sachsen-anhalt/nahverkehr-warnstreik-tarif-bus-bahn-110.html,https://www.mdr.de/nachrichten-leicht/leichte-sprache-streik-sachsen-anhalt-busse-bahnen-100.html,807,190,0.7427148222923279,0.8465495109558105,0.8556728363037109,0.8815845847129822,0.8829183578491211
mdr,https://www.mdr.de/sport/fussball_1bl/regionalliga-absagen-wochenende-spieltag-winter-100.html,https://www.mdr.de/nachrichten-leicht/leichte-sprache-thueringen-regionalliga-auftakt-faellt-wegen-wetter-aus-100.html,249,178,0.8142767548561096,0.8972454071044922,0.8810822367668152,0.8810822367668152,0.8810822367668152
mdr,https://www.mdr.de/nachrichten/deutschland/wirtschaft/iran-krieg-benzinpreise-spritpreise-oelpreise-gaspreise-erdgas-100.html,https://www.mdr.de/nachrichten-leicht/leichte-sprache-mitteldeutschland-sprit-preise-steigen-wegen-krieg-im-nahen-osten-102.html,963,367,0.49297791719436646,0.5150151252746582,0.6721030473709106,0.7628785967826843,0.7976061105728149
mdr,https://www.mdr.de/nachrichten/sachsen-anhalt/halle/burgenland/neue-s-bahn-zuege-mireo-100.html,https://www.mdr.de/nachrichten-leicht/leichte-sprache-sachsen-anhalt-neue-s-bahn-flotte-100.html,324,153,0.8360451459884644,0.8929745554924011,0.850341260433197,0.850341260433197,0.850341260433197
mdr,https://www.mdr.de/nachrichten/sachsen/polarlichter-sonne-nachthimmel-100.html,https://www.mdr.de/nachrichten-leicht/leichte-sprache-mitteldeutschland-polarlichter-100.html,440,140,0.6487962603569031,0.8201174736022949,0.778160810470581,0.7594251036643982,0.7594251036643982
mdr,https://www.mdr.de/nachrichten/sachsen-anhalt/magdeburg/magdeburg/bombardierung-aktionswoche-eine-stadt-fuer-alle-veranstaltungen-kultur-news-100.html,https://www.mdr.de/nachrichten-leicht/leichte-sprache-magdeburg-gedenken-bomben-weltkrieg-100.html,624,318,0.8332034945487976,0.8574423789978027,0.8924591541290283,0.8967117071151733,0.8967117071151733
mdr,https://www.mdr.de/nachrichten/sachsen-anhalt/landespolitik/haseloff-ruecktritt-schulze-wechsel-ministerpraesident-cdu-spd-fdp-100.html,https://www.mdr.de/nachrichten-leicht/leichte-sprache-sachsen-anhalt-haseloff-schulze-ministerpraesident-wahl-januar-100.html,706,264,0.8067244291305542,0.8571782112121582,0.8924062252044678,0.9002376794815063,0.8996846675872803
mdr,https://www.mdr.de/nachrichten/deutschland/wirtschaft/ruestung-industrie-osten-chancen-sondervermoegen-100.html,https://www.mdr.de/nachrichten-leicht/leichte-sprache-mitteldeutschland-waffen-verteidigung-ruestungsmilliarden-100.html,968,295,0.694040060043335,0.6040767431259155,0.6580795049667358,0.7445871829986572,0.7483318448066711
mdr,https://www.mdr.de/nachrichten/deutschland/panorama/glatteis-unfaelle-gehweg-streupflicht-nicht-eingehalten-100.html,https://www.mdr.de/nachrichten-leicht/leichte-sprache-mittel-deutschland-glatteis-unfaelle-gehweg-streupflicht-100.html,771,178,0.8092447519302368,0.8658720254898071,0.8287955522537231,0.8069474101066589,0.801095724105835
mdr,https://www.mdr.de/nachrichten/thueringen/sued-thueringen/suhl/wald-naturschutz-baeche-moore-bergwiesen-100.html,https://www.mdr.de/nachrichten-leicht/leichte-sprache-thueringen-naturschutz-gebiet-100.html,430,129,0.7798485159873962,0.8606548309326172,0.8688827753067017,0.8492592573165894,0.8492592573165894
mdr,https://www.mdr.de/nachrichten/sachsen/dresden/dresden-radebeul/vonovia-miete-streit-klagen-gericht-100.html,https://www.mdr.de/nachrichten-leicht/leichte-sprache-vonovia-prozess-amtsgericht-dresden-mieterverein-klagewelle-100.html,637,204,0.788413405418396,0.8125770688056946,0.8631360530853271,0.8623828887939453,0.8623828887939453
mdr,https://www.mdr.de/nachrichten/sachsen/dresden/dresden-radebeul/polizei-zwinger-einbruch-versuch-cyberangriff-porzellansammlung-100.html,https://www.mdr.de/nachrichten-leicht/leichte-sprache-sachsen-verhinderter-raub-in-dresden-100.html,470,275,0.6385944485664368,0.7654363512992859,0.8472627401351929,0.8396132588386536,0.8396132588386536
mdr,https://www.mdr.de/nachrichten/sachsen/chemnitz/chemnitz-stollberg/congress-hotel-schliesst-zukunft-unklar-100.html,https://www.mdr.de/nachrichten-leicht/leichte-sprache-chemnitz-congress-hotel-schliesst-ngg-100.html,561,182,0.8729457259178162,0.8955555558204651,0.8872610330581665,0.8878587484359741,0.8878587484359741
mdr,https://www.mdr.de/kultur/ausflug-tipps/hainich-quedlinburg-muldental-wohin-am-wochenende-tipps-100.html,https://www.mdr.de/nachrichten-leicht/leichte-sprache-kulturnachricht-106.html,402,433,0.5084047913551331,0.5562640428543091,0.775012731552124,0.7522768378257751,0.7522768378257751
mdr,https://www.mdr.de/nachrichten/sachsen-anhalt/armut-gefaehrdung-berechnungen-100.html,https://www.mdr.de/nachrichten-leicht/leichte-sprache-sachsen-anhalt-armutsgefaehrdung-quote-berechnung-100.html,475,430,0.8220564723014832,0.8378151655197144,0.8157823085784912,0.8819382786750793,0.8819382786750793
mdr,https://www.mdr.de/nachrichten/deutschland/wirtschaft/lufthansa-streik-fluege-gestrichen-leipzig-halle-dresden-102.html,https://www.mdr.de/nachrichten-leicht/leichte-sprache-lufthansa-streik-dresden-leipzig-passagiere-flughafen-100.html,386,155,0.8714859485626221,0.9458245635032654,0.9077458381652832,0.8941590785980225,0.8941590785980225
mdr,https://www.mdr.de/sport/fussball_rl/bus-ausgebrannt-hallescher-fc-frankfurt-100.html,https://www.mdr.de/nachrichten-leicht/leichte-sprache-sachsen-anhalt-hfc-teambus-angezuendet-100.html,250,148,0.8420364856719971,0.9116944670677185,0.9041459560394287,0.9041459560394287,0.9041459560394287
mdr,https://www.mdr.de/nachrichten/deutschland/panorama/razzia-sachsen-anhalt-thueringen-vietnamesinnen-bordelle-chemnitz-halle-100.html,https://www.mdr.de/nachrichten-leicht/leichte-sprache-mitteldeutschland-razzia-menschenhandel-100.html,282,283,0.7449257373809814,0.7210178971290588,0.7923818826675415,0.7923818826675415,0.7923818826675415
mdr,https://www.mdr.de/nachrichten/sachsen-anhalt/landespolitik/haseloff-ruecktritt-offiziell-100.html,https://www.mdr.de/nachrichten-leicht/leichte-sprache-haseloff-neuwahl-sven-schulze-100.html,415,212,0.7237309813499451,0.8648033142089844,0.8832088112831116,0.8974603414535522,0.8974603414535522
mdr,https://www.mdr.de/kultur/buchmesse/leipzig-buecher-leichte-einfache-sprache-trend-inklusion-kultur-news-102.html,https://www.mdr.de/nachrichten-leicht/leichte-sprache-mitteldeutschland-buecher-leichte-sprache-inklusion-100.html,702,418,0.5896114110946655,0.5945467948913574,0.8209846615791321,0.8350800275802612,0.8350800275802612
mdr,https://www.mdr.de/nachrichten/sachsen-anhalt/halle/burgenland/luetzen-foerdermittel-investition-104.html,https://www.mdr.de/nachrichten-leicht/leichte-sprache-sachsen-anhalt-industrieansiedlung-zorbau-100.html,519,199,0.5475499629974365,0.7124353647232056,0.7255074381828308,0.7864110469818115,0.7864110469818115
mdr,https://www.mdr.de/nachrichten/thueringen/nord-thueringen/nordhausen/mittelbau-dora-gedenken-106.html,https://www.mdr.de/nachrichten-leicht/leichte-sprache-thueringen-mittelbau-dora-gedenken-100.html,625,454,0.7865469455718994,0.7891639471054077,0.8011801242828369,0.810910701751709,0.810910701751709
mdr,https://www.mdr.de/nachrichten/sachsen/winter-wetter-neuschnee-unfaelle-glaette-autobahn-stau-100.html,https://www.mdr.de/nachrichten-leicht/leichte-sprache-mittel-deutschland-schnee-glaette-wintereinbruch-verkehr-100.html,546,356,0.7058631777763367,0.7605805397033691,0.8589019179344177,0.8461227416992188,0.8461227416992188
mdr,https://www.mdr.de/nachrichten/sachsen-anhalt/landtag-beschliesst-reform-sozialverwaltung-100.html,https://www.mdr.de/nachrichten-leicht/leichte-sprache-sachsen-anhalt-sozialreform-grad-der-behinderung-100.html,428,379,0.7773273587226868,0.9013631343841553,0.8935692310333252,0.8830204606056213,0.8830204606056213
mdr,https://www.mdr.de/nachrichten/sachsen-anhalt/halle/halle/archaeologie-roemer-lager-fund-kultur-news-100.html,https://www.mdr.de/nachrichten-leicht/leichte-sprache-halle-roemisches-lager-aken-trabitz-100.html,682,215,0.6419201493263245,0.7893643379211426,0.857216477394104,0.8445233702659607,0.8437650203704834
mdr,https://www.mdr.de/nachrichten/sachsen/dresden/freital-pirna/brand-feuerstelle-saechsische-schweiz-elbsandsteingebirge-100.html,https://www.mdr.de/nachrichten-leicht/leichte-sprache-sachsen-waldbraende-ostern-lilienstein-niesky-100.html,332,268,0.665786623954773,0.7853738069534302,0.8510593175888062,0.8510593175888062,0.8510593175888062
mdr,https://www.mdr.de/nachrichten/sachsen/leipzig/leipzig-leipzig-land/flughafen-airport-sommerflugplan-urlaub-fluege-102.html,https://www.mdr.de/nachrichten-leicht/leichte-sprache-mittel-deutschland-sommer-flugplan-100.html,263,228,0.7719302773475647,0.72869873046875,0.7708697319030762,0.7708697319030762,0.7708697319030762
mdr,https://www.mdr.de/sport/fussball_rl/bericht-regionalliga-nordost-fc-lok-leipzig-fc-carl-zeiss-jena-110.html,https://www.mdr.de/nachrichten-leicht/leichte-sprache-thueringen-fussball-jena-lok-100.html,553,249,0.7976784110069275,0.7862465381622314,0.8497801423072815,0.8528612852096558,0.8528612852096558
mdr,https://www.mdr.de/nachrichten/thueringen/mitte-thueringen/arnstadt-ilmkreis/woelfe-kalmberg-rudolstadt-territorium-100.html,https://www.mdr.de/nachrichten-leicht/leichte-sprache-thueringen-neues-wolfspaar-100.html,247,152,0.8259519338607788,0.8989492654800415,0.8655600547790527,0.8655600547790527,0.8655600547790527
mdr,https://www.mdr.de/nachrichten/sachsen/leipzig/leipzig-leipzig-land/windkraft-buergerentscheid-naunhof-wahl-abstimmung-104.html,https://www.mdr.de/nachrichten-leicht/leichte-sprache-sachsen-naunhof-buergerentscheid-windkraft-abstimmung-100.html,465,127,0.7977309226989746,0.8662737011909485,0.8879373669624329,0.8839611411094666,0.8839611411094666
mdr,https://www.mdr.de/nachrichten/thueringen/ost-thueringen/greiz/brand-muell-deponie-feuerwehr-zeulenroda-102.html,https://www.mdr.de/nachrichten-leicht/leichte-sprache-thueringen-muellkippenbrand-100.html,458,260,0.7517454624176025,0.7382221221923828,0.8425301909446716,0.8234337568283081,0.8234337568283081
mdr,https://www.mdr.de/nachrichten/sachsen-anhalt/magdeburg/magdeburg/fcm-dynamo-dresden-ausschreitungen-polizei-festnahme100.html,https://www.mdr.de/nachrichten-leicht/leichte-sprache-sachsen-anhalt-magdeburg-fcm-dynamo-dresden-ausschreitungen-polizei-ermittlungen-100.html,983,234,0.714762806892395,0.7092059254646301,0.8243656158447266,0.8151050806045532,0.8223094940185547
mdr,https://www.mdr.de/nachrichten/sachsen/chemnitz/annaberg-aue-schwarzenberg/zwoenitz-toedlicher-unfall-glatt-strasse-100.html,https://www.mdr.de/nachrichten-leicht/leichte-sprache-mitteldeutschland-schnee-unfaelle-100.html,489,358,0.6493170857429504,0.7724633812904358,0.8385583162307739,0.8302449584007263,0.8302449584007263
mdr,https://www.mdr.de/nachrichten/thueringen/wildkatze-verbreitung-nicht-mitnehmen-bund-100.html,https://www.mdr.de/nachrichten-leicht/leichte-sprache-wildkatzen-thueringen-rhoen-hauskatze-naturschuetzer-100.html,488,162,0.8291329145431519,0.9011290073394775,0.9081712961196899,0.8988019227981567,0.8988019227981567
mdr,https://www.mdr.de/nachrichten/sachsen/bautzen/bautzen-hoyerswerda-kamenz/scheibe-see-boot-mole-tourismus-100.html,https://www.mdr.de/nachrichten-leicht/leichte-sprache-sachsen-scheibe-see-hoyerswerda-mole-100.html,272,215,0.8214485049247742,0.900722324848175,0.8456668853759766,0.8456668853759766,0.8456668853759766
mdr,https://www.mdr.de/sport/skispringen-vierschanzentournee-garmisch-felix-hoffmann-100.html,https://www.mdr.de/nachrichten-leicht/leichte-sprache-sport-thueringen-sachsen-skispringen-hoffmann-freitag-100.html,237,293,0.7989155650138855,0.7574679255485535,0.7854218482971191,0.7854218482971191,0.7854218482971191
mdr,https://www.mdr.de/nachrichten/sachsen-anhalt/dessau/anhalt/klinik-zerbst-wieder-in-kommunaler-hand-102.html,https://www.mdr.de/nachrichten-leicht/leichte-sprache-sachsen-anhalt-zerbst-klinik-in-kommunaler-hand-100.html,426,384,0.9000323414802551,0.9188168048858643,0.9577675461769104,0.9581481218338013,0.9581481218338013
mdr,https://www.mdr.de/nachrichten/sachsen/dresden/dresden-radebeul/csd-demo-veranstaltung-entscheidung-strassenfest-100.html,https://www.mdr.de/nachrichten-leicht/leichte-sprache-sachsen-dresden-csd-als-strassenfest-100.html,464,407,0.8652442693710327,0.8735477328300476,0.8949363827705383,0.8679094314575195,0.8679094314575195
mdr,https://www.mdr.de/nachrichten/sachsen/warnstreik-mehr-gehalt-schulen-gew-102.html,https://www.mdr.de/nachrichten-leicht/leichte-sprache-sachsen-warnstreik-schulen-100.html,497,179,0.798235297203064,0.9074647426605225,0.8902203440666199,0.8770739436149597,0.8770739436149597
mdr,https://www.mdr.de/nachrichten/sachsen-anhalt/evangelische-kirche-ekm-gegen-afd-wahlkampf-kultur-news-100.html,https://www.mdr.de/nachrichten-leicht/leichte-sprache-sachsen-anhalt-kirche-gegen-afd-100.html,816,225,0.7800641655921936,0.887328028678894,0.8934605121612549,0.9058308601379395,0.900847852230072
mdr,https://www.mdr.de/nachrichten/thueringen/mitte-thueringen/erfurt/strassenbahn-umleitung-evag-anger-domplatz-100.html,https://www.mdr.de/nachrichten-leicht/leichte-sprache-thueringen-erfurt-strassenbahn-sperrung-anger-100.html,309,123,0.890754222869873,0.9394350051879883,0.8865422010421753,0.8865422010421753,0.8865422010421753
sozialpolitik,https://www.sozialpolitik.com/arbeitslosigkeit-und-arbeitslosenversicherung,https://www.sozialpolitik.com/es/translate-to-leichte-sprache-arbeitslosigkeit-und-arbeitslosenversicherung,1242,432,0.6017945408821106,0.599452018737793,0.6611742377281189,0.6417145729064941,0.6717125177383423
sozialpolitik,https://www.sozialpolitik.com/armut-und-reichtum,https://www.sozialpolitik.com/es/kein-geld-zum-leben,1231,583,0.7669870853424072,0.7769818305969238,0.7909256219863892,0.8488924503326416,0.8528368473052979
sozialpolitik,https://www.sozialpolitik.com/soziale-gerechtigkeit,https://www.sozialpolitik.com/es/soziale-gerechtigkeit,812,218,0.4823136329650879,0.5213409066200256,0.5783956050872803,0.7098112106323242,0.7110493183135986
sozialpolitik,https://www.sozialpolitik.com/soziales-europa,https://www.sozialpolitik.com/es/die-europaeische-union,546,327,0.525541365146637,0.5659460425376892,0.6935709714889526,0.7262457609176636,0.7262457609176636
sozialpolitik,https://www.sozialpolitik.com/opferentschaedigung,https://www.sozialpolitik.com/es/recht-auf-soziale-entschaedigung,375,130,0.7855132818222046,0.7766767740249634,0.7921027541160583,0.7995635271072388,0.7995635271072388
sozialpolitik,https://www.sozialpolitik.com/alterssicherung,https://www.sozialpolitik.com/es/sozial-versicherung-im-alter,671,279,0.4030765891075134,0.5422284603118896,0.6589546799659729,0.7579484581947327,0.7579484581947327
sozialpolitik,https://www.sozialpolitik.com/ausbildung-und-studium,https://www.sozialpolitik.com/es/ausbildung-und-studium,296,224,0.7998119592666626,0.8777525424957275,0.845107913017273,0.845107913017273,0.845107913017273
sozialpolitik,https://www.sozialpolitik.com/praktische-hilfen-zum-berufseinstieg,https://www.sozialpolitik.com/es/der-berufs-einstieg,795,341,0.8313165307044983,0.8405996561050415,0.8251024484634399,0.8405923247337341,0.8436713218688965
sozialpolitik,https://www.sozialpolitik.com/arbeitsrecht,https://www.sozialpolitik.com/es/rechte-und-pflichten-fuer-die-arbeit,918,379,0.7284270524978638,0.7539837956428528,0.7537035346031189,0.7167547941207886,0.6967012286186218
sozialpolitik,https://www.sozialpolitik.com/arbeitswelt-von-morgen,https://www.sozialpolitik.com/es/die-arbeits-welt,553,267,0.6506927609443665,0.7121936082839966,0.774186372756958,0.7761635184288025,0.7761635184288025
sozialpolitik,https://www.sozialpolitik.com/das-sozialstaatprinzip,https://www.sozialpolitik.com/es/leben-im-sozial-staat,1023,632,0.8806276321411133,0.8561994433403015,0.8228410482406616,0.8203360438346863,0.8330454230308533
sozialpolitik,https://www.sozialpolitik.com/leben-und-arbeiten-mit-behinderung,https://www.sozialpolitik.com/es/leben-und-arbeiten-mit-behinderung,1131,592,0.49676787853240967,0.6471151113510132,0.7449659705162048,0.828120231628418,0.857958197593689
sozialpolitik,https://www.sozialpolitik.com/mitbestimmungsrecht,https://www.sozialpolitik.com/es/das-recht-auf-mit-bestimmung,865,323,0.8313910365104675,0.8175976276397705,0.8124470710754395,0.7934123873710632,0.7926440238952637
stuttgart,https://www.stuttgart.de/leben/gesundheit/vorsorge/suchtpraevention,https://www.stuttgart.de/leben/gesundheit/vorsorge/suchtpraevention?sp%3Aout=easy,618,670,0.9228420853614807,0.9156910181045532,0.9078405499458313,0.9249963760375977,0.9249963760375977
stuttgart,https://www.stuttgart.de/organigramm/leistungen/wohnsitz-anmelden-als-hauptwohnsitz,https://www.stuttgart.de/organigramm/leistungen/wohnsitz-anmelden-als-hauptwohnsitz?sp%3Aout=easy,3470,928,0.9152430295944214,0.9051510095596313,0.9288154244422913,0.8920104503631592,0.6278622150421143
stuttgart,https://www.stuttgart.de/organigramm/leistungen/reisepass-beantragen-erstmalig-oder-nach-ablauf,https://www.stuttgart.de/organigramm/leistungen/reisepass-beantragen-erstmalig-oder-nach-ablauf?sp%3Aout=easy,3351,917,0.7475247979164124,0.71045982837677,0.8405969738960266,0.8212634325027466,0.6245291233062744
stuttgart,https://www.stuttgart.de/organigramm/leistungen/ehefaehigkeitszeugnis-ausstellung-beantragen,https://www.stuttgart.de/organigramm/leistungen/ehefaehigkeitszeugnis-ausstellung-beantragen?sp%3Aout=easy,1375,493,0.9276857376098633,0.9054176807403564,0.9241026639938354,0.8419284820556641,0.6106211543083191
stuttgart,https://www.stuttgart.de/organigramm/leistungen/wohnsitz-ummelden-innerhalb-von-stuttgart,https://www.stuttgart.de/organigramm/leistungen/wohnsitz-ummelden-innerhalb-von-stuttgart?sp%3Aout=easy,3059,767,0.8210866451263428,0.8319849967956543,0.8898616433143616,0.8339477777481079,0.6234650611877441
stuttgart,https://www.stuttgart.de/organigramm/leistungen/eingliederungshilfe-fuer-menschen-mit-behinderung,https://www.stuttgart.de/organigramm/leistungen/eingliederungshilfe-fuer-menschen-mit-behinderung?sp%3Aout=easy,545,763,0.7482954263687134,0.7434937953948975,0.8065153360366821,0.8073026537895203,0.8227550983428955
stuttgart,https://www.stuttgart.de/leben/gesundheit/gesundheitsberatung/,https://www.stuttgart.de/leben/gesundheit/gesundheitsberatung/?sp%3Aout=easy,205,143,0.9263683557510376,0.8560859560966492,0.8439308404922485,0.8439308404922485,0.8439308404922485
stuttgart,https://www.stuttgart.de/buergerinnen-und-buerger/senioren/buergerservice-leben-im-alter,https://www.stuttgart.de/buergerinnen-und-buerger/senioren/buergerservice-leben-im-alter?sp%3Aout=easy,714,320,0.9726086258888245,0.9437012672424316,0.8663805723190308,0.8605037927627563,0.8605037927627563
stuttgart,https://www.stuttgart.de/leben/sport/sportprogramme/bewegt-und-aktiv,https://www.stuttgart.de/leben/sport/sportprogramme/bewegt-und-aktiv?sp%3Aout=easy,863,695,0.9758830666542053,0.9767573475837708,0.9306167364120483,0.8884273767471313,0.8905880451202393
stuttgart,https://www.stuttgart.de/buergerinnen-und-buerger/menschen-mit-behinderung/die-beauftragte-fuer-menschen-mit-behinderung/inklusion-teilhabe,https://www.stuttgart.de/buergerinnen-und-buerger/menschen-mit-behinderung/die-beauftragte-fuer-menschen-mit-behinderung/inklusion-teilhabe?sp%3Aout=easy,418,621,0.6783074140548706,0.8831567764282227,0.9026734232902527,0.9294698238372803,0.9294698238372803
stuttgart,https://www.stuttgart.de/leben/soziales/beratung-und-hilfe/rechtliche-betreuung/,https://www.stuttgart.de/leben/soziales/beratung-und-hilfe/rechtliche-betreuung/?sp%3Aout=easy,312,637,0.855201005935669,0.8693917989730835,0.8240297436714172,0.857868492603302,0.857868492603302
stuttgart,https://www.stuttgart.de/organigramm/leistungen/eheschliessung-anmelden,https://www.stuttgart.de/organigramm/leistungen/eheschliessung-anmelden?sp%3Aout=easy,1750,1001,0.7218179702758789,0.7688183784484863,0.7921873331069946,0.7971165180206299,0.6730045676231384
stuttgart,https://www.stuttgart.de/leben/wohnen/foerderung-und-wohnungshilfe/sozialmietwohnungen,https://www.stuttgart.de/leben/wohnen/foerderung-und-wohnungshilfe/sozialmietwohnungen?sp%3Aout=easy,340,457,0.8556892275810242,0.8281062841415405,0.8832408785820007,0.9001506567001343,0.9001506567001343
stuttgart,https://www.stuttgart.de/leben/gesundheit/vorsorge/,https://www.stuttgart.de/leben/gesundheit/vorsorge/?sp%3Aout=easy,131,145,0.9175488948822021,0.8674005270004272,0.8674005270004272,0.8674005270004272,0.8674005270004272
stuttgart,https://www.stuttgart.de/buergerinnen-und-buerger/menschen-mit-behinderung/die-beauftragte-fuer-menschen-mit-behinderung,https://www.stuttgart.de/buergerinnen-und-buerger/menschen-mit-behinderung/die-beauftragte-fuer-menschen-mit-behinderung?sp%3Aout=easy,547,664,0.9146044850349426,0.9074310064315796,0.921593189239502,0.951252818107605,0.951252818107605
stuttgart,https://www.stuttgart.de/buergerinnen-und-buerger/senioren/gesund-aelter-werden,https://www.stuttgart.de/buergerinnen-und-buerger/senioren/gesund-aelter-werden?sp%3Aout=easy,658,791,0.976807713508606,0.9240052700042725,0.8893618583679199,0.9057968854904175,0.9054847359657288
stuttgart,https://www.stuttgart.de/leben/soziales/beratung-und-hilfe/,https://www.stuttgart.de/leben/soziales/beratung-und-hilfe/?sp%3Aout=easy,883,725,0.7410515546798706,0.8437740802764893,0.909691572189331,0.9232004284858704,0.9345842599868774
stuttgart,https://www.stuttgart.de/leben/wohnen/foerderung-und-wohnungshilfe/seniorenmietwohnungen,https://www.stuttgart.de/leben/wohnen/foerderung-und-wohnungshilfe/seniorenmietwohnungen?sp%3Aout=easy,168,207,0.9433368444442749,0.8424214720726013,0.8522785902023315,0.8522785902023315,0.8522785902023315
stuttgart,https://www.stuttgart.de/leben/soziales/generationenhaus,https://www.stuttgart.de/leben/soziales/generationenhaus?sp%3Aout=easy,320,255,0.9782716035842896,0.9794973731040955,0.9718957543373108,0.9718957543373108,0.9718957543373108
stuttgart,https://www.stuttgart.de/buergerinnen-und-buerger/menschen-mit-behinderung/politik-von-menschen-mit-behinderung/beirat-inklusion,https://www.stuttgart.de/buergerinnen-und-buerger/menschen-mit-behinderung/politik-von-menschen-mit-behinderung/beirat-inklusion?sp%3Aout=easy,199,256,0.9010313153266907,0.9647843241691589,0.9621536731719971,0.9621536731719971,0.9621536731719971
stuttgart,https://www.stuttgart.de/leben/soziales/soziale-leistungen/,https://www.stuttgart.de/leben/soziales/soziale-leistungen/?sp%3Aout=easy,615,536,0.681121826171875,0.8718637824058533,0.9466820955276489,0.916673481464386,0.916673481464386
stuttgart,https://www.stuttgart.de/leben/arbeit/arbeitsuchende/hilfe-beim-wiedereinstieg,https://www.stuttgart.de/leben/arbeit/arbeitsuchende/hilfe-beim-wiedereinstieg?sp%3Aout=easy,421,633,0.9552335143089294,0.9594168663024902,0.9430825710296631,0.9227402806282043,0.9227402806282043
stuttgart,https://www.stuttgart.de/organigramm/leistungen/personalausweis-beantragen-erstmalig-oder-nach-ablauf,https://www.stuttgart.de/organigramm/leistungen/personalausweis-beantragen-erstmalig-oder-nach-ablauf?sp%3Aout=easy,3665,1206,0.8471720218658447,0.8610951900482178,0.821402907371521,0.8353615999221802,0.6566036939620972
stuttgart,https://www.stuttgart.de/buergerinnen-und-buerger/chancengleichheit/hilfe-bei-gewalt/gewalt-in-haeuslicher-pflege,https://www.stuttgart.de/buergerinnen-und-buerger/chancengleichheit/hilfe-bei-gewalt/gewalt-in-haeuslicher-pflege?sp%3Aout=easy,200,500,0.9263309240341187,0.8822693228721619,0.8290761709213257,0.8448510766029358,0.8448510766029358
stuttgart,https://www.stuttgart.de/buergerinnen-und-buerger/menschen-mit-behinderung/beratungsangebote-fuer-menschen-mit-behinderung/,https://www.stuttgart.de/buergerinnen-und-buerger/menschen-mit-behinderung/beratungsangebote-fuer-menschen-mit-behinderung/?sp%3Aout=easy,1296,501,0.8538760542869568,0.8717836141586304,0.9065057039260864,0.9018658399581909,0.8628138303756714
stuttgart,https://www.stuttgart.de/organigramm/leistungen/schwerbehinderten-ausweis-beantragen,https://www.stuttgart.de/organigramm/leistungen/schwerbehinderten-ausweis-beantragen?sp%3Aout=easy,363,693,0.808150589466095,0.7629660367965698,0.8606117367744446,0.9133683443069458,0.9133683443069458
stuttgart,https://www.stuttgart.de/service/behoerdennummer-115/,https://www.stuttgart.de/service/behoerdennummer-115/?sp%3Aout=easy,234,373,0.902896523475647,0.8912211656570435,0.9119468331336975,0.9119468331336975,0.9119468331336975
stuttgart,https://www.stuttgart.de/buergerinnen-und-buerger/menschen-mit-behinderung/politik-von-menschen-mit-behinderung/,https://www.stuttgart.de/buergerinnen-und-buerger/menschen-mit-behinderung/politik-von-menschen-mit-behinderung/?sp%3Aout=easy,276,392,0.9687095880508423,0.9551288485527039,0.9652887582778931,0.9643170833587646,0.9643170833587646
stuttgart,https://www.stuttgart.de/buergerinnen-und-buerger/senioren/beratung-und-angebote,https://www.stuttgart.de/buergerinnen-und-buerger/senioren/beratung-und-angebote?sp%3Aout=easy,90,154,0.8115677833557129,0.7916535139083862,0.7916535139083862,0.7916535139083862,0.7916535139083862
stuttgart,https://www.stuttgart.de/leben/gesundheit/vorsorge/impfungen,https://www.stuttgart.de/leben/gesundheit/vorsorge/impfungen?sp%3Aout=easy,1248,542,0.888073742389679,0.8569769263267517,0.845909595489502,0.8029414415359497,0.7685971260070801
stuttgart,https://www.stuttgart.de/leben/gesundheit/infektionsschutz/,https://www.stuttgart.de/leben/gesundheit/infektionsschutz/?sp%3Aout=easy,177,286,0.9375314712524414,0.8879595398902893,0.8936038017272949,0.8936038017272949,0.8936038017272949
stuttgart,https://www.stuttgart.de/leben/gesundheit/umweltmedizin/,https://www.stuttgart.de/leben/gesundheit/umweltmedizin/?sp%3Aout=easy,349,493,0.8954150676727295,0.8407375812530518,0.9223349690437317,0.9185575842857361,0.9185575842857361
stuttgart,https://www.stuttgart.de/organigramm/leistungen/ehenamen-bestimmen,https://www.stuttgart.de/organigramm/leistungen/ehenamen-bestimmen?sp%3Aout=easy,1281,463,0.7213979959487915,0.7274210453033447,0.7091410160064697,0.7735475301742554,0.6266185641288757
stuttgart,https://www.stuttgart.de/buergerinnen-und-buerger/menschen-mit-behinderung/wege-in-die-arbeit/,https://www.stuttgart.de/buergerinnen-und-buerger/menschen-mit-behinderung/wege-in-die-arbeit/?sp%3Aout=easy,2642,2094,0.9013605117797852,0.8361923098564148,0.9235597252845764,0.9589747190475464,0.9423454403877258
stuttgart,https://www.stuttgart.de/organigramm/leistungen/wohnberechtigungsschein-beantragen,https://www.stuttgart.de/organigramm/leistungen/wohnberechtigungsschein-beantragen?sp%3Aout=easy,489,577,0.7947882413864136,0.8836987018585205,0.9014002084732056,0.8821098804473877,0.8821098804473877
taz,unknown,https://taz.de/Leichte-Sprache/!5590875/,370,372,0.7020783424377441,0.7876418828964233,0.8505691289901733,0.8505691289901733,0.8505691289901733
taz,unknown,https://taz.de/Leichte-Sprache/!5617312/,641,481,0.581089973449707,0.553147554397583,0.7743083238601685,0.787487268447876,0.787487268447876
taz,unknown,https://taz.de/Leichte-Sprache/!5621822/,1802,560,0.2747039794921875,0.6440122723579407,0.7361508011817932,0.7378720045089722,0.7864292860031128
taz,unknown,https://taz.de/Leichte-Sprache/!5585793/,1588,481,0.7654843330383301,0.7904183864593506,0.7973280549049377,0.8340067863464355,0.8907540440559387
wiesbaden,https://www.wiesbaden.de/leben-in-wiesbaden/freizeit/natur-erleben/stadtwald/stadtwald-multitalent,https://www.wiesbaden.de/leben-in-wiesbaden/freizeit/natur-erleben/stadtwald/stadtwald-multitalent?sp%3Aeasylanguage=1,486,321,0.6672219038009644,0.7412111759185791,0.7580165863037109,0.7461481690406799,0.7461481690406799
wiesbaden,https://www.wiesbaden.de/vv/produkte/34/Grossraum-und-Schwerverkehr-Ausnahmen-und-Erlaubnisse,https://www.wiesbaden.de/vv/produkte/34/Grossraum-und-Schwerverkehr-Ausnahmen-und-Erlaubnisse?sp%3Aeasylanguage=1,80,52,0.6467212438583374,0.6376571655273438,0.6376571655273438,0.6376571655273438,0.6376571655273438
wiesbaden,https://www.wiesbaden.de/leben-in-wiesbaden/gesellschaft-soziales/inklusion/arbeitskreis-inklusion-und-barrierefreiheit,https://www.wiesbaden.de/leben-in-wiesbaden/gesellschaft-soziales/inklusion/arbeitskreis-inklusion-und-barrierefreiheit?sp%3Aeasylanguage=1,179,195,0.6628429889678955,0.6697218418121338,0.6697218418121338,0.6697218418121338,0.6697218418121338
wiesbaden,https://www.wiesbaden.de/rathaus/smart-city/sensor-bike,https://www.wiesbaden.de/rathaus/smart-city/sensor-bike?sp%3Aeasylanguage=1,419,254,0.7869390249252319,0.8180832266807556,0.8642231822013855,0.8691717982292175,0.8691717982292175
wiesbaden,https://www.wiesbaden.de/vv/produkte/51/jugendarbeit-wi-and-you/Inklusion-fuer-Kinder-und-Jugendliche-Beratung-und-Information,https://www.wiesbaden.de/vv/produkte/51/jugendarbeit-wi-and-you/Inklusion-fuer-Kinder-und-Jugendliche-Beratung-und-Information?sp%3Aeasylanguage=1,121,127,0.7493388652801514,0.803396463394165,0.803396463394165,0.803396463394165,0.803396463394165
wiesbaden,https://www.wiesbaden.de/rathaus/smart-city/smart-city-in-wiesbaden,https://www.wiesbaden.de/rathaus/smart-city/smart-city-in-wiesbaden?sp%3Aeasylanguage=1,424,308,0.8452677130699158,0.867439329624176,0.8921179175376892,0.8861061930656433,0.8861061930656433
wiesbaden,https://www.wiesbaden.de/rathaus/smart-city/smart-ubilabs,https://www.wiesbaden.de/rathaus/smart-city/smart-ubilabs?sp%3Aeasylanguage=1,243,261,0.7964710593223572,0.8365919589996338,0.8718569278717041,0.8718569278717041,0.8718569278717041
wiesbaden,https://www.wiesbaden.de/rathaus/smart-city/mobile-datenmessung,https://www.wiesbaden.de/rathaus/smart-city/mobile-datenmessung?sp%3Aeasylanguage=1,258,205,0.5627605319023132,0.5935295224189758,0.6672205924987793,0.6672205924987793,0.6672205924987793
wiesbaden,https://www.wiesbaden.de/vv/produkte/34/Bewohnerparken-Ausnahmegenehmigungen,https://www.wiesbaden.de/vv/produkte/34/Bewohnerparken-Ausnahmegenehmigungen?sp%3Aeasylanguage=1,245,59,0.7273330092430115,0.7074650526046753,0.7012025713920593,0.7012025713920593,0.7012025713920593
wiesbaden,https://www.wiesbaden.de/kultur/kultur-erleben/film/filmstadt-wiesbaden,https://www.wiesbaden.de/kultur/kultur-erleben/film/filmstadt-wiesbaden?sp%3Aeasylanguage=1,259,109,0.5744621753692627,0.5143898725509644,0.6170297861099243,0.6170297861099243,0.6170297861099243
wiesbaden,https://www.wiesbaden.de/vv/produkte/34/Aufgrabungen-Genehmigung-beantragen,https://www.wiesbaden.de/vv/produkte/34/Aufgrabungen-Genehmigung-beantragen?sp%3Aeasylanguage=1,85,72,0.7091269493103027,0.6869663000106812,0.6869663000106812,0.6869663000106812,0.6869663000106812
wiesbaden,https://www.wiesbaden.de/kultur/kultur-erleben/film/caligari,https://www.wiesbaden.de/kultur/kultur-erleben/film/caligari?sp%3Aeasylanguage=1,105,109,0.9128267765045166,0.9093717336654663,0.9093717336654663,0.9093717336654663,0.9093717336654663
wiesbaden,https://www.wiesbaden.de/vv/produkte/34/Behindertenparkplaetze,https://www.wiesbaden.de/vv/produkte/34/Behindertenparkplaetze?sp%3Aeasylanguage=1,171,97,0.7237412929534912,0.6535841822624207,0.6400056481361389,0.6400056481361389,0.6400056481361389
wiesbaden,https://www.wiesbaden.de/vv/produkte/34/Handwerkerparkausweis-fuer-die-Region-Frankfurt-Rhein-Main,https://www.wiesbaden.de/vv/produkte/34/Handwerkerparkausweis-fuer-die-Region-Frankfurt-Rhein-Main?sp%3Aeasylanguage=1,219,52,0.6743453741073608,0.6488191485404968,0.6840020418167114,0.6840020418167114,0.6840020418167114
wiesbaden,https://www.wiesbaden.de/rathaus/smart-city/,https://www.wiesbaden.de/rathaus/smart-city/?sp%3Aeasylanguage=1,398,272,0.7710683345794678,0.7903813123703003,0.8053963780403137,0.8018979430198669,0.8018979430198669
wiesbaden,https://www.wiesbaden.de/leben-in-wiesbaden/umwelt-natur-klima/nachhaltiges-wirtschaften/oekoprofit_klub,https://www.wiesbaden.de/leben-in-wiesbaden/umwelt-natur-klima/nachhaltiges-wirtschaften/oekoprofit_klub?sp%3Aeasylanguage=1,280,61,0.8772155046463013,0.8342455625534058,0.7759095430374146,0.7759095430374146,0.7759095430374146
wiesbaden,https://www.wiesbaden.de/vv/oe/05/34/Verwarngeldstelle,https://www.wiesbaden.de/vv/oe/05/34/Verwarngeldstelle?sp%3Aeasylanguage=1,176,177,0.7598792314529419,0.8629835247993469,0.8493565320968628,0.8493565320968628,0.8493565320968628
wiesbaden,https://www.wiesbaden.de/vv/oe/07/31/ordnungsamt,https://www.wiesbaden.de/vv/oe/07/31/ordnungsamt?sp%3Aeasylanguage=1,165,57,0.7336620688438416,0.7504510283470154,0.7504510283470154,0.7504510283470154,0.7504510283470154
wiesbaden,https://www.wiesbaden.de/rathaus/smart-city/stadtteil-app,https://www.wiesbaden.de/rathaus/smart-city/stadtteil-app?sp%3Aeasylanguage=1,142,143,0.8893675804138184,0.9023621082305908,0.9023621082305908,0.9023621082305908,0.9023621082305908
wiesbaden,https://www.wiesbaden.de/leben-in-wiesbaden/umwelt-natur-klima/luftqualitaet/lufthygiene,https://www.wiesbaden.de/leben-in-wiesbaden/umwelt-natur-klima/luftqualitaet/lufthygiene?sp%3Aeasylanguage=1,431,151,0.7564147710800171,0.8039494156837463,0.7763931751251221,0.7519996762275696,0.7519996762275696
wiesbaden,https://www.wiesbaden.de/leben-in-wiesbaden/gesellschaft-soziales/engagement/aktionswoche-wiesbaden-engagiert,https://www.wiesbaden.de/leben-in-wiesbaden/gesellschaft-soziales/engagement/aktionswoche-wiesbaden-engagiert?sp%3Aeasylanguage=1,313,196,0.7587960958480835,0.8911750912666321,0.8960157036781311,0.8960157036781311,0.8960157036781311
wiesbaden,https://www.wiesbaden.de/rathaus/smart-city/Smart-City-in-Wiesbaden_159092_159093,https://www.wiesbaden.de/rathaus/smart-city/Smart-City-in-Wiesbaden_159092_159093?sp%3Aeasylanguage=1,116,174,0.7186217308044434,0.7581044435501099,0.7581044435501099,0.7581044435501099,0.7581044435501099
wiesbaden,https://www.wiesbaden.de/leben-in-wiesbaden/umwelt-natur-klima/nachhaltiges-wirtschaften/fortgeschrittene,https://www.wiesbaden.de/leben-in-wiesbaden/umwelt-natur-klima/nachhaltiges-wirtschaften/fortgeschrittene?sp%3Aeasylanguage=1,32,61,0.8951882123947144,0.8951882123947144,0.8951882123947144,0.8951882123947144,0.8951882123947144
wiesbaden,https://www.wiesbaden.de/vv/produkte/34/Altkleidercontainer-Sondernutzungserlaubnis-beantragen,https://www.wiesbaden.de/vv/produkte/34/Altkleidercontainer-Sondernutzungserlaubnis-beantragen?sp%3Aeasylanguage=1,129,70,0.9042035341262817,0.875647783279419,0.875647783279419,0.875647783279419,0.875647783279419
wiesbaden,https://www.wiesbaden.de/vv/produkte/34/Online-Anhoerung,https://www.wiesbaden.de/vv/produkte/34/Online-Anhoerung?sp%3Aeasylanguage=1,137,157,0.9590706825256348,0.9407272338867188,0.9407272338867188,0.9407272338867188,0.9407272338867188
wiesbaden,https://www.wiesbaden.de/rathaus/smart-city/smart-city-kampagne,https://www.wiesbaden.de/rathaus/smart-city/smart-city-kampagne?sp%3Aeasylanguage=1,66,174,0.6179854869842529,0.6427237391471863,0.6427237391471863,0.6427237391471863,0.6427237391471863
wiesbaden,https://www.wiesbaden.de/rathaus/smart-city/digitaler-zwilling,https://www.wiesbaden.de/rathaus/smart-city/digitaler-zwilling?sp%3Aeasylanguage=1,959,1027,0.788678765296936,0.810508668422699,0.8727554678916931,0.8974384069442749,0.9322044849395752
wiesbaden,https://www.wiesbaden.de/vv/produkte/51/Verfahrenslotse-junge-Menschen-Behinderung,https://www.wiesbaden.de/vv/produkte/51/Verfahrenslotse-junge-Menschen-Behinderung?sp%3Aeasylanguage=1,267,110,0.7399684190750122,0.8059675693511963,0.8797664642333984,0.8797664642333984,0.8797664642333984
wiesbaden,https://www.wiesbaden.de/vv/produkte/34/Umzug-und-Ausnahmegenehmigung,https://www.wiesbaden.de/vv/produkte/34/Umzug-und-Ausnahmegenehmigung?sp%3Aeasylanguage=1,149,55,0.8639670014381409,0.8356707692146301,0.8356707692146301,0.8356707692146301,0.8356707692146301
wiesbaden,https://www.wiesbaden.de/vv/produkte/34/Umweltzone-Ausnahmegenehmigungen-zum-Befahren,https://www.wiesbaden.de/vv/produkte/34/Umweltzone-Ausnahmegenehmigungen-zum-Befahren?sp%3Aeasylanguage=1,174,56,0.8406364917755127,0.7899659276008606,0.7535080313682556,0.7535080313682556,0.7535080313682556
wiesbaden,https://www.wiesbaden.de/rathaus/smart-city/virtuelle_stadtentwicklung,https://www.wiesbaden.de/rathaus/smart-city/virtuelle_stadtentwicklung?sp%3Aeasylanguage=1,203,196,0.6073983311653137,0.7301158905029297,0.7267479300498962,0.7267479300498962,0.7267479300498962
wiesbaden,https://www.wiesbaden.de/vv/oe/05/34/stabstelle-oeffentlichkeitsarbeit-amtskoordination/stabstelle-oeffentlichkeitsarbeit-amtskoordination,https://www.wiesbaden.de/vv/oe/05/34/stabstelle-oeffentlichkeitsarbeit-amtskoordination/stabstelle-oeffentlichkeitsarbeit-amtskoordination?sp%3Aeasylanguage=1,249,59,0.8820609450340271,0.9413337707519531,0.9146798849105835,0.9146798849105835,0.9146798849105835
wiesbaden,https://www.wiesbaden.de/vv/produkte/34/Ordnungswidrigkeiten-im-Strassenverkehr,https://www.wiesbaden.de/vv/produkte/34/Ordnungswidrigkeiten-im-Strassenverkehr?sp%3Aeasylanguage=1,300,403,0.8223778009414673,0.8214389085769653,0.8228752613067627,0.8228752613067627,0.8228752613067627
wiesbaden,https://www.wiesbaden.de/leben-in-wiesbaden/umwelt-natur-klima/luftqualitaet/luftreinhalteplan,https://www.wiesbaden.de/leben-in-wiesbaden/umwelt-natur-klima/luftqualitaet/luftreinhalteplan?sp%3Aeasylanguage=1,297,151,0.6268280744552612,0.6601302623748779,0.6615924835205078,0.6615924835205078,0.6615924835205078
