source,article_index,ls_url,as_url,ls_flesch,ls_wiener,ls_lix,as_flesch,as_wiener,as_lix
behindertenbeauftragter,0,https://www.behindertenbeauftragter.de/DE/LS/der-beauftragte/gesetzliche-aufgabe/gesetzliche-aufgabe.html,https://www.behindertenbeauftragter.de/DE/AS/der-beauftragte/gesetzliche-aufgabe/gesetzliche-aufgabe-node.html              ,41.37245639534885,9.109077213774597,44.049418604651166,24.82758620689657,12.930347126436782,59.95402298850575
behindertenbeauftragter,1,https://www.behindertenbeauftragter.de/SharedDocs/DerBeauftragteAktuell/DE/LS/2021/20211216_Nachlese_Gewaltschutz.html,https://www.behindertenbeauftragter.de/SharedDocs/DerBeauftragteAktuell/DE/AS/2021/20211216_Bericht_GewaltschutzInEinrichtungen.html              ,57.6201337704843,7.477146356551987,38.77531809011816,32.52763527453118,11.573816816277425,55.873034902587094
behindertenbeauftragter,2,https://www.behindertenbeauftragter.de/DE/LS/rechtliches/un-brk/un-brk.html,https://www.behindertenbeauftragter.de/DE/AS/rechtliches/un-brk/un-brk-node.html              ,49.389195825659925,8.523305463474523,43.757213014119095,16.272784019975035,13.281282646691636,61.912609238451935
behindertenbeauftragter,3,https://www.behindertenbeauftragter.de/DE/LS/kultur-im-kleisthaus/kultur-im-kleisthaus.html,https://www.behindertenbeauftragter.de/DE/AS/kultur-im-kleisthaus/kultur-im-kleisthaus-node.html              ,42.88140472078294,8.705631203223948,44.91911341393207,30.847527472527474,11.354639438339438,57.08302808302808
behindertenbeauftragter,4,https://www.behindertenbeauftragter.de/DE/LS/presse-und-aktuelles/veranstaltungen/sonderseiten/arbeit/ankuendigung.html,https://www.behindertenbeauftragter.de/DE/AS/presse-und-aktuelles/veranstaltungen/sonderseiten/arbeit/ankuendigung.html              ,52.21367647601818,7.940387187534617,41.73544289775874,20.769125683060082,13.084542076502732,64.3224043715847
behindertenbeauftragter,5,https://www.behindertenbeauftragter.de/DE/LS/kultur-im-kleisthaus/salon-im-kleisthaus/gaeste/_documents/ninialagrande_inhalt.html,https://www.behindertenbeauftragter.de/DE/AS/kultur-im-kleisthaus/salon-im-kleisthaus/gaeste/_documents/ninialagrande_inhalt.html              ,70.77409511784514,6.002623569023569,34.927609427609426,43.69967532467531,10.583823376623378,50.675324675324674
behindertenbeauftragter,6,https://www.behindertenbeauftragter.de/SharedDocs/Pressemitteilungen/DE/LS/LS_2021/PM19_DresdnerPositionen_LS.html,https://www.behindertenbeauftragter.de/SharedDocs/Pressemitteilungen/DE/AS/2021/PM19_DresdnerPositionen.html              ,40.712133521723786,9.980657718120806,47.789208760155425,20.33360331173509,13.640134701223902,65.08000359971203
behindertenbeauftragter,7,https://www.behindertenbeauftragter.de/SharedDocs/DerBeauftragteAktuell/DE/LS/2024/20240131_T4_Ankuendigung.html,https://www.behindertenbeauftragter.de/SharedDocs/DerBeauftragteAktuell/DE/AS/2024/20240131_T4_Ankuendigung.html              ,52.83646034816249,7.0976723404255315,37.69439071566731,38.4055023923445,9.978097368421054,49.344497607655505
behindertenbeauftragter,8,https://www.behindertenbeauftragter.de/DE/LS/kultur-im-kleisthaus/erinnerungskultur-t4/erinnerungskultur-t4.html,https://www.behindertenbeauftragter.de/DE/AS/kultur-im-kleisthaus/erinnerungskultur-t4/erinnerungskultur-t4-node.html              ,54.571428571428584,7.1738334140435835,38.08958837772397,40.54760914760915,9.10324948024948,44.5010395010395
behindertenbeauftragter,9,https://www.behindertenbeauftragter.de/DE/LS/kultur-im-kleisthaus/kulturveranstaltungen/kulturveranstaltungen.html,https://www.behindertenbeauftragter.de/DE/AS/kultur-im-kleisthaus/kulturveranstaltungen/kulturveranstaltungen-node.html              ,55.19090909090909,7.6315333333333335,44.333333333333336,23.887455197132624,12.708426523297492,60.448028673835125
behindertenbeauftragter,10,https://www.behindertenbeauftragter.de/DE/LS/rechtliches/rechtliches.html,https://www.behindertenbeauftragter.de/DE/AS/rechtliches/rechtliches-node.html              ,62.3125,9.533850000000001,45.5,36.06387242941793,10.767169536423841,53.31195538515162
behindertenbeauftragter,11,https://www.behindertenbeauftragter.de/SharedDocs/Pressemitteilungen/DE/LS/LS_2021/PM20_Schweigen_brechen_LS.html,https://www.behindertenbeauftragter.de/SharedDocs/Pressemitteilungen/DE/AS/2021/PM20_Schweigen_brechen.html              ,56.56824387126758,6.987552869757176,38.41106076449402,38.08034248823722,9.936211970675128,49.22335594704016
behindertenbeauftragter,12,https://www.behindertenbeauftragter.de/DE/LS/schwerpunkte/schwerpunkte.html,https://www.behindertenbeauftragter.de/DE/AS/schwerpunkte/schwerpunkte-node.html              ,20.29430379746836,13.295301265822783,58.99050632911393,24.73457694870089,12.887075949367087,59.77681545636243
behindertenbeauftragter,13,https://www.behindertenbeauftragter.de/DE/LS/rechtliches/behindertengleichstellungsgesetz/behindertengleichstellungsgesetz.html,https://www.behindertenbeauftragter.de/DE/AS/rechtliches/behindertengleichstellungsgesetz/behindertengleichstellungsgesetz-node.html              ,25.577755727945146,9.911239076312466,48.23759696915028,34.076923076923066,10.786565514678557,52.39650687476774
behindertenbeauftragter,14,https://www.behindertenbeauftragter.de/DE/LS/schwerpunkte/wohnen/wohnen.html,https://www.behindertenbeauftragter.de/DE/AS/schwerpunkte/wohnen/wohnen-node.html              ,63.100290697674424,5.646460852713178,35.19428294573643,42.54464285714286,9.683898757763975,46.29503105590062
behindertenbeauftragter,15,https://www.behindertenbeauftragter.de/DE/LS/rechtliches/allgemeines-gleichbehandlungsgesetz/allgemeines-gleichbehandlungsgesetz.html,https://www.behindertenbeauftragter.de/DE/AS/rechtliches/allgemeines-gleichbehandlungsgesetz/allgemeines-gleichbehandlungsgesetz-node.html              ,41.4407729850943,8.630877272127687,42.66726025590292,31.46587070471756,11.01474839836925,52.872743156668605
behindertenbeauftragter,16,https://www.behindertenbeauftragter.de/DE/LS/schwerpunkte/teilhabe-am-arbeitsleben/teilhabe-am-arbeitsleben.html,https://www.behindertenbeauftragter.de/DE/AS/schwerpunkte/teilhabe-am-arbeitsleben/teilhabe-am-arbeitsleben-node.html              ,63.36515222482436,6.313731091334895,37.345620608899296,17.939319433516914,14.016582376081827,65.21616837136114
behindertenbeauftragter,17,https://www.behindertenbeauftragter.de/DE/LS/presse-und-aktuelles/kontakt-und-medienbereich/pressefotos/pressefotos.html,https://www.behindertenbeauftragter.de/DE/AS/presse-und-aktuelles/medienbereich/pressefotos/pressefotos-node.html              ,-79.34,26.752066666666664,124.33333333333334,-81.5,27.30809572649573,127.57264957264957
behindertenbeauftragter,18,https://www.behindertenbeauftragter.de/SharedDocs/DerBeauftragteAktuell/DE/LS/2026/20260128_T4_Ankuendigung.html,https://www.behindertenbeauftragter.de/SharedDocs/DerBeauftragteAktuell/DE/AS/2026/20260128_T4_Ankuendigung.html              ,54.228272187174625,8.06756681570405,41.678477368775646,43.496214194490065,10.053207370917715,50.99762817004196
behindertenbeauftragter,19,https://www.behindertenbeauftragter.de/DE/LS/kultur-im-kleisthaus/kultur-im-kleisthaus-teaser.html,https://www.behindertenbeauftragter.de/DE/AS/kultur-im-kleisthaus/kultur-im-kleisthaus-node.html              ,50.750000000000014,6.663318518518518,38.62962962962963,30.847527472527474,11.354639438339438,57.08302808302808
behindertenbeauftragter,20,https://www.behindertenbeauftragter.de/SharedDocs/Pressemitteilungen/DE/LS/LS_2022/PM04_Ukraine.html,https://www.behindertenbeauftragter.de/SharedDocs/Pressemitteilungen/DE/AS/2022/PM04_Gefl%C3%BCchtete_Ukraine.html              ,54.784233947870305,7.923472778130961,43.638631065903795,25.259227614490783,12.517947095010252,59.42617908407382
behindertenbeauftragter,21,https://www.behindertenbeauftragter.de/DE/LS/kultur-im-kleisthaus/salon-im-kleisthaus/gaeste/_documents/Helga-Schubert_inhalt.html,https://www.behindertenbeauftragter.de/DE/AS/kultur-im-kleisthaus/salon-im-kleisthaus/gaeste/_documents/Helga-Schubert_inhalt.html              ,72.18685483870969,5.159551419354838,35.726451612903226,45.09465317919074,9.54434161849711,51.68280346820809
behindertenbeauftragter,22,https://www.behindertenbeauftragter.de/DE/LS/kultur-im-kleisthaus/salon-im-kleisthaus/gaeste/_documents/Roth-und-Levit_inhalt.html,https://www.behindertenbeauftragter.de/DE/AS/kultur-im-kleisthaus/salon-im-kleisthaus/gaeste/_documents/Roth-und-Levit_inhalt.html              ,62.102721685689204,7.591604784899035,42.02414398595259,37.53060344827588,9.925591724137933,53.80344827586207
behindertenbeauftragter,23,https://www.behindertenbeauftragter.de/DE/LS/presse-und-aktuelles/veranstaltungen/sonderseiten/BRKKonferenz/2024_brk-konferenz.html,https://www.behindertenbeauftragter.de/DE/AS/presse-und-aktuelles/veranstaltungen/sonderseiten/BRKKonferenz/2024_brk-konferenz.html              ,49.569301712779975,8.661927536231884,45.895915678524375,28.266763848396494,11.280292128279884,57.73615160349854
behindertenbeauftragter,24,https://www.behindertenbeauftragter.de/DE/LS/presse-und-aktuelles/veranstaltungen/sonderseiten/bts/Ankuendigung_bts-ls.html,https://www.behindertenbeauftragter.de/DE/AS/presse-und-aktuelles/veranstaltungen/sonderseiten/bts/Ankuendigung_bts.html              ,47.602602108036905,7.669266271409748,42.952733860342555,16.02667814113596,13.60331170395869,67.08777969018934
behindertenbeauftragter,25,https://www.behindertenbeauftragter.de/DE/LS/presse-und-aktuelles/veranstaltungen/sonderseiten/gesundheitsversorgung/ankuendigung.html,https://www.behindertenbeauftragter.de/DE/AS/presse-und-aktuelles/veranstaltungen/sonderseiten/gesundheitsversorgung/ankuendigung.html              ,53.90470027247956,7.156539564032698,38.87527247956403,27.2508541718247,11.18092615994058,53.227482050012384
behindertenbeauftragter,26,https://www.behindertenbeauftragter.de/DE/LS/presse-und-aktuelles/publikationen/publikationen.html,https://www.behindertenbeauftragter.de/DE/AS/presse-und-aktuelles/publikationen-und-erklaerungen/publikationen-und-erklaerungen-node.html              ,31.851976284584964,11.345534545454546,56.12826086956522,3.5961538461538396,15.506518995290424,74.7967032967033
behindertenbeauftragter,27,https://www.behindertenbeauftragter.de/DE/LS/der-beauftragte/der-beauftragte.html,https://www.behindertenbeauftragter.de/DE/AS/der-beauftragte/der-beauftragte-node.html              ,47.00980392156865,5.945996078431374,29.196078431372552,38.382876712328766,10.717215890410959,54.326027397260276
behindertenbeauftragter,28,https://www.behindertenbeauftragter.de/DE/LS/presse-und-aktuelles/kontakt-und-medienbereich/kontakt-und-medienbereich.html,https://www.behindertenbeauftragter.de/DE/AS/presse-und-aktuelles/medienbereich/medienbereich-node.html              ,41.04742547425474,8.51398753387534,43.25745257452574,9.915178571428555,14.020914285714285,61.535714285714285
behindertenbeauftragter,29,https://www.behindertenbeauftragter.de/DE/LS/der-beauftragte/behindertenbeauftragte-in-bundeslaendern/behindertenbeauftragte-in-bundeslaendern.html,https://www.behindertenbeauftragter.de/DE/AS/der-beauftragte/behindertenbeauftragte-in-bundeslaendern/behindertenbeauftragte-in-bundeslaendern-node.html              ,-58.31562499999998,26.387125,133.125,9.992473118279577,13.33284946236559,63.897849462365585
behindertenbeauftragter,30,https://www.behindertenbeauftragter.de/DE/LS/kultur-im-kleisthaus/salon-im-kleisthaus/gaeste/_documents/Johann-Koenig_inhalt.html,https://www.behindertenbeauftragter.de/DE/AS/kultur-im-kleisthaus/salon-im-kleisthaus/gaeste/_documents/Johann-Koenig_inhalt.html              ,81.98521383075523,2.7834060054595087,25.35236578707916,55.027450980392175,7.754960784313726,43.57843137254902
behindertenbeauftragter,31,https://www.behindertenbeauftragter.de/DE/LS/schwerpunkte/gesundheit/gesundheit.html,https://www.behindertenbeauftragter.de/DE/AS/schwerpunkte/gesundheit/gesundheit-node.html              ,55.71018416784388,7.983908470674411,41.60299272746298,33.65979452054793,11.344686465753423,54.84876712328767
behindertenbeauftragter,32,https://www.behindertenbeauftragter.de/DE/LS/der-beauftragte/lebenslauf/lebenslauf.html,https://www.behindertenbeauftragter.de/DE/AS/der-beauftragte/lebenslauf/lebenslauf-node.html              ,47.42053508150249,9.102929907866761,44.40326009922041,2.858139534883719,18.055669767441863,88.11627906976744
behindertenbeauftragter,33,https://www.behindertenbeauftragter.de/DE/LS/kultur-im-kleisthaus/teilhabe-an-kunst-und-kultur/teilhabe-an-kunst-und-kultur.html,https://www.behindertenbeauftragter.de/DE/AS/kultur-im-kleisthaus/teilhabe-an-kunst-und-kultur/teilhabe-an-kunst-und-kultur-node.html              ,55.07552083333334,7.020914583333333,39.833333333333336,29.908108108108124,11.624797957957956,58.53633633633633
behindertenbeauftragter,34,https://www.behindertenbeauftragter.de/DE/LS/presse-und-aktuelles/veranstaltungen/sonderseiten/bildung/ankuendigung.html,https://www.behindertenbeauftragter.de/DE/AS/presse-und-aktuelles/veranstaltungen/sonderseiten/bildung/ankuendigung.html              ,51.4760317541092,7.930738781741386,41.7001170423897,9.112547288776767,15.84046515342581,76.78772593526692
behindertenbeauftragter,35,https://www.behindertenbeauftragter.de/DE/LS/kultur-im-kleisthaus/salon-im-kleisthaus/salon-im-kleisthaus.html,https://www.behindertenbeauftragter.de/DE/AS/kultur-im-kleisthaus/salon-im-kleisthaus/salon-im-kleisthaus-node.html              ,55.08333333333334,8.333781481481484,43.25925925925926,32.06370772946859,12.55695241545894,59.57487922705314
behindertenbeauftragter,36,https://www.behindertenbeauftragter.de/DE/LS/presse-und-aktuelles/veranstaltungen/sonderseiten/T4/ankuendigung-ls.html,https://www.behindertenbeauftragter.de/DE/AS/presse-und-aktuelles/veranstaltungen/sonderseiten/T4/ankuendigung-as.html              ,57.34555141936606,6.954745785440613,39.007358063392545,35.324616228070184,10.871168903508773,54.97061403508772
behindertenbeauftragter,37,https://www.behindertenbeauftragter.de/SharedDocs/Pressemitteilungen/DE/LS/LS_2021/PM21_Geburtstag-Schlichtungsstelle.html,https://www.behindertenbeauftragter.de/SharedDocs/Pressemitteilungen/DE/AS/2021/PM21_Schlichtungsstelle_Geburtstag.html              ,55.67475806451614,7.85998152688172,41.64043010752688,38.01514575411913,11.030071432192651,54.795690747782004
behindertenbeauftragter,38,https://www.behindertenbeauftragter.de/DE/LS/rechtliches/sozialgesetzbuch-und-bundesteilhabegesetz/sozialgesetzbuch-und-bundesteilhabegesetz.html,https://www.behindertenbeauftragter.de/DE/AS/rechtliches/sozialgesetzbuch-und-bundesteilhabegesetz/sozialgesetzbuch-und-bundesteilhabegesetz-node.html              ,44.368120456905515,8.775781723779854,44.28764278296988,39.565449010654476,9.559638660578386,50.012176560121766
behindertenbeauftragter,39,https://www.behindertenbeauftragter.de/DE/LS/schwerpunkte/barrierefreiheit/barrierefreiheit.html,https://www.behindertenbeauftragter.de/DE/AS/schwerpunkte/barrierefreiheit/barrierefreiheit-node.html              ,47.766786802248234,8.97680987686103,46.159909040202514,24.122874628994765,12.507174189540532,58.35006787382372
behindertenbeauftragter,40,https://www.behindertenbeauftragter.de/DE/LS/kultur-im-kleisthaus/salon-im-kleisthaus/gaeste/_documents/wedel-und-caglar_inhalt.html,https://www.behindertenbeauftragter.de/DE/AS/kultur-im-kleisthaus/salon-im-kleisthaus/gaeste/_documents/wedel-und-caglar_inhalt.html              ,65.18654485049835,6.1708768106312295,35.011960132890366,44.25501030155459,9.93352953736655,50.02079041018918
behindertenbeauftragter,41,https://www.behindertenbeauftragter.de/DE/LS/presse-und-aktuelles/kontakt-und-medienbereich/kontakt-und-medienbereich-teaser.html,https://www.behindertenbeauftragter.de/DE/AS/presse-und-aktuelles/medienbereich/medienbereich-node.html              ,41.95853658536586,8.045308292682927,39.90731707317073,9.915178571428555,14.020914285714285,61.535714285714285
behindertenbeauftragter,42,https://www.behindertenbeauftragter.de/DE/LS/der-beauftragte/dienstsitz/dienstsitz.html,https://www.behindertenbeauftragter.de/DE/AS/der-beauftragte/dienstsitz/dienstsitz-node.html              ,67.60407407407408,6.425328032921811,38.93810699588477,38.24708696185452,11.312120520053966,56.131240034343186
behindertenbeauftragter,43,https://www.behindertenbeauftragter.de/DE/LS/service/barrierefreiheit/barrierefreiheit.html,https://www.behindertenbeauftragter.de/DE/AS/service/barrierefreiheit/barrierefreiheit_node.html              ,52.43447166100482,8.10403050241373,41.59136420525657,29.631818181818176,12.084444444444443,55.16414141414141
behindertenbeauftragter,44,https://www.behindertenbeauftragter.de/SharedDocs/DerBeauftragteAktuell/DE/LS/2025/20250129_T4_Ankuendigung.html,https://www.behindertenbeauftragter.de/SharedDocs/DerBeauftragteAktuell/DE/AS/2025/20250129_T4_Ankuendigung.html              ,57.81648418491484,7.2696298296837,39.97274939172749,44.83353627600202,9.35677574835109,49.1349568746829
behindertenbeauftragter,45,https://www.behindertenbeauftragter.de/DE/LS/schwerpunkte/kinder-und-jugendliche-mit-behinderungen/kinder-und-jugendliche-mit-behinderungen.html,https://www.behindertenbeauftragter.de/DE/AS/schwerpunkte/kinder-und-jugendliche-mit-behinderungen/kinder-und-jugendliche-mit-behinderungen-node.html              ,55.10929951690821,7.40962657004831,37.7584541062802,30.704390243902452,11.472086739212008,55.466341463414636
behindertenbeauftragter,46,https://www.behindertenbeauftragter.de/DE/LS/der-beauftragte/behindertenbeauftragte-in-bundeslaendern/behindertenbeauftragte-in-bundeslaendern-teaser.html,https://www.behindertenbeauftragter.de/DE/AS/der-beauftragte/behindertenbeauftragte-in-bundeslaendern/behindertenbeauftragte-in-bundeslaendern-node.html              ,-58.31562499999998,26.387125,133.125,9.992473118279577,13.33284946236559,63.897849462365585
behindertenbeauftragter,47,https://www.behindertenbeauftragter.de/DE/LS/schwerpunkte/umsetzung-bundesteilhabegesetz/umsetzung-bundesteilhabegesetz.html,https://www.behindertenbeauftragter.de/DE/AS/schwerpunkte/umsetzung-bundesteilhabegesetz/umsetzung-bundesteilhabegesetz-node.html              ,43.490909090909085,9.785872727272729,46.27272727272727,9.954300713420395,14.993037851662404,66.87050747072284
behindertenbeauftragter,48,https://www.behindertenbeauftragter.de/SharedDocs/DerBeauftragteAktuell/DE/LS/2023/20230616_Digitaltag_LS.html,https://www.behindertenbeauftragter.de/SharedDocs/DerBeauftragteAktuell/DE/AS/2023/20230616_Digitaltag.html              ,57.05105882352942,7.346811764705883,38.55294117647059,36.96747967479675,10.80047317073171,49.4390243902439
behindertenbeauftragter,49,https://www.behindertenbeauftragter.de/DE/LS/rechtliches/schwerbehinderung/schwerbehinderung.html,https://www.behindertenbeauftragter.de/DE/AS/rechtliches/schwerbehinderung/schwerbehinderung-node.html              ,56.9563096720631,8.1679598173516,42.75259443752594,44.62434288166506,9.93420903336552,48.65808389657762
behindertenbeauftragter,50,https://www.behindertenbeauftragter.de/DE/LS/kultur-im-kleisthaus/salon-im-kleisthaus/gaeste/_documents/Felix-Klieser_inhalt.html,https://www.behindertenbeauftragter.de/DE/AS/kultur-im-kleisthaus/salon-im-kleisthaus/gaeste/_documents/Felix-Klieser_inhalt.html              ,74.48750000000001,5.837173333333334,40.53333333333334,57.85288461538461,7.902407692307692,42.88461538461539
brandeins,0,,,90.99964071856286,1.3612971976047907,21.65005988023952,73.95656871218671,6.100814520311149,42.905790838375104
brandeins,1,,,72.19620603710882,4.938678427028523,27.845195236776515,21.59615384615384,12.947882570593963,57.72346640701071
brandeins,2,,,80.20137931034483,2.0980191570881237,21.536398467432953,47.36999999999999,9.69871111111111,51.19444444444444
brandeins,3,,,80.86961206896552,3.3434401477832516,30.045566502463057,36.69364044027719,12.443523766816142,60.631471667346105
brandeins,4,,,87.83699633699635,1.7296151591997742,21.65708650324035,38.06547619047619,12.831483333333333,62.11904761904762
brandeins,5,,,76.90034090909091,4.522656181818181,28.63090909090909,29.42500000000001,12.814444444444446,66.11111111111111
brandeins,6,,,77.82898049087476,3.052716928886092,23.966173694147265,24.757763975155285,12.639538578329882,57.29779158040027
brandeins,7,,,68.36976320582879,6.06884553734062,34.100182149362475,55.363636363636374,8.034557575757576,46.803030303030305
brandeins,8,,,71.87551652892562,4.660193801652893,30.702995867768596,5.525717703349272,16.826114354066988,74.45035885167465
brandeins,9,,,90.28299614643545,1.9127188824662817,22.23723506743738,34.122017723244724,11.160110293115203,54.30743012951602
brandeins,10,,,78.27580208735986,5.082763277928103,36.297062234248166,29.160345789180155,12.97180245398773,60.21695482431679
brandeins,11,,,79.51032078103208,4.660876039051605,35.16331938633194,56.77244582043343,8.214376883384933,44.552115583075334
brandeins,12,,,76.26609657947687,3.399167806841046,24.508551307847082,38.23771929824562,12.01559649122807,56.885964912280706
brandeins,13,,,74.12386156648452,3.967424772313297,24.81056466302368,42.67314335060449,10.206361312607944,50.28022452504318
brandeins,14,,,86.46441988950276,2.564975513812156,25.472044198895027,46.75240963855423,9.985520000000001,52.744578313253015
brandeins,15,,,72.41199442119944,3.72849110181311,27.63193863319386,41.30339539978095,10.851968674698796,58.78094194961665
brandeins,16,,,72.65607310367137,5.9323613456251,35.992398512049164,40.50243902439024,11.870356097560975,59.03658536585366
brandeins,17,,,78.01111111111112,2.6996903703703703,26.61851851851852,29.424050632911403,13.409273417721518,76.20886075949366
stuttgart,0,https://www.stuttgart.de/leben/gesundheit/vorsorge/suchtpraevention?sp%3Aout=easy,https://www.stuttgart.de/leben/gesundheit/vorsorge/suchtpraevention,44.0454887218045,9.778796992481203,46.34398496240601,19.04881756756754,14.454205270270274,62.43513513513514
stuttgart,1,https://www.stuttgart.de/organigramm/leistungen/wohnsitz-anmelden-als-hauptwohnsitz?sp%3Aout=easy,https://www.stuttgart.de/organigramm/leistungen/wohnsitz-anmelden-als-hauptwohnsitz,59.706585023087726,7.482002556380914,39.2206049655357,21.374222859194333,13.449914081705922,59.532149837876034
stuttgart,2,https://www.stuttgart.de/organigramm/leistungen/reisepass-beantragen-erstmalig-oder-nach-ablauf?sp%3Aout=easy,https://www.stuttgart.de/organigramm/leistungen/reisepass-beantragen-erstmalig-oder-nach-ablauf,55.91937411095306,8.14004864864865,41.30440967283073,21.139693171996527,13.60990509939499,59.879501584557765
stuttgart,3,https://www.stuttgart.de/organigramm/leistungen/ehefaehigkeitszeugnis-ausstellung-beantragen?sp%3Aout=easy,https://www.stuttgart.de/organigramm/leistungen/ehefaehigkeitszeugnis-ausstellung-beantragen,50.00097676545161,9.298070086038491,46.27295398811256,15.469667318982403,14.761394334888855,66.79040594109087
stuttgart,4,https://www.stuttgart.de/organigramm/leistungen/wohnsitz-ummelden-innerhalb-von-stuttgart?sp%3Aout=easy,https://www.stuttgart.de/organigramm/leistungen/wohnsitz-ummelden-innerhalb-von-stuttgart,56.91379310344827,7.834193358876117,39.90676883780332,20.273631144097465,13.671032637819167,60.24277645521168
stuttgart,5,https://www.stuttgart.de/organigramm/leistungen/eingliederungshilfe-fuer-menschen-mit-behinderung?sp%3Aout=easy,https://www.stuttgart.de/organigramm/leistungen/eingliederungshilfe-fuer-menschen-mit-behinderung,51.085265002190084,8.399853809899255,42.07833552343408,26.159638193362895,13.072171630525938,59.2476937821972
stuttgart,6,https://www.stuttgart.de/leben/soziales/sozialplanung/?sp%3Aout=easy,https://www.stuttgart.de/leben/soziales/sozialplanung/,34.92945544554456,11.79593300330033,57.509488448844884,18.220383017812907,14.594202052879622,65.11302819714035
stuttgart,7,https://www.stuttgart.de/leben/gesundheit/gesundheitsberatung/?sp%3Aout=easy,https://www.stuttgart.de/leben/gesundheit/gesundheitsberatung/,26.553521126760586,13.323535774647887,59.27042253521127,5.726809954751133,16.759587179487184,69.61387631975867
stuttgart,8,https://www.stuttgart.de/buergerinnen-und-buerger/senioren/buergerservice-leben-im-alter?sp%3Aout=easy,https://www.stuttgart.de/buergerinnen-und-buerger/senioren/buergerservice-leben-im-alter,55.56373480243161,7.146061474164135,38.85267857142857,23.97421698225557,13.887323139216386,64.83768012385376
stuttgart,9,https://www.stuttgart.de/leben/sport/sportprogramme/bewegt-und-aktiv?sp%3Aout=easy,https://www.stuttgart.de/leben/sport/sportprogramme/bewegt-und-aktiv,65.44409839877747,6.651979117666601,37.72280911567338,34.268421052631595,12.751722339181288,59.43918128654971
stuttgart,10,https://www.stuttgart.de/buergerinnen-und-buerger/menschen-mit-behinderung/die-beauftragte-fuer-menschen-mit-behinderung/inklusion-teilhabe?sp%3Aout=easy,https://www.stuttgart.de/buergerinnen-und-buerger/menschen-mit-behinderung/die-beauftragte-fuer-menschen-mit-behinderung/inklusion-teilhabe,54.903878942881505,7.825472084872596,41.660533295443784,32.10869191049912,12.4627091222031,58.917814113597245
stuttgart,11,https://www.stuttgart.de/organigramm/leistungen/reisepass-beantragen-vorlaeufig?sp%3Aout=easy,https://www.stuttgart.de/organigramm/leistungen/reisepass-beantragen-vorlaeufig,44.442850862732186,10.529529816463349,49.870205517089786,19.969866071428555,13.886778443877553,61.089285714285715
stuttgart,12,https://www.stuttgart.de/leben/soziales/beratung-und-hilfe/rechtliche-betreuung/?sp%3Aout=easy,https://www.stuttgart.de/leben/soziales/beratung-und-hilfe/rechtliche-betreuung/,48.56874645758549,8.752486604949935,41.869544681655015,15.09630225080386,14.536728488745982,61.20916398713827
stuttgart,13,https://www.stuttgart.de/organigramm/leistungen/eheschliessung-anmelden?sp%3Aout=easy,https://www.stuttgart.de/organigramm/leistungen/eheschliessung-anmelden,57.455383714689944,8.678948285114895,44.73557105917939,21.742370326630834,14.16704437331013,64.09858750038848
stuttgart,14,https://www.stuttgart.de/leben/wohnen/foerderung-und-wohnungshilfe/sozialmietwohnungen?sp%3Aout=easy,https://www.stuttgart.de/leben/wohnen/foerderung-und-wohnungshilfe/sozialmietwohnungen,54.49832754678634,7.540511169447033,40.54212888474892,32.84571428571431,11.611007285714285,52.72571428571428
stuttgart,15,https://www.stuttgart.de/leben/gesundheit/vorsorge/?sp%3Aout=easy,https://www.stuttgart.de/leben/gesundheit/vorsorge/,56.761637931034485,8.851629310344828,44.92456896551724,30.72727272727272,12.923745454545452,56.45454545454545
stuttgart,16,https://www.stuttgart.de/buergerinnen-und-buerger/menschen-mit-behinderung/die-beauftragte-fuer-menschen-mit-behinderung?sp%3Aout=easy,https://www.stuttgart.de/buergerinnen-und-buerger/menschen-mit-behinderung/die-beauftragte-fuer-menschen-mit-behinderung,48.80087412587413,10.018320512820512,51.63170163170163,22.46041712164228,15.208384232365145,72.04891897794278
stuttgart,17,https://www.stuttgart.de/buergerinnen-und-buerger/senioren/gesund-aelter-werden?sp%3Aout=easy,https://www.stuttgart.de/buergerinnen-und-buerger/senioren/gesund-aelter-werden,57.1085088691796,7.0425209534368065,39.2039911308204,31.1004608294931,11.97206285714286,57.7705069124424
stuttgart,18,https://www.stuttgart.de/leben/soziales/beratung-und-hilfe/?sp%3Aout=easy,https://www.stuttgart.de/leben/soziales/beratung-und-hilfe/,47.030811847432346,9.212732469635625,45.31821862348178,26.977215479734355,12.58667103274559,58.221776963590564
stuttgart,19,https://www.stuttgart.de/leben/wohnen/foerderung-und-wohnungshilfe/seniorenmietwohnungen?sp%3Aout=easy,https://www.stuttgart.de/leben/wohnen/foerderung-und-wohnungshilfe/seniorenmietwohnungen,56.377119628339145,7.190068524970965,37.566782810685254,24.62951807228916,13.172472289156628,60.50903614457831
stuttgart,20,https://www.stuttgart.de/leben/soziales/generationenhaus?sp%3Aout=easy,https://www.stuttgart.de/leben/soziales/generationenhaus,36.067368421052635,9.254101991902836,46.7221052631579,18.005816554809854,13.119894586129755,65.50425055928412
stuttgart,21,https://www.stuttgart.de/buergerinnen-und-buerger/menschen-mit-behinderung/politik-von-menschen-mit-behinderung/beirat-inklusion?sp%3Aout=easy,https://www.stuttgart.de/buergerinnen-und-buerger/menschen-mit-behinderung/politik-von-menschen-mit-behinderung/beirat-inklusion,38.78571428571429,11.804331746031746,55.26984126984127,23.40255102040817,14.41069142857143,65.51836734693877
stuttgart,22,https://www.stuttgart.de/organigramm/leistungen/lebenspartnerschaft-umwandlung-in-eine-ehe-beantragen?sp%3Aout=easy,https://www.stuttgart.de/organigramm/leistungen/lebenspartnerschaft-umwandlung-in-eine-ehe-beantragen,49.5499412455934,8.859769630500066,46.21334377856117,16.296364231903055,14.355516737635114,64.90828693088766
stuttgart,23,https://www.stuttgart.de/leben/soziales/soziale-leistungen/?sp%3Aout=easy,https://www.stuttgart.de/leben/soziales/soziale-leistungen/,52.03823529411764,8.65078021116139,44.38333333333334,-2.227908902691496,19.825930020703936,84.25051759834369
stuttgart,24,https://www.stuttgart.de/leben/arbeit/arbeitsuchende/hilfe-beim-wiedereinstieg?sp%3Aout=easy,https://www.stuttgart.de/leben/arbeit/arbeitsuchende/hilfe-beim-wiedereinstieg,49.67950595125639,8.531616351785377,42.344228225958815,18.737244630696694,13.677459926663174,61.898899947616556
stuttgart,25,https://www.stuttgart.de/organigramm/leistungen/personalausweis-beantragen-erstmalig-oder-nach-ablauf?sp%3Aout=easy,https://www.stuttgart.de/organigramm/leistungen/personalausweis-beantragen-erstmalig-oder-nach-ablauf,43.844130571249224,8.66453560717026,42.31307107484132,19.935627705627695,13.546624761904763,59.580086580086586
stuttgart,26,https://www.stuttgart.de/buergerinnen-und-buerger/chancengleichheit/hilfe-bei-gewalt/gewalt-in-haeuslicher-pflege?sp%3Aout=easy,https://www.stuttgart.de/buergerinnen-und-buerger/chancengleichheit/hilfe-bei-gewalt/gewalt-in-haeuslicher-pflege,69.31391596752827,5.899536095920656,34.71013212866411,37.63636363636364,10.962032323232325,51.85353535353536
stuttgart,27,https://www.stuttgart.de/buergerinnen-und-buerger/menschen-mit-behinderung/beratungsangebote-fuer-menschen-mit-behinderung/?sp%3Aout=easy,https://www.stuttgart.de/buergerinnen-und-buerger/menschen-mit-behinderung/beratungsangebote-fuer-menschen-mit-behinderung/,46.160135841170316,9.703217206548242,47.6151166840822,18.393358974641558,14.712198038329714,65.94131520074058
stuttgart,28,https://www.stuttgart.de/buergerinnen-und-buerger/heiraten/eheschliessung?sp%3Aout=easy,https://www.stuttgart.de/buergerinnen-und-buerger/heiraten/eheschliessung,57.65005727376861,8.775910423825888,44.79839633447881,15.931187766714089,14.693572522522523,67.15552394499763
stuttgart,29,https://www.stuttgart.de/organigramm/leistungen/schwerbehinderten-ausweis-beantragen?sp%3Aout=easy,https://www.stuttgart.de/organigramm/leistungen/schwerbehinderten-ausweis-beantragen,56.580443801254205,7.358088725518572,40.18294259527255,27.833333333333343,12.703101424501426,56.3048433048433
stuttgart,30,https://www.stuttgart.de/service/behoerdennummer-115/?sp%3Aout=easy,https://www.stuttgart.de/service/behoerdennummer-115/,64.03324099722992,6.014147922437672,35.815789473684205,46.9157004830918,8.81996618357488,44.95169082125604
stuttgart,31,https://www.stuttgart.de/buergerinnen-und-buerger/menschen-mit-behinderung/politik-von-menschen-mit-behinderung/?sp%3Aout=easy,https://www.stuttgart.de/buergerinnen-und-buerger/menschen-mit-behinderung/politik-von-menschen-mit-behinderung/,53.15215946843854,8.727397696567,45.1656699889258,30.437052311699603,12.976379466029956,60.22161927501628
stuttgart,32,https://www.stuttgart.de/buergerinnen-und-buerger/senioren/beratung-und-angebote?sp%3Aout=easy,https://www.stuttgart.de/buergerinnen-und-buerger/senioren/beratung-und-angebote,59.4469814241486,7.643912074303406,40.52012383900929,16.38257575757575,14.706351515151514,72.51515151515152
stuttgart,33,https://www.stuttgart.de/leben/gesundheit/vorsorge/impfungen?sp%3Aout=easy,https://www.stuttgart.de/leben/gesundheit/vorsorge/impfungen,59.79312255731203,7.469155188706761,41.28825176456863,37.71357294650282,11.643073247302556,55.1858593324915
stuttgart,34,https://www.stuttgart.de/leben/gesundheit/infektionsschutz/?sp%3Aout=easy,https://www.stuttgart.de/leben/gesundheit/infektionsschutz/,48.731538461538435,9.377797435897435,47.205128205128204,-8.253694581280797,18.480424630541872,78.30541871921183
stuttgart,35,https://www.stuttgart.de/leben/gesundheit/umweltmedizin/?sp%3Aout=easy,https://www.stuttgart.de/leben/gesundheit/umweltmedizin/,50.23926597115425,9.989577214348062,50.346273743713375,5.843390804597703,16.30296436781609,69.33333333333333
stuttgart,36,https://www.stuttgart.de/organigramm/leistungen/ehenamen-bestimmen?sp%3Aout=easy,https://www.stuttgart.de/organigramm/leistungen/ehenamen-bestimmen,50.08460997538802,10.048534421618362,46.18860816716058,19.127547939000436,14.334564487392424,64.51351351351352
stuttgart,37,https://www.stuttgart.de/buergerinnen-und-buerger/menschen-mit-behinderung/wege-in-die-arbeit/?sp%3Aout=easy,https://www.stuttgart.de/buergerinnen-und-buerger/menschen-mit-behinderung/wege-in-die-arbeit/,44.09674035865321,9.86788690558005,48.765482910305806,28.965012008843075,12.754545352362854,59.66795668221688
stuttgart,38,https://www.stuttgart.de/organigramm/leistungen/wohnberechtigungsschein-beantragen?sp%3Aout=easy,https://www.stuttgart.de/organigramm/leistungen/wohnberechtigungsschein-beantragen,54.18615301724137,7.800347437739463,41.52825670498084,26.036625971143195,12.873505907016897,56.37742015045012
hamburg,0,https://www.hamburg.de/barrierefrei/leichte-sprache/polizei-feuerwehr/ls-starkregen-1019916,https://www.hamburg.de/politik-und-verwaltung/behoerden/bukea/themen/klima/starkregen-946792,70.17597494211846,5.032496338992861,32.84007814007332,38.252628040581826,10.394785008624318,50.37528691140719
hamburg,1,https://www.hamburg.de/barrierefrei/leichte-sprache/service-und-tipps/beratung-fuer-verbraucher-in-hamburg-575968,https://www.hamburg.de/politik-und-verwaltung/behoerden/bjv/themen/verbraucherschutz/kundenschutz/kontakt-beratung-88526,62.18656747607305,6.321347164291387,39.46328415597442,39.8135964912281,10.239357894736843,49.94736842105263
hamburg,2,https://www.hamburg.de/barrierefrei/leichte-sprache/gesundheit/pflege-stuetz-punkte-575966,https://www.hamburg.de/politik-und-verwaltung/behoerden/sozialbehoerde/themen/pflege/beratung/pflegestuetzpunkte/pflegestuetzpunkte-hamburg-85942,56.995872641509436,7.156250250589622,39.152564858490564,16.49916107382549,14.10087852348993,62.92030201342282
hamburg,3,https://www.hamburg.de/politik-und-verwaltung/behoerden/bwfg/einrichtungen/hamburgisches-krebsregister/infos-ueber-menschen-mit-krebs-sammeln-1030538,https://www.hamburg.de/politik-und-verwaltung/behoerden/bwfg/einrichtungen/hamburgisches-krebsregister/informationen-patienten-196606,57.8189493433396,7.166288336460287,39.23796122576611,18.06785714285715,14.748595238095238,66.66666666666666
hamburg,4,https://www.hamburg.de/barrierefrei/leichte-sprache/infos-fuer-menschen-mit-behinderung/ls-fahr-dienst-fuer-menschen-mit-behinderungenls--575940,https://www.hamburg.de/politik-und-verwaltung/behoerden/sozialbehoerde/themen/behinderung/mobilitaet/behindertenfahrten-43710,58.28461980463513,6.919978382174552,39.678669475834766,16.838909634055256,14.668535474234504,66.02128454070201
hamburg,5,https://www.hamburg.de/barrierefrei/leichte-sprache/politik/ls-der-senat-576194,https://www.hamburg.de/politik-und-verwaltung/senat/senat-236762,58.19272001994514,9.535462029419097,49.93293443031663,38.05625790139065,11.105147661188369,53.753476611883684
hamburg,6,https://www.hamburg.de/barrierefrei/leichte-sprache/service-und-tipps/ls-trinkwasser-ist-kostbar-1004728,https://www.hamburg.de/politik-und-verwaltung/behoerden/bukea/themen/wasser/grundwasser/wassersparen/wertvoll-unser-trinkwasser-176418,69.85607196401801,5.541626040825742,37.10811901741437,46.6820652173913,10.201477173913043,53.22826086956522
hamburg,7,https://www.hamburg.de/barrierefrei/leichte-sprache/bezirke/kindergesundheit-576382,https://www.hamburg.de/politik-und-verwaltung/bezirke/harburg/themen/gesundheit/kinder-jugend-gesundheitsdienst-64382,57.86289601041116,6.898539045914839,39.83805766806296,19.787424012158056,13.71531578209025,59.58276829553425
hamburg,8,https://www.hamburg.de/barrierefrei/leichte-sprache/soziales-hilfen/schoeffen-bei-gericht-575928,https://www.hamburg.de/politik-und-verwaltung/behoerden/bjv/services/schoeffen-215578,70.90988835725676,4.777478812415655,36.63464605569869,38.69325767690255,12.270257409879841,56.40720961281709
hamburg,9,https://www.hamburg.de/barrierefrei/leichte-sprache/soziales-hilfen/justiz-kasse-hamburg-575932,https://www.hamburg.de/politik-und-verwaltung/behoerden/bjv/services/justizkasse-215516,61.18315508021389,7.822066666666668,43.58645276292335,24.975535168195734,14.066503363914373,63.12079510703364
hamburg,10,https://www.hamburg.de/barrierefrei/leichte-sprache/service-und-tipps/ls-tipps-bei-duerre-1057882,https://www.hamburg.de/politik-und-verwaltung/behoerden/bukea/themen/klima/duerre-946800,74.76789086836014,4.284507939596603,31.865065284397968,55.083516483516476,8.344452975172976,44.435002035002036
hamburg,11,https://www.hamburg.de/barrierefrei/leichte-sprache/soziales-hilfen/informationen-fuer-besucher-575936,https://www.hamburg.de/politik-und-verwaltung/behoerden/bjv/themen/justizvollzug/justizvollzugsanstalten/jva-fuhlsbuettel/informationen-und-kontakt-214904,71.94298043728425,4.769189873417722,31.762082853855006,33.58805248618785,11.161698618784532,52.19647790055249
hamburg,12,https://www.hamburg.de/barrierefrei/leichte-sprache/freizeit/landungsbruecken-575858,https://www.hamburg.de/tourismus/sehenswuerdigkeiten/landungsbruecken-artikel-298738,74.88669950738917,3.9649978653530384,28.688013136289,46.97152768237393,10.535504794614646,54.16293446902047
hamburg,13,https://www.hamburg.de/barrierefrei/leichte-sprache/bezirke/pflege-stuetz-punkt-mitte-575910,https://www.hamburg.de/politik-und-verwaltung/bezirke/mitte/themen/gesundheit/pflegestuetzpunkt-67526,58.79841269841269,7.280818977072311,40.429982363315695,35.28798449612404,11.907503875968992,56.986434108527135
hamburg,14,https://www.hamburg.de/barrierefrei/leichte-sprache/gesundheit/der-arzt-ruf-in-hamburg-575964,https://www.hamburg.de/politik-und-verwaltung/behoerden/sozialbehoerde/themen/gesundheit/arztruf-hamburg-32384,69.88766404199475,5.037372073490814,33.40104986876641,38.43229813664597,11.835335403726708,56.42857142857143
hamburg,15,https://www.hamburg.de/barrierefrei/leichte-sprache/freizeit/ausfluege-575864,https://www.hamburg.de/freizeit/ausfluege/in-hamburg/ausfluege-in-hamburg-368184,58.452461799660455,5.0130186379928325,30.040369741558195,50.52835671465027,10.122352438860604,53.091693832948735
hamburg,16,https://www.hamburg.de/barrierefrei/leichte-sprache/bezirke/beratung-fuer-menschen-mit-koerper-behinderungen-575916,https://www.hamburg.de/politik-und-verwaltung/bezirke/mitte/themen/gesundheit/behinderung/beratungsstelle-fuer-koerperbehinderte-67506,59.95726495726497,6.792889283366208,39.76364234056542,24.084863412449636,14.56444236453202,63.28213166144201
hamburg,17,https://www.hamburg.de/barrierefrei/leichte-sprache/bezirke/soziale-integration-576388,https://www.hamburg.de/politik-und-verwaltung/bezirke/harburg/themen/soziales/integration/harburger-integrationskonzept-64842,54.60307017543862,7.690867881241568,44.29976383265857,19.404761904761926,13.945490476190477,61.261904761904766
hamburg,18,https://www.hamburg.de/barrierefrei/leichte-sprache/bezirke/integrationsrat-576384,https://www.hamburg.de/politik-und-verwaltung/bezirke/harburg/themen/soziales/integration/harburger-integrationsrat-64780,50.229369234604846,8.638865170780356,47.838693592620295,31.590196078431404,12.104386184012068,56.362292609351435
hamburg,19,https://www.hamburg.de/barrierefrei/leichte-sprache/wohnen/laerm-schutz-nachbarschaft-576340,https://www.hamburg.de/politik-und-verwaltung/behoerden/bukea/themen/luft-laerm-elektromagnetische-felder/nachbarschaft-164004,68.80531400966184,4.5954048465857165,33.192335814074944,35.02253384912959,12.577074360627552,60.65978938319364
hamburg,20,https://www.hamburg.de/barrierefrei/leichte-sprache/polizei-feuerwehr/sturmflut-576274,https://www.hamburg.de/politik-und-verwaltung/behoerden/behoerde-fuer-inneres-und-sport/themen/katastrophenschutz/sturmflut-massnahmen-93280,71.45317120270353,4.734711125862451,32.52994186631263,27.247154471544718,13.46684875547217,72.68155096935584
hamburg,21,https://www.hamburg.de/barrierefrei/leichte-sprache/wohnen/wohn-raum-schutz-gesetz-hamburg-575876,https://www.hamburg.de/politik-und-verwaltung/behoerden/behoerde-fuer-stadtentwicklung-und-wohnen/themen/wohnen/wohnraumschutz/hmbwoschg-190974,58.429407114624496,7.369791272727275,40.159525691699606,29.9375,12.76422777777778,58.361111111111114
hamburg,22,https://www.hamburg.de/barrierefrei/leichte-sprache/infos-fuer-menschen-mit-behinderung/hintergrund-infos-575956,https://www.hamburg.de/politik-und-verwaltung/behoerden/sozialbehoerde/themen/behinderung/schlichtungsstelle-behinderung/infos-zum-gesetz-43316,46.82743221690589,8.478289696969696,48.861562998405105,9.090909090909093,16.22130909090909,73.81818181818181
hamburg,23,https://www.hamburg.de/barrierefrei/leichte-sprache/polizei-feuerwehr/sturmflut-infos-576268,https://www.hamburg.de/politik-und-verwaltung/behoerden/behoerde-fuer-inneres-und-sport/themen/katastrophenschutz/sturmflut-fragen-und-anworten-94034,79.11893959035518,4.7285148042520095,34.36038371791548,46.10704144423437,10.314693078819545,52.005725892123394
hamburg,24,https://www.hamburg.de/barrierefrei/leichte-sprache/infos-fuer-menschen-mit-behinderung/startseite-575952,https://www.hamburg.de/politik-und-verwaltung/behoerden/sozialbehoerde/themen/behinderung/schlichtungsstelle-behinderung/start-43312,66.0240404040404,5.387744529741864,37.58145903479237,45.245378151260525,9.711096038415366,49.10564225690276
hamburg,25,https://www.hamburg.de/barrierefrei/leichte-sprache/soziales-hilfen/besucher-jva-billwerder-575934,https://www.hamburg.de/politik-und-verwaltung/behoerden/bjv/themen/justizvollzug/justizvollzugsanstalten/jva-billwerder/informationen-und-kontakt-214876,71.72633772721801,4.812346824966896,31.276303117852414,5.715037593984931,15.091090827067667,65.93157894736842
hamburg,26,https://www.hamburg.de/barrierefrei/leichte-sprache/bezirke/draussen-sport-machen-in-harburg-575804,https://www.hamburg.de/politik-und-verwaltung/bezirke/harburg/themen/freizeit-kultur/sport/sport-64348,59.61673228346457,8.533642992125985,45.74547244094488,38.703125,11.308245833333334,54.458333333333336
hamburg,27,https://www.hamburg.de/barrierefrei/leichte-sprache/service-und-tipps/so-gehen-sie-gut-mit-lebensmitteln-um-575894,https://www.hamburg.de/politik-und-verwaltung/behoerden/bjv/themen/verbraucherschutz/lebensmittel/lebensmittelverschwendung-88828,72.292531779661,4.219750353107345,31.05225988700565,20.724667118032045,13.630634709997747,63.460167005190705
hamburg,28,https://www.hamburg.de/barrierefrei/leichte-sprache/gesundheit/hilfe-bei-demenz-575980,https://www.hamburg.de/politik-und-verwaltung/behoerden/sozialbehoerde/themen/pflege/demenz/allgemeine-informationen-86144,71.09216976264192,5.123049509803922,36.93356553147575,26.33177060178639,13.894840730711717,62.64913982405798
hamburg,29,https://www.hamburg.de/barrierefrei/leichte-sprache/service-und-tipps/ls-tipps-bei-hochwasser-1057898,https://www.hamburg.de/politik-und-verwaltung/behoerden/bukea/themen/klima/hochwasser-946796,65.05400143561407,6.555673349043827,38.52513678964191,40.402173913043484,10.626921327153681,51.25730155226955
hamburg,30,https://www.hamburg.de/barrierefrei/leichte-sprache/bezirke/buergersaal-wandsbek-575834,https://www.hamburg.de/politik-und-verwaltung/bezirke/wandsbek/ihr-bezirksamt/barrierefrei-75148,63.18769872813989,6.62227893481717,37.08426073131955,47.66975537435137,10.149118309859155,49.23869532987398
hamburg,31,https://www.hamburg.de/barrierefrei/leichte-sprache/freizeit/regeln-in-parks-575852,https://www.hamburg.de/politik-und-verwaltung/behoerden/bukea/park-knigge-282402,69.56679160419789,4.651764617691154,29.23538230884558,61.57339285714285,7.194816809523809,40.82095238095238
hamburg,32,https://www.hamburg.de/barrierefrei/leichte-sprache/freizeit/ls-naturschutzgebiete-575848,https://www.hamburg.de/politik-und-verwaltung/behoerden/bukea/naturschutz-knigge-282398,62.50190258751903,5.23021887366819,34.823439878234396,71.29328107502798,4.3394680851063825,33.21948488241881
hamburg,33,https://www.hamburg.de/barrierefrei/leichte-sprache/bezirke/schul-zahn-aerztlicher-dienst-575912,https://www.hamburg.de/politik-und-verwaltung/bezirke/bergedorf/themen/gesundheit/schulzahnarzt-56606,57.84724857685009,6.74774165085389,42.41081593927894,0.8622119815668441,16.266281474654377,71.93041474654378
hamburg,34,https://www.hamburg.de/barrierefrei/leichte-sprache/freizeit/der-hamburger-michel-576234,https://www.hamburg.de/tourismus/sehenswuerdigkeiten/michel-hamburg-306340,79.5801393728223,3.1943779326364696,28.297909407665507,55.84640710739484,8.23158949568853,45.63561536451529
hamburg,35,https://www.hamburg.de/barrierefrei/leichte-sprache/bezirke/pflege-stuetz-punkt-wandsbek-575918,https://www.hamburg.de/politik-und-verwaltung/bezirke/wandsbek/themen/soziales/pflegestuetzpunkt-77634,62.405677489570095,7.282275421730455,42.6178124433158,34.28382352941176,11.18754666666667,57.654901960784315
hamburg,36,https://www.hamburg.de/barrierefrei/leichte-sprache/soziales-hilfen/zurueck-ins-leben-nach-dem-gefaengnis-575930,https://www.hamburg.de/politik-und-verwaltung/behoerden/bjv/themen/justizvollzug/resozialisierung-214978,58.55469281342097,7.540071820448878,41.158524144184994,27.833295454545464,12.927624999999999,57.92045454545455
hamburg,37,https://www.hamburg.de/barrierefrei/leichte-sprache/soziales-hilfen/hilfe-fuer-schwangere-frauen-575962,https://www.hamburg.de/politik-und-verwaltung/behoerden/sozialbehoerde/themen/gesundheit/gesundheitsfoerderung/schwangerschaftskonfliktberatung/schwangerschaftskonflikte-34970,73.39140289024058,4.668441625663477,30.749254193948317,46.92873513823233,9.78572386477582,51.180203409253686
hamburg,38,https://www.hamburg.de/barrierefrei/leichte-sprache/infos-fuer-menschen-mit-behinderung/ls-schwerbehinderten-ausweis-merk-zeichen-575938,https://www.hamburg.de/politik-und-verwaltung/behoerden/sozialbehoerde/themen/behinderung/anerkennung/schwerbehindertenausweis/schwerbehindertenausweis-22870,55.16796460176991,6.74309566961652,37.063598820059,34.81487987637763,11.657048685054523,56.45869292670126
hamburg,39,https://www.hamburg.de/barrierefrei/leichte-sprache/service-und-tipps/ls-tipps-bei-hitze-1066810,https://www.hamburg.de/politik-und-verwaltung/behoerden/bukea/themen/klima/hitze-946798,71.13366495507061,4.659587195121952,32.716944801026955,45.44143505388543,10.159575601029715,50.306776037348925
hamburg,40,https://www.hamburg.de/barrierefrei/leichte-sprache/familie/guter-start-kinder-575970,https://www.hamburg.de/politik-und-verwaltung/behoerden/sozialbehoerde/themen/gesundheit/gesundheitsfoerderung/kindergesundheit/guter-start-33646,70.98509687034279,4.969187978142077,30.722553402881275,50.39080459770115,8.695119540229886,48.643678160919535
hamburg,41,https://www.hamburg.de/barrierefrei/leichte-sprache/freizeit/ls-regeln-auf-dem-wasser-575850,https://www.hamburg.de/politik-und-verwaltung/behoerden/bukea/wasser-knigge-282406,74.53931544865866,3.493483461815191,27.40754445472299,63.49172870140612,6.857368444995865,39.73407775020678
hamburg,42,https://www.hamburg.de/barrierefrei/leichte-sprache/service-und-tipps/ls-alte-medikamente-gehoeren-in-den-rest-muell-575900,https://www.hamburg.de/politik-und-verwaltung/behoerden/bukea/themen/abfall-entsorgung/siedlungsabfaelle/altmedikamente-159982,65.75457642516467,5.429221951699599,34.49510182451359,36.899383667180274,11.620050847457627,54.76502311248074
hamburg,43,https://www.hamburg.de/barrierefrei/leichte-sprache/gesundheit/schluss-mit-dem-rauchen-575978,https://www.hamburg.de/politik-und-verwaltung/behoerden/sozialbehoerde/themen/gesundheit/gesundheitsfoerderung/nichtrauchen/schluss-mit-dem-rauchen-33740,47.8183157253149,7.024191629418937,38.509955302722474,26.92195623916811,12.517277339688041,58.06591204506066
hamburg,44,https://www.hamburg.de/barrierefrei/leichte-sprache/infos-fuer-menschen-mit-behinderung/so-finden-sie-eine-loesung-575954,https://www.hamburg.de/politik-und-verwaltung/behoerden/sozialbehoerde/themen/behinderung/schlichtungsstelle-behinderung/details-zum-verfahren-43314,70.86249045072574,5.028393837535014,36.58848994143112,52.1192883895131,9.264556104868916,45.574531835205995
hamburg,45,https://www.hamburg.de/barrierefrei/leichte-sprache/familie/ferien-betreuung-in-der-schule-575888,https://www.hamburg.de/politik-und-verwaltung/behoerden/bsfb/themen/ganztag/ferienbetreuung-141126,73.06031204929855,4.729391870984661,31.502425593287008,48.610810810810804,9.278740540540541,49.31081081081081
hamburg,46,https://www.hamburg.de/barrierefrei/leichte-sprache/gesundheit/ls-kranke-kinder-gehoeren-nicht-in-die-kita-1109042,https://www.hamburg.de/politik-und-verwaltung/behoerden/bsfb/familie/kinderbetreuung/krankheitssymptome-35072,81.52719298245613,2.841469667271627,28.239594676346037,40.077639751552795,10.670161777353082,56.13975155279503
hamburg,47,https://www.hamburg.de/barrierefrei/leichte-sprache/gesundheit/ls-grippe-impfung-1103306,https://www.hamburg.de/politik-und-verwaltung/behoerden/sozialbehoerde/themen/gesundheit/impfen/impfkampagne-hamburg-34426,68.29918032786884,5.808207085810365,39.53690025821174,39.95401746724892,11.165156401746726,54.12786026200873
hamburg,48,https://www.hamburg.de/barrierefrei/leichte-sprache/politik/rathausfuehrung-576210,https://www.hamburg.de/politik-und-verwaltung/senat/rathaus-hamburg/rathausfuehrungen-237546,72.98722836446818,5.710930766298132,37.428692923546144,58.960443037974684,7.547170042194093,43.118143459915615
hamburg,49,https://www.hamburg.de/barrierefrei/leichte-sprache/bezirke/kinderschutz-576386,https://www.hamburg.de/politik-und-verwaltung/bezirke/harburg/themen/familie-jugend-senior-innen/kinderschutz-64022,55.95512820512822,8.243908736942071,43.6343779677113,17.283003780168656,15.127837569060773,66.5664437336435
hamburg,50,https://www.hamburg.de/barrierefrei/leichte-sprache/politik/ls-politik-im-hamburger-rathaus-575820,https://www.hamburg.de/politik-und-verwaltung/senat/buergermeister-236760,58.258620689655174,9.086964750957856,47.31417624521073,28.16988416988417,13.5407287001287,60.001287001287
hamburg,51,https://www.hamburg.de/barrierefrei/leichte-sprache/service-und-tipps/ls-fragen-und-antworten-neue-grundsteuer-1091686,https://www.hamburg.de/politik-und-verwaltung/behoerden/finanzbehoerde/themen/grundsteuer/fragen-und-antworten-zur-neuen-grundsteuer-969932,62.324125398860545,7.848621293127547,41.68220816904939,41.597029874281134,10.618220070065785,49.21091085520214
hamburg,52,https://www.hamburg.de/barrierefrei/leichte-sprache/verkehr/fussgaenger-575946,https://www.hamburg.de/politik-und-verwaltung/behoerden/bvm/die-themen-der-behoerde/fussverkehr/fussgaengerleitsystem-414328,75.04465352449222,4.373827479091996,34.18518518518518,40.48051948051949,11.450658874458874,59.095238095238095
hamburg,53,https://www.hamburg.de/barrierefrei/leichte-sprache/infos-fuer-menschen-mit-behinderung/ls-behindertenparkplaetze-575948,https://www.hamburg.de/politik-und-verwaltung/behoerden/sozialbehoerde/themen/behinderung/mobilitaet/behindertenparkplaetze-31264,38.708526804558886,8.125782861967075,42.93710426340228,13.679000000000002,13.700460000000001,62.825
hamburg,54,https://www.hamburg.de/barrierefrei/leichte-sprache/service-und-tipps/energie-spar-beratung-575898,https://www.hamburg.de/politik-und-verwaltung/behoerden/bukea/themen/energie/beratung-und-foerderung/stromspar-check-158188,65.60021834061136,6.655029519650656,39.83427947598253,34.57865646258503,11.859173129251701,56.89455782312925
hamburg,55,https://www.hamburg.de/barrierefrei/leichte-sprache/bezirke/die-bezirke-in-hamburg-575812,https://www.hamburg.de/politik-und-verwaltung/behoerden/finanzbehoerde/themen/bezirke-und-bezirksverwaltung/startseite-bezirke-85604,51.741666666666674,9.101333333333333,44.333333333333336,43.039062499999986,10.841658333333335,50.895833333333336
koeln,0,https://web.archive.org/web/20220804230818/https://www.stadt-koeln.de/leben-in-koeln/soziales/unterhalts-vorschuss,https://web.archive.org/web/20220401090142/https://www.stadt-koeln.de/service/produkt/unterhaltsvorschuss-1,70.46310739617975,4.969896630073285,31.752332460193664,35.71599664657272,10.61289008742864,51.53215697233423
koeln,1,https://web.archive.org/web/20220804230818/https://www.stadt-koeln.de/leben-in-koeln/soziales/widerspruch-gegen-die-weitergabe-von-ihren-melde-daten-einle,https://web.archive.org/web/20220907093626/https://www.stadt-koeln.de/service/produkt/widerspruchsrecht-gegen-weitergabe-von-meldedaten,64.9179292929293,6.415427160493827,35.58978675645342,24.797619047619037,12.951044588744589,62.03030303030303
koeln,2,https://web.archive.org/web/20220804230818/https://www.stadt-koeln.de/leben-in-koeln/soziales/wie-bekomme-ich-meinen-fuehrerschein-wieder,https://web.archive.org/web/20220305180227/https://www.stadt-koeln.de/service/produkt/fuehrerschein-wiedererteilung-der-fahrerlaubnis,66.64548801983356,5.678987043323168,34.48054040200637,32.79466374269006,11.109980116959065,52.67836257309942
koeln,3,https://web.archive.org/web/20220804230818/https://www.stadt-koeln.de/leben-in-koeln/soziales/geburts-namen-oder-frueheren-namen-wieder-bekommen,https://web.archive.org/web/20220305053556/https://www.stadt-koeln.de/service/produkt/wiederannahme-des-geburtsnamens,65.25699745547075,6.310877353689568,34.962468193384225,39.114440939362055,10.973773361373993,53.257798808272
koeln,4,https://web.archive.org/web/20220804230818/https://www.stadt-koeln.de/leben-in-koeln/soziales/fischer-pruefung,https://web.archive.org/web/20220301233608/https://www.stadt-koeln.de/service/produkt/fischerpruefung,65.29809045733167,5.863574783946723,35.104250435133565,33.29138266796494,12.270273222979553,57.47127555988315
koeln,5,https://web.archive.org/web/20220804230818/https://www.stadt-koeln.de/leben-in-koeln/soziales/beratung-fuer-menschen-aus-dem-ausland-zum-anmelden-einer-ehe,https://web.archive.org/web/20201203194412/https://www.stadt-koeln.de/service/produkt/beratung-vor-anmeldung-einer-eheschliessung-bei-auslaendischer-staatsangehoerigkeit,72.42461077550219,5.158747379794706,33.173444329846276,39.09461462450592,11.34813853754941,52.96665019762846
koeln,6,https://web.archive.org/web/20220804230818/https://www.stadt-koeln.de/leben-in-koeln/soziales/bafoeg-fuer-schueler-schueler-innen,https://web.archive.org/web/20220401090906/https://www.stadt-koeln.de/service/produkt/ausbildungsfoerderung-fuer-schuelerinnen-und-schueler,62.72282608695653,5.835071014492754,33.15119843924192,14.92866492146598,14.67839214659686,67.33049738219896
koeln,7,https://web.archive.org/web/20220804230818/https://www.stadt-koeln.de/leben-in-koeln/soziales/nachweis-fuer-hunde,https://web.archive.org/web/20220305053545/https://www.stadt-koeln.de/service/produkt/sachkundenachweis-fuer-hundehalterinnen-und-halter,61.576036866359445,6.1927198156682035,37.6889400921659,31.429004207573627,12.223072931276297,57.157082748948106
koeln,8,https://web.archive.org/web/20220804230818/https://www.stadt-koeln.de/leben-in-koeln/soziales/reise-pass-fuer-kinder,https://web.archive.org/web/20220305053605/https://www.stadt-koeln.de/service/produkt/kinderreisepass,65.11698333983396,5.611017352327531,33.33759897971187,35.58428571428573,11.38029365079365,51.84126984126984
koeln,9,https://web.archive.org/web/20220804230818/https://www.stadt-koeln.de/leben-in-koeln/soziales/neben-wohnsitz-haupt-wohnsitz-aendern,https://web.archive.org/web/20220305053552/https://www.stadt-koeln.de/service/produkt/aenderung-nebenwohnsitz-hauptwohnsitz,66.93951406649617,5.112366581415174,32.655583972719526,27.096298283261802,14.363712660944207,61.34361587982833
koeln,10,https://web.archive.org/web/20220804230818/https://www.stadt-koeln.de/leben-in-koeln/soziales/neues-fahrzeug-zulassen,https://web.archive.org/web/20220529191846/https://www.stadt-koeln.de/service/produkt/zulassung-eines-neufahrzeuges,62.15956890993576,5.958847444362926,35.05062918250739,36.24329467198261,11.201877685151626,53.55539446659418
koeln,11,https://web.archive.org/web/20220804230818/https://www.stadt-koeln.de/leben-in-koeln/soziales/behinderung/beratungs-telefon-fuer-menschen-mit-behinderung-senioren-und-seniorinnen,https://web.archive.org/web/20220305053632/https://www.stadt-koeln.de/service/produkt/beratungstelefon-fuer-senioren-und-menschen-mit-behinderung-1,66.84854851031321,4.964373109243698,30.802711993888465,27.704545454545467,12.964990909090908,60.63636363636363
koeln,12,https://web.archive.org/web/20220804230818/https://www.stadt-koeln.de/leben-in-koeln/soziales/vornamen-oder-nachnamen-aendern,https://web.archive.org/web/20220529192412/https://www.stadt-koeln.de/service/produkt/aenderung-des-vor-oder-familiennamens,70.9848362689159,4.303209476556686,29.010667328206402,33.79646133682829,12.287625425950196,55.38794233289646
koeln,13,https://web.archive.org/web/20220804230818/https://www.stadt-koeln.de/leben-in-koeln/soziales/wohn-geld,https://web.archive.org/web/20220529192825/https://www.stadt-koeln.de/service/produkte/wohngeld,67.41093463545339,5.793207030038077,35.40199725003526,44.54072984749456,9.873304793028321,49.328976034858385
koeln,14,https://web.archive.org/web/20220804230818/https://www.stadt-koeln.de/leben-in-koeln/soziales/kurz-zeit-kennzeichen,https://web.archive.org/web/20220529191746/https://www.stadt-koeln.de/service/produkt/kurzzeitkennzeichen-1,66.21778627779106,5.750828687544824,35.03753287114511,37.44506816359262,11.62949837764481,57.20072790080809
koeln,15,https://web.archive.org/web/20220804230818/https://www.stadt-koeln.de/leben-in-koeln/soziales/ausweis-papiere-verloren,https://web.archive.org/web/20180529035217/http://www.stadt-koeln.de/service/produkt/verlust-von-ausweispapieren-1,62.17204729233032,7.123458735604019,38.026494731683414,39.313026315789486,11.080366666666666,52.45614035087719
koeln,16,https://web.archive.org/web/20220804230818/https://www.stadt-koeln.de/politik-und-verwaltung/wahlen/kommunal-wahl,https://web.archive.org/web/20220305145310/https://www.stadt-koeln.de/politik-und-verwaltung/wahlen/kommunal,65.35477941176471,7.273139705882354,38.55698529411765,45.879261363636374,10.722240625000001,49.91761363636364
koeln,17,https://web.archive.org/web/20220804230818/https://www.stadt-koeln.de/leben-in-koeln/soziales/leit-linien-zur-buerger-beteiligung,https://web.archive.org/web/20220307225225/https://www.stadt-koeln.de/politik-und-verwaltung/mitwirkung/systematische-oeffentlichkeitsbeteiligung/ueberblick,63.53001426824298,5.5414064275037385,32.86385718168229,30.696428571428555,11.930338548752834,57.604024943310655
koeln,18,https://web.archive.org/web/20220804230818/https://www.stadt-koeln.de/leben-in-koeln/soziales/tages-pflege-fuer-ihr-kind,https://web.archive.org/web/20220401090431/https://www.stadt-koeln.de/service/produkt/tagespflege-fuer-ihr-kind-2,68.40607076221409,5.370550659940571,33.753748877064474,41.204268292682926,10.17978536585366,50.74085365853659
koeln,19,https://web.archive.org/web/20220804230818/https://www.stadt-koeln.de/leben-in-koeln/soziales/behinderung/foerderung-fuer-selbsthilfe-gruppen-im-sozialen-bereich,https://web.archive.org/web/20220305053553/https://www.stadt-koeln.de/service/produkt/selbsthilfegruppen-im-sozialen-bereich-foerderung,58.8728853541821,7.704243593718408,40.26427175304981,13.45750000000001,16.321849999999998,71.5
koeln,20,https://web.archive.org/web/20220804230818/https://www.stadt-koeln.de/leben-in-koeln/soziales/wohnungs-vermittlung,https://web.archive.org/web/20220207095147/https://www.stadt-koeln.de/service/produkte/wohnungsberatung,61.952592424512545,6.7708200165318715,37.67096711453994,26.415111378687556,13.095233112582783,58.09813365442504
koeln,21,https://web.archive.org/web/20220804230818/https://www.stadt-koeln.de/leben-in-koeln/soziales/eltern-beitrag-fuer-die-kinder-tages-einrichtung,https://web.archive.org/web/20220529191208/https://www.stadt-koeln.de/service/produkt/elternbeitraege-der-kindertageseinrichtungen,65.99218977865638,6.091975849888194,34.48582169361895,44.88312693498453,9.258600904977376,45.11574184329602
koeln,22,https://web.archive.org/web/20220804230818/https://www.stadt-koeln.de/leben-in-koeln/soziales/vorlaeufiger-personal-ausweis,https://web.archive.org/web/20220529192233/https://www.stadt-koeln.de/service/produkt/personalausweis-vorlaeufig,52.60542112266522,7.469108816716773,37.88797989256321,31.890877236891498,11.894152632425765,54.50934086561668
koeln,23,https://web.archive.org/web/20220804230818/https://www.stadt-koeln.de/leben-in-koeln/soziales/geburts-urkunde-beantragen,https://web.archive.org/web/20230203003312/https://www.stadt-koeln.de/service/produkt/beurkundung-von-geburten-1,59.400643480925396,7.206705244880242,39.80807926050764,31.337273759433657,12.179099272022976,55.124858077873505
koeln,24,https://web.archive.org/web/20220804230818/https://www.stadt-koeln.de/leben-in-koeln/soziales/wohnsitz-zu-einer-anderen-adresse-koeln-ummelden,https://web.archive.org/web/20191119233009/https://www.stadt-koeln.de/service/produkt/ummeldung-ihres-wohnsitzes,70.20700184038814,5.331487134013719,35.95666722436005,38.37389659520808,10.970701611321285,52.51043855961889
koeln,25,https://web.archive.org/web/20220804230818/https://www.stadt-koeln.de/leben-in-koeln/soziales/deutsch-werden-durch-einbuergerung,https://web.archive.org/web/20220305135009/https://www.stadt-koeln.de/service/produkt/einbuergerung-den-deutschen-staatsverband-1,62.545135302623436,6.5330947147873815,36.63419600436745,28.446153846153834,12.238993609467457,55.95325443786982
koeln,26,https://web.archive.org/web/20220804230818/https://www.stadt-koeln.de/leben-in-koeln/soziales/papiere-im-amt-beglaubigen-lassen,https://web.archive.org/web/20180610174347/http://www.stadt-koeln.de/service/produkt/beglaubigungen-1,60.23331585157993,7.696818993925092,41.134871727634284,27.153225806451616,13.135441328921974,57.831816928591124
koeln,27,https://web.archive.org/web/20220804230818/https://www.stadt-koeln.de/leben-in-koeln/soziales/eltern-beitrag-fuer-die-kinder-tages-pflege,https://web.archive.org/web/20220529191301/https://www.stadt-koeln.de/service/produkt/elternbeitraege-fuer-die-kindertagespflege,70.27126099706743,5.520654958183991,32.94677962419898,46.29688128772635,9.034382105969149,44.80053655264923
koeln,28,https://web.archive.org/web/20220804230818/https://www.stadt-koeln.de/leben-in-koeln/soziales/wohnsitz-zum-ersten-mal-koeln-anmelden,https://web.archive.org/web/20220529193005/https://www.stadt-koeln.de/service/produkt/anmeldung-ihres-wohnsitzes,66.62566079806753,5.961378222697078,36.07864542202815,35.6957177471196,11.660254096820452,52.58866142511002
koeln,29,https://web.archive.org/web/20220804230818/https://www.stadt-koeln.de/leben-in-koeln/soziales/behinderung/merk-zeichen-im-schwer-behinderten-ausweis,https://web.archive.org/web/20220529190745/https://www.stadt-koeln.de/leben-in-koeln/soziales/behinderung/merkzeichen-im-schwerbehindertenausweis,64.5240986997636,7.026902612293144,39.4725768321513,31.788066825775672,12.517995131264916,59.97147971360381
koeln,30,https://web.archive.org/web/20220804230818/https://www.stadt-koeln.de/leben-in-koeln/soziales/ehe-urkunde-bestellen,https://web.archive.org/web/20220529191112/https://www.stadt-koeln.de/service/produkt/bestellung-einer-eheurkunde,67.0540148643727,6.3184402632963295,35.770114787488026,43.07464125080317,10.982953937317056,53.7152138216606
koeln,31,https://web.archive.org/web/20220804230818/https://www.stadt-koeln.de/leben-in-koeln/soziales/weitere-sterbe-urkunde-bestellen,https://web.archive.org/web/20220529192550/https://www.stadt-koeln.de/service/produkt/bestellung-von-sterbeurkunden-1,60.42404647684367,6.54323444904511,37.18514127282345,37.8254995458674,11.065363396911897,52.62136693914623
koeln,32,https://web.archive.org/web/20220804230818/https://www.stadt-koeln.de/leben-in-koeln/soziales/nachweis-fuer-die-arbeit-mit-lebensmitteln,https://web.archive.org/web/20220305134741/https://www.stadt-koeln.de/service/produkt/bescheinigung-belehrung-frueher-gesundheitszeugnis,67.49956622325044,5.863784306921149,34.83439367649894,41.049755517378074,10.624214818730453,50.98114620501299
koeln,33,https://web.archive.org/web/20220804230818/https://www.stadt-koeln.de/leben-in-koeln/soziales/behinderung/senioren-beratung,https://web.archive.org/web/20220305233530/https://www.stadt-koeln.de/service/produkt/seniorenberatung,61.814473684210526,6.077825263157896,33.91578947368421,20.086124401913878,12.350574269005849,56.48112706007443
koeln,34,https://web.archive.org/web/20220804230818/https://www.stadt-koeln.de/leben-in-koeln/soziales/hund-anmelden,https://web.archive.org/web/20220714221030/https://www.stadt-koeln.de/service/produkt/anmeldung-eines-hundes-1,66.27130750605329,6.051659418886198,35.114285714285714,35.551233671988385,11.145949201741654,54.15820029027576
koeln,35,https://web.archive.org/web/20220804230818/https://www.stadt-koeln.de/leben-in-koeln/soziales/behinderung/grad-der-behinderung-gdb,https://web.archive.org/web/20220529190654/https://www.stadt-koeln.de/leben-in-koeln/soziales/behinderung/grad-der-behinderung,59.82594235033258,7.00119674796748,37.12934220251294,41.14081950207469,9.483491493775935,45.767894190871374
koeln,36,https://web.archive.org/web/20220804230818/https://www.stadt-koeln.de/leben-in-koeln/soziales/trink-wasser,https://web.archive.org/web/20220305234955/https://www.stadt-koeln.de/service/produkt/trinkwasser,62.15787279767309,7.061422498471572,38.06252663171351,24.689516129032256,12.236031421744324,54.676224611708484
koeln,37,https://web.archive.org/web/20220804230818/https://www.stadt-koeln.de/leben-in-koeln/soziales/behinderung/gesetzliche-betreuung,https://web.archive.org/web/20220305113104/https://www.stadt-koeln.de/leben-in-koeln/soziales/gesetzliche-betreuung,64.02776166163844,6.896007171037363,37.38500812253423,35.772388059701484,12.05067462686567,56.451492537313435
main_taunus,0,https://web.archive.org/web/20210122220843/https://www.lebenshilfe-main-taunus.de/ls/reisen.html,https://web.archive.org/web/20210225194538/https://www.lebenshilfe-main-taunus.de/reisen.html,73.40357142857142,4.011146666666668,28.63809523809524,50.5,8.15103076923077,37.269230769230774
main_taunus,1,https://web.archive.org/web/20210122220843/https://www.lebenshilfe-main-taunus.de/ls/haus-flesch.html,https://web.archive.org/web/20210117033610/https://www.lebenshilfe-main-taunus.de/haus-flesch.html,67.27005347593584,5.938579925956397,35.68449197860963,48.615112160566724,9.184262337662338,47.8642266824085
main_taunus,2,https://web.archive.org/web/20210122220843/https://www.lebenshilfe-main-taunus.de/ls/wohnheime.html,https://web.archive.org/web/20210117022018/https://www.lebenshilfe-main-taunus.de/die-wohnhaeuser-der-lebenshilfe.html,70.27949438202248,6.496897752808991,47.08005617977528,47.37484197218711,11.39514766118837,58.62073324905184
main_taunus,3,https://web.archive.org/web/20210122220843/https://www.lebenshilfe-main-taunus.de/ls/die-kunst-gruppe.html,https://web.archive.org/web/20220401084555/https://www.lebenshilfe-main-taunus.de/kunstforum.html,73.72469262850022,4.95499532037047,29.388533824405567,35.2612818261633,12.150032484635647,58.21334503950834
main_taunus,4,https://web.archive.org/web/20210122220843/https://www.lebenshilfe-main-taunus.de/ls/was-wir-bieten.html,https://web.archive.org/web/20210117025640/https://www.lebenshilfe-main-taunus.de/was-wir-bieten.html,59.09891304347828,7.404689275362321,41.08405797101449,42.65114541832669,10.902332470119521,54.73132470119522
main_taunus,5,https://web.archive.org/web/20210122220843/https://www.lebenshilfe-main-taunus.de/ls/buecherei-126.html,https://web.archive.org/web/20210225192022/https://www.lebenshilfe-main-taunus.de/buecherei-126.html,71.33884297520662,5.326183471074381,34.14049586776859,59.7,7.399333333333335,41.66666666666667
main_taunus,6,https://web.archive.org/web/20210122220843/https://www.lebenshilfe-main-taunus.de/ls/infos.html-1529997863.html,https://web.archive.org/web/20201124200727/https://www.lebenshilfe-main-taunus.de/unser-infomaterial.html,55.521923620933535,10.13201159830269,53.04243281471005,26.727272727272748,14.27198787878788,71.71969696969697
main_taunus,7,https://web.archive.org/web/20210122220843/https://www.lebenshilfe-main-taunus.de/ls/texte-in-leichter-sprache.html,https://web.archive.org/web/20220401085011/https://www.lebenshilfe-main-taunus.de/leichte-sprache.html,71.11784445321754,5.06361318594552,34.26806158705093,45.94060402684562,10.143897449664427,54.83288590604027
main_taunus,8,https://web.archive.org/web/20210122220843/https://www.lebenshilfe-main-taunus.de/ls/familien-unterstuetzender-dienst.html,https://web.archive.org/web/20200926184140/https://www.lebenshilfe-main-taunus.de/familienunterstuetzender-dienst-fud.html,68.61183044841216,5.497905111080823,34.020580618781516,32.8756488909863,11.77554119867862,51.1887682869278
main_taunus,9,https://web.archive.org/web/20210122220843/https://www.lebenshilfe-main-taunus.de/ls/treffpunkt-leichte-sprache-m-65/,https://web.archive.org/web/20210123112625/https://www.lebenshilfe-main-taunus.de/treffpunkt-leichte-sprache-m-65/,72.96082089552239,6.2087328358208955,44.19589552238806,48.37109375,9.186840625,51.9375
main_taunus,10,https://web.archive.org/web/20210122220843/https://www.lebenshilfe-main-taunus.de/ls/wohnheim-haus-walburga.html,https://web.archive.org/web/20210117022640/https://www.lebenshilfe-main-taunus.de/haus-walburga.html,69.64222873900292,5.511126881720431,35.33626588465298,30.61086956521737,13.25593652173913,61.87826086956522
main_taunus,11,https://web.archive.org/web/20210122220843/https://www.lebenshilfe-main-taunus.de/ls/helfen.html,https://web.archive.org/web/20211203004518/https://www.lebenshilfe-main-taunus.de/helfen.html,63.17370102572727,6.247407667731629,34.75441399024719,46.23529411764707,10.043953560371516,49.39628482972136
main_taunus,12,https://web.archive.org/web/20210122220843/https://www.lebenshilfe-main-taunus.de/ls/betreutes-wohnen.html,https://web.archive.org/web/20210117030816/https://www.lebenshilfe-main-taunus.de/betreutes-wohnen.html,68.671875,6.232962500000001,40.125,26.409090909090907,13.427840404040404,59.93434343434343
main_taunus,13,https://web.archive.org/web/20210122220843/https://www.lebenshilfe-main-taunus.de/ls/weitere-informationen-zum-betreuten-wohnen.html,https://web.archive.org/web/20220401083927/https://www.lebenshilfe-main-taunus.de/informationen-zum-betreuten-wohnen.html,75.13962765957447,4.144194680851064,29.02526595744681,26.066294642857144,13.639370535714285,65.04464285714286
main_taunus,14,https://web.archive.org/web/20210122220843/https://www.lebenshilfe-main-taunus.de/ls/das-haus-wehr.html,https://web.archive.org/web/20220529142722/https://www.lebenshilfe-main-taunus.de/haus-wehr-betreute-wohngemeinschaft-179.html,63.68053405572756,6.277135758513932,34.59907120743034,22.84107142857144,14.14054785714286,67.04285714285714
main_taunus,15,https://web.archive.org/web/20210122220843/https://www.lebenshilfe-main-taunus.de/ls/infos-zu-leichter-sprache.html,https://web.archive.org/web/20220401084728/https://www.lebenshilfe-main-taunus.de/informationen-und-pressestimmen.html,70.2436974789916,5.976556887102667,42.07928388746803,36.48704318936876,11.410435215946842,59.54318936877077
main_taunus,16,https://web.archive.org/web/20210122220843/https://www.lebenshilfe-main-taunus.de/ls/wohnheim-floersheim.html,https://web.archive.org/web/20210117034921/https://www.lebenshilfe-main-taunus.de/wohnheim-floersheim.html,67.4364705882353,6.666227450980394,42.15686274509804,47.08206686930093,10.293023100303952,48.53495440729483
main_taunus,17,https://web.archive.org/web/20210122220843/https://www.lebenshilfe-main-taunus.de/ls/buecherei-74.html,https://web.archive.org/web/20200812064850/https://www.lebenshilfe-main-taunus.de/buecherei-74.html,69.30176991150441,5.373563539823008,34.30884955752212,58.099999999999994,7.250292307692309,37.61538461538461
main_taunus,18,https://web.archive.org/web/20210122220843/https://www.lebenshilfe-main-taunus.de/ls/ueber-uns.html,https://web.archive.org/web/20210126080139/https://www.lebenshilfe-main-taunus.de/ueber-uns.html,60.83858858858858,7.032953753753753,36.150150150150154,38.35102040816328,12.032159727891157,52.79523809523809
main_taunus,19,https://web.archive.org/web/20210122220843/https://www.lebenshilfe-main-taunus.de/ls/der-vorstand.html,https://web.archive.org/web/20210126082007/https://www.lebenshilfe-main-taunus.de/vorstand.html,64.09005376344086,7.153930107526882,42.587365591397855,42.18181818181819,9.62858787878788,51.42424242424242
main_taunus,20,https://web.archive.org/web/20210122220843/https://www.lebenshilfe-main-taunus.de/ls/die-frueh-foerder-stelle.html,https://web.archive.org/web/20210624015858/https://www.lebenshilfe-main-taunus.de/fruehfoerderung.html,63.67951726449881,4.895262420382166,29.919208850150856,34.16896551724139,11.54884896551724,55.33103448275862
main_taunus,21,https://web.archive.org/web/20210122220843/https://www.lebenshilfe-main-taunus.de/ls/wohnen.html,https://web.archive.org/web/20210117032049/https://www.lebenshilfe-main-taunus.de/wohnen.html,70.69127693116131,5.579048554913295,34.453231739358905,43.51326164874553,11.18552329749104,55.93189964157706
main_taunus,22,https://web.archive.org/web/20210122220843/https://www.lebenshilfe-main-taunus.de/ls/beratung-wohnen-12.html,https://web.archive.org/web/20210117021759/https://www.lebenshilfe-main-taunus.de/beratungsstelle-wohnen-12.html,67.4,6.203992527472527,34.37472527472527,43.06148648648649,10.756316756756757,51.96216216216216
main_taunus,23,https://web.archive.org/web/20210122220843/https://www.lebenshilfe-main-taunus.de/ls/freizeit-programm.html,https://web.archive.org/web/20210225184957/https://www.lebenshilfe-main-taunus.de/programm-des-familienunterstuetzenden-diensts.html,61.96363636363637,6.800886060606061,37.17272727272727,26.94999999999999,12.070923076923076,51.63461538461539
main_taunus,24,https://web.archive.org/web/20210122220843/https://www.lebenshilfe-main-taunus.de/ls/tages-betreuung.html,https://web.archive.org/web/20210117021537/https://www.lebenshilfe-main-taunus.de/tagesstruktur.html,59.29642313546424,7.3062462709284635,39.61796042617961,39.235714285714266,10.848245714285715,56.08571428571429
main_taunus,25,https://web.archive.org/web/20210122220843/https://www.lebenshilfe-main-taunus.de/ls/treffpunkt-leichte-sprache.html-1526288265.html-1526288405.html,https://web.archive.org/web/20220401084923/https://www.lebenshilfe-main-taunus.de/treffpunkt-leichte-sprache.html,72.96082089552239,6.2087328358208955,44.19589552238806,48.37109375,9.186840625,51.9375
main_taunus,26,https://web.archive.org/web/20210122220843/https://www.lebenshilfe-main-taunus.de/ls/schulungen.html,https://web.archive.org/web/20220401085118/https://www.lebenshilfe-main-taunus.de/schulungen.html,73.94592790387183,5.799895060080107,42.222296395193595,55.95454545454545,8.924911111111111,51.85353535353536
main_taunus,27,https://web.archive.org/web/20210122220843/https://www.lebenshilfe-main-taunus.de/ls/mitleben.html,https://web.archive.org/web/20210117023228/https://www.lebenshilfe-main-taunus.de/projekt-mitleben.html,62.07792207792208,6.710205194805196,40.76623376623377,31.81641604010025,11.940928320802003,59.76065162907268
main_taunus,28,https://web.archive.org/web/20210122220843/https://www.lebenshilfe-main-taunus.de/ls/die-villa-luce.html,https://web.archive.org/web/20210117032634/https://www.lebenshilfe-main-taunus.de/villa-luce-5.html,69.15986394557824,4.961078911564626,32.656462585034014,41.78638814016173,11.524338544474393,54.7654986522911
main_taunus,29,https://web.archive.org/web/20210122220843/https://www.lebenshilfe-main-taunus.de/ls/beratung-und-foerderung.html,https://web.archive.org/web/20220401084159/https://www.lebenshilfe-main-taunus.de/beratung-und-foerderung.html,54.77380952380952,8.084361904761906,39.451465201465204,40.23632218844986,10.877491185410333,49.598784194528875
main_taunus,30,https://web.archive.org/web/20210122220843/https://www.lebenshilfe-main-taunus.de/ls/haus-trappen-9.html,https://web.archive.org/web/20210225192653/https://www.lebenshilfe-main-taunus.de/haus-trappen-9.html,72.39610389610391,5.491705590062113,35.88961038961039,41.73790322580645,11.379467741935482,58.729838709677416
main_taunus,31,https://web.archive.org/web/20210122220843/https://www.lebenshilfe-main-taunus.de/ls/spenden-helfen-mitmachen.html,https://web.archive.org/web/20210124001158/https://www.lebenshilfe-main-taunus.de/spenden-helfen-mitmachen.html,62.913820283762476,6.946909826589596,39.65554387808723,39.10976408912187,11.340836435124508,57.314547837483616
main_taunus,32,https://web.archive.org/web/20210122220843/https://www.lebenshilfe-main-taunus.de/ls/freizeit-und-kunst.html,https://web.archive.org/web/20210225195237/https://www.lebenshilfe-main-taunus.de/freizeit.html,64.01232394366197,6.192702816901409,34.227112676056336,44.66935483870968,10.509987096774193,49.37096774193548
main_taunus,33,https://web.archive.org/web/20210122220843/https://www.lebenshilfe-main-taunus.de/ls/beratung-und-foerderung-m-79/,https://web.archive.org/web/20210123233551/https://www.lebenshilfe-main-taunus.de/beratung-und-foerderung-m-79/,54.77380952380952,8.084361904761906,39.451465201465204,43.57142857142857,10.408929670329671,48.16483516483517
mdr,0,https://www.mdr.de/nachrichten-leicht/leichte-sprache-sachsen-sachsenforst-waldbrand-saison-100.html,https://www.mdr.de/nachrichten/sachsen/wetter-fruehling-wochenende-waldbrand-gefahr-102.html,65.48051643192488,6.928742159624413,38.33990610328639,46.05978260869567,10.84935434782609,53.94983277591973
mdr,1,https://www.mdr.de/nachrichten-leicht/leichte-sprache-mitteldeutschland-verdi-warnstreik-nahverkehr-100.html,https://www.mdr.de/nachrichten/thueringen/warnstreik-nahverkehr-oepnv-102.html,63.61001061195613,6.987849805447471,44.36664308454191,43.45238095238095,10.51397100994244,53.06802721088435
mdr,2,https://www.mdr.de/nachrichten-leicht/leichte-sprache-sachsen-anhalt-cannabis-im-supermarkt-100.html,https://www.mdr.de/nachrichten/sachsen-anhalt/magdeburg/harz/quedlinburg-cannabis-samen-netto-kaufen-104.html,67.42079889807162,5.575561432506888,35.70316804407714,53.288332635106826,9.123897276916633,49.96816087138667
mdr,3,https://www.mdr.de/nachrichten-leicht/leichte-sprache-sachsen-anhalt-fcm-rueckzug-sponsor-100.html,https://www.mdr.de/nachrichten/sachsen-anhalt/magdeburg/magdeburg/fcm-ausschreitungen-gewalt-fussball-sponsor-rueckzug-100.html,71.68922413793103,6.103284482758622,35.26939655172414,39.125,12.013547863247863,54.79594017094017
mdr,4,https://www.mdr.de/nachrichten-leicht/leichte-sprache-fcm-magdeburg-geldstrafe-pyro-fussball-100.html,https://www.mdr.de/sport/fussball_2bl/fcm-geldstrafe-dfb-100.html,64.5376590330789,7.553533944020357,41.55776081424936,50.22788589119857,9.85549243697479,47.82043343653251
mdr,5,https://www.mdr.de/nachrichten-leicht/leichte-sprache-sachsen-zugverkehr-leipzig-chemnitz-100.html,https://www.mdr.de/nachrichten/sachsen/stoerung-zugverkehr-leipzig-chemnitz-ersatzverkehr-100.html,61.78765060240964,7.157531325301207,42.90512048192771,46.76741803278689,11.163634153005466,56.24624316939891
mdr,6,https://www.mdr.de/nachrichten-leicht/leichte-sprache-mittel-deutschland-gefahr-vor-eisflaechen-100.html,https://www.mdr.de/nachrichten/sachsen/leipzig/leipzig-leipzig-land/frost-eisflaechen-gefahr-100.html,80.2346396965866,3.3846284197218717,30.03969658659924,50.38333333333334,9.497407407407408,50.18518518518518
mdr,7,https://www.mdr.de/nachrichten-leicht/leichte-sprache-thueringen-altenburg-wieder-in-skat-bundesliga-100.html,https://www.mdr.de/nachrichten/thueringen/ost-thueringen/altenburg/bundesliga-skatverein-kartenspiel-100.html,75.9513157894737,5.214222222222222,33.3625730994152,68.69099062372605,6.043043647234679,36.74323957059383
mdr,8,https://www.mdr.de/nachrichten-leicht/leichte-sprache-thueringen-kahla-insolvenz-porzellan-100.html,https://www.mdr.de/nachrichten/thueringen/ost-thueringen/saale-holzland/kahla-porzellan-insolvenz-104.html,66.746699669967,5.669494389438944,33.16914191419142,32.59608411892677,11.192209862219,50.11203770848441
mdr,9,https://www.mdr.de/nachrichten-leicht/spezial/leichte-sprache-ticker-sachsen-anhalt-haseloff-schulze-neuwahl-100.html,https://www.mdr.de/nachrichten/sachsen-anhalt/landtagswahl/wahl-ministerpraesident-schulze-102.html,69.44121773288441,5.254695336076818,34.690126574385836,48.527229146692235,8.791814624480665,46.77590284435922
mdr,10,https://www.mdr.de/nachrichten-leicht/leichte-sprache-sachsen-tarifrunde-gescheitert-neue-streiks-im-nahverkehr-100.html,https://www.mdr.de/nachrichten/sachsen/warnstreik-verdi-nahverkehr-bus-faehre-kirnitzschtalbahn-102.html,58.52571428571427,7.537161904761904,41.047619047619044,45.008091787439625,10.626444444444445,52.34299516908213
mdr,11,https://www.mdr.de/nachrichten-leicht/leichte-sprache-sachsen-zugverkehr-ausfaelle-dresden-chemnitz-bruecke-baustelle-100.html,https://www.mdr.de/nachrichten/sachsen/dresden/dresden-radebeul/hauptbahnhof-bahn-umleitung-ausfall-bauarbeiten-102.html,69.8,5.109523076923077,36.07692307692308,53.83213716108453,9.039589154704947,49.50877192982456
mdr,12,https://www.mdr.de/nachrichten-leicht/leichte-sprache-sachsen-anhalt-beratungsstelle-menschen-ohne-krankenversicherung-100.html,https://www.mdr.de/nachrichten/sachsen-anhalt/krankenversicherung-clearingstelle-gesundheitsversorgung-100.html,52.034531162268394,7.574403032004492,43.385176866928695,35.58411053540587,10.423094231433506,49.13609671848014
mdr,13,https://www.mdr.de/nachrichten-leicht/leichte-sprache-thueringen-urteil-knockout-100.html,https://www.mdr.de/nachrichten/thueringen/west-thueringen/wartburgkreis/eisenach-knockout-urteile-neonazis-100.html,72.08768656716418,5.217389552238806,32.25559701492537,42.24135156878519,11.39266843657817,54.6421292571735
mdr,14,https://www.mdr.de/nachrichten-leicht/leichte-sprache-thueringen-therme-saniert-muehlhausen-100.html,https://www.mdr.de/nachrichten/thueringen/nord-thueringen/unstrut-hainich/foerdermittel-thueringentherme-sanierung-100.html,59.461956521739125,8.117607246376812,41.958333333333336,51.173607038123166,10.137064516129033,48.929618768328446
mdr,15,https://www.mdr.de/nachrichten-leicht/leichte-sprache-sachsen-anhalt-storch-stoerche-winterquartier-rueckkehr-100.html,https://www.mdr.de/nachrichten/sachsen-anhalt/magdeburg/jerichow/storch-stoerche-rueckkehrer-104.html,70.71428571428572,4.819561904761905,30.428571428571427,55.03580858085809,8.146478151815183,44.15973597359736
mdr,16,https://www.mdr.de/nachrichten-leicht/leichte-sprache-sachsen-geld-fuer-kommunen-100.html,https://www.mdr.de/nachrichten/sachsen/sondervermoegen-staedte-gemeinden-investitionen-strassen-schulen-milliarden-102.html,68.94013303769401,7.286632520325204,43.702143385070215,31.976744186046517,12.327374750830565,61.3671096345515
mdr,17,https://www.mdr.de/nachrichten-leicht/leichte-sprache-sachsen-anhalt-sanierung-gueterzug-brand-einschraenkungen-bahnverkehr-100.html,https://www.mdr.de/nachrichten/deutschland/politik/bahn-sanierung-hamburg-berlin-100.html,68.54022988505749,6.528587621573829,38.57913351016799,53.76846590909091,8.975119444444445,47.11868686868687
mdr,18,https://www.mdr.de/nachrichten-leicht/leichte-sprache-mitteldeutschland-streik-geht-weiter-100.html,https://www.mdr.de/nachrichten/deutschland/politik/verdi-streik-oepnv-nahverkehr-sachsen-anhalt-thueringen-102.html,64.36888111888112,6.115677622377622,35.15384615384615,44.27639751552795,11.262228571428572,56.2360248447205
mdr,19,https://www.mdr.de/nachrichten-leicht/leichte-sprache-sachsen-leipzig-bauen-carbotbeton-klima-carbonbetonwerk-100.html,https://www.mdr.de/nachrichten/sachsen/leipzig/leipzig-leipzig-land/carbon-beton-werk-bauen-forschung-100.html,67.45564127290261,5.365669238187079,33.560752169720345,35.27503912363068,11.812481064162755,58.73552425665102
mdr,20,https://www.mdr.de/nachrichten-leicht/leichte-sprache-thueringen-soemmerda-klinik-schliessung-brustzentrum-gynaekologie-100.html,https://www.mdr.de/nachrichten/thueringen/mitte-thueringen/soemmerda/kmg-klinikum-gynaekologie-brustzentrum-schliessen-krankenhausreform-100.html,60.27690355329949,7.925016446700507,40.30685279187817,25.559808612440207,13.336363742690057,59.98989898989899
mdr,21,https://www.mdr.de/nachrichten-leicht/leichte-sprache-thueringen-sport-fusball-frauen-jena-100.html,https://www.mdr.de/sport/fussball_pokal/dfb-pokal/bericht-dfb-pokal-frauen-fc-carl-zeiss-jena-sc-sand-100.html,70.33260869565218,4.789254492753624,30.214492753623187,62.78401360544217,6.25868843537415,41.843537414965986
mdr,22,https://www.mdr.de/nachrichten-leicht/leichte-sprache-sachsen-anhalt-magdeburg-strassenbahn-schienen-neu-100.html,https://www.mdr.de/nachrichten/sachsen-anhalt/magdeburg/magdeburg/baustelle-innenstadt-verkehr-strassenbahn-106.html,61.15860215053763,6.908015591397849,36.946236559139784,48.24898423533233,9.461148675442873,46.37558914350723
mdr,23,https://www.mdr.de/nachrichten-leicht/leichte-sprache-thueringen-misstrauensvotum-voigt-100.html,https://www.mdr.de/nachrichten/thueringen/voigt-afd-misstrauensvotum-abstimmung-100.html,60.55308219178082,6.728553881278539,38.34874429223744,42.32627565982406,9.863379260997068,48.53736070381232
mdr,24,https://www.mdr.de/nachrichten-leicht/leichte-sprache-dresden-protest-buendnis-krieg-gedenken-stadt-100.html,https://www.mdr.de/nachrichten/sachsen/dresden/dresden-radebeul/gedenken-krieg-zerstoerung-demos-erinnerung-kultur-100.html,66.3799249530957,6.0279719407963315,39.81384198457369,49.78419936373275,9.28890728444408,49.53519862957827
mdr,25,https://www.mdr.de/nachrichten-leicht/leichte-sprache-dessau-drohnen-apotheke-medikamente-100.html,https://www.mdr.de/nachrichten/sachsen-anhalt/dessau/dessau-rosslau/apotheke-liefert-medikamente-per-drohne-100.html,74.86428571428573,4.712725274725275,36.20879120879121,53.540495105477675,8.662421024130442,46.91246392335386
mdr,26,https://www.mdr.de/nachrichten-leicht/leichte-sprache-sachsen-sachsen-anhalt-streik-100.html,https://www.mdr.de/nachrichten/sachsen/dresden/warnstreik-nahverkehr-verdi-dvs-saechsische-schweiz-osterzgebirge-regionalverkehr-102.html,51.97840909090908,8.515128787878787,47.28219696969697,40.84400769653655,11.063070698185816,52.30786146234195
mdr,27,https://www.mdr.de/nachrichten-leicht/leichte-sprache-sachsen-anhalt-serie-wohnungseinbrueche-aufgeklaert-wittenberg-100.html,https://www.mdr.de/nachrichten/sachsen-anhalt/dessau/wittenberg/serie-von-wohnungseinbruechen-wittenberg-aufgeklaert-106.html,57.11428571428573,8.37739912087912,43.16593406593407,49.00620689655172,10.18006300265252,51.68477453580902
mdr,28,https://www.mdr.de/nachrichten-leicht/leichte-sprache-sachsen-anhalt-sexualisierte-gewalt-im-internet-100.html,https://www.mdr.de/nachrichten/sachsen-anhalt/ki-sexualisierte-gewalt-im-internet-alltag-vieler-frauen-102.html,72.67287977632805,4.522584687074343,33.79661624489211,36.71509131357027,11.288969186196907,52.06591132495214
mdr,29,https://www.mdr.de/nachrichten-leicht/leichte-sprache-mittel-deutschland-schlechte-inklusion-auf-dem-arbeitsmarkt-100.html,https://www.mdr.de/nachrichten/deutschland/wirtschaft/inklusion-arbeitsmarkt-schwerbehinderung-unternehmen-100.html,57.035691823899384,8.678110062893083,47.268081761006286,34.577418489199005,12.265528391251845,58.774721588622036
mdr,30,https://www.mdr.de/nachrichten-leicht/leichte-sprache-sachsen-anhalt-brocken-rettung-mann-gipfel-100.html,https://www.mdr.de/nachrichten/sachsen-anhalt/magdeburg/harz/mann-brocken-gerettet-feuerwehr-104.html,82.16666666666666,3.8171333333333335,31.22222222222222,51.150000000000006,9.577892649572648,49.78803418803419
mdr,31,https://www.mdr.de/nachrichten-leicht/leichte-sprache-mitteldeutschland-demos-schueler-wehrpflicht-100.html,https://www.mdr.de/nachrichten/deutschland/gesellschaft/schulstreik-wehrpflicht-schueler-streik-sachsen-anhalt-thueringen-100.html,63.07427937915743,6.745142005420054,41.80512441488051,48.66029822926373,9.954511649580617,51.677539608574094
mdr,32,https://www.mdr.de/nachrichten-leicht/leichte-sprache-sachsen-sachsen-anhalt-software-panne-behoerden-schwerbehinderte-betroffen-100.html,https://www.mdr.de/nachrichten/deutschland/gesellschaft/behoerden-it-panne-betrifft-behinderte-100.html,56.21249999999999,7.346775641025641,40.905448717948715,41.18794293743892,10.824770295698926,52.42949657869013
mdr,33,https://www.mdr.de/nachrichten-leicht/leichte-sprache-thueringen-erfurt-domplatz-100.html,https://www.mdr.de/nachrichten/thueringen/mitte-thueringen/erfurt/brand-domplatz-haus-schwelbrand-silvester-100.html,73.07570093457946,5.31226429906542,38.737383177570095,41.43167701863355,11.340746307798481,51.983781918564524
mdr,34,https://www.mdr.de/nachrichten-leicht/leichte-sprache-sachsen-thueringen-streik-100.html,https://www.mdr.de/nachrichten/sachsen/verdi-streik-nahverkehr-erzgebirge-meissen-chemnitz-100.html,61.45,6.545722222222223,38.888888888888886,34.02676674691969,12.642391700892226,58.950431950148705
mdr,35,https://www.mdr.de/nachrichten-leicht/leichte-sprache-mitteldeutschland-wetter-umschwung-glatteis-gefahr-100.html,https://www.mdr.de/nachrichten/deutschland/panorama/glatteis-glaette-unfaelle-schnee-sachsen-anhalt-thueringen-unwetter-warnung-100.html,72.46468085106383,4.9467252198581555,35.393475177304964,52.35682915057916,9.745308880308881,52.09942084942085
mdr,36,https://www.mdr.de/nachrichten-leicht/leichte-sprache-sachsen-anhalt-sturmwarnung-fuer-den-brocken-100.html,https://www.mdr.de/nachrichten/sachsen-anhalt/magdeburg/harz/unwetter-wind-sturm-brocken-104.html,74.44766982622433,5.555867140600317,38.17555292259084,51.21951970443348,10.22561354679803,53.64039408866995
mdr,37,https://www.mdr.de/nachrichten-leicht/leichte-sprache-mitteldeutschland-lufthansa-streik-flughafen-leipzig-halle-dresden-100.html,https://www.mdr.de/nachrichten/deutschland/politik/lufthansa-streik-flug-ausfaelle-leipzig-dresden-freitag-100.html,69.76147776183643,6.734451649928264,41.96413199426112,48.44037735849055,10.486626767295597,51.7137106918239
mdr,38,https://www.mdr.de/nachrichten-leicht/leichte-sprache-sachsen-einschraenkung-zugverkehr-zwickau-dresden-100.html,https://www.mdr.de/nachrichten/sachsen/bahn-verspaetung-bauarbeiten-ersatzverkehr-fahrplan-100.html,69.82748917748916,6.0082749783549785,38.18874458874459,48.343119266055055,10.539406605504588,48.51467889908257
mdr,39,https://www.mdr.de/nachrichten-leicht/leichte-sprache-sachsen-schulschwaenzer-schulverweigerer-100.html,https://www.mdr.de/nachrichten/sachsen/schule-schwaenzen-schulverweigerer-bildung-100.html,79.375,3.448833333333334,31.25,52.93619361936193,9.118830803080307,49.34103410341034
mdr,40,https://www.mdr.de/nachrichten-leicht/leichte-sprache-wochenende-tipps-leipzig-asisi-panometer-gera-100.html,https://www.mdr.de/kultur/ausflug-tipps/hainich-quedlinburg-muldental-wohin-am-wochenende-tipps-100.html,74.64717558983666,4.539361978221416,32.851179673321234,43.389434889434895,10.861562244062243,53.595413595413596
mdr,41,https://www.mdr.de/nachrichten-leicht/leichte-sprache-sport-olympia-skeleton-medaillen-kreher-100.html,https://www.mdr.de/sport/andere_sportarten/olympische-winterspiele-skeleton-susanne-kreher-jacqueline-pfeifer-100.html,59.68677573278802,8.559825085207908,47.705862304021814,52.595485051860905,9.000873825503357,47.10250152532032
mdr,42,https://www.mdr.de/nachrichten-leicht/leichte-sprache-sachsen-anhalt-erste-queere-buchmesse-in-magdeburg-100.html,https://www.mdr.de/nachrichten/sachsen-anhalt/magdeburg/magdeburg/erste-queere-buchmesse-magdequeer-kultur-news-100.html,63.45,7.763111111111112,40.138888888888886,51.981331168831176,9.625118831168832,47.554383116883116
mdr,43,https://www.mdr.de/nachrichten-leicht/leichte-sprache-halle-chlor-unfall-gas-neustadt-schwimmbad-100.html,https://www.mdr.de/nachrichten/sachsen-anhalt/halle/halle/halle-neustadt-chlorgas-schwimmhalle-102.html,75.88523925385239,4.654147120843471,36.80819140308191,40.68604651162792,12.486353488372094,56.098837209302324
mdr,44,https://www.mdr.de/nachrichten-leicht/leichte-sprache-kulturnachricht-108.html,https://www.mdr.de/nachrichten/thueringen/mitte-thueringen/erfurt/women-in-the-dark-ausstellung-kunst-installation-gewalt-gegen-frauen-kultur-news-100.html,72.83760683760683,5.185628679962013,35.81671415004748,52.415044011736484,8.436841451053613,45.922379301146975
mdr,45,https://www.mdr.de/nachrichten-leicht/leichte-sprache-sachsen-chemnitz-congress-hotel-mitarbeiter-suchen-betreiber-100.html,https://www.mdr.de/nachrichten/sachsen/chemnitz/chemnitz-stollberg/congress-hotel-mitarbeiter-kaempfen-jobs-100.html,59.629999999999995,6.597866666666667,36.66666666666667,55.28947368421052,8.009957894736841,46.631578947368425
mdr,46,https://www.mdr.de/nachrichten-leicht/leichte-sprache-sachsen-tarifstreit-beigelegt-100.html,https://www.mdr.de/nachrichten/sachsen/nahverkehr-tarifeinigung-warnstreik-arbeitgeber-verdi-100.html,64.38999999999999,7.121060376068378,37.99247863247864,35.90193740685544,12.17404918032787,56.15871833084948
mdr,47,https://www.mdr.de/nachrichten-leicht/leichte-sprache-thueringen-elektroschiff-bleilochtalsperre-100.html,https://www.mdr.de/nachrichten/thueringen/ost-thueringen/saale-orla/saalburg-elektro-dampfer-ms-gera-bleilochtalsperre-104.html,70.11647727272728,5.4138874999999995,33.72727272727273,64.50559845559846,7.251166640926641,41.52142857142857
mdr,48,https://www.mdr.de/nachrichten-leicht/leichte-sprache-thueringen-bad-liebenstein-heilwasser-sprudelt-wieder-100.html,https://www.mdr.de/nachrichten/thueringen/west-thueringen/wartburgkreis/heilwasser-bad-liebenstein-100.html,68.91248470012239,5.696506976744187,34.634026927784575,48.15786516853932,10.41981168539326,52.06966292134831
mdr,49,https://www.mdr.de/nachrichten-leicht/leichte-sprache-leipzig-naturkunde-museum-bowling-treff-100.html,https://www.mdr.de/nachrichten/sachsen/leipzig/leipzig-leipzig-land/naturkundemuseum-foerderung-umbau-millionen-euro-bowlingtreff-100.html,69.0,5.474842735042735,36.35042735042735,36.299246704331466,11.678408662900189,55.37193973634652
mdr,50,https://www.mdr.de/nachrichten-leicht/leichte-sprache-sachsen-thueringen-risiko-stromausfall-100.html,https://www.mdr.de/nachrichten/thueringen/stromversorgung-anschlag-berlin-maier-teag-100.html,65.65832049306627,6.830252542372881,38.69337442218798,46.38099514999101,10.15104505119454,50.57463624932639
mdr,51,https://www.mdr.de/nachrichten-leicht/leichte-sprache-magdeburg-dom-kaiser-knochen-otto-100.html,https://www.mdr.de/nachrichten/sachsen-anhalt/magdeburg/magdeburg/gebeine-otto-grosse-dom-magdeburg-authentisch-kultur-news-100.html,67.47115384615384,6.5351473193473195,36.66899766899767,48.310759493670886,9.515905569620253,48.394936708860754
mdr,52,https://www.mdr.de/nachrichten-leicht/leichte-sprache-sachsen-anhalt-luchs-100.html,https://www.mdr.de/nachrichten/sachsen-anhalt/halle/mansfeld/luchs-reisst-dutzende-schafe-100.html,75.93181818181819,3.56085925925926,27.41077441077441,46.21792452830189,9.644890566037738,47.589622641509436
mdr,53,https://www.mdr.de/nachrichten-leicht/leichte-sprache-sachsen-altenberg-buergermeister-wahl-barth-100.html,https://www.mdr.de/nachrichten/sachsen/dresden/dippoldiswalde-sebnitz/altenberg-buergermeister-wahl-vorzeitig-102.html,68.08653846153845,6.226363027295285,34.53846153846154,40.54729320576482,11.09363185176214,55.16301320092043
mdr,54,https://www.mdr.de/nachrichten-leicht/leichte-sprache-sachsen-brand-in-pflegeheim-100.html,https://www.mdr.de/nachrichten/sachsen/chemnitz/chemnitz-stollberg/brand-feuer-toter-altersheim-senioren-100.html,70.5427807486631,5.692286219662691,37.78239407651172,48.800035143208575,9.678986153575822,49.06712352837814
mdr,55,https://www.mdr.de/nachrichten-leicht/leichte-sprache-sachsen-antifa-prozess-100.html,https://www.mdr.de/nachrichten/sachsen/dresden/dresden-radebeul/prozess-antifa-ost-kronzeuge-linksextremismus-100.html,66.99283154121865,5.966182516925528,38.84667463162087,45.22319700683785,10.307632795768289,51.44742613856276
mdr,56,https://www.mdr.de/nachrichten-leicht/leichte-sprache-thueringen-musashi-schliessung-leinefelde-100.html,https://www.mdr.de/nachrichten/thueringen/nord-thueringen/eichsfeld/musashi-sozialplan-auto-zulieferer-entlassungen-100.html,60.536009933774835,7.426261258278146,38.576572847682115,34.71454058876,12.226503389830508,55.21766280107047
mdr,57,https://www.mdr.de/nachrichten-leicht/leichte-sprache-sachsen-anhalt-brocken-mann-gerettet-100.html,https://www.mdr.de/nachrichten/sachsen-anhalt/magdeburg/harz/mann-brocken-gerettet-feuerwehr-104.html,77.44279250161601,4.766447446670976,36.04460245636716,51.150000000000006,9.577892649572648,49.78803418803419
mdr,58,https://www.mdr.de/nachrichten-leicht/leichte-sprache-sachsen-anhalt-attentaeter-magdeburg-hungerstreik-androhung-100.html,https://www.mdr.de/nachrichten/sachsen-anhalt/magdeburg/magdeburg/fuenfundzwanzigster-prozesstag-anschlag-weihnachtsmarkt-102.html,72.08875,6.159202777777779,36.80902777777778,54.37701692247148,9.065789216843761,47.88744588744589
mdr,59,https://www.mdr.de/nachrichten-leicht/leichte-sprache-sachsen-anhalt-magdeburg-gefaelschte-paketbenachrichtigungen-100.html,https://www.mdr.de/nachrichten/sachsen-anhalt/magdeburg/magdeburg/polizei-warnung-betrug-karten-108.html,70.93077816492452,4.792214866434379,31.225319396051106,43.17376160990713,11.051131269349845,52.88544891640867
mdr,60,https://www.mdr.de/nachrichten-leicht/leichte-sprache-gohrischheide-waldbrand-sachsen-ursache-kampfmittel-100.html,https://www.mdr.de/nachrichten/sachsen/dresden/grossenhain-riesa/waldbrand-ursache-gohrischheide-phosphor-feuerwehr-100.html,74.61803051317615,5.795829699491447,39.249283402681456,49.319875776397524,10.910346583850934,50.630434782608695
mdr,61,https://www.mdr.de/nachrichten-leicht/leichte-sprache-sachsen-anhalt-kitas-erhalten-mehr-geld-100.html,https://www.mdr.de/nachrichten/sachsen-anhalt/landespolitik/landtag-kita-foerderung-stellen-100.html,65.73563829787233,5.630616170212766,32.272340425531915,40.42941176470586,11.124113122171947,51.470588235294116
mdr,62,https://www.mdr.de/nachrichten-leicht/leichte-sprache-sachsen-krankenhaeuser-finanzierung-investitionen-100.html,https://www.mdr.de/nachrichten/sachsen/krankenhaeuser-gesundheit-landtag-investitionen-100.html,68.66872890888638,5.61213655793026,35.84308211473566,42.05735294117646,9.127345588235293,47.24264705882353
mdr,63,https://www.mdr.de/nachrichten-leicht/leichte-sprache-mitteldeutschland-streik-oeffentlicher-dienst-100.html,https://www.mdr.de/nachrichten/deutschland/politik/warnstreik-oeffentlicher-dienst-schulen-kitas-kliniken-104.html,49.43999999999998,8.851433333333334,46.333333333333336,35.06301652892563,12.53945785123967,58.72004132231405
mdr,64,https://www.mdr.de/nachrichten-leicht/leichte-sprache-sachsen-dresden-neustadt-bahnhof-empfangshalle-gesperrt-100.html,https://www.mdr.de/nachrichten/sachsen/dresden/dresden-radebeul/bahnhof-neustadt-empfangshalle-gesperrt-einschraenkungen-100.html,68.85945273631842,5.027589054726368,36.539800995024876,51.491797556719035,8.939091867364747,46.241186736474695
mdr,65,https://www.mdr.de/nachrichten-leicht/leichte-sprache-sachsen-dresden-zoo-rote-pandas-100.html,https://www.mdr.de/nachrichten/sachsen/dresden/dresden-radebeul/panda-zoo-tiere-100.html,82.99641719745223,2.6385162420382167,25.736066878980893,55.488738738738746,8.518936936936937,47.30855855855856
mdr,66,https://www.mdr.de/nachrichten-leicht/leichte-sprache-sachsen-polizeigesetz-entwurf-befugnisse-taser-drohnen-ki-100.html,https://www.mdr.de/nachrichten/sachsen/polizeigesetz-taser-drohnen-abwehr-kritik-opposition-100.html,74.39734299516908,4.417362077294687,31.417874396135264,52.430680359435186,7.73809268292683,43.435173299101415
mdr,67,https://www.mdr.de/nachrichten-leicht/leichte-sprache-sachsen-erhoehte-ticketpreise-100.html,https://www.mdr.de/nachrichten/sachsen/chemnitz/bahn-preise-fahrkarte-tickets-teurer-dresden-vvo-vms-100.html,66.575,5.561884615384614,31.971153846153847,59.06666666666668,7.355846984126986,41.17142857142857
mdr,68,https://www.mdr.de/nachrichten-leicht/leichte-sprache-mittel-deutschland-sport-pokal-spiele-am-wochenende-100.html,https://www.mdr.de/sport/fussball_pokal/vorschau-mdr-sport-im-osten-sachsenpokal-fsa-pokal-thueringenpokal-100.html,66.71788537549406,7.119414492753622,36.98682476943347,62.95787887262671,6.673753587520586,40.42326217333209
mdr,69,https://www.mdr.de/nachrichten-leicht/leichte-sprache-sachsen-anhalt-weihnachtsmarkt-attentat-angeklagter-wuetet-im-gerichtssaal-100.html,https://www.mdr.de/nachrichten/sachsen-anhalt/magdeburg/magdeburg/prozess-attentaeter-taleb-a-tag-siebzehn-106.html,75.54421726813649,4.8863218869318885,33.169663751693555,48.15991461100569,10.137897950664136,49.03837760910817
mdr,70,https://www.mdr.de/nachrichten-leicht/leichte-sprache-mitteldeutschland-zugausfaelle-leipzig-chemnitz-doebeln-leinefelde-sangerhausen-100.html,https://www.mdr.de/nachrichten/sachsen/leipzig/leipzig-leipzig-land/bahn-fahrplan-aenderungen-bauarbeiten-100.html,60.618181818181824,5.391271168831169,31.076623376623377,37.82801573426573,11.626301223776224,56.15209790209791
mdr,71,https://www.mdr.de/nachrichten-leicht/leichte-sprache-sachsen-torgau-vermieter-fernwaerme-streit-100.html,https://www.mdr.de/nachrichten/sachsen/leipzig/delitzsch-eilenburg-torgau/mieter-heizung-waermeversorgung-streit-vermieter-energierversorger-100.html,83.57854609929079,3.2040390070921987,30.217198581560282,45.686330561330564,10.691548232848232,51.92515592515593
mdr,72,https://www.mdr.de/nachrichten-leicht/leichte-sprache-sachsen-anhalt-angriff-polizist-100.html,https://www.mdr.de/nachrichten/sachsen-anhalt/halle/halle/hfc-fans-greifen-polizisten-an-100.html,60.05,8.589444444444444,41.94444444444444,50.64434420541292,10.429787786259542,51.603747397640525
mdr,73,https://www.mdr.de/nachrichten-leicht/leichte-sprache-thueringen-schleusingen-lindenschule-frist-unterricht-100.html,https://www.mdr.de/nachrichten/thueringen/sued-thueringen/hildburghausen/schleusingen-lindenschule-unterricht-frist-100.html,69.06829268292684,6.362381463414634,35.02926829268293,48.28407851690294,10.767834896401311,49.81515812431843
mdr,74,https://www.mdr.de/nachrichten-leicht/leichte-sprache-sachsen-gefluegelpest-vogelgrippe-100.html,https://www.mdr.de/nachrichten/sachsen/dresden/gefluegelpest-vogelgrippe-ausbruch-zahlen-infektion-100.html,63.65826771653545,6.909699842519684,43.40866141732283,49.0952380952381,10.492136464448794,53.288323548597525
mdr,75,https://www.mdr.de/nachrichten-leicht/leichte-sprache-thueringen-weimar-foerderzentrum-fuer-sehbehinderte-bleibt-bestehen-100.html,https://www.mdr.de/nachrichten/thueringen/blindenschule-diesterweg-schliessung-bildungsminister-100.html,68.08841463414635,4.997275609756098,32.201219512195124,59.72520170859042,6.945292010757792,38.243790539471604
mdr,76,https://www.mdr.de/nachrichten-leicht/leichte-sprache-mittel-deutschland-kultur-nachricht-dresden-erfurt-magdeburg-100.html,https://www.mdr.de/kultur/ausflug-tipps/hainich-quedlinburg-muldental-wohin-am-wochenende-tipps-100.html,71.33861551292743,6.233084403669725,40.184320266889074,43.389434889434895,10.861562244062243,53.595413595413596
mdr,77,https://www.mdr.de/nachrichten-leicht/leichte-sprache-sachsen-anhalt-schlaitz-freizeitanlage-100.html,https://www.mdr.de/nachrichten/sachsen-anhalt/dessau/dessau-rosslau/muldestausee-freizeitanlage-jugendrat-102.html,67.20186335403726,6.1341334288899505,39.708393056219144,65.24415204678363,6.939583519404573,39.84077618288144
mdr,78,https://www.mdr.de/nachrichten-leicht/leichte-sprache-thueringen-plagiatsvorwurf-gegen-mario-voigt-mp-100.html,https://www.mdr.de/nachrichten/thueringen/voigt-doktortitel-aberkannt-100.html,64.49410304158906,5.861007200496588,34.52545003103663,37.10015060240964,11.47927891566265,52.91189759036145
mdr,79,https://www.mdr.de/nachrichten-leicht/leichte-sprache-thueringen-weimar-gedenkstaette-buchenwald-widerstand-gegen-ki-fake-bilder-100.html,https://www.mdr.de/nachrichten/thueringen/mitte-thueringen/weimar/gedenkstaette-buchenwald-widerstand-gegen-ki-fake-holocaust-bilder-kultur-news-100.html,73.26369098712448,4.649913442060086,35.50025751072961,45.2630125036348,10.582174217311234,50.38523795677038
mdr,80,https://www.mdr.de/nachrichten-leicht/leichte-sprache-streik-dresden-nahverkehr-thueringen-verdi-100.html,https://www.mdr.de/nachrichten/sachsen/dresden/warnstreik-nahverkehr-verdi-dvs-saechsische-schweiz-osterzgebirge-regionalverkehr-102.html,72.3921568627451,3.855727668845316,28.681917211328976,40.84400769653655,11.063070698185816,52.30786146234195
mdr,81,https://www.mdr.de/nachrichten-leicht/leichte-sprache-sachsen-anhalt-harz-klinikum-zuschuss-kreistag-100.html,https://www.mdr.de/nachrichten/sachsen-anhalt/magdeburg/harz/harzklinikum-krankenhaus-geld-kreistag-102.html,61.0968432316747,7.2284550026752274,41.62225789192081,37.826198630136986,10.891906164383562,53.413527397260275
mdr,82,https://www.mdr.de/nachrichten-leicht/leichte-sprache-magdeburg-bahn-einschraenkungen-aufgehoben-brand-guterzug-100.html,https://www.mdr.de/nachrichten/sachsen-anhalt/magdeburg/magdeburg/magdeburg-einschraenkungen-bahnverkehr-nach-gueterzugbrand-104.html,64.6271844660194,6.513761941747574,37.484466019417475,56.366181229773474,8.19699003236246,42.85954692556634
mdr,83,https://www.mdr.de/nachrichten-leicht/leichte-sprache-sachsen-chemnitz-neues-kardiologisches-zentrum-eroeffnet-100.html,https://www.mdr.de/nachrichten/sachsen/chemnitz/chemnitz-stollberg/kardiologisches-zentrum-klinikum-eroeffnet-100.html,67.65,6.952577777777779,41.77777777777778,36.103985056039846,11.050775342465755,53.683686176836865
mdr,84,https://www.mdr.de/nachrichten-leicht/leichte-sprache-thueringen-gotha-saniert-bahnhof-100.html,https://www.mdr.de/nachrichten/thueringen/west-thueringen/gotha/bahnhof-sanierung-foerdermittel-100.html,72.9025974025974,4.357898412698414,31.295815295815295,45.13809523809526,10.74336021164021,51.22433862433863
mdr,85,https://www.mdr.de/nachrichten-leicht/leichte-sprache-pflege-azubis-vietnam-altenburg-100.html,https://www.mdr.de/nachrichten/thueringen/ost-thueringen/altenburg/pflege-azubis-aus-vietnam-neue-perspektiven-100.html,58.889880952380935,8.056292261904764,38.79761904761905,47.85913978494624,9.494157693059629,45.09100684261975
mdr,86,https://www.mdr.de/nachrichten-leicht/leichte-sprache-kulturnachricht-alle-laender-100.html,https://www.mdr.de/kultur/ausflug-tipps/hainich-quedlinburg-muldental-wohin-am-wochenende-tipps-100.html,75.54778801147516,4.525901464593085,33.418692435452215,43.389434889434895,10.861562244062243,53.595413595413596
mdr,87,https://www.mdr.de/nachrichten-leicht/leichte-sprache-sachsen-anhalt-thueringen-warnstreik-gew-lehrkraefte-schulen-100.html,https://www.mdr.de/nachrichten/sachsen-anhalt/magdeburg/gewerkschaft-kuendigt-lehrerstreik-an-tarifvertrag-102.html,54.10907237512741,8.250253007135576,44.22120285423037,37.056603773584925,12.369362264150944,55.70283018867924
mdr,88,https://www.mdr.de/nachrichten-leicht/leichte-sprache-sachsen-leipzig-auenwald-baerlauch-polizei-kontrollen-100.html,https://www.mdr.de/nachrichten/sachsen/leipzig/leipzig-leipzig-land/baerlauch-diebe-diebstahl-auwald-kontrolle-polizei-100.html,73.5875190258752,5.720264535768647,37.334855403348556,50.727011494252864,9.785205747126437,56.40229885057471
mdr,89,https://www.mdr.de/nachrichten-leicht/leichte-sprache-sachsen-leipzig-demos-linke-polizei-strafanzeigen-100.html,https://www.mdr.de/nachrichten/sachsen/leipzig/leipzig-leipzig-land/connewitz-demo-linke-polizei-straftaten-100.html,62.62840670859539,6.897495896975141,39.41606768493561,35.208510638297895,12.154860425531915,56.6531914893617
mdr,90,https://www.mdr.de/nachrichten-leicht/leichte-sprache-sachsen-insolvenz-crimmitschauer-wohnungsgesellschaft-100.html,https://www.mdr.de/nachrichten/sachsen/chemnitz/zwickau/insolvenz-crimmitschau-wohnunsggesellschaft-100.html,78.26798245614036,4.244293333333333,32.501754385964915,42.890989541432006,11.47100707964602,51.865647626709574
mdr,91,https://www.mdr.de/nachrichten-leicht/leichte-sprache-sachsen-anhalt-software-panne-weitet-sich-aus-100.html,https://www.mdr.de/nachrichten/deutschland/politik/software-umstellung-sachsen-anhalt-buerokratie-chaos-bussgelder-100.html,54.44806985294119,7.426188970588234,40.981617647058826,36.85684101484782,12.39325714520611,57.76853511353733
mdr,92,https://www.mdr.de/nachrichten-leicht/leichte-sprache-thueringen-rennsteig-neue-schilder-100.html,https://www.mdr.de/nachrichten/thueringen/sued-thueringen/suhl/rennsteig-beschilderung-wandern-modernisieren-100.html,63.87908496732025,8.1110522875817,49.44444444444444,40.95454545454547,11.594829370629371,52.25874125874126
mdr,93,https://www.mdr.de/nachrichten-leicht/leichte-sprache-thueringen-sachsen-anhalt-luchs-im-harz-angesiedelt-100.html,https://www.mdr.de/nachrichten/thueringen/nord-thueringen/nordhausen/luchs-harz-wieder-angesiedelt-100.html,74.42809364548495,2.920399554069119,26.557413600891863,52.29457364341084,9.200370542635659,49.21705426356589
mdr,94,https://www.mdr.de/nachrichten-leicht/leichte-sprache-sachsen-besucherrekord-buchmesse-leipzig-100.html,https://www.mdr.de/kultur/buchmesse/leipzig-highlights-messe-bilanz-kultur-news-104.html,64.27054292002936,7.155202103203717,41.284421618977746,45.274630813312754,10.832719550363677,52.391558298435086
mdr,95,https://www.mdr.de/nachrichten-leicht/leichte-sprache-sachsen-anhalt-halle-zug-liegengeblieben-vier-stunden-100.html,https://www.mdr.de/nachrichten/sachsen-anhalt/halle/halle/bahn-liegen-geblieben-fahrgaeste-sitzen-fest-100.html,72.41666666666667,5.2810962962962975,35.85185185185185,47.69454887218045,10.443121052631579,51.963345864661655
mdr,96,https://www.mdr.de/nachrichten-leicht/leichte-sprache-thueringen-hoffmann-sport-vierschanzentournee-100.html,https://www.mdr.de/sport/andere_sportarten/wintersport-vierschanzentournee-innsbruch-felix-hoffmann-100.html,82.86646586345383,4.505683534136546,32.217871485943775,64.48529411764707,7.8386383107089,50.944193061840124
mdr,97,https://www.mdr.de/nachrichten-leicht/leichte-sprache-sachsen-sachsen-anhalt-geld-fuer-flughaefen-100.html,https://www.mdr.de/nachrichten/sachsen/rettung-millionen-flughafen-leipzig-halle-dresden-100.html,61.464363636363615,7.98948,44.16363636363636,45.00613026819923,10.945260536398468,56.111111111111114
mdr,98,https://www.mdr.de/nachrichten-leicht/leichte-sprache-sachsen-anhalt-harz-rodeln-loipen-geoeffnet-100.html,https://www.mdr.de/nachrichten/sachsen-anhalt/magdeburg/harz/harz-schneehoehe-skifahren-rodeln-wintersport-loipen-bedingungen-104.html,73.71245059288536,4.932421739130435,32.8201581027668,45.16764705882355,11.103640522875818,53.66013071895425
mdr,99,https://www.mdr.de/nachrichten-leicht/leichte-sprache-sachsen-anhalt-kunst-kultur-nashorn-kirche-magdeburg-100.html,https://www.mdr.de/nachrichten/sachsen-anhalt/magdeburg/magdeburg/rhinoceros-ausstellung-nashorn-itamar-gov-kultur-news-100.html,82.86538461538461,2.7133699873896595,25.7780580075662,52.04494961062758,8.585185555046571,49.50236677355322
mdr,100,https://www.mdr.de/nachrichten-leicht/leichte-sprache-sachsen-anhalt-fcm-mehr-sicherheit-nach-ausschreitungen-100.html,https://www.mdr.de/nachrichten/sachsen-anhalt/magdeburg/magdeburg/fcm-statement-konsequenzen-ausschreitungen-dynamo-dresden-102.html,58.105492670254236,7.886638597142326,39.607441083689,48.64718614718615,10.044213852813852,47.8982683982684
mdr,101,https://www.mdr.de/nachrichten-leicht/leichte-sprache-streik-mitteldeutschland-dvb-nahverkehr-100.html,https://www.mdr.de/nachrichten/sachsen/warnstreik-verdi-nahverkehr-bus-faehre-kirnitzschtalbahn-102.html,67.92857142857143,5.668530158730158,39.15873015873016,45.008091787439625,10.626444444444445,52.34299516908213
mdr,102,https://www.mdr.de/nachrichten-leicht/leichte-sprache-sachsen-anhalt-fcm-strafe-nach-krawallen-100.html,https://www.mdr.de/nachrichten/sachsen-anhalt/magdeburg/magdeburg/fcm-ausschreitungen-fanausschluss-geldstrafe-100.html,61.19230769230768,8.759509116809117,43.49287749287749,60.595928226363,8.435976949620429,42.48481711525189
mdr,103,https://www.mdr.de/nachrichten-leicht/leichte-sprache-dieselklau-boerde-zunahme-diesel-diebstahl-100.html,https://www.mdr.de/nachrichten/sachsen-anhalt/magdeburg/boerde/diesel-diebstahl-lkw-102.html,72.89600938967136,5.470573145539905,36.22723004694836,61.93421052631578,7.27556752136752,42.65766981556455
mdr,104,https://www.mdr.de/nachrichten-leicht/leichte-sprache-sachsen-buchmesse-leipzig-absage-krah-100.html,https://www.mdr.de/kultur/buchmesse/absage-veranstaltung-afd-politiker-maximilian-krah-buch-kultur-news-100.html,72.60702113156101,4.864487661895025,32.981935923653715,38.04037267080747,11.465045824706694,51.50069013112491
mdr,105,https://www.mdr.de/nachrichten-leicht/leichte-sprache-thueringen-afd-will-voigt-stuerzen-100.html,https://www.mdr.de/nachrichten/thueringen/afd-voigt-misstrauens-votum-100.html,62.63636363636364,6.18750909090909,36.45454545454545,41.90574374079529,9.923460677466863,49.939617083946985
mdr,106,https://www.mdr.de/nachrichten-leicht/leichte-sprache-entschaedigung-magdeburg-opfer-anschlag-geld-bund-100.html,https://www.mdr.de/nachrichten/sachsen-anhalt/magdeburg/magdeburg/landesverwaltungsamt-entschaedigung-anschlag-weihnachtsmarkt-102.html,71.875,5.4520711538461555,36.36538461538461,32.02532467532467,12.096698181818182,56.95844155844156
mdr,107,https://www.mdr.de/nachrichten-leicht/leichte-sprache-thueringen-postauto-unter-zug-geraten-100.html,https://www.mdr.de/nachrichten/thueringen/sued-thueringen/sonneberg/unfall-regionalzug-postauto-verletzter-104.html,57.35767590618336,7.317283155650319,38.675906183368866,46.27127659574468,11.874600000000001,56.430851063829785
mdr,108,https://www.mdr.de/nachrichten-leicht/leichte-sprache-sachsen-chemnitz-marx-denkmal-nischel-sanierung-100.html,https://www.mdr.de/nachrichten/sachsen/chemnitz/chemnitz-stollberg/marx-kopf-restaurierung-nischel-denkmal-100.html,75.60795454545455,4.7991340909090905,35.27272727272727,46.895481200413926,9.906172404277337,52.57985512245602
mdr,109,https://www.mdr.de/nachrichten-leicht/leichte-sprache-sachsen-schneeberg-abrafaxe-comic-erzgebirge-100.html,https://www.mdr.de/nachrichten/sachsen/chemnitz/annaberg-aue-schwarzenberg/abrafaxe-comic-erzgebirge-mosaik-ddr-kultur-news100.html,71.10529891304347,4.6243502717391305,30.222826086956523,43.900904977375575,10.732971040723982,52.81674208144796
mdr,110,https://www.mdr.de/nachrichten-leicht/leichte-sprache-sachsen-anhalt-sicherheit-bahnverkehr-zuege-100.html,https://www.mdr.de/nachrichten/sachsen-anhalt/sicherheit-bahnverkehr-zuege-hueskens-100.html,64.33687479568488,6.007203726708074,36.42399476953253,37.64105691056909,11.678504065040649,55.132113821138205
mdr,111,https://www.mdr.de/nachrichten-leicht/leichte-sprache-sachsen-strassenbahn-plauen-100.html,https://www.mdr.de/nachrichten/sachsen/chemnitz/vogtland/plauen-strassenbahn-insolvenz-rettung-betriebsversammung-100.html,75.39999999999999,4.939381818181818,34.63636363636364,54.45285714285714,9.10752967032967,46.37637362637362
mdr,112,https://www.mdr.de/nachrichten-leicht/leichte-sprache-mittel-deutschland-streik-im-nahverkehr-100.html,https://www.mdr.de/nachrichten/sachsen/chemnitz/zwickau/bus-streik-strassenbahn-schuelerverkehr-ausfall-montag-104.html,60.759358288770045,7.433825668449197,43.62032085561497,46.54144485300844,10.20713861661453,53.32091176847227
mdr,113,https://www.mdr.de/nachrichten-leicht/leichte-sprache-sachsen-anhalt-quedlinburg-feininger-museum-ausstellung-blaue-vier-100.html,https://www.mdr.de/nachrichten/sachsen-anhalt/magdeburg/harz/feininger-museum-quedlinburg-sonderausstellung-die-blauen-vier-kultur-news-100.html,67.07974025974025,6.383971428571429,33.0974025974026,52.92928431068364,8.523691240045506,45.91457234460647
mdr,114,https://www.mdr.de/nachrichten-leicht/leichte-sprache-schamanin-bad-duerrenberg-boerde-kopfschmuck-100.html,https://www.mdr.de/nachrichten/sachsen-anhalt/magdeburg/boerde/schamanin-archaeologie-rehgeweih-114.html,71.00357142857142,6.373042857142857,40.57142857142857,43.91111111111111,12.637096790123456,61.879012345679016
mdr,115,https://www.mdr.de/nachrichten-leicht/leichte-sprache-sachsen-anhalt-magdeburg-anschlag-prozesstag-fuenfzehn-100.html,https://www.mdr.de/nachrichten/sachsen-anhalt/magdeburg/magdeburg/ticker-anschlag-weihnachtsmarkt-prozess-tag-fuenfzehn-100.html,77.33451443569554,4.635272335958006,34.4509186351706,61.690972148343576,7.019446400987255,41.62055575650546
mdr,116,https://www.mdr.de/nachrichten-leicht/leichte-sprache-sachsen-filmfest-dresden-100.html,https://www.mdr.de/nachrichten/sachsen/dresden/dresden-radebeul/filmfest-dresden-programm-kino-kurzfilme-kultur-news-100.html,79.4236842105263,3.260115555555555,30.772222222222222,50.28646616541353,9.565401604010026,51.144611528822054
mdr,117,https://www.mdr.de/nachrichten-leicht/leichte-sprache-kultur-meissen-heimkehle-albrechtsburg-altenburg-100.html,https://www.mdr.de/kultur/ausflug-tipps/hainich-quedlinburg-muldental-wohin-am-wochenende-tipps-100.html,68.40815047021944,5.640917241379311,32.75548589341693,43.389434889434895,10.861562244062243,53.595413595413596
mdr,118,https://www.mdr.de/nachrichten-leicht/leichte-sprache-sachsen-delitzsch-verseuchtes-grundwasser-100.html,https://www.mdr.de/nachrichten/sachsen/leipzig/delitzsch-eilenburg-torgau/grundwasser-gift-verbot-gefahr-schadstoffe-100.html,67.70054945054946,6.60325225885226,36.676434676434674,41.106404958677686,11.89695785123967,55.207644628099175
mdr,119,https://www.mdr.de/nachrichten-leicht/leichte-sprache-sport-fussball-magdeburg-dresden-ausschreitungen-100.html,https://www.mdr.de/nachrichten/sachsen-anhalt/magdeburg/magdeburg/fcm-dynamo-dresden-ausschreitungen-polizei-festnahme100.html,68.5940530058177,7.2649348416289605,40.246283128636065,41.78489702517163,11.351969230769232,54.19838056680162
mdr,120,https://www.mdr.de/nachrichten-leicht/leichte-sprache-sachsen-dresden-festspielhaus-hellerau-theaterpreis-des-bundes-100.html,https://www.mdr.de/nachrichten/sachsen/dresden/dresden-radebeul/festspielhaus-hellerau-theater-preis-kultur-news-102.html,71.26428571428572,6.004494505494505,37.747252747252745,43.77500000000002,10.131631965811966,51.924786324786325
mdr,121,https://www.mdr.de/nachrichten-leicht/leichte-sprache-thueringen-neonazi-attacke-auf-journalisten-100.html,https://www.mdr.de/nachrichten/thueringen/nord-thueringen/eichsfeld/heise-fretterode-spiegel-tv-angriff-100.html,57.59661538461539,8.994692307692308,48.01538461538461,51.11471368979902,9.465757072430794,50.40747061054228
mdr,122,https://www.mdr.de/nachrichten-leicht/leichte-sprache-sachsen-anhalt-sirene-halle-alarm-cyper-attacke-100.html,https://www.mdr.de/nachrichten/sachsen-anhalt/halle/halle/sirenen-alarm-cyberangriff-attacke-lka-halle-102.html,69.48478260869567,5.91019652173913,30.93913043478261,43.707142857142856,10.610466666666666,52.095238095238095
mdr,123,https://www.mdr.de/nachrichten-leicht/leichte-sprache-thueringen-erfurt-rot-weiss-insolvenz-rwe-100.html,https://www.mdr.de/sport/fussball_rl/rot-weiss-erfurt-insolvenzverfahren-ende-100.html,68.03440951571793,4.5976616822429905,30.28802039082413,50.96294151708163,8.886368152866241,47.07527504342791
mdr,124,https://www.mdr.de/nachrichten-leicht/leichte-sprache-torgau-sachsen-tafel-oeffnung-lebensmittel-wasserschaden-100.html,https://www.mdr.de/nachrichten/sachsen/leipzig/delitzsch-eilenburg-torgau/tafel-wiedereroeffnung-wasserschaden-neues-domizil-100.html,73.5,3.874707407407408,27.51851851851852,43.828571428571436,10.226333333333335,50.833333333333336
mdr,125,https://www.mdr.de/nachrichten-leicht/leichte-sprache-sachsen-anhalt-stuendliche-bahnverbindung-nach-berlin-100.html,https://www.mdr.de/nachrichten/sachsen-anhalt/bahn-berlin-anbindung-nasa-fahrplanaenderung-100.html,72.23865546218487,4.4383774789915975,32.068067226890754,44.48214285714285,11.23850612244898,55.107142857142854
mdr,126,https://www.mdr.de/nachrichten-leicht/leichte-sprache-kulturnachricht-quedlinburg-hainich-mulderadweg-100.html,https://www.mdr.de/kultur/ausflug-tipps/hainich-quedlinburg-muldental-wohin-am-wochenende-tipps-100.html,71.43250843644543,5.193868841394826,36.630483689538806,43.389434889434895,10.861562244062243,53.595413595413596
mdr,127,https://www.mdr.de/nachrichten-leicht/leichte-sprache-sachsen-anhalt-wernigerode-stolpersteine-100.html,https://www.mdr.de/nachrichten/sachsen-anhalt/magdeburg/harz/wernigerode-stolperstein-verlegt-euthanasie-opfer-102.html,71.1041074939917,5.461166091326197,35.53659602359624,51.887992831541226,8.596541423451102,44.77444956477215
mdr,128,https://www.mdr.de/nachrichten-leicht/leichte-sprache-sachsen-rechenschwaeche-mathematik-beschluss-100.html,https://www.mdr.de/nachrichten/sachsen/schueler-mathematik-rechenschwaeche-dyskalkulie-102.html,60.08459595959596,7.523555555555555,44.04040404040404,37.18492844364937,12.017359033989266,56.83542039355993
mdr,129,https://www.mdr.de/nachrichten-leicht/leichte-sprache-sachsen-polizei-computer-problem-100.html,https://www.mdr.de/nachrichten/sachsen/software-panne-polizei-kritik-100.html,57.295566502463075,7.668459441707718,42.3136288998358,39.66093354002116,11.120435811126693,52.20021653010507
mdr,130,https://www.mdr.de/nachrichten-leicht/leichte-sprache-sachsen-moegliche-evakuierung-dresden-bombenfund-carolabruecke-100.html,https://www.mdr.de/nachrichten/sachsen/dresden/dresden-radebeul/carolabruecke-blindgaenger-evakuierung-bombe-gefahr-100.html,72.82998441018533,4.874162861597089,36.01264507188637,45.95,10.518032857142856,48.7
mdr,131,https://www.mdr.de/nachrichten-leicht/leichte-sprache-sachsen-quattro-polizei-auf-hbf-leipzig-100.html,https://www.mdr.de/nachrichten/sachsen/leipzig/leipzig-leipzig-land/hauptbahnhof-gewalt-kriminalitaet-sicherheit-polizei-100.html,56.114591291061885,8.30800168067227,46.112299465240646,38.2590909090909,12.39909090909091,57.38636363636363
mdr,132,https://www.mdr.de/nachrichten-leicht/leichte-sprache-thueringen-erfurter-schueler-erinnern-an-ns-opfer-100.html,https://www.mdr.de/nachrichten/thueringen/mitte-thueringen/erfurt/nationalsozialismus-gedenken-topf-und-soehne-100.html,61.01190476190476,6.303668783068784,38.01322751322751,57.26452507888153,7.346282580785552,41.036040691981285
mdr,133,https://www.mdr.de/nachrichten-leicht/leichte-sprache-sachsen-dresden-filmfest-keine-barrierefreien-angebote-100.html,https://www.mdr.de/nachrichten/sachsen/dresden/dresden-radebeul/filmfest-dresden-programm-kino-kurzfilme-kultur-news-100.html,69.4404761904762,4.59181391941392,35.58974358974359,50.28646616541353,9.565401604010026,51.144611528822054
mdr,134,https://www.mdr.de/nachrichten-leicht/leichte-sprache-sachsen-laussnitzer-heide-huegelgraeber-entdeckt-100.html,https://www.mdr.de/nachrichten/sachsen/bautzen/bautzen-hoyerswerda-kamenz/ottendorf-okrilla-huegelgrab-schnurkeramik-perlen-100.html,65.75997899159663,6.081213865546218,35.44957983193277,42.5,10.926377777777779,52.31623931623932
mdr,135,https://www.mdr.de/nachrichten-leicht/leichte-sprache-sachsen-anhalt-magdeburg-prozess-taleb-a-anschlag-fachliche-eignung-zweifel-100.html,https://www.mdr.de/nachrichten/sachsen-anhalt/landespolitik/taleb-a-kritik-zweifel-arzt-anschlag-magdeburg-weihnachtsmarkt-100.html,74.33842879256966,5.318711764705882,35.09907120743034,39.51358457493427,11.190090622261176,49.679666958808056
mdr,136,https://www.mdr.de/nachrichten-leicht/leichte-sprache-sachsen-vw-zwickau-recycling-100.html,https://www.mdr.de/nachrichten/sachsen/chemnitz/zwickau/vw-krise-zwickau-zukunft-recyclingstrecke-100.html,69.11758064516128,4.0124645161290315,28.67741935483871,52.02128942486085,8.935719443413728,46.68464749536178
mdr,137,https://www.mdr.de/nachrichten-leicht/leichte-sprache-sachsen-fussball-dresden-herta-ausschreitungen-krawall-schuster-konsequenzen-100.html,https://www.mdr.de/nachrichten/sachsen/fussball-dynamo-fans-hertha-gewalt-innenminister-102.html,61.48169975186104,7.168217866004962,39.37717121588089,37.45737632508833,12.641378268551238,60.97371908127209
mdr,138,https://www.mdr.de/nachrichten-leicht/leichte-sprache-sachsen-leipzig-strassenbahn-entgleist-100.html,https://www.mdr.de/nachrichten/sachsen/leipzig/leipzig-leipzig-land/strassenbahn-lvb-entgleist-ausfall-stoerung-100.html,65.47820823244552,7.096121549636805,41.47941888619855,58.51691729323309,8.523497744360903,47.86466165413533
mdr,139,https://www.mdr.de/nachrichten-leicht/leichte-sprache-thueringen-sondervermoegen-des-bundes-infrastruktur-100.html,https://www.mdr.de/nachrichten/thueringen/sondervermoegen-bund-projekte-100.html,59.265166835187074,8.075082709807887,41.44994944388271,41.60662717512034,9.778329470566456,48.83172898926323
mdr,140,https://www.mdr.de/nachrichten-leicht/leichte-sprache-sachsen-anhalt-tierpark-thale-baeren-winterschlaf-fruehling-100.html,https://www.mdr.de/nachrichten/sachsen-anhalt/magdeburg/harz/thale-tierpark-baeren-winterschlaf-beendet-100.html,69.5840108401084,5.598133875338753,32.28184281842819,52.64301801801801,8.402403603603604,43.414414414414416
mdr,141,https://www.mdr.de/nachrichten-leicht/leichte-sprache-mitteldeutschland-heizkosten-steigerung-fernwaerme-100.html,https://www.mdr.de/nachrichten/deutschland/wirtschaft/heizkosten-gestiegen-sachsen-anhalt-thueringen-verbrauch-januar-100.html,70.87779690189328,5.995827538726335,38.3631669535284,54.12845849802373,9.670788405797103,50.2266139657444
mdr,142,https://www.mdr.de/nachrichten-leicht/leichte-sprache-sachsen-anhalt-bernburg-polizeimunition-taucht-wieder-auf-100.html,https://www.mdr.de/nachrichten/sachsen-anhalt/magdeburg/salzland/harzer-polizei-findet-munition-wieder-102.html,54.25673076923077,7.168301282051283,35.8974358974359,32.95000000000002,12.730266666666667,55.166666666666664
mdr,143,https://www.mdr.de/nachrichten-leicht/leichte-sprache-sachsen-anhalt-leuna-drei-erweiterung-chemiepark-foerdung-100.html,https://www.mdr.de/nachrichten/sachsen-anhalt/halle/saalekreis/merseburg-stadtrat-fuer-erweiterung-chemiepark-leuna-drei-100.html,67.66096256684492,5.151705882352941,28.90374331550802,39.05102040816327,11.831038095238096,55.156462585034014
mdr,144,https://www.mdr.de/nachrichten-leicht/leichte-sprache-kultur-ausfluege-am-wochenende-100.html,https://www.mdr.de/kultur/ausflug-tipps/hainich-quedlinburg-muldental-wohin-am-wochenende-tipps-100.html,73.27875166002654,5.490281168658698,35.85670650730412,43.389434889434895,10.861562244062243,53.595413595413596
mdr,145,https://www.mdr.de/nachrichten-leicht/leichte-sprache-sachsen-anhalt-kommunen-planen-fruehjahrsputz-100.html,https://www.mdr.de/nachrichten/sachsen-anhalt/magdeburg/kommunen-planen-fruejahrsputz-aktionen-100.html,82.26467391304348,3.481706521739131,28.057065217391305,53.467844827586205,9.100107379310346,42.469655172413795
mdr,146,https://www.mdr.de/nachrichten-leicht/leichte-sprache-sachsen-akkuzuege-zwischen-leipzig-und-chemnitz-100.html,https://www.mdr.de/nachrichten/sachsen/regiobahn-akkuzug-chemnitz-leipzig-100.html,70.23636363636363,6.640583030303031,40.2030303030303,40.88541666666666,12.45241217948718,60.121794871794876
mdr,147,https://www.mdr.de/nachrichten-leicht/leichte-sprache-sachsen-drogen-in-spaetis-in-leipzig-100.html,https://www.mdr.de/nachrichten/sachsen/drogen-handel-spaeti-leipzig-razzia-100.html,75.82880434782608,3.7413630434782608,31.18051242236025,58.17186495176847,7.849622379421222,42.88118971061093
mdr,148,https://www.mdr.de/nachrichten-leicht/leichte-sprache-sachsen-satelittenmission-weltraum-100.html,https://www.mdr.de/nachrichten/sachsen/raumfahrt-satellit-mission-weltall-100.html,66.80593368237348,6.2329662129144845,43.09982547993019,44.36119402985075,9.528987462686565,48.47462686567164
mdr,149,https://www.mdr.de/nachrichten-leicht/leichte-sprache-sachsen-anhalt-vetternwirtschaft-afd-kein-sonderparteitag-100.html,https://www.mdr.de/nachrichten/sachsen-anhalt/landespolitik/afd-kommission-anstellungen-kein-sonderparteitag-100.html,65.48585017133404,6.5006589389105525,38.086730473827245,25.666666666666657,13.48457037037037,57.2037037037037
mdr,150,https://www.mdr.de/nachrichten-leicht/leichte-sprache-buchmesse-leipzig-eroeffnung-festakt-100.html,https://www.mdr.de/kultur/buchmesse/leipzig-weimer-kritik-protest-buchhandlungspreis-kultur-news-100.html,65.31428571428572,6.661361904761905,41.69047619047619,42.46745730135849,10.432749827458174,51.848556327261605
mdr,151,https://www.mdr.de/nachrichten-leicht/leichte-sprache-sachsen-barrierefreie-xxl-rolltreppe-leipzig-100.html,https://www.mdr.de/nachrichten/sachsen/leipzig/leipzig-leipzig-land/sanierung-citytunnel-bahn-rolltreppe-barrierefrei-100.html,71.48928571428573,5.148379120879121,34.67032967032967,46.89187418086499,10.254597903014417,52.72739187418086
mdr,152,https://www.mdr.de/nachrichten-leicht/leichte-sprache-sachsen-haushaltsluecke-bildungsticket-preiserhoehung-100.html,https://www.mdr.de/nachrichten/sachsen/politik/bildungsticket-preiserhoehung-haushaltsluecke-100.html,71.50447479981158,4.8773958549222804,33.12505887894489,46.99944196428572,9.912215178571426,51.488839285714285
mdr,153,https://www.mdr.de/nachrichten-leicht/leichte-sprache-thueringen-moschee-in-erfurt-eroeffnet-100.html,https://www.mdr.de/nachrichten/thueringen/mitte-thueringen/erfurt/moschee-ahmadiyya-marbach-eroeffnung-100.html,72.89,5.29396,38.4,49.2707136997539,9.991585726004923,50.389663658736666
mdr,154,https://www.mdr.de/nachrichten-leicht/leichte-sprache-sachsen-warnstreik-oepnv-100.html,https://www.mdr.de/nachrichten/sachsen/warnstreik-nahverkehr-streik-busse-regionalverkehr-100.html,65.2418831168831,5.590636507936509,37.24819624819625,31.82048681541582,12.66485598377282,62.23123732251521
mdr,155,https://www.mdr.de/nachrichten-leicht/leichte-sprache-thuerinen-fuenf-autos-ausgebrannt-100.html,https://www.mdr.de/nachrichten/thueringen/mitte-thueringen/erfurt/nach-autobrand-in-erfurt-tatverdaechtige-ermittelt-100.html,69.78170731707318,4.423479024390244,30.151219512195123,58.52571428571427,8.270561904761905,44.04761904761905
mdr,156,https://www.mdr.de/nachrichten-leicht/leichte-sprache-thueringen-goldmedaille-langenhan-100.html,https://www.mdr.de/sport/andere_sportarten/olympia-rodeln-einzel-maenner-langenhan-100.html,68.76986506746628,6.840777234459695,40.29114289009341,61.45,7.776820512820512,45.993589743589745
mdr,157,https://www.mdr.de/nachrichten-leicht/leichte-sprache-sachsen-anhalt-ice-oberleitung-100.html,https://www.mdr.de/nachrichten/sachsen-anhalt/dessau/wittenberg/ice-gestrandet-oberleitung-bahn-zuege-umleitung-108.html,68.02511160714286,6.344466964285715,36.48660714285714,54.98125571472113,9.231294666260286,46.06796708320634
mdr,158,https://www.mdr.de/nachrichten-leicht/leichte-sprache-thueringen-gedenkfeier-buchenwald-100.html,https://www.mdr.de/nachrichten/thueringen/mitte-thueringen/weimar/gedenken-kz-gedenkstaette-buchenwald-kerkeling-100.html,65.51079153791301,6.791646237223676,40.033301640123604,36.749701135684376,11.605033233711895,55.25134488942021
mdr,159,https://www.mdr.de/nachrichten-leicht/leichte-sprache-mittel-deutschland-tarif-abschluss-oeffentlicher-dienst-100.html,https://www.mdr.de/nachrichten/deutschland/politik/tarifeinigung-beschaeftigte-oeffentlicher-dienst-laender-abschluss-100.html,56.47570332480818,7.905978346121056,44.06052855924979,50.245989304812824,9.167840751405459,47.11648155765803
mdr,160,https://www.mdr.de/nachrichten-leicht/leichte-sprache-sachsen-tod-pflegeheim-100.html,https://www.mdr.de/nachrichten/sachsen/chemnitz/chemnitz-stollberg/toetungsdelikt-pflegeheim-polizei-bernsdorf-todesursache-100.html,76.86764705882352,4.8034058823529415,31.294117647058822,46.69151376146789,11.412457798165137,55.82683486238532
mdr,161,https://www.mdr.de/nachrichten-leicht/leichte-sprache-sachsen-frauen-sexualisierte-gewalt-schutz-100.html,https://www.mdr.de/nachrichten/sachsen/sexualisierte-gewalt-schutz-frauen-hilfe-collien-fernandes-100.html,62.103864734299506,7.320242512077295,41.743961352657,50.011410562921085,8.502811780047816,45.71288850249945
mdr,162,https://www.mdr.de/nachrichten-leicht/leichte-sprache-zeulenroda-grossbrand-feuerwehr-thueringen-deponie-100.html,https://www.mdr.de/nachrichten/thueringen/ost-thueringen/greiz/brand-muell-deponie-feuerwehr-zeulenroda-102.html,68.93181818181819,5.220763636363636,32.49242424242424,47.7778947368421,9.597800000000001,50.50877192982456
mdr,163,https://www.mdr.de/nachrichten-leicht/leichte-sprache-sachsen-ddr-zug-testfahrt-svt-goerlitz-100.html,https://www.mdr.de/nachrichten/sachsen-anhalt/magdeburg/harz/ddr-zug-absolviert-erste-probefahrt-104.html,79.08333333333334,3.8803166666666673,30.782051282051285,56.46194926568759,9.00614526034713,50.79973297730307
mdr,164,https://www.mdr.de/nachrichten-leicht/leichte-sprache-sachsen-saalekreis-anhalt-querfurt-sirene-heulen-falsch-100.html,https://www.mdr.de/nachrichten/sachsen-anhalt/halle/saalekreis/querfurt-sirenen-alarm-ermittlungen-polizei-104.html,70.39458128078817,5.294024630541872,31.04679802955665,42.63905502392345,10.976035964912283,52.414673046252
mdr,165,https://www.mdr.de/nachrichten-leicht/leichte-sprache-dresden-polizei-gedenken-sicherheitszone-nationalsozialismus-100.html,https://www.mdr.de/nachrichten/sachsen/dresden/dresden-radebeul/sicherheit-schutz-demos-gedenken-allgemeinverfuegung-100.html,62.42970391595034,7.069692187201529,45.44422158548233,43.307021466905184,11.181719499105547,55.963327370304114
mdr,166,https://www.mdr.de/nachrichten-leicht/leichte-sprache-thueringen-volleyball-vfb-suhl-pokalsieg-gegen-mtv-mannheim-100.html,https://www.mdr.de/sport/volleyball/nachklapp-laura-berger-volleyball-pokal-finale-vfb-suhl-mtv-stuttgart-100.html,73.74502652519894,5.387800530503979,33.06100795755968,64.1259598853868,6.249026040114613,39.461432664756444
mdr,167,https://www.mdr.de/nachrichten-leicht/leichte-sprache-thueringen-greiz-betrug-ehepaar-verliert-hohe-geldsumme-100.html,https://www.mdr.de/nachrichten/thueringen/ost-thueringen/greiz/betrug-hohe-geldsumme-polizei-102.html,69.01060487038492,6.631959203980099,39.93218119926682,35.2360774818402,12.557582082324455,59.230024213075055
mdr,168,https://www.mdr.de/nachrichten-leicht/leichte-sprache-sachsen-anhalt-haushalt-software-fehler-landesfinanzen-100.html,https://www.mdr.de/nachrichten/sachsen-anhalt/landespolitik/software-debakel-landtag-ohne-einblick-in-landesfinanzen-102.html,58.35798267326733,7.401178300330034,38.51165429042904,37.37671774592191,11.742019021255562,56.99871478002966
mdr,169,https://www.mdr.de/nachrichten-leicht/leichte-sprache-sachsen-anhalt-thueringen-was-machen-an-ostern-100.html,https://www.mdr.de/nachrichten/thueringen/sued-thueringen/schmalkalden-meiningen/osterspaziergang-wandern-ostersonntag-vorbei-100.html,71.22524994566398,5.073125124972831,33.785264073027605,40.986486486486484,11.073755555555554,55.13663663663664
mdr,170,https://www.mdr.de/nachrichten-leicht/leichte-sprache-thueringen-weissensee-runneburg-brand-feuer-100.html,https://www.mdr.de/nachrichten/thueringen/mitte-thueringen/soemmerda/runneburg-weissensee-brand-feuer-100.html,80.16233766233768,3.7416086580086576,29.125541125541126,55.997282608695656,9.17433357487923,48.6862922705314
mdr,171,https://www.mdr.de/nachrichten-leicht/leichte-sprache-thueringen-erfurt-nach-brand-einsturzgefahr-100.html,https://www.mdr.de/nachrichten/thueringen/mitte-thueringen/erfurt/domplatz-brand-haus-abgerissen-102.html,76.53060344827587,4.232112068965518,31.13146551724138,40.626771653543315,12.066235275590552,56.00708661417323
mdr,172,https://www.mdr.de/nachrichten-leicht/leichte-sprache-sachsen-anhalt-ausgrabungen-in-weissenfels-100.html,https://www.mdr.de/nachrichten/sachsen-anhalt/halle/burgenland/weissenfels-ausgrabungen-neubau-promenade-100.html,59.74285714285715,6.657742857142857,39.07142857142857,43.05000000000001,10.7036,51.333333333333336
mdr,173,https://www.mdr.de/nachrichten-leicht/leichte-sprache-sachsen-anhalt-einfuehrung-e-akte-verschoben-100.html,https://www.mdr.de/nachrichten/sachsen-anhalt/elektronische-akte-justiz-einfuehrung-verschoben-100.html,68.4115763546798,5.96592236453202,36.258374384236454,39.518571428571434,11.055009523809524,53.40476190476191
mdr,174,https://www.mdr.de/nachrichten-leicht/leichte-sprache-sachsen-online-erpressung-nacktbilder-100.html,https://www.mdr.de/nachrichten/sachsen/sextortion-erpressung-nacktbilder-bilianz-lovescamming-100.html,74.44840425531915,5.6311214893617025,35.729787234042554,46.415617623918166,10.383971334906898,52.25308156307369
mdr,175,https://www.mdr.de/nachrichten-leicht/leichte-sprache-sachsen-bildungsurlaub-arbeitnehmer-qualifikation-100.html,https://www.mdr.de/nachrichten/sachsen/politik/bildungsurlaub-anspruch-abstimmung-beschluss-landtag-100.html,66.6021505376344,6.62645541770058,37.380479735318445,44.87083962875026,10.569221454780921,52.54154975178071
mdr,176,https://www.mdr.de/nachrichten-leicht/leichte-sprache-sachsen-anhalt-streik-oepnv-blk-100.html,https://www.mdr.de/nachrichten/sachsen-anhalt/halle/burgenland/bus-streik-burgenlandkreis-104.html,69.1882530120482,4.774037349397591,30.856927710843372,45.835431654676256,10.770603597122301,55.5044964028777
mdr,177,https://www.mdr.de/nachrichten-leicht/leichte-sprache-sachsen-anhalt-groebener-see-unfall-toter-eise-feuerwehr-warnung-100.html,https://www.mdr.de/nachrichten/sachsen-anhalt/dessau/wittenberg/graefenhainichen-unfall-toter-eis-groebener-see-feuerwehr-warnt-100.html,80.43995584988963,4.2093387196468,30.596467991169977,58.487837837837844,8.243938018018017,43.98288288288288
mdr,178,https://www.mdr.de/nachrichten-leicht/leichte-sprache-sachsen-anhalt-fsme-risiko-100.html,https://www.mdr.de/nachrichten/sachsen-anhalt/halle/halle/zecken-fsme-risikogebiet-impfung-100.html,59.94687499999999,7.975562499999999,43.125,38.71428571428572,10.672448351648354,51.362637362637365
mdr,179,https://www.mdr.de/nachrichten-leicht/leichte-sprache-dresden-prozess-saechsiche-separatisten-hauptverhandlung-100.html,https://www.mdr.de/nachrichten/sachsen/dresden/dresden-radebeul/prozess-saechsische-separatisten-gericht-100.html,60.72027290448344,7.691979277252962,39.91737891737892,37.1179245283019,11.73557819706499,54.340146750524106
mdr,180,https://www.mdr.de/nachrichten-leicht/leichte-sprache-sachsen-chemnitz-kongresshotel-kuendigt-100.html,https://www.mdr.de/nachrichten/sachsen/chemnitz/chemnitz-stollberg/congress-hotel-kuendigung-arbeitslos-abfindung-100.html,58.5326153846154,6.794612307692308,38.41538461538462,42.44670658682635,10.478317844311377,52.029341317365265
mdr,181,https://www.mdr.de/nachrichten-leicht/leichte-sprache-thueringen-erfurt-brand-verbot-von-feuerwerk-100.html,https://www.mdr.de/nachrichten/thueringen/mitte-thueringen/erfurt/grossbrand-domplatz-silvester-stadt-boellerverbotszone-100.html,73.23295454545453,4.075992307692308,30.608391608391607,40.10735294117647,11.827512254901961,54.53431372549019
mdr,182,https://www.mdr.de/nachrichten-leicht/leichte-sprache-streik-sachsen-anhalt-busse-bahnen-100.html,https://www.mdr.de/nachrichten/sachsen-anhalt/nahverkehr-warnstreik-tarif-bus-bahn-110.html,60.42316017316017,6.668915151515153,39.45670995670996,36.47234321700341,11.926301495670428,55.08396746260824
mdr,183,https://www.mdr.de/nachrichten-leicht/leichte-sprache-thueringen-regionalliga-auftakt-faellt-wegen-wetter-aus-100.html,https://www.mdr.de/sport/fussball_1bl/regionalliga-absagen-wochenende-spieltag-winter-100.html,73.34151502327549,4.80160228523064,34.79517562420652,44.97558027079302,9.772334042553192,51.66537717601547
mdr,184,https://www.mdr.de/nachrichten-leicht/leichte-sprache-mitteldeutschland-sprit-preise-steigen-wegen-krieg-im-nahen-osten-102.html,https://www.mdr.de/nachrichten/deutschland/wirtschaft/iran-krieg-benzinpreise-spritpreise-oelpreise-gaspreise-erdgas-100.html,77.96679653679654,3.630761904761904,28.89177489177489,53.12146746175783,8.526570443349753,45.58296603577911
mdr,185,https://www.mdr.de/nachrichten-leicht/leichte-sprache-sachsen-erstes-inklusions-theater-in-dresden-100.html,https://www.mdr.de/nachrichten/sachsen/dresden/dresden-radebeul/farbwerk-inklusion-tanz-schauspiel-ensemble-kultur-news-100.html,69.64545454545454,5.4625022222222235,35.15252525252525,52.015957446808514,9.23707954173486,47.1018821603928
mdr,186,https://www.mdr.de/nachrichten-leicht/leichte-sprache-sachsen-anhalt-neue-s-bahn-flotte-100.html,https://www.mdr.de/nachrichten/sachsen-anhalt/halle/burgenland/neue-s-bahn-zuege-mireo-100.html,73.75673076923077,4.800467948717949,35.06410256410256,56.11032863849765,7.233110798122066,40.002347417840376
mdr,187,https://www.mdr.de/nachrichten-leicht/leichte-sprache-mitteldeutschland-polarlichter-100.html,https://www.mdr.de/nachrichten/sachsen/polarlichter-sonne-nachthimmel-100.html,62.899521531100476,5.748589473684209,36.67942583732057,47.60943833236824,9.649202547770702,50.259988419224086
mdr,188,https://www.mdr.de/nachrichten-leicht/leichte-sprache-magdeburg-gedenken-bomben-weltkrieg-100.html,https://www.mdr.de/nachrichten/sachsen-anhalt/magdeburg/magdeburg/bombardierung-aktionswoche-eine-stadt-fuer-alle-veranstaltungen-kultur-news-100.html,69.7062818336163,6.001058781362008,36.01594038860593,49.040948275862064,9.623656896551726,48.49640804597701
mdr,189,https://www.mdr.de/nachrichten-leicht/leichte-sprache-sachsen-anhalt-haseloff-schulze-ministerpraesident-wahl-januar-100.html,https://www.mdr.de/nachrichten/sachsen-anhalt/landespolitik/haseloff-ruecktritt-schulze-wechsel-ministerpraesident-cdu-spd-fdp-100.html,60.94338851420396,6.577291191498059,37.275495605967706,43.156812218890565,10.40187338830585,51.276611694152926
mdr,190,https://www.mdr.de/nachrichten-leicht/leichte-sprache-sachsen-handy-verbot-an-grundschulen-100.html,https://www.mdr.de/nachrichten/deutschland/gesellschaft/handy-verbot-grundschule-smartphone-unterricht-100.html,65.61086474501109,5.893543089430895,37.198078344419805,48.7814655172414,9.635242042440318,50.815649867374006
mdr,191,https://www.mdr.de/nachrichten-leicht/leichte-sprache-mitteldeutschland-waffen-verteidigung-ruestungsmilliarden-100.html,https://www.mdr.de/nachrichten/deutschland/wirtschaft/ruestung-industrie-osten-chancen-sondervermoegen-100.html,54.10235154796145,7.642577871764507,39.57858230417865,43.61625666864256,10.183574609760917,50.116800039517884
mdr,192,https://www.mdr.de/nachrichten-leicht/leichte-sprache-thueringen-warn-streik-bus-bahn-verdi-100.html,https://www.mdr.de/nachrichten/thueringen/warnstreik-bus-strassenbahn-erfurt-jena-gera-102.html,64.31504065040652,7.244152032520326,41.105691056910565,45.310655861099946,10.817466850662385,51.422721798474505
mdr,193,https://www.mdr.de/nachrichten-leicht/leichte-sprache-mittel-deutschland-glatteis-unfaelle-gehweg-streupflicht-100.html,https://www.mdr.de/nachrichten/deutschland/panorama/glatteis-unfaelle-gehweg-streupflicht-nicht-eingehalten-100.html,68.43573730862208,5.794172119258663,38.040290088638194,57.640923926688416,8.461594988701982,47.36434848104444
mdr,194,https://www.mdr.de/nachrichten-leicht/leichte-sprache-thueringen-naturschutz-gebiet-100.html,https://www.mdr.de/nachrichten/thueringen/sued-thueringen/suhl/wald-naturschutz-baeche-moore-bergwiesen-100.html,73.33046964490265,4.607353722794961,31.396334478808708,40.392982456140345,10.552649122807017,51.62280701754386
mdr,195,https://www.mdr.de/nachrichten-leicht/leichte-sprache-vonovia-prozess-amtsgericht-dresden-mieterverein-klagewelle-100.html,https://www.mdr.de/nachrichten/sachsen/dresden/dresden-radebeul/vonovia-miete-streit-klagen-gericht-100.html,64.74313725490195,6.369698039215686,40.15686274509804,51.86151279199109,9.71301957730812,51.1173953965945
mdr,196,https://www.mdr.de/nachrichten-leicht/leichte-sprache-sachsen-verhinderter-raub-in-dresden-100.html,https://www.mdr.de/nachrichten/sachsen/dresden/dresden-radebeul/polizei-zwinger-einbruch-versuch-cyberangriff-porzellansammlung-100.html,50.57983041674184,10.129662312826989,49.06747248782248,27.877499999999998,12.657138888888888,58.951388888888886
mdr,197,https://www.mdr.de/nachrichten-leicht/leichte-sprache-chemnitz-congress-hotel-schliesst-ngg-100.html,https://www.mdr.de/nachrichten/sachsen/chemnitz/chemnitz-stollberg/congress-hotel-schliesst-zukunft-unklar-100.html,79.88782961460446,3.207738336713996,29.90872210953347,55.72376670516415,8.392593862398945,46.23197492163009
mdr,198,https://www.mdr.de/nachrichten-leicht/leichte-sprache-kulturnachricht-106.html,https://www.mdr.de/kultur/ausflug-tipps/hainich-quedlinburg-muldental-wohin-am-wochenende-tipps-100.html,76.99403946286652,4.035043792819951,30.593039188818857,43.389434889434895,10.861562244062243,53.595413595413596
mdr,199,https://www.mdr.de/nachrichten-leicht/leichte-sprache-sachsen-anhalt-armutsgefaehrdung-quote-berechnung-100.html,https://www.mdr.de/nachrichten/sachsen-anhalt/armut-gefaehrdung-berechnungen-100.html,66.9340976719762,5.28625846315421,37.19026781025731,48.7457627118644,9.918191525423728,52.46186440677966
mdr,200,https://www.mdr.de/nachrichten-leicht/leichte-sprache-lufthansa-streik-dresden-leipzig-passagiere-flughafen-100.html,https://www.mdr.de/nachrichten/deutschland/wirtschaft/lufthansa-streik-fluege-gestrichen-leipzig-halle-dresden-102.html,73.49397869383974,5.217468179712831,32.66743862899491,40.00052410901469,12.464841928721174,54.54507337526206
mdr,201,https://www.mdr.de/nachrichten-leicht/leichte-sprache-sachsen-anhalt-hfc-teambus-angezuendet-100.html,https://www.mdr.de/sport/fussball_rl/bus-ausgebrannt-hallescher-fc-frankfurt-100.html,73.0,4.468663157894737,35.815789473684205,57.10714285714286,9.760778021978023,49.604395604395606
mdr,202,https://www.mdr.de/nachrichten-leicht/leichte-sprache-mitteldeutschland-razzia-menschenhandel-100.html,https://www.mdr.de/nachrichten/deutschland/panorama/razzia-sachsen-anhalt-thueringen-vietnamesinnen-bordelle-chemnitz-halle-100.html,57.55882812499999,8.169393625,41.49,32.73630363036304,13.094844488448846,59.01122112211221
mdr,203,https://www.mdr.de/nachrichten-leicht/leichte-sprache-haseloff-neuwahl-sven-schulze-100.html,https://www.mdr.de/nachrichten/sachsen-anhalt/landespolitik/haseloff-ruecktritt-offiziell-100.html,61.57949172576831,6.199768557919622,37.040189125295505,43.40570175438599,9.882537719298247,48.85087719298245
mdr,204,https://www.mdr.de/nachrichten-leicht/leichte-sprache-mitteldeutschland-buecher-leichte-sprache-inklusion-100.html,https://www.mdr.de/kultur/buchmesse/leipzig-buecher-leichte-einfache-sprache-trend-inklusion-kultur-news-102.html,70.96695250659631,5.492702849604221,39.81800791556728,53.108047945205485,9.622575479452056,51.24383561643836
mdr,205,https://www.mdr.de/nachrichten-leicht/leichte-sprache-sachsen-anhalt-stendal-ns-verbrechen-ausstellung-schueler-100.html,https://www.mdr.de/nachrichten/sachsen-anhalt/stendal/stendal/denken-ohne-gelaender-schueler-erinnern-ns-verbrechen-102.html,62.75349462365591,7.221783440860214,43.7505376344086,44.9665203788998,10.52753605631355,53.94907447640567
mdr,206,https://www.mdr.de/nachrichten-leicht/leichte-sprache-sachsen-anhalt-industrieansiedlung-zorbau-100.html,https://www.mdr.de/nachrichten/sachsen-anhalt/halle/burgenland/luetzen-foerdermittel-investition-104.html,68.83233082706766,5.279971428571429,32.6390977443609,54.02650551314676,8.129528583545378,44.708227311280744
mdr,207,https://www.mdr.de/nachrichten-leicht/leichte-sprache-thueringen-mittelbau-dora-gedenken-100.html,https://www.mdr.de/nachrichten/thueringen/nord-thueringen/nordhausen/mittelbau-dora-gedenken-106.html,65.22712310730743,6.041499458145541,35.0234972400871,37.53441023052329,10.706381591788658,51.28537775534242
mdr,208,https://www.mdr.de/nachrichten-leicht/leichte-sprache-mittel-deutschland-schnee-glaette-wintereinbruch-verkehr-100.html,https://www.mdr.de/nachrichten/sachsen/winter-wetter-neuschnee-unfaelle-glaette-autobahn-stau-100.html,68.56889816810346,6.985972413793104,40.858836206896555,52.95394736842104,9.720215384615386,53.921052631578945
mdr,209,https://www.mdr.de/nachrichten-leicht/leichte-sprache-sachsen-anhalt-sozialreform-grad-der-behinderung-100.html,https://www.mdr.de/nachrichten/sachsen-anhalt/landtag-beschliesst-reform-sozialverwaltung-100.html,58.67741935483872,6.286967392702878,38.10320742578807,36.49343696027634,11.11236884283247,52.763039723661485
mdr,210,https://www.mdr.de/nachrichten-leicht/leichte-sprache-halle-roemisches-lager-aken-trabitz-100.html,https://www.mdr.de/nachrichten/sachsen-anhalt/halle/halle/archaeologie-roemer-lager-fund-kultur-news-100.html,57.876370887338,7.866412030574942,41.48521103356597,43.61211111111112,10.788122222222222,52.08888888888889
mdr,211,https://www.mdr.de/nachrichten-leicht/leichte-sprache-sachsen-waldbraende-ostern-lilienstein-niesky-100.html,https://www.mdr.de/nachrichten/sachsen/dresden/freital-pirna/brand-feuerstelle-saechsische-schweiz-elbsandsteingebirge-100.html,81.65984654731457,3.5192658141517477,30.4381926683717,51.29144965277777,10.074244618055555,51.33159722222222
mdr,212,https://www.mdr.de/nachrichten-leicht/leichte-sprache-mittel-deutschland-sommer-flugplan-100.html,https://www.mdr.de/nachrichten/sachsen/leipzig/leipzig-leipzig-land/flughafen-airport-sommerflugplan-urlaub-fluege-102.html,76.24706744868033,4.774567741935485,31.03519061583578,21.785714285714306,14.887624489795922,69.39795918367346
mdr,213,https://www.mdr.de/nachrichten-leicht/leichte-sprache-thueringen-fussball-jena-lok-100.html,https://www.mdr.de/sport/fussball_rl/bericht-regionalliga-nordost-fc-lok-leipzig-fc-carl-zeiss-jena-110.html,76.04550511793502,4.830342946150424,35.42412105028927,55.874390243902425,8.08079951219512,45.36341463414634
mdr,214,https://www.mdr.de/nachrichten-leicht/leichte-sprache-thueringen-neues-wolfspaar-100.html,https://www.mdr.de/nachrichten/thueringen/mitte-thueringen/arnstadt-ilmkreis/woelfe-kalmberg-rudolstadt-territorium-100.html,65.03571428571428,6.302663492063493,38.27777777777778,46.542494481236204,10.378734657836645,52.31843267108168
mdr,215,https://www.mdr.de/nachrichten-leicht/leichte-sprache-sachsen-naunhof-buergerentscheid-windkraft-abstimmung-100.html,https://www.mdr.de/nachrichten/sachsen/leipzig/leipzig-leipzig-land/windkraft-buergerentscheid-naunhof-wahl-abstimmung-104.html,61.673913043478265,5.707039130434783,38.673913043478265,44.306335403726706,10.489716124223602,51.69987577639752
mdr,216,https://www.mdr.de/nachrichten-leicht/leichte-sprache-thueringen-muellkippenbrand-100.html,https://www.mdr.de/nachrichten/thueringen/ost-thueringen/greiz/brand-muell-deponie-feuerwehr-zeulenroda-102.html,63.46571428571427,6.502028571428571,38.714285714285715,47.7778947368421,9.597800000000001,50.50877192982456
mdr,217,https://www.mdr.de/nachrichten-leicht/leichte-sprache-sachsen-anhalt-magdeburg-fcm-dynamo-dresden-ausschreitungen-polizei-ermittlungen-100.html,https://www.mdr.de/nachrichten/sachsen-anhalt/magdeburg/magdeburg/fcm-dynamo-dresden-ausschreitungen-polizei-festnahme100.html,60.10527638190956,8.277333467336684,43.11582914572864,41.78489702517163,11.351969230769232,54.19838056680162
mdr,218,https://www.mdr.de/nachrichten-leicht/leichte-sprache-mitteldeutschland-schnee-unfaelle-100.html,https://www.mdr.de/nachrichten/sachsen/chemnitz/annaberg-aue-schwarzenberg/zwoenitz-toedlicher-unfall-glatt-strasse-100.html,71.8319099378882,5.378288509316771,36.46001552795031,56.7379679144385,8.398998692810459,47.89601901366607
mdr,219,https://www.mdr.de/nachrichten-leicht/leichte-sprache-wildkatzen-thueringen-rhoen-hauskatze-naturschuetzer-100.html,https://www.mdr.de/nachrichten/thueringen/wildkatze-verbreitung-nicht-mitnehmen-bund-100.html,71.0995,6.337489999999999,37.4125,52.25564256103179,10.286799078765547,49.67250115154307
mdr,220,https://www.mdr.de/nachrichten-leicht/leichte-sprache-sachsen-scheibe-see-hoyerswerda-mole-100.html,https://www.mdr.de/nachrichten/sachsen/bautzen/bautzen-hoyerswerda-kamenz/scheibe-see-boot-mole-tourismus-100.html,75.47272727272725,3.0384622727272736,24.14090909090909,45.17045454545453,10.437815151515153,49.833333333333336
mdr,221,https://www.mdr.de/nachrichten-leicht/leichte-sprache-sport-thueringen-sachsen-skispringen-hoffmann-freitag-100.html,https://www.mdr.de/sport/skispringen-vierschanzentournee-garmisch-felix-hoffmann-100.html,65.25,6.623875213675213,41.373931623931625,55.787719298245605,7.832017543859651,47.41228070175438
mdr,222,https://www.mdr.de/nachrichten-leicht/leichte-sprache-sachsen-anhalt-zerbst-klinik-in-kommunaler-hand-100.html,https://www.mdr.de/nachrichten/sachsen-anhalt/dessau/anhalt/klinik-zerbst-wieder-in-kommunaler-hand-102.html,65.42702702702704,6.554673753753755,39.62852852852853,49.34781849912741,10.156159930191974,48.85898778359511
mdr,223,https://www.mdr.de/nachrichten-leicht/leichte-sprache-sachsen-dresden-csd-als-strassenfest-100.html,https://www.mdr.de/nachrichten/sachsen/dresden/dresden-radebeul/csd-demo-veranstaltung-entscheidung-strassenfest-100.html,68.90903975993999,5.800962040510127,36.387471867966994,33.77000906070674,11.879211295681063,54.545605557233465
mdr,224,https://www.mdr.de/nachrichten-leicht/leichte-sprache-sachsen-warnstreik-schulen-100.html,https://www.mdr.de/nachrichten/sachsen/warnstreik-mehr-gehalt-schulen-gew-102.html,79.0673469387755,4.308321904761905,34.970068027210885,49.471428571428575,9.570005714285713,48.79047619047619
mdr,225,https://www.mdr.de/nachrichten-leicht/leichte-sprache-sachsen-anhalt-kirche-gegen-afd-100.html,https://www.mdr.de/nachrichten/sachsen-anhalt/evangelische-kirche-ekm-gegen-afd-wahlkampf-kultur-news-100.html,75.44800950683305,3.4369954842543082,29.10546642899584,51.697603263641,8.407129916709163,47.22063573006969
mdr,226,https://www.mdr.de/nachrichten-leicht/leichte-sprache-thueringen-erfurt-strassenbahn-sperrung-anger-100.html,https://www.mdr.de/nachrichten/thueringen/mitte-thueringen/erfurt/strassenbahn-umleitung-evag-anger-domplatz-100.html,60.18946894689469,6.886338613861386,39.874887488748875,31.98970588235295,12.251909411764707,61.576470588235296
sozialpolitik,0,https://www.sozialpolitik.com/es/translate-to-leichte-sprache-arbeitslosigkeit-und-arbeitslosenversicherung,https://www.sozialpolitik.com/arbeitslosigkeit-und-arbeitslosenversicherung,70.16284013605444,4.838835166288738,34.74225245653817,38.92145287736646,11.362197428136339,53.18727792295689
sozialpolitik,1,https://www.sozialpolitik.com/es/digitalisierung,https://www.sozialpolitik.com/digitalisierung,55.47667140825037,7.6912702702702695,40.54765291607397,38.882095370320926,10.81566740001068,51.25471244726865
sozialpolitik,2,https://www.sozialpolitik.com/es/kein-geld-zum-leben,https://www.sozialpolitik.com/armut-und-reichtum,68.649538638985,5.924966689734717,36.622952710495966,46.56328536328536,9.644869137709138,50.69429039429039
sozialpolitik,3,https://www.sozialpolitik.com/es/soziale-gerechtigkeit,https://www.sozialpolitik.com/soziale-gerechtigkeit,59.3245873648264,5.651552896983494,35.05987478656802,44.39579280440641,10.206808039376538,51.83464197820227
sozialpolitik,4,https://www.sozialpolitik.com/es/die-europaeische-union,https://www.sozialpolitik.com/soziales-europa,56.23428571428572,8.150432967032966,40.67032967032967,38.10833333333335,10.855407407407409,53.1712962962963
sozialpolitik,5,https://www.sozialpolitik.com/es/recht-auf-soziale-entschaedigung,https://www.sozialpolitik.com/opferentschaedigung,64.68181818181819,6.402000000000001,37.2027972027972,37.57928706186078,11.490279396286368,53.76119551186576
sozialpolitik,6,https://www.sozialpolitik.com/es/sozial-versicherung-im-alter,https://www.sozialpolitik.com/alterssicherung,50.23414905450501,8.398453862316156,43.31244592757385,30.05960622419815,12.782758018418548,56.792632581772
sozialpolitik,7,https://www.sozialpolitik.com/es/ausbildung-und-studium,https://www.sozialpolitik.com/ausbildung-und-studium,67.13882063882063,6.734947747747749,41.62244062244062,19.86500000000001,15.037999999999998,72.0
sozialpolitik,8,https://www.sozialpolitik.com/es/der-berufs-einstieg,https://www.sozialpolitik.com/praktische-hilfen-zum-berufseinstieg,49.879172714078365,7.221216158684083,38.971456216739234,36.03125,10.752610714285714,52.47959183673469
sozialpolitik,9,https://www.sozialpolitik.com/es/rechte-und-pflichten-fuer-die-arbeit,https://www.sozialpolitik.com/arbeitsrecht,58.03686392762911,8.166117617791182,41.171579344138706,37.72492107340176,11.209347671665352,53.95076953433307
sozialpolitik,10,https://www.sozialpolitik.com/es/die-arbeits-welt,https://www.sozialpolitik.com/arbeitswelt-von-morgen,58.056408588158746,8.3950507482108,42.34547820429408,40.58101431740272,10.648607945150232,50.87724339584594
sozialpolitik,11,https://www.sozialpolitik.com/es/leben-im-sozial-staat,https://www.sozialpolitik.com/das-sozialstaatprinzip,51.42565725413826,7.8361573222979555,42.00155793573515,30.538130934532745,11.612595345184548,54.21753409009781
sozialpolitik,12,https://www.sozialpolitik.com/es/leben-und-arbeiten-mit-behinderung,https://www.sozialpolitik.com/leben-und-arbeiten-mit-behinderung,60.28149515459158,7.5698311336717445,42.11867405014613,43.944912273442014,10.364864760407183,50.08044359844409
sozialpolitik,13,https://www.sozialpolitik.com/es/das-recht-auf-mit-bestimmung,https://www.sozialpolitik.com/mitbestimmungsrecht,52.208281733746134,9.664458885448918,44.607507739938086,42.640066272285566,10.598575589030514,51.87267996178163
hannover,0,https://www.hannover.de/Leichte-Sprache/Nachrichten-und-Veranstaltungen/Nachrichten/Info∙bus-an-Schulen-Informationen-zur-Impfung-gegen-das-HPV-Virus,https://www.hannover.de/Leben-in-der-Region-Hannover/Verwaltungen-Kommunen/Die-Verwaltung-der-Region-Hannover/Pressebereich-Region-Hannover/Aktuelle-Pressemitteilungen/Krebsvorsorge-Impfung-Region-Han­no­ver-fährt-mit-Infobus-an-rund-30-Schulen,69.52190580503834,6.146749936810177,37.84522706209453,48.538479157123234,9.609574194533517,48.24965643609711
hannover,1,https://www.hannover.de/Leichte-Sprache/Nachrichten-und-Veranstaltungen/Veranstaltungen/Die-Finals-2026-in-Hannover,https://www.hannover.de/Veranstaltungskalender/Sport/Die-Finals-Hannover,65.22486631016042,6.1183734759358295,37.15748663101604,55.68571428571428,8.5702,47.142857142857146
hannover,2,https://www.hannover.de/Leichte-Sprache/Nachrichten-und-Veranstaltungen/Nachrichten/Neue-Park∙zonen-für-Bewohner-in-der-Stadt-Hannover,https://www.hannover.de/Service/Presse-Medien/Landeshauptstadt-Hannover/Aktuelle-Meldungen-und-Veranstaltungen/Neue-Bewohner*innen-Parkzonen-ab-Mai-2026,65.14373914721203,6.526785383840333,37.41181640834351,38.703522113267965,10.335635741444868,53.00560336201721
hannover,3,https://www.hannover.de/Leichte-Sprache/Nachrichten-und-Veranstaltungen/Nachrichten/ÜSTRA-easy-Neue-Fahr·karten-App-für-Busse-und-Bahnen,https://www.hannover.de/Service/Presse-Medien/Hannover.de/Aktuelles/Service-2026/Neues-Luft­li­nien-Ta­rif­mo­dell-mit-der-„ÜSTRA-easy“-App,77.63742482500247,3.891795397247927,28.11009704088675,51.31703536774981,9.099381070282824,46.28668641382432
hannover,4,https://www.hannover.de/Leichte-Sprache/Nachrichten-und-Veranstaltungen/Nachrichten/Behinderten∙sportlerin-2026,https://www.hannover.de/Leben-in-der-Region-Hannover/Soziales/Menschen-mit-Behinderung/Aktuelles/Meldungen/Helena-Klintschar-ist-„Be­hin­der­ten­­sport­­lerin-des-Jahres“-2026,61.59657738095238,7.25046726190476,40.74404761904762,43.72021575984991,9.38851163227017,50.02063789868668
hannover,5,https://www.hannover.de/Leichte-Sprache/Nachrichten-und-Veranstaltungen/Veranstaltungen/Messe-in-Hannover-Inklusion-2026,https://www.hannover.de/Veranstaltungskalender/Messen-Kongresse/Inklusion-2026-Jugend-und-Erlebnis­­messe,62.422884736510596,6.287486281755197,36.04824690321226,42.531679389312984,10.120549007633588,49.7412213740458
hannover,6,https://www.hannover.de/Leichte-Sprache/Hilfe-und-Tipps/Ideen-und-Beschwerden-an-das-Bürger∙büro-schicken,https://www.hannover.de/Leben-in-der-Region-Hannover/Bürger-Service/Bürger-Service-in-der-Landeshauptstadt-Hannover/Ideen-und-Beschwerden,57.303007518796974,7.150714285714287,37.368421052631575,37.814655172413794,11.512637931034483,54.67672413793103
hannover,7,https://www.hannover.de/Leichte-Sprache/Hilfe-und-Tipps/Notfall/Busse-und-Bahnen-Was-mache-ich-bei-einem-Notfall,https://www.hannover.de/Service/Presse-Medien/Hannover.de/Aktuelles/Aktuelle-Service­in­for­ma­tio­nen-aus-Stadt-und-Re­gion-Hannover/Was-tun-bei-Notfällen-in-Bussen-und-Bahnen,66.9428787878788,5.606314814814815,34.929713804713806,40.30214750924131,11.25268322478437,53.192131666960044
hannover,8,https://www.hannover.de/Leichte-Sprache/Hilfe-und-Tipps/Notfälle-und-Katastrophen-Hilfe-und-Tipps/Verhalten-bei-extremem-Wetter/Stark∙regen-in-der-Region-Hannover-Karte-mit-Hinweisen-und-Informationen,https://www.hannover.de/Leben-in-der-Region-Hannover/Umwelt-Nachhaltigkeit/Klimawandel-und-anpassung/Die-Region-Hannover-im-Klimawandel/Starkregenhinweiskarte-für-die-Region-Hannover,64.0679391170348,6.8244614182594825,37.59724512692963,9.342990654205607,14.165977196261682,61.586915887850466
hannover,9,https://www.hannover.de/Leichte-Sprache/Erklärung-zum-Daten∙schutz-in-Leichter-Sprache,https://www.hannover.de/Datenschutz,58.829400447816354,7.024934484032958,38.011043238190474,34.74700208898173,11.73453786588046,54.3330567778321
hannover,10,https://www.hannover.de/Leichte-Sprache/Erklärung-zur-Barriere∙freiheit-in-Leichter-Sprache,https://www.hannover.de/Leben-in-der-Region-Hannover/Soziales/Menschen-mit-Behinderung/Barriere­freiheits­erklärung,55.490197813869116,8.2696258706908,40.956277381953356,33.44890753116263,12.29125874212048,54.72207213612019
hannover,11,https://www.hannover.de/Leichte-Sprache/Netiquette-Regeln-für-gutes-Verhalten-im-Internet,https://www.hannover.de/Netiquette,58.73964025500911,7.571461657559199,37.92531876138433,6.265306122448976,18.218951020408163,79.60204081632654
hannover,12,https://www.hannover.de/Leichte-Sprache/Hilfe-und-Tipps/Wie-benutze-ich-Hannover.de-in-Leichter-Sprache/Warum-gibt-es-Leichte-Sprache-auf-Hannover.de,https://www.hannover.de/Leben-in-der-Region-Hannover/Soziales/Menschen-mit-Behinderung/Warum-Leichte-Sprache-auf-Hannover.de,59.508522316914636,7.734540286003178,44.13433482594251,52.570941558441575,8.68525,48.798701298701296
hannover,13,https://www.hannover.de/Leichte-Sprache/Hilfe-und-Tipps/Wie-benutze-ich-Hannover.de-in-Leichter-Sprache/Wie-benutze-ich-Hannover.de,https://www.hannover.de/Service/Presse-Medien/Hannover.de/Hilfen-zur-Be­die­nung-von-Han­no­ver.de,64.42308730666537,5.453018399220317,34.788816086089085,47.9297752675556,9.054273373646785,46.05684576542512
hannover,14,https://www.hannover.de/Leichte-Sprache/Hannover-und-Region/Die-Landschaft-von-der-Region-Hannover,https://www.hannover.de/Leben-in-der-Region-Hannover/Verwaltungen-Kommunen/Die-Verwaltung-der-Region-Hannover/Stellt-sich-vor/Geografisch,70.1098484848485,6.658751075268817,36.14418377321603,46.70202020202019,10.533650194250196,51.55322455322455
hannover,15,https://www.hannover.de/Leichte-Sprache/Hannover-und-Region/Die-Verwaltung-von-der-Region-Hannover,https://www.hannover.de/Leben-in-der-Region-Hannover/Verwaltungen-Kommunen/Die-Verwaltung-der-Region-Hannover/Stellt-sich-vor,57.24614600326264,9.208877993474715,40.28892740619902,33.69565217391303,12.860626086956522,54.97826086956522
hannover,16,https://www.hannover.de/Leichte-Sprache/Hannover-und-Region/Sylvia-Thiel-Beauftragte-für-Menschen-mit-Behinderung-von-der-Region-Hannover,"https://www.hannover.de/Leben-in-der-Region-Hannover/Verwaltungen-Kommunen/Die-Verwaltung-der-Region-Hannover/Stellt-sich-vor/Dezernate-und-Fachbereiche-der-Region-Hannover/Dezernat-Soziales,-Teilhabe,-Familie-und-Jugend/Beauftragte-der-Region-Hannover-für-Menschen-mit-Behinderung",54.4427489177489,8.53113212121212,44.35757575757576,9.047469927428182,16.190485157570336,70.40868873645492
hannover,17,https://www.hannover.de/Leichte-Sprache/Hannover-und-Region/Andreas-Mangelsdorf-Beauftragter-für-Menschen-mit-Behinderung-von-der-Landes･haupt･stadt-Hannover,https://www.hannover.de/Leben-in-der-Region-Hannover/Verwaltungen-Kommunen/Die-Verwaltung-der-Landeshauptstadt-Hannover/Dezernate-und-Fachbereiche-der-LHH/Soziales-und-Integration/Beauftragter-für-Menschen-mit-Behinderung-der-Landeshauptstadt-Hannover,52.81733333333334,9.219386666666667,47.61666666666667,25.904128440366947,13.988767339449543,66.2954128440367
hannover,18,https://www.hannover.de/Leichte-Sprache/Hannover-und-Region/Unterwegs-sein,https://www.hannover.de/Leben-in-der-Region-Hannover/Mobilität,76.3,3.5970000000000004,27.5,48.483498349834974,9.393988778877887,47.03135313531353
hannover,19,https://www.hannover.de/Leichte-Sprache/Hilfe-und-Tipps/Park∙zonen-für-Bewohner-in-der-Stadt-Hannover,https://www.hannover.de/Service/Mobil-in-Hannover/Parken/Bewohner*innenparken,64.12561837049309,5.849382029865858,34.43816295069142,30.157116858237544,11.657313312534212,54.213880678708264
hannover,20,https://www.hannover.de/Leichte-Sprache/Hilfe-und-Tipps/Euro-WC-Schlüssel-für-Menschen-mit-Behinderung,https://www.hannover.de/Leben-in-der-Region-Hannover/Umwelt-Nachhaltigkeit/Wasser-Abwasser/Abwasser/Stadtentwässerung-Hannover/Öffentliche-Toiletten-in-Hannover/Euro-WC-Schlüssel-für-Behinderte,53.305186170212764,7.575354603109657,42.024140752864156,17.631467345207824,13.315711789652248,62.64715860899067
hannover,21,https://www.hannover.de/Leichte-Sprache/Hilfe-und-Tipps/Blau∙algen-Fragen-und-Antworten,https://www.hannover.de/Kultur-Freizeit/Freizeit-Sport/Sport/Bäderführer/Badeseen/Bordenauer-See/Fragen-und-Antworten-zum-Thema-Blaualgen,69.5662162162162,5.683916636636637,34.12672672672673,43.49253619943275,9.948593760262728,48.75623227347366
hannover,22,https://www.hannover.de/Leichte-Sprache/Hilfe-und-Tipps/HannoverAktivPass,https://www.hannover.de/Leben-in-der-Region-Hannover/Soziales/Sozialleistungen-weitere-Hilfen/HannoverAktivPass,43.24182926829269,9.468600292682927,44.974634146341465,35.61599008366903,12.00058172916021,52.43390145646111
hannover,23,https://www.hannover.de/Leichte-Sprache/Hilfe-und-Tipps/Flucht-aus-der-Ukraine-Informationen-für-Menschen-mit-Behinderung,https://www.hannover.de/Leben-in-der-Region-Hannover/Soziales/Menschen-mit-Behinderung/Aktuelles/Meldungen/Informationen-für-Geflüchtete-mit-Behinderung,55.014701354679815,7.597904433497536,40.75985221674877,11.146427096241212,15.635303263114416,73.56918628665841
hannover,24,https://www.hannover.de/Leichte-Sprache/Hilfe-und-Tipps/Förderung-von-Kultur-in-der-Region-Hannover,https://www.hannover.de/Leben-in-der-Region-Hannover/Kulturförderung/Kulturförderung-der-Region-Hannover,68.9621212121212,6.257860606060607,37.333333333333336,13.44437939110071,15.270095394223262,63.87665886026542
hannover,25,https://www.hannover.de/Leichte-Sprache/Hilfe-und-Tipps/Wie-funktioniert-die-Mängel∙hinweis∙karte,https://www.hannover.de/Leben-in-der-Region-Hannover/Bürger-Service/Bürger-Service-in-der-Landeshauptstadt-Hannover/Ideen-und-Beschwerden/Mängelhinweiskarte,61.123541288108214,6.3392818493842125,35.38512012921462,23.317460317460302,13.555357997557998,56.26495726495726
hannover,26,https://www.hannover.de/Leichte-Sprache/Hilfe-und-Tipps/Bus-und-Bahn-Wo-sind-Roll­∙treppen-und-Auf­züge-kaputt,https://www.hannover.de/Leben-in-der-Region-Hannover/Soziales/Menschen-mit-Behinderung/Aktuelles/Meldungen/Roll­treppen-und-Auf­züge-In-Echt­zeit-über-Ausfälle-informiert-sein,62.654991038728284,6.281397319410894,35.11018468012156,35.0135135135135,12.663537837837838,57.689189189189186
hannover,27,https://www.hannover.de/Leichte-Sprache/Hilfe-und-Tipps/Schwer∙behinderten∙ausweis,https://www.hannover.de/Leben-in-der-Region-Hannover/Soziales/Menschen-mit-Behinderung/Förderung-Unterstützung/Schwer­behinderten­­­­­ausweis,39.171983356449374,8.59574535367545,43.27947295423023,22.031124497991954,14.139258634538155,62.02610441767069
hannover,28,https://www.hannover.de/Leichte-Sprache/Hannover-und-Region/Politik/Wahlen/Kommunal∙wahlen-2026-in-der-Region-Hannover/Informationen-zu-den-Kommunal∙wahlen-2026,https://www.hannover.de/Leben-in-der-Region-Hannover/Politik/Wahlen-Statistik/Kommunalwahlen-2026-in-der-Region-Hannover/Allgemeine-Informationen,68.42876790127248,5.267819509739213,31.28803511949531,32.89255835045441,11.520910870490681,54.17528272900587
hannover,29,https://www.hannover.de/Leichte-Sprache/Hannover-und-Region/Politik/Wahlen/Kommunal∙wahlen-2026-in-der-Region-Hannover/Fragen-und-Antworten-für-Wahl∙helfer,https://www.hannover.de/Leben-in-der-Region-Hannover/Politik/Wahlen-Statistik/Kommunalwahlen-2026-in-der-Region-Hannover/FAQ-für-Wahlhelfer*innen,66.8237600408007,7.237818640826214,38.35145990054826,36.11250000000001,12.145297222222224,55.72222222222222
hannover,30,https://www.hannover.de/Leichte-Sprache/Hannover-und-Region/Politik/Wahlen/Kommunal∙wahlen-2026-in-der-Region-Hannover/Wie-kann-ich-die-Wahl·leiter-erreichen,https://www.hannover.de/Leben-in-der-Region-Hannover/Politik/Wahlen-Statistik/Kommunalwahlen-2026-in-der-Region-Hannover/Kontakt-zu-den-Wahlleitungen,68.51650943396226,5.882511320754718,31.153301886792452,8.430327868852459,14.377422950819673,62.790983606557376
hannover,31,https://www.hannover.de/Leichte-Sprache/Hannover-und-Region/Politik/Wahlen/Kommunal∙wahlen-2026-in-der-Region-Hannover/Wie-kann-ich-bei-der-Wahl-helfen,https://www.hannover.de/Leben-in-der-Region-Hannover/Politik/Wahlen-Statistik/Kommunalwahlen-2026-in-der-Region-Hannover/Wahlhelfer*innen-gesucht,70.32067183462532,5.918965064599483,34.67932816537468,39.936956521739134,11.201117681159422,53.90724637681159
hannover,32,https://www.hannover.de/Leichte-Sprache/Hilfe-und-Tipps/Park%E2%88%99zonen-f%C3%BCr-Bewohner-in-der-Stadt-Hannover,https://www.hannover.de/Service/Mobil-in-Hannover/Parken/Bewohner*innenparken,64.12561837049309,5.849382029865858,34.43816295069142,30.157116858237544,11.657313312534212,54.213880678708264
hannover,33,https://www.hannover.de/Leichte-Sprache/Hilfe-und-Tipps/Wie-funktioniert-die-M%C3%A4ngel%E2%88%99hinweis%E2%88%99karte,https://www.hannover.de/Leben-in-der-Region-Hannover/Bürger-Service/Bürger-Service-in-der-Landeshauptstadt-Hannover/Ideen-und-Beschwerden/Mängelhinweiskarte,61.123541288108214,6.3392818493842125,35.38512012921462,23.317460317460302,13.555357997557998,56.26495726495726
hannover,34,https://www.hannover.de/Leichte-Sprache/Hannover-und-Region/Politik/Politik-in-der-Region-Hannover,https://www.hannover.de/Leben-in-der-Region-Hannover/Verwaltungen-Kommunen/Die-Verwaltung-der-Region-Hannover/Stellt-sich-vor/Politisch,49.8990413943355,8.46934945533769,40.34095860566448,44.68363636363637,10.135933333333332,48.96969696969697
hannover,35,https://www.hannover.de/Leichte-Sprache/Nachrichten-und-Veranstaltungen/Nachrichten/Menschen-mit-Behinderung-Regions∙haus-leuchtet-Lila,https://www.hannover.de/Leben-in-der-Region-Hannover/Verwaltungen-Kommunen/Die-Verwaltung-der-Region-Hannover/Pressebereich-Region-Hannover/Archiv-Pressemitteilungen/2025/Regionshaus-leuchtet-lila,56.72739130434782,8.087785507246378,41.78260869565217,32.84666381522669,12.939739606501284,58.012617621899054
hannover,36,https://www.hannover.de/Leichte-Sprache/Nachrichten-und-Veranstaltungen/Nachrichten/Neues-Angebot-Hilfen-im-Winter-im-Nacht∙café-Luna,https://www.hannover.de/Service/Presse-Medien/Landeshauptstadt-Hannover/Meldungsarchiv-für-das-Jahr-2025/Winternothilfe-jetzt-auch-mit-Nachtcafé-für-Frauen-und-FLINTA*,70.3256906077348,5.9433165377532235,35.75349907918969,37.7997975708502,11.236960863697705,53.9861673414305
hannover,37,https://www.hannover.de/Leichte-Sprache/Nachrichten-und-Veranstaltungen/Nachrichten/Erste-Inklusions∙konferenz-von-Stadt-und-Region-Hannover,https://www.hannover.de/Leben-in-der-Region-Hannover/Verwaltungen-Kommunen/Die-Verwaltung-der-Landeshauptstadt-Hannover/Dezernate-und-Fachbereiche-der-LHH/Soziales-und-Integration/Beauftragter-für-Menschen-mit-Behinderung-der-Landeshauptstadt-Hannover/Inklusion-im-Dialog,59.94344254555756,7.383760866628414,39.78344821074497,24.682261632756678,13.468511144960651,60.27813440684727
hannover,38,https://www.hannover.de/Leichte-Sprache/Nachrichten-und-Veranstaltungen/Nachrichten/Projekt-für-ältere-Menschen-Hilfs∙angebot-gegen-Einsamkeit,https://www.hannover.de/Service/Presse-Medien/Landeshauptstadt-Hannover/Meldungsarchiv-für-das-Jahr-2025/Wohlbefinden-auf-Rezept,60.98484848484847,8.17622803030303,43.50757575757576,28.60866807610995,12.978831543340382,60.223255813953486
hannover,39,https://www.hannover.de/Leichte-Sprache/Nachrichten-und-Veranstaltungen/Nachrichten/Große-Hitze-in-Hannover-Hilfe-für-Menschen-ohne-Wohnung,https://www.hannover.de/Service/Presse-Medien/Landeshauptstadt-Hannover/Meldungsarchiv-für-das-Jahr-2025/Hilfe-für-Obdachlose-bei-Hitzewellen,60.60083050380838,7.147268128842802,40.31570615765807,34.379989308624374,11.439677263007841,53.20812544547398
hannover,40,https://www.hannover.de/Leichte-Sprache/Nachrichten-und-Veranstaltungen/Nachrichten/Fragen-und-Antworten-zu-den-Einschränkungen-bei-der-Beregnung,https://www.hannover.de/Leben-in-der-Region-Hannover/Umwelt-Nachhaltigkeit/Wasser-Abwasser/Fragen-und-Antworten-rund-um-die-Allgemeinverfügung-%22Beregnung%22,68.81993999036114,6.316128952318767,35.429325435691744,37.93895434510674,11.204987352068585,51.38830564087787
hannover,41,https://www.hannover.de/Leichte-Sprache/Nachrichten-und-Veranstaltungen/Nachrichten/Region-Hannover-unterstützt-den-Bau-von-Solar∙anlagen,https://www.hannover.de/Leben-in-der-Region-Hannover/Verwaltungen-Kommunen/Die-Verwaltung-der-Region-Hannover/Pressebereich-Region-Hannover/Archiv-Pressemitteilungen/2025/Region-Hannover-beim-PV-Ausbau-in-Niedersachsen-Spitzenreiter,60.587896825396825,6.828972222222222,36.03174603174603,36.37612563936315,10.912672761328434,51.592860744903106
hannover,42,https://www.hannover.de/Leichte-Sprache/Nachrichten-und-Veranstaltungen/Nachrichten/Grund∙wasser-schützen-Region-Hannover-unterstützt-Vereine-und-Kommunen,https://www.hannover.de/Leben-in-der-Region-Hannover/Verwaltungen-Kommunen/Die-Verwaltung-der-Region-Hannover/Pressebereich-Region-Hannover/Archiv-Pressemitteilungen/2025/Regeln-für-Beregnung-und-Fördergeld-für-Klimaanpassung,67.32449093966,7.140363316886628,38.443544576433226,39.31076115485564,11.85281501312336,55.38477690288714
hannover,43,https://www.hannover.de/Leichte-Sprache/Nachrichten-und-Veranstaltungen/Nachrichten/Zum-14.-Mal-Preis-für-Inklusion-in-der-Wirtschaft,https://www.hannover.de/Service/Presse-Medien/Landeshauptstadt-Hannover/Meldungsarchiv-für-das-Jahr-2025/Förderpreis-für-Inklusion-in-der-Wirtschaft-zum-14.-Mal-vergeben,56.46503425248076,9.254246558291923,44.79316831527958,28.85383246988326,13.256628587478936,63.821109793396175
hannover,44,https://www.hannover.de/Leichte-Sprache/Nachrichten-und-Veranstaltungen/Nachrichten/Jan-Haller-ist-Behinderten∙sportler-2025,https://www.hannover.de/Leben-in-der-Region-Hannover/Soziales/Menschen-mit-Behinderung/Aktuelles/Meldungen/Jan-Haller-ist-„Be­hin­der­ten­­sport­­ler-des-Jahres“-2025,65.53498838559815,6.404349941927991,38.29732868757259,40.416523727844506,10.10845500285878,51.45740423098914
hannover,45,https://www.hannover.de/Leichte-Sprache/Nachrichten-und-Veranstaltungen/Nachrichten/Assistenz∙hunde-sind-in-öffentlichen-Einrichtungen-willkommen,https://www.hannover.de/Leben-in-der-Region-Hannover/Soziales/Menschen-mit-Behinderung/Assistenzhunde-sind-in-öffentlichen-Gebäuden-willkommen,58.564629847238535,7.7140180441310875,41.24213343778561,25.502399002015153,13.329925477401401,60.770031666826604
hannover,46,https://www.hannover.de/Leichte-Sprache/Nachrichten-und-Veranstaltungen/Nachrichten/Chat∙bot-beantwortet-Fragen-zur-Grund∙steuer,https://www.hannover.de/Service/Presse-Medien/Landeshauptstadt-Hannover/Meldungsarchiv-für-das-Jahr-2025/Hannover-KI-Chatbot-hilft-bei-Fragen-zur-Grundsteuerreform,70.68434421182268,5.749667826354679,37.411637931034484,41.04073199527747,11.938119086973632,59.98543880362062
hannover,47,https://www.hannover.de/Leichte-Sprache/Nachrichten-und-Veranstaltungen/Nachrichten/Hilfe∙plan-für-den-Natur∙schutz-im-Deister,https://www.hannover.de/Leben-in-der-Region-Hannover/Umwelt-Nachhaltigkeit/Naturschutz/Aufgaben-Projekte/Aktionsprogramm-Deister,63.105422473350586,7.458490866788537,40.486431946060165,29.070079239818398,13.921637654371207,62.84352983289673
hannover,48,https://www.hannover.de/Leichte-Sprache/Nachrichten-und-Veranstaltungen/Nachrichten/Stark∙regen-in-der-Region-Hannover-Karte-mit-Hinweisen-und-Informationen,https://www.hannover.de/Leben-in-der-Region-Hannover/Umwelt-Nachhaltigkeit/Klimawandel-und-anpassung/Die-Region-Hannover-im-Klimawandel/Starkregenhinweiskarte-für-die-Region-Hannover,64.0679391170348,6.8244614182594825,37.59724512692963,9.342990654205607,14.165977196261682,61.586915887850466
hannover,49,https://www.hannover.de/Leichte-Sprache/Nachrichten-und-Veranstaltungen/Veranstaltungen/Suche-nach-kosten∙losen-Veranstaltungen,https://www.hannover.de/Veranstaltungskalender/Kostenlos/Suche-nach-kostenlosen-Events,40.58913615697534,9.853790906915531,45.15458243598947,48.690765926986415,9.129494488188975,45.40372226198998
hannover,50,https://www.hannover.de/Leichte-Sprache/Nachrichten-und-Veranstaltungen/Veranstaltungen/Übungs∙tage-für-Fahrgäste-im-Stadt∙gebiet,https://www.hannover.de/Veranstaltungskalender/Bürger-Service/Mobilitäts­trainings-im-Stadt­gebiet,67.38914092664092,6.061534285714287,37.51119691119691,35.55588235294117,11.123588235294118,57.13235294117647
hannover,51,https://www.hannover.de/Leichte-Sprache/Nachrichten-und-Veranstaltungen/Veranstaltungen/Schloss-Landestrost-Ausstellung-besuchen,"https://www.hannover.de/Leben-in-der-Region-Hannover/Verwaltungen-Kommunen/Die-Verwaltung-der-Region-Hannover/Stellt-sich-vor/Dezernate-und-Fachbereiche-der-Region-Hannover/Dezernat-Bildung,-Kultur-und-Baumanagement/Fachbereich-Bildung-und-Kultur/Team-Kultur/Bildende-Kunst/Atelierspaziergang/Atelierspaziergang-2026-„Licht-und-Schatten“",69.59938151317462,5.718666796577141,39.029145132593406,50.178195807157465,9.029895376579375,48.65878449918826
hannover,52,https://www.hannover.de/Leichte-Sprache/Nachrichten-und-Veranstaltungen/Veranstaltungen/Sitzung-von-der-Regions·versammlung,https://www.hannover.de/Veranstaltungskalender/Politik/Regions­versamm­lung-am-19.-Mai-2026,50.244096178617426,8.806522885358522,43.095319879776724,30.72727272727272,10.41248282828283,45.343434343434346
hannover,53,https://www.hannover.de/Leichte-Sprache/Nachrichten-und-Veranstaltungen/Veranstaltungen/Das-Regions∙forum-für-Menschen-mit-Behinderung,https://www.hannover.de/Leben-in-der-Region-Hannover/Verwaltungen-Kommunen/Die-Verwaltung-der-Region-Hannover/Termine-Veranstaltungen/Regionsforum-für-Menschen-mit-Behinderungen,47.10790880184018,9.88123944252757,50.087341857790406,44.28041958041959,9.517578088578091,49.66200466200466
hannover,54,https://www.hannover.de/Leichte-Sprache/Nachrichten-und-Veranstaltungen/Veranstaltungen/Beratungen-Vorsorge∙vollmacht-und-Betreuungs∙verfügung,https://www.hannover.de/Leben-in-der-Region-Hannover/Soziales/Senioren/Information-Beratung/Kostenlose-Beratung/Infos-zur-Vorsorgevollmacht-in-Wunstorf,63.84843762747819,6.4271329069103365,36.08290772619728,44.05000000000001,11.373999999999999,56.25
hannover,55,https://www.hannover.de/Leichte-Sprache/Nachrichten-und-Veranstaltungen/Veranstaltungen/Übungs∙tage-für-Fahrgäste-im-Umland,https://www.hannover.de/Veranstaltungskalender/Bürger-Service/Mobilitäts­trainings-im-Umland,73.03405172413792,4.924709770114944,33.66020114942529,42.112980769230774,10.620225686813185,54.28434065934066
hannover,56,https://www.hannover.de/Leichte-Sprache/Nachrichten-und-Veranstaltungen/Veranstaltungen/Musik∙fest-Fête-de-la-Musique2,https://www.hannover.de/Kultur-Freizeit/Freizeit-Sport/Feste-Saisonales/Fête-de-la-Musique/Hannover-feiert-Fête-de-la-Musique-2026,75.30619360131257,4.962279901558654,33.745693191140276,50.174155819656676,10.238338494623658,62.03492422813306
hannover,57,https://www.hannover.de/Leichte-Sprache/Nachrichten-und-Veranstaltungen/Veranstaltungen/Schützen∙fest-2026,https://www.hannover.de/Veranstaltungskalender/Feste-Festivals/Schützenfest-Hannover-2026,76.29457743038594,5.6439264289203726,31.896433805569128,25.303763440860195,15.228217204301075,60.333333333333336
hannover,58,https://www.hannover.de/Leichte-Sprache/Nachrichten-und-Veranstaltungen/Veranstaltungen/Entdecker∙tag-2026,https://www.hannover.de/Leben-in-der-Region-Hannover/Verwaltungen-Kommunen/Die-Verwaltung-der-Region-Hannover/Termine-Veranstaltungen/Ent­decker­tag-der-Region-Hannover-2026,66.85514285714285,5.810485714285715,33.542857142857144,43.5333333333333,12.043352592592594,47.837037037037035
hannover,59,https://www.hannover.de/Leichte-Sprache/Nachrichten-und-Veranstaltungen/Veranstaltungen/Warntag-2026-in-Hannover,https://www.hannover.de/Veranstaltungskalender/Bürger-Service/Sirenen-SMS-Warntag-2026-in-Hannover,66.05519125683061,6.944510819672131,40.37377049180328,41.571022727272734,11.421374242424243,55.583333333333336
hannover,60,https://www.hannover.de/Leichte-Sprache/Nachrichten-und-Veranstaltungen/Veranstaltungen/Infa-2026,https://www.hannover.de/Veranstaltungskalender/Messen-Kongresse/Infa-2026,68.05189161554193,4.212100408997955,28.877556237218815,43.72222222222223,9.663928395061731,45.598765432098766
hannover,61,https://www.hannover.de/Leichte-Sprache/Hannover-und-Region/Politik/Die-Regions%C2%B7versammlung,https://www.hannover.de/Leben-in-der-Region-Hannover/Verwaltungen-Kommunen/Die-Verwaltung-der-Region-Hannover/Stellt-sich-vor/Politisch/Regionsversammlung,44.39114285714285,9.340725714285712,43.94285714285714,19.56949152542373,13.76592,61.735593220338984
hannover,62,https://www.hannover.de/Leichte-Sprache/Hannover-und-Region/Politik/Der-Regions%E2%88%99pr%C3%A4sident,https://www.hannover.de/Leben-in-der-Region-Hannover/Politik/Regionspräsident-Oberbürgermeister/Der-Regionspräsident,53.416807432432435,8.036913955301456,38.700656185031185,33.458441558441564,10.371792207792208,49.35064935064935
hannover,63,https://www.hannover.de/Leichte-Sprache/Hannover-und-Region/Die-Verwaltung-von-der-Region-Hannover/Büro-für-Zusammen･arbeit-in-Europa,https://www.hannover.de/Leben-in-der-Region-Hannover/Politik/Politische-Gremien/Europa/Kontakte/Die-Stabsstelle-EU-Angelegenheiten-und-Fördermittelmanagement,45.819277108433724,8.780904578313255,40.10722891566265,25.603105590062114,12.439795031055901,58.02436693741042
hannover,64,https://www.hannover.de/Leichte-Sprache/Hannover-und-Region/Andreas-Mangelsdorf-Beauftragter-f%C3%BCr-Menschen-mit-Behinderung-von-der-Landes%EF%BD%A5haupt%EF%BD%A5stadt-Hannover,https://www.hannover.de/Leben-in-der-Region-Hannover/Verwaltungen-Kommunen/Die-Verwaltung-der-Landeshauptstadt-Hannover/Dezernate-und-Fachbereiche-der-LHH/Soziales-und-Integration/Beauftragter-für-Menschen-mit-Behinderung-der-Landeshauptstadt-Hannover,52.81733333333334,9.219386666666667,47.61666666666667,25.904128440366947,13.988767339449543,66.2954128440367
hannover,65,https://www.hannover.de/Leichte-Sprache/Nachrichten-und-Veranstaltungen/Veranstaltungen/Das-Regions%E2%88%99forum-f%C3%BCr-Menschen-mit-Behinderung,https://www.hannover.de/Leben-in-der-Region-Hannover/Verwaltungen-Kommunen/Die-Verwaltung-der-Region-Hannover/Termine-Veranstaltungen/Regionsforum-für-Menschen-mit-Behinderungen,47.10790880184018,9.88123944252757,50.087341857790406,44.28041958041959,9.517578088578091,49.66200466200466
hannover,66,https://www.hannover.de/Leichte-Sprache/Nachrichten-und-Veranstaltungen/Nachrichten/Erste-Inklusions%E2%88%99konferenz-von-Stadt-und-Region-Hannover,https://www.hannover.de/Leben-in-der-Region-Hannover/Verwaltungen-Kommunen/Die-Verwaltung-der-Landeshauptstadt-Hannover/Dezernate-und-Fachbereiche-der-LHH/Soziales-und-Integration/Beauftragter-für-Menschen-mit-Behinderung-der-Landeshauptstadt-Hannover/Inklusion-im-Dialog,59.94344254555756,7.383760866628414,39.78344821074497,24.682261632756678,13.468511144960651,60.27813440684727
hannover,67,https://www.hannover.de/Leichte-Sprache/Hannover-und-Region/Sylvia-Thiel-Beauftragte-f%C3%BCr-Menschen-mit-Behinderung-von-der-Region-Hannover,"https://www.hannover.de/Leben-in-der-Region-Hannover/Verwaltungen-Kommunen/Die-Verwaltung-der-Region-Hannover/Stellt-sich-vor/Dezernate-und-Fachbereiche-der-Region-Hannover/Dezernat-Soziales,-Teilhabe,-Familie-und-Jugend/Beauftragte-der-Region-Hannover-für-Menschen-mit-Behinderung",54.4427489177489,8.53113212121212,44.35757575757576,9.047469927428182,16.190485157570336,70.40868873645492
hannover,68,https://www.hannover.de/Leichte-Sprache/Hannover-und-Region/Andreas-Mangelsdorf-Beauftragter-für-Menschen-mit-Behinderung-von-der-Landes･haupt･stadt-Hannover/Informationen-zum-Daten∙schutz-in-Leichter-Sprache,https://www.hannover.de/Leben-in-der-Region-Hannover/Verwaltungen-Kommunen/Die-Verwaltung-der-Landeshauptstadt-Hannover/Dezernate-und-Fachbereiche-der-LHH/Soziales-und-Integration/Beauftragter-für-Menschen-mit-Behinderung-der-Landeshauptstadt-Hannover/Informationen-zur-Datenverarbeitung,62.297010503635875,6.312478409192925,36.84307388454978,39.09905704525248,10.256156039122093,49.8442603771819
hannover,69,https://www.hannover.de/Leichte-Sprache/Hannover-und-Region/Politik/Die-Regions·versammlung,https://www.hannover.de/Leben-in-der-Region-Hannover/Verwaltungen-Kommunen/Die-Verwaltung-der-Region-Hannover/Stellt-sich-vor/Politisch/Regionsversammlung,44.39114285714285,9.340725714285712,43.94285714285714,19.56949152542373,13.76592,61.735593220338984
hannover,70,https://www.hannover.de/Leichte-Sprache/Hannover-und-Region/Politik/Der-Rat-von-der-Stadt-Hannover,https://www.hannover.de/Leben-in-der-Region-Hannover/Politik/Politische-Gremien/Landeshauptstadt-Hannover/Der-Rat,66.65481896991331,7.352928607853135,37.72819989801122,41.056138107416885,11.345678158567775,55.86713554987212
hannover,71,https://www.hannover.de/Leichte-Sprache/Hannover-und-Region/Politik/Der-Regions∙präsident,https://www.hannover.de/Leben-in-der-Region-Hannover/Politik/Regionspräsident-Oberbürgermeister/Der-Regionspräsident,53.416807432432435,8.036913955301456,38.700656185031185,33.458441558441564,10.371792207792208,49.35064935064935
hannover,72,https://www.hannover.de/Leichte-Sprache/Hannover-und-Region/Politik/Der-Oberbürger･meister,https://www.hannover.de/Leben-in-der-Region-Hannover/Politik/Regionspräsident-Oberbürgermeister/Der-Oberbürgermeister,57.519138755980876,7.822840559440561,37.59624585940375,44.208333333333314,10.179504938271608,48.39660493827161
hannover,73,https://www.hannover.de/Leichte-Sprache/Hannover-und-Region/Unterwegs-sein/Unterwegs-mit-Bus-und-Bahn,https://www.hannover.de/Leben-in-der-Region-Hannover/Mobilität/Bus-Bahn,57.193798449612416,8.574662015503877,42.05038759689922,42.42345737164388,11.051760621761659,54.85115402731983
hannover,74,https://www.hannover.de/Leichte-Sprache/Hannover-und-Region/Unterwegs-sein/Unterwegs-mit-dem-Taxi,https://www.hannover.de/Service/Mobil-in-Hannover/Weitere-Mobilitätsdienste/Rund-ums-Taxi,68.12736842105262,5.372076923076923,32.09109311740891,45.99352621483375,9.675928964194375,45.97834079283887
hannover,75,https://www.hannover.de/Leichte-Sprache/Hilfe-und-Tipps/Beratung-und-Unterstützung/Ansprech∙personen-für-junge-Menschen-mit-Behinderung,https://www.hannover.de/Leben-in-der-Region-Hannover/Soziales/Menschen-mit-Behinderung/Förderung-Unterstützung/Verfahrenslots*innen-für-junge-Menschen-mit-drohender-Behinderung,45.495031191063404,9.41815025388075,44.57797765849413,24.447209302325575,12.565775441860467,59.59348837209303
hannover,76,https://www.hannover.de/Leichte-Sprache/Hilfe-und-Tipps/Beratung-und-Unterstützung/Beratungs∙stelle-Inklusion,https://www.hannover.de/Leben-in-der-Region-Hannover/Soziales/Kinder-Jugendliche/Beratung/Beratungsstelle-Inklusion,39.558653687510315,11.111284969476984,48.35522191057581,25.61132218844986,13.147491185410335,54.91793313069909
hannover,77,https://www.hannover.de/Leichte-Sprache/Hilfe-und-Tipps/Beratung-und-Unterstützung/Verfahrens∙lotsen-und-Beratung-Ansprech∙personen-für-Menschen-mit-Behinderung,"https://www.hannover.de/Leben-in-der-Region-Hannover/Verwaltungen-Kommunen/Die-Verwaltung-der-Landeshauptstadt-Hannover/Dezernate-und-Fachbereiche-der-LHH/Jugend,-Familie-Sport/Fachbereich-Jugend-und-Familie/Verfahrenslots*innen-und-inklusive-Beratung",57.358388525296874,7.213259791511543,37.97597679978054,33.20560030686613,11.73347472190257,53.32777138473341
hannover,78,https://www.hannover.de/Leichte-Sprache/Hilfe-und-Tipps/Beratung-und-Unterstützung/Jugend∙ämter-in-der-Region-Hannover,https://www.hannover.de/Leben-in-der-Region-Hannover/Soziales/Kinder-Jugendliche/Jugendämter-in-der-Region-Hannover,31.092066957787495,11.782623871906843,70.2627365356623,6.449019607843127,19.365392156862747,82.45098039215686
hannover,79,https://www.hannover.de/Leichte-Sprache/Hilfe-und-Tipps/Beratung-und-Unterstützung/JUST-BEst-Hilfe-bei-der-Lebens∙planung-für-junge-Erwachsene,https://www.hannover.de/Leben-in-der-Region-Hannover/Soziales/Kinder-Jugendliche/Beratung/JUGEND-STÄRKEN-Brücken-in-die-Eigenständigkeit-JUST-BEst,63.03141701574462,6.196458462131061,38.76879002359286,41.30025584795321,10.706947222222222,55.37573099415205
hannover,80,https://www.hannover.de/Leichte-Sprache/Hilfe-und-Tipps/Beratung-und-Unterstützung/Hilfe-und-Beratung-für-ältere-Menschen,https://www.hannover.de/Leben-in-der-Region-Hannover/Soziales/Senioren/Information-Beratung,48.75880503144654,8.650980628930817,42.91572327044025,50.640993788819884,8.210639751552796,46.86335403726708
hannover,81,https://www.hannover.de/Leichte-Sprache/Hilfe-und-Tipps/Beratung-und-Unterstützung/Beratung-für-gutes-Sprechen-und-Hören,https://www.hannover.de/Leben-in-der-Region-Hannover/Soziales/Kinder-Jugendliche/Beratung/Hör-und-Sprachheilberatung-für-die-Städte-und-Gemeinden-der-Region-Hannover,54.17654939422182,8.038687698042871,39.59878844361603,41.05000000000001,10.588916666666664,54.166666666666664
hannover,82,https://www.hannover.de/Leichte-Sprache/Hilfe-und-Tipps/Beratung-und-Unterstützung/Hilfe-für-Jugendliche-im-Straf∙verfahren,"https://www.hannover.de/Leben-in-der-Region-Hannover/Verwaltungen-Kommunen/Die-Verwaltung-der-Region-Hannover/Stellt-sich-vor/Dezernate-und-Fachbereiche-der-Region-Hannover/Dezernat-Soziales,-Teilhabe,-Familie-und-Jugend/Fachbereich-Jugend/Team-Allgemeiner-Sozialer-Dienst-ASD/Jugendhilfe-im-Strafverfahren",62.188931095093736,7.337501607899114,39.703535490568484,38.02833992094864,11.469043478260868,53.24209486166008
hannover,83,https://www.hannover.de/Leichte-Sprache/Hilfe-und-Tipps/Beratung-und-Unterstützung/RE_StaRT,https://www.hannover.de/Leben-in-der-Region-Hannover/Soziales/Sozialleistungen-weitere-Hilfen/RE_StaRT,60.06998298396148,7.638574504905687,43.75699648817928,10.928571428571445,17.946529670329674,77.04395604395604
hannover,84,https://www.hannover.de/Leichte-Sprache/Hilfe-und-Tipps/Beratung-und-Unterstützung/Hilfe-bei-hohen-Heiz∙kosten-bekommen,https://www.hannover.de/Leben-in-der-Region-Hannover/Verwaltungen-Kommunen/Die-Verwaltung-der-Region-Hannover/Pressebereich-Region-Hannover/Archiv-Pressemitteilungen/2022/Höhere-Heizkosten-können-zu-Anspruch-auf-Grundsicherung-führen,66.03191489361703,6.767623943747348,37.667515305813176,34.00097847358123,11.74582818003914,52.62915851272015
hannover,85,https://www.hannover.de/Leichte-Sprache/Hilfe-und-Tipps/Büros-und-Ämter-für-Bürger/Fach∙bereich-Teil∙habe-bei-der-Region-Hannover,"https://www.hannover.de/Leben-in-der-Region-Hannover/Verwaltungen-Kommunen/Die-Verwaltung-der-Region-Hannover/Stellt-sich-vor/Dezernate-und-Fachbereiche-der-Region-Hannover/Dezernat-Soziales,-Teilhabe,-Familie-und-Jugend/Eingliederungshilfe/Fachbereich-Teilhabe",48.49094827586208,8.162928160919542,41.70617816091954,25.683901292596943,12.742311763937852,57.42120381250816
hannover,86,https://www.hannover.de/Leichte-Sprache/Hilfe-und-Tipps/Büros-und-Ämter-für-Bürger/Bürger·ämter-in-Hannover,https://www.hannover.de/Leben-in-der-Region-Hannover/Bürger-Service/Bürger-Service-in-der-Landeshauptstadt-Hannover/Bürgerämter-der-Landeshauptstadt/Bürgerämter-in-Hannover,46.350852272727295,9.879408333333334,45.18560606060606,-6.875,20.466911538461538,86.57692307692308
hannover,87,https://www.hannover.de/Leichte-Sprache/Hilfe-und-Tipps/Büros-und-Ämter-für-Bürger/Fach･bereich-Soziales-von-der-Stadt-Hannover,https://www.hannover.de/Leben-in-der-Region-Hannover/Verwaltungen-Kommunen/Die-Verwaltung-der-Landeshauptstadt-Hannover/Dezernate-und-Fachbereiche-der-LHH/Soziales-und-Integration/Fachbereich-Soziales-der-Landeshauptstadt,41.094666666666654,10.252893333333333,45.93333333333334,-23.804054054054063,21.63342702702703,93.75675675675676
hannover,88,https://www.hannover.de/Leichte-Sprache/Hilfe-und-Tipps/Büros-und-Ämter-für-Bürger/Fach･bereich-Soziales-von-der-Region-Hannover,"https://www.hannover.de/Leben-in-der-Region-Hannover/Verwaltungen-Kommunen/Die-Verwaltung-der-Region-Hannover/Stellt-sich-vor/Dezernate-und-Fachbereiche-der-Region-Hannover/Dezernat-Soziales,-Teilhabe,-Familie-und-Jugend/Fachbereich-Soziales-Region-Hannover",32.1418918918919,12.74169009009009,53.39414414414414,15.205095541401278,15.723742420382166,74.07515923566879
hannover,89,https://www.hannover.de/Leichte-Sprache/Hilfe-und-Tipps/Büros-und-Ämter-für-Bürger/Fach･bereich-Jugend-und-Familie-in-Hannover,"https://www.hannover.de/Leben-in-der-Region-Hannover/Verwaltungen-Kommunen/Die-Verwaltung-der-Landeshauptstadt-Hannover/Dezernate-und-Fachbereiche-der-LHH/Jugend,-Familie-Sport/Fachbereich-Jugend-und-Familie",55.024150268336314,7.656092307692308,38.01073345259392,19.707142857142856,14.74885142857143,67.04285714285714
hannover,90,https://www.hannover.de/Leichte-Sprache/Hilfe-und-Tipps/Büros-und-Ämter-für-Bürger/Fach･bereich-Jugend-der-Region-Hannover,"https://www.hannover.de/Leben-in-der-Region-Hannover/Verwaltungen-Kommunen/Die-Verwaltung-der-Region-Hannover/Stellt-sich-vor/Dezernate-und-Fachbereiche-der-Region-Hannover/Dezernat-Soziales,-Teilhabe,-Familie-und-Jugend/Fachbereich-Jugend",72.24747474747473,3.892743209876543,28.35129068462402,10.227586206896575,16.78957134099617,75.14214559386974
hannover,91,https://www.hannover.de/Leichte-Sprache/Hilfe-und-Tipps/Büros-und-Ämter-für-Bürger/Standes∙amt,"https://www.hannover.de/Leben-in-der-Region-Hannover/Verwaltungen-Kommunen/Die-Verwaltung-der-Landeshauptstadt-Hannover/Dezernate-und-Fachbereiche-der-LHH/Finanzen,-Ordnung-und-Feuerwehr/Fachbereich-Öffentliche-Ordnung/Standesamt-und-Staatsangehörig­keit/Standesamt",61.90329586101177,6.443611650485438,35.51417986714359,25.0625,14.412387500000001,62.875
hannover,92,https://www.hannover.de/Leichte-Sprache/Hilfe-und-Tipps/Büros-und-Ämter-für-Bürger/Familien･service･büro-der-Stadt-Hannover,"https://www.hannover.de/Leben-in-der-Region-Hannover/Verwaltungen-Kommunen/Die-Verwaltung-der-Landeshauptstadt-Hannover/Dezernate-und-Fachbereiche-der-LHH/Jugend,-Familie-Sport/Fachbereich-Jugend-und-Familie/FamilienServiceBüro-der-Landeshauptstadt-Hannover",50.34685114503817,6.299064503816795,35.66841603053435,6.6654545454545655,15.74668888888889,69.34343434343434
hannover,93,https://www.hannover.de/Leichte-Sprache/Hilfe-und-Tipps/Büros-und-Ämter-für-Bürger/Fund･büro,"https://www.hannover.de/Leben-in-der-Region-Hannover/Verwaltungen-Kommunen/Die-Verwaltung-der-Landeshauptstadt-Hannover/Dezernate-und-Fachbereiche-der-LHH/Finanzen,-Ordnung-und-Feuerwehr/Fachbereich-Öffentliche-Ordnung/Fundbüro",68.20793036750484,6.852060992907802,35.48710509348807,42.75753012048193,10.617651807228917,46.519578313253014
hannover,94,https://www.hannover.de/Leichte-Sprache/Hilfe-und-Tipps/Volljährigkeit-Was-du-mit-18-Jahren-beachten-musst/1.-Volljährigkeit,https://www.hannover.de/Leben-in-der-Region-Hannover/Soziales/Kinder-Jugendliche/Dein-Weg-ins-Erwachsenenleben/1.-Volljährigkeit2,68.92645523626095,5.754950949656473,34.99954681923752,57.67591576449651,8.008944143556281,41.32489989618864
hannover,95,https://www.hannover.de/Leichte-Sprache/Hilfe-und-Tipps/Volljährigkeit-Was-du-mit-18-Jahren-beachten-musst/2.-Jugend∙hilfe,https://www.hannover.de/Leben-in-der-Region-Hannover/Soziales/Kinder-Jugendliche/Dein-Weg-ins-Erwachsenenleben/2.-Erwachsen-werden-in-der-Jugendhilfe,62.3876275510204,7.109778061224492,38.472576530612244,42.57258064516128,10.538678853046596,50.80465949820788
hannover,96,https://www.hannover.de/Leichte-Sprache/Hilfe-und-Tipps/Volljährigkeit-Was-du-mit-18-Jahren-beachten-musst/3.-Wohnen,https://www.hannover.de/Leben-in-der-Region-Hannover/Soziales/Kinder-Jugendliche/Dein-Weg-ins-Erwachsenenleben/3.-Wohnen,68.96895463122377,5.547785508614533,34.691429839187094,44.955569205569205,9.691947256347257,50.17035217035217
hannover,97,https://www.hannover.de/Leichte-Sprache/Hilfe-und-Tipps/Volljährigkeit-Was-du-mit-18-Jahren-beachten-musst/4.-Geld,https://www.hannover.de/Leben-in-der-Region-Hannover/Soziales/Kinder-Jugendliche/Dein-Weg-ins-Erwachsenenleben/4.-Geld,69.76627364104066,5.376109577253338,32.34927406213955,42.47786698322453,9.296585398769173,47.020274280716
hannover,98,https://www.hannover.de/Leichte-Sprache/Hilfe-und-Tipps/Volljährigkeit-Was-du-mit-18-Jahren-beachten-musst/5.-Versicherungen,https://www.hannover.de/Leben-in-der-Region-Hannover/Soziales/Kinder-Jugendliche/Dein-Weg-ins-Erwachsenenleben/5.-Versicherungen,66.61977195967394,5.417717600751669,34.33110287208918,47.74930375969764,8.674991684901533,43.20912074796101
hannover,99,https://www.hannover.de/Leichte-Sprache/Hilfe-und-Tipps/Volljährigkeit-Was-du-mit-18-Jahren-beachten-musst/6.-Schule,https://www.hannover.de/Leben-in-der-Region-Hannover/Soziales/Kinder-Jugendliche/Dein-Weg-ins-Erwachsenenleben/6.-Schule,61.278039413562084,6.66991606537157,34.958904493594595,45.58831168831169,9.928112496392497,47.95353535353536
hannover,100,https://www.hannover.de/Leichte-Sprache/Hilfe-und-Tipps/Volljährigkeit-Was-du-mit-18-Jahren-beachten-musst/7.-Nach-der-Schule,https://www.hannover.de/Leben-in-der-Region-Hannover/Soziales/Kinder-Jugendliche/Dein-Weg-ins-Erwachsenenleben/7.-Nach-der-Schule,65.03182123426437,6.10856111224931,34.5145831910583,39.68178293662913,9.7319666705828,46.856524667716194
hannover,101,https://www.hannover.de/Leichte-Sprache/Hilfe-und-Tipps/Volljährigkeit-Was-du-mit-18-Jahren-beachten-musst/8.-Gesundheit,https://www.hannover.de/Leben-in-der-Region-Hannover/Soziales/Kinder-Jugendliche/Dein-Weg-ins-Erwachsenenleben/8.-Gesundheit,70.31663796402604,5.938702908534253,34.856869498660544,45.56271576524739,10.620967932489453,48.32546988876103
hannover,102,https://www.hannover.de/Leichte-Sprache/Hilfe-und-Tipps/Volljährigkeit-Was-du-mit-18-Jahren-beachten-musst/9.-Freizeit,https://www.hannover.de/Leben-in-der-Region-Hannover/Soziales/Kinder-Jugendliche/Dein-Weg-ins-Erwachsenenleben/9.-Freizeitgestaltung,66.20669677926159,5.631177611940299,32.425765907305575,35.940627650551335,10.065673621713316,48.14334181509754
hannover,103,https://www.hannover.de/Leichte-Sprache/Hilfe-und-Tipps/Volljährigkeit-Was-du-mit-18-Jahren-beachten-musst/10.-Beratung-und-Hilfen,https://www.hannover.de/Leben-in-der-Region-Hannover/Soziales/Kinder-Jugendliche/Dein-Weg-ins-Erwachsenenleben/10.-Beratung-und-Hilfen,62.67360815979602,6.475537212723529,37.397397757363755,16.23116018226429,13.846155064844023,61.301962846126884
hannover,104,https://www.hannover.de/Leichte-Sprache/Nachrichten-und-Veranstaltungen/Nachrichten/Hilfe-bei-hohen-Heiz%E2%88%99kosten-bekommen,https://www.hannover.de/Leben-in-der-Region-Hannover/Verwaltungen-Kommunen/Die-Verwaltung-der-Region-Hannover/Pressebereich-Region-Hannover/Archiv-Pressemitteilungen/2022/Höhere-Heizkosten-können-zu-Anspruch-auf-Grundsicherung-führen,66.03191489361703,6.767623943747348,37.667515305813176,34.00097847358123,11.74582818003914,52.62915851272015
hannover,105,https://www.hannover.de/Leichte-Sprache/Hilfe-und-Tipps/Schwer%E2%88%99behinderten%E2%88%99ausweis,https://www.hannover.de/Leben-in-der-Region-Hannover/Soziales/Menschen-mit-Behinderung/Förderung-Unterstützung/Schwer­behinderten­­­­­ausweis,39.171983356449374,8.59574535367545,43.27947295423023,22.031124497991954,14.139258634538155,62.02610441767069
hannover,106,https://www.hannover.de/Leichte-Sprache/Hilfe-und-Tipps/Familie-und-Partnerschaft/Frühe-Hilfen-für-Familien,https://www.hannover.de/Leben-in-der-Region-Hannover/Soziales/Familie-Partnerschaft/Frühe-Hilfen-–-Frühe-Chancen,48.93095238095236,7.620033333333332,39.333333333333336,9.871951219512198,16.3212162601626,81.65040650406505
hannover,107,https://www.hannover.de/Leichte-Sprache/Hilfe-und-Tipps/Familie-und-Partnerschaft/Koordinierungs∙stelle-Unterstützung-für-Allein∙erziehende,https://www.hannover.de/Leben-in-der-Region-Hannover/Soziales/Familie-Partnerschaft/Koordinierungsstelle-Alleinerziehende,42.413786331500376,7.8897223880597025,40.634721131186176,9.937137330754354,14.618980141843972,61.045132172791746
hannover,108,https://www.hannover.de/Leichte-Sprache/Hilfe-und-Tipps/Gesundheit2/Hilfe-bei-Geschlechts∙krankheiten,https://www.hannover.de/Leben-in-der-Region-Hannover/Gesundheit/Gesundheitsschutz/Beratungsstelle-für-Sexuelle-Gesundheit,48.440536723163845,9.313103276836157,43.88361581920904,25.202811244979898,11.936608032128516,51.182730923694784
hannover,109,https://www.hannover.de/Leichte-Sprache/Hilfe-und-Tipps/Gesundheit2/GAYsund,"https://www.hannover.de/Leben-in-der-Region-Hannover/Gesundheit/Gesundheitsschutz/Beratungsstelle-für-Sexuelle-Gesundheit/GAYsund-!-Angebote-für-Männer,-die-Sex-mit-Männern-haben",59.63238250475413,7.41453997283347,39.89573485465906,23.743729552889846,13.960173609596511,62.98909487459106
hannover,110,https://www.hannover.de/Leichte-Sprache/Hilfe-und-Tipps/Förderung-von-Kultur-in-der-Region-Hannover/1.-Förderung-für-Projekte,https://www.hannover.de/Leben-in-der-Region-Hannover/Kulturförderung/Kulturförderung-der-Region-Hannover/1.-Projektförderung,67.04272623138601,6.605836586483392,37.230469644902634,11.271616541353382,16.15630909090909,65.88585099111415
hannover,111,https://www.hannover.de/Leichte-Sprache/Hilfe-und-Tipps/Förderung-von-Kultur-in-der-Region-Hannover/2.-Förderung-für-Projekte-mit-kulturellen-Aufgaben,https://www.hannover.de/Leben-in-der-Region-Hannover/Kulturförderung/Kulturförderung-der-Region-Hannover/2.-Kulturelle-Bildung,65.60916965352449,7.323968608124254,40.031959378733575,8.53582554517132,16.15561183800623,68.76791277258567
hannover,112,https://www.hannover.de/Leichte-Sprache/Hilfe-und-Tipps/Förderung-von-Kultur-in-der-Region-Hannover/3.-Förderung-für-die-Arbeit-in-einem-Chor,https://www.hannover.de/Leben-in-der-Region-Hannover/Kulturförderung/Kulturförderung-der-Region-Hannover/3.-Chorförderung,62.50916844349679,7.750954797441365,39.720682302771856,11.33441558441558,15.288675613275615,64.64790764790764
hannover,113,https://www.hannover.de/Leichte-Sprache/Hilfe-und-Tipps/Förderung-von-Kultur-in-der-Region-Hannover/4.-Förderung-für-Spiel∙pläne,https://www.hannover.de/Leben-in-der-Region-Hannover/Kulturförderung/Kulturförderung-der-Region-Hannover/4.-Spielplanförderung,65.43574336491035,7.401237485320598,40.21467157284898,49.9149537512847,10.64994922918808,51.655190133607405
hannover,114,https://www.hannover.de/Leichte-Sprache/Hilfe-und-Tipps/Förderung-von-Kultur-in-der-Region-Hannover/7.-Förderung-für-kulturelle-Einrichtungen,https://www.hannover.de/Leben-in-der-Region-Hannover/Kulturförderung/Kulturförderung-der-Region-Hannover/7.-Institutionelle-Förderung,62.7344028520499,8.153689324618735,39.711725094078034,18.840909090909093,16.603172727272728,74.27272727272728
hannover,115,https://www.hannover.de/Leichte-Sprache/Hilfe-und-Tipps/Förderung-von-Kultur-in-der-Region-Hannover/8.-Förderung-für-Theater,https://www.hannover.de/Leben-in-der-Region-Hannover/Kulturförderung/Kulturförderung-der-Region-Hannover/8.-Theaterpädagogik,53.01608187134502,10.534937426900587,45.28654970760234,40.533613445378165,12.701991596638656,60.3781512605042
hannover,116,https://www.hannover.de/Leichte-Sprache/Hilfe-und-Tipps/Ideen-und-Beschwerden-an-das-B%C3%BCrger%E2%88%99b%C3%BCro-schicken,https://www.hannover.de/Leben-in-der-Region-Hannover/Bürger-Service/Bürger-Service-in-der-Landeshauptstadt-Hannover/Ideen-und-Beschwerden,57.303007518796974,7.150714285714287,37.368421052631575,37.814655172413794,11.512637931034483,54.67672413793103
hannover,117,https://www.hannover.de/Leichte-Sprache/Hilfe-und-Tipps/Notfall/Wer-hilft-mir-bei-welchem-Notfall,https://www.hannover.de/Leben-in-der-Region-Hannover/Sicherheit-Ordnung/Feuerwehr-Hannover/Rettungsdienst2/Wer-hilft-wann,74.1780605670103,5.198629510309279,33.35132087628866,52.076769891012376,10.293761653647843,52.06770817252771
hannover,118,https://www.hannover.de/Leichte-Sprache/Hilfe-und-Tipps/Notfall/Was-passiert-bei-einer-Evakuierung,https://www.hannover.de/Service/Presse-Medien/Hannover.de/Aktuelles/Gut-zu-wissen/Evakuierung-Das-gehört-ins-Not­fall­gepäck,71.17699579831933,4.765171580298786,32.260504201680675,31.72516343371558,12.333228421391063,59.95091630050369
hannover,119,https://www.hannover.de/Leichte-Sprache/Hilfe-und-Tipps/Notfall/Hilfe-bei-Gewalt,https://www.hannover.de/Leben-in-der-Region-Hannover/Soziales/Frauen-und-Gleichstellung/Gleichstellungsbeauftragte-der-Region-Hannover/Beratung-und-Unterstützung-gegen-häusliche-und-sexualisierte-Gewalt,69.55844827586206,5.741878448275863,35.64655172413793,7.881970970206282,14.68929243697479,66.08721670486376
hannover,120,https://www.hannover.de/Leichte-Sprache/Hilfe-und-Tipps/Notfall/Not∙dienste,https://www.hannover.de/Service/Notdienste-Notfall­nummern/Ärztliche-Notdienste/Ärztliche-Notdienste-in-der-Region-Hannover,61.54297520661156,6.942179834710743,35.38884297520661,25.342016806722683,14.211276377217555,62.02147525676938
hannover,121,https://www.hannover.de/Leichte-Sprache/Hilfe-und-Tipps/Notfälle-und-Katastrophen-Hilfe-und-Tipps/Was-passiert-bei-einer-Evakuierung,https://www.hannover.de/Service/Presse-Medien/Hannover.de/Aktuelles/Gut-zu-wissen/Evakuierung-Das-gehört-ins-Not­fall­gepäck,71.17699579831933,4.765171580298786,32.260504201680675,31.72516343371558,12.333228421391063,59.95091630050369
hannover,122,https://www.hannover.de/Leichte-Sprache/Hilfe-und-Tipps/Notfälle-und-Katastrophen-Hilfe-und-Tipps/Strom∙ausfall-Hilfe-für-Menschen-mit-Behinderung,"https://www.hannover.de/Leben-in-der-Region-Hannover/Verwaltungen-Kommunen/Die-Verwaltung-der-Region-Hannover/Stellt-sich-vor/Dezernate-und-Fachbereiche-der-Region-Hannover/Dezernat-Soziales,-Teilhabe,-Familie-und-Jugend/Beauftragte-der-Region-Hannover-für-Menschen-mit-Behinderung/Hilfe-bei-einem-Blackout",54.966997981052955,8.414945188176219,44.02448620386188,27.44285714285715,13.024743296703296,61.05714285714285
hannover,123,https://www.hannover.de/Leichte-Sprache/Hilfe-und-Tipps/Notfälle-und-Katastrophen-Hilfe-und-Tipps/Verhalten-bei-einer-Katastrophe,https://www.hannover.de/Leben-in-der-Region-Hannover/Sicherheit-Ordnung/Informationen-im-Katastrophenfall,62.377531357298025,6.945600909381108,38.34755993117355,17.292197452229317,15.05362484076433,66.75875796178343
hannover,124,https://www.hannover.de/Leichte-Sprache/Hilfe-und-Tipps/Notfälle-und-Katastrophen-Hilfe-und-Tipps/Notfall∙pass-für-Menschen-mit-Taub∙blindheit,https://www.hannover.de/Leben-in-der-Region-Hannover/Soziales/Menschen-mit-Behinderung/Aktuelles/Meldungen/Notfall­pass-für-Menschen-mit-Taub­blind­heit,62.350270387979535,6.879800958153378,41.31996515805902,34.01276776847777,11.810015633423182,58.07079018300468
hannover,125,https://www.hannover.de/Leichte-Sprache/Hilfe-und-Tipps/Notfälle-und-Katastrophen-Hilfe-und-Tipps/Wer-hilft-mir-bei-welchem-Notfall,https://www.hannover.de/Leben-in-der-Region-Hannover/Sicherheit-Ordnung/Feuerwehr-Hannover/Rettungsdienst2/Wer-hilft-wann,74.1780605670103,5.198629510309279,33.35132087628866,52.076769891012376,10.293761653647843,52.06770817252771
hannover,126,https://www.hannover.de/Leichte-Sprache/Hilfe-und-Tipps/Notfälle-und-Katastrophen-Hilfe-und-Tipps/Not∙dienste,https://www.hannover.de/Service/Notdienste-Notfall­nummern/Ärztliche-Notdienste/Ärztliche-Notdienste-in-der-Region-Hannover,61.54297520661156,6.942179834710743,35.38884297520661,25.342016806722683,14.211276377217555,62.02147525676938
hannover,127,https://www.hannover.de/Leichte-Sprache/Hilfe-und-Tipps/Menschen-ohne-Wohnung-Hilfs∙angebote-im-Sommer-und-Winter/Hilfen-im-Sommer-für-Menschen-ohne-Wohnung,https://www.hannover.de/Leben-in-der-Region-Hannover/Verwaltungen-Kommunen/Die-Verwaltung-der-Landeshauptstadt-Hannover/Dezernate-und-Fachbereiche-der-LHH/Soziales-und-Integration/Fachbereich-Gesellschaftliche-Teilhabe/Die-Struktur/Soziale-Hilfen-in-Wohnungslosigkeit/Nothilfe-in-Sommer-und-Winter/Sommerhilfe-und-Hilfen-im-Sommer-auf-der-Straße,57.08346915453643,6.852817553719628,39.09179639933307,32.9432525039536,11.938934675803903,55.15361096468108
hannover,128,https://www.hannover.de/Leichte-Sprache/Hilfe-und-Tipps/Menschen-ohne-Wohnung-Hilfs∙angebote-im-Sommer-und-Winter/Hilfen-im-Winter-für-Menschen-ohne-Wohnung,https://www.hannover.de/Leben-in-der-Region-Hannover/Verwaltungen-Kommunen/Die-Verwaltung-der-Landeshauptstadt-Hannover/Dezernate-und-Fachbereiche-der-LHH/Soziales-und-Integration/Fachbereich-Gesellschaftliche-Teilhabe/Die-Struktur/Soziale-Hilfen-in-Wohnungslosigkeit/Nothilfe-in-Sommer-und-Winter/Winternothilfe-und-Hilfen-im-Winter-auf-der-Straße,67.6644299145707,5.663839700281583,35.47387963537441,33.41680743243242,12.200570908408409,56.88701201201201
hannover,129,https://www.hannover.de/Leichte-Sprache/Nachrichten-und-Veranstaltungen/Nachrichten/Begleit%E2%88%99service-f%C3%BCr-Fahrg%C3%A4ste,https://www.hannover.de/Leben-in-der-Region-Hannover/Soziales/Menschen-mit-Behinderung/Mobilität/%22Gemeinsam-mobil%22,62.35616302972802,6.625355993042379,37.54807084123972,44.46819923371646,10.660777777777778,51.97318007662835
hannover,130,https://www.hannover.de/Leichte-Sprache/Hilfe-und-Tipps/Schwangerschaft-und-Geburt/Fachkräfte-Frühe-Hilfen,https://www.hannover.de/Leben-in-der-Region-Hannover/Soziales/Familie-Partnerschaft/Frühe-Hilfen-–-Frühe-Chancen/Eltern/Fachkräfte-Frühe-Hilfen,43.88530734632681,8.195612063199173,39.74178295467651,34.682250153280194,9.980239362354386,49.2608828939301
hannover,131,https://www.hannover.de/Leichte-Sprache/Hilfe-und-Tipps/Schwangerschaft-und-Geburt/Schwangerschafts∙wegweiser,https://www.hannover.de/Leben-in-der-Region-Hannover/Soziales/Familie-Partnerschaft/Frühe-Hilfen-–-Frühe-Chancen/Eltern/Schwangerschaft-und-Geburt/Schwangerschaftswegweiser,49.320487868171796,8.833911431166472,44.97787725444401,20.029459901800323,14.017738134206219,61.906710310965636
hannover,132,https://www.hannover.de/Leichte-Sprache/Freizeit-und-Tourismus/Feste/Musik∙fest-Fête-de-la-Musique2,https://www.hannover.de/Kultur-Freizeit/Freizeit-Sport/Feste-Saisonales/Fête-de-la-Musique/Hannover-feiert-Fête-de-la-Musique-2026,75.30619360131257,4.962279901558654,33.745693191140276,50.174155819656676,10.238338494623658,62.03492422813306
hannover,133,https://www.hannover.de/Leichte-Sprache/Freizeit-und-Tourismus/Feste/Schützen∙fest-2026,https://www.hannover.de/Veranstaltungskalender/Feste-Festivals/Schützenfest-Hannover-2026,76.29457743038594,5.6439264289203726,31.896433805569128,25.303763440860195,15.228217204301075,60.333333333333336
hannover,134,https://www.hannover.de/Leichte-Sprache/Freizeit-und-Tourismus/Feste/Entdecker∙tag-2026,https://www.hannover.de/Leben-in-der-Region-Hannover/Verwaltungen-Kommunen/Die-Verwaltung-der-Region-Hannover/Termine-Veranstaltungen/Ent­decker­tag-der-Region-Hannover-2026,66.85514285714285,5.810485714285715,33.542857142857144,43.5333333333333,12.043352592592594,47.837037037037035
hannover,135,https://www.hannover.de/Leichte-Sprache/Freizeit-und-Tourismus/Feste/Tier∙garten∙fest-2026,https://www.hannover.de/Veranstaltungskalender/Feste-Festivals/Tiergartenfest-Hannover,63.30081300813008,6.64715005807201,35.753193960511034,44.009427992913174,10.595892887876486,50.69102758795241
hannover,136,https://www.hannover.de/Leichte-Sprache/Freizeit-und-Tourismus/Draußen/Fahrrad∙fahren-in-der-Region-Hannover,https://www.hannover.de/Kultur-Freizeit/Naherholung/Raus-in-die-Natur/Radfahren,65.04605263157895,6.6103736842105265,37.131578947368425,37.5,18.4232,56.0
hannover,137,https://www.hannover.de/Leichte-Sprache/Freizeit-und-Tourismus/Draußen/Spiel･plätze-in-Hannover,https://www.hannover.de/Kultur-Freizeit/Naherholung/Raus-in-die-Natur/Bewegen/Spielplätze-in-Hannover,57.13865546218487,9.946230412164866,48.78311324529812,47.03591743119266,11.218949651376146,55.74275229357798
hannover,138,https://www.hannover.de/Leichte-Sprache/Freizeit-und-Tourismus/Draußen/Grüne-Schätze,https://www.hannover.de/Kultur-Freizeit/Naherholung/Raus-in-die-Natur/„Grüne-Schätze“,68.64405844442483,5.042407204025779,34.32170919042994,65.16448003087014,6.470212553861984,40.880120908096984
hannover,139,https://www.hannover.de/Leichte-Sprache/Freizeit-und-Tourismus/Drinnen/Kinos,"https://www.hannover.de/Kultur-Freizeit/Bühnen,-Musik,-Literatur/Kino",17.392080745341616,10.778965527950312,46.59006211180124,19.871240601503786,11.658476785714285,51.96804511278196
hannover,140,https://www.hannover.de/Leichte-Sprache/Lernen-und-Arbeiten/Lernen/Informationen-zur-Kinder∙tages∙stätte,https://www.hannover.de/Leben-in-der-Region-Hannover/Soziales/Kinder-Jugendliche/Kinderbetreuung/Kita-Start-Fragen-und-Antworten,64.69032258064516,5.431165471923537,33.06152927120669,55.19423735999719,8.083748486026217,43.31288202664028
hannover,141,https://www.hannover.de/Leichte-Sprache/Lernen-und-Arbeiten/Lernen/Informationen-zur-Krippe,https://www.hannover.de/Leben-in-der-Region-Hannover/Soziales/Kinder-Jugendliche/Kinderbetreuung/Krippe-Krippenplatz-Fragen-und-Antworten,63.93035860936216,5.593893150834932,34.44686558992609,52.44949610627576,8.65489434519265,45.5189596376037
hannover,142,https://www.hannover.de/Leichte-Sprache/Lernen-und-Arbeiten/Lernen/Medien･zentrum-der-Region-Hannover,https://www.hannover.de/Leben-in-der-Region-Hannover/Bildung/Lernen-außerschulisch/Medienzentrum-der-Region-Hannover,35.91176470588235,10.223287824897401,42.4719562243502,14.798684210526318,15.198344210526315,66.22105263157894
hannover,143,https://www.hannover.de/Leichte-Sprache/Lernen-und-Arbeiten/Arbeiten/Job･center-von-der-Region-Hannover,https://www.hannover.de/Wirtschaft-Wissenschaft/Arbeit/Arbeitsmarkt/Jobsuche/Jobcenter-Region-Hannover,60.23800799467021,6.964577215189874,38.062624916722186,31.29926108374383,12.382380788177342,53.64039408866995
hannover,144,https://www.hannover.de/Leichte-Sprache/Hannover-und-Region/Politik/Wahlen/Kommunal%E2%88%99wahlen-2026-in-der-Region-Hannover/Fragen-und-Antworten-f%C3%BCr-Wahl%E2%88%99helfer,https://www.hannover.de/Leben-in-der-Region-Hannover/Politik/Wahlen-Statistik/Kommunalwahlen-2026-in-der-Region-Hannover/FAQ-für-Wahlhelfer*innen,66.8237600408007,7.237818640826214,38.35145990054826,36.11250000000001,12.145297222222224,55.72222222222222
hannover,145,https://www.hannover.de/Leichte-Sprache/Hannover-und-Region/Politik/Wahlen/Kommunal%E2%88%99wahlen-2026-in-der-Region-Hannover/Wie-kann-ich-die-Wahl%C2%B7leiter-erreichen,https://www.hannover.de/Leben-in-der-Region-Hannover/Politik/Wahlen-Statistik/Kommunalwahlen-2026-in-der-Region-Hannover/Kontakt-zu-den-Wahlleitungen,68.51650943396226,5.882511320754718,31.153301886792452,8.430327868852459,14.377422950819673,62.790983606557376
hannover,146,https://www.hannover.de/Leichte-Sprache/Hannover-und-Region/Politik/Wahlen/Kommunal%E2%88%99wahlen-2026-in-der-Region-Hannover/Wie-kann-ich-bei-der-Wahl-helfen,https://www.hannover.de/Leben-in-der-Region-Hannover/Politik/Wahlen-Statistik/Kommunalwahlen-2026-in-der-Region-Hannover/Wahlhelfer*innen-gesucht,70.32067183462532,5.918965064599483,34.67932816537468,39.936956521739134,11.201117681159422,53.90724637681159
hannover,147,https://www.hannover.de/Leichte-Sprache/Hilfe-und-Tipps/B%C3%BCros-und-%C3%84mter-f%C3%BCr-B%C3%BCrger/Fach%E2%88%99bereich-Teil%E2%88%99habe-bei-der-Region-Hannover,"https://www.hannover.de/Leben-in-der-Region-Hannover/Verwaltungen-Kommunen/Die-Verwaltung-der-Region-Hannover/Stellt-sich-vor/Dezernate-und-Fachbereiche-der-Region-Hannover/Dezernat-Soziales,-Teilhabe,-Familie-und-Jugend/Eingliederungshilfe/Fachbereich-Teilhabe",48.49094827586208,8.162928160919542,41.70617816091954,25.683901292596943,12.742311763937852,57.42120381250816
hannover,148,https://www.hannover.de/Leichte-Sprache/Hilfe-und-Tipps/Sozial%EF%BD%A5leistungen/Informationen-zu-Bildung-und-Teilhabe,https://www.hannover.de/Leben-in-der-Region-Hannover/Soziales/Sozialleistungen-weitere-Hilfen/Bildungs-und-Teilhabepaket,65.84179577066608,6.31539819065928,35.74816238832975,37.483890630442346,11.702371856495994,55.496516893068616
hannover,149,https://www.hannover.de/Leichte-Sprache/Lernen-und-Arbeiten/Lernen/Informationen-zur-Kinder%E2%88%99tages%E2%88%99st%C3%A4tte,https://www.hannover.de/Leben-in-der-Region-Hannover/Soziales/Kinder-Jugendliche/Kinderbetreuung/Kita-Start-Fragen-und-Antworten,64.69032258064516,5.431165471923537,33.06152927120669,55.19423735999719,8.083748486026217,43.31288202664028
hannover,150,https://www.hannover.de/Leichte-Sprache/Hilfe-und-Tipps/Notfälle-und-Katastrophen-Hilfe-und-Tipps/Verhalten-bei-extremem-Wetter/Schnee-und-Glatt∙eis-in-Hannover,https://www.hannover.de/Leben-in-der-Region-Hannover/Umwelt-Nachhaltigkeit/Verhalten-bei-extremem-Wetter/Glätte-und-Schnee-in-der-Region-Hannover,72.4028397054373,4.9520897488146876,33.59774034096641,49.51367462010353,9.637596544140747,52.82704168526878
hannover,151,https://www.hannover.de/Leichte-Sprache/Hilfe-und-Tipps/Notfälle-und-Katastrophen-Hilfe-und-Tipps/Verhalten-bei-extremem-Wetter/Hitze-in-der-Region-Hannover,https://www.hannover.de/Leben-in-der-Region-Hannover/Umwelt-Nachhaltigkeit/Verhalten-bei-extremem-Wetter/Hitze-in-der-Region-Hannover,70.77398040555936,4.5517934837092735,29.113237639553432,50.82623106060608,8.824539393939395,45.06439393939394
hannover,152,https://www.hannover.de/Leichte-Sprache/Hilfe-und-Tipps/Notfälle-und-Katastrophen-Hilfe-und-Tipps/Verhalten-bei-extremem-Wetter/Hoch∙wasser-in-der-Region-Hannover,https://www.hannover.de/Leben-in-der-Region-Hannover/Umwelt-Nachhaltigkeit/Verhalten-bei-extremem-Wetter/Hochwasser-in-der-Region-Hannover,64.61977174291043,6.459733154184187,36.58007966867946,41.07562183325655,11.129723694150162,50.39668355596499
hannover,153,https://www.hannover.de/Leichte-Sprache/Hilfe-und-Tipps/Notfälle-und-Katastrophen-Hilfe-und-Tipps/Verhalten-bei-extremem-Wetter/Kälte-in-Hannover,https://www.hannover.de/Leben-in-der-Region-Hannover/Umwelt-Nachhaltigkeit/Verhalten-bei-extremem-Wetter/Kälte-in-der-Region-Hannover,69.71536867878332,5.032893725083969,33.424584863609255,50.98366795366795,9.458537194337193,48.09395109395109
hannover,154,https://www.hannover.de/Leichte-Sprache/Hilfe-und-Tipps/Notfälle-und-Katastrophen-Hilfe-und-Tipps/Verhalten-bei-extremem-Wetter/Gewitter-und-Sturm-in-Hannover,https://www.hannover.de/Leben-in-der-Region-Hannover/Umwelt-Nachhaltigkeit/Verhalten-bei-extremem-Wetter/Sturm-und-Gewitter,62.39692480307747,7.31263174574098,39.569701410514746,41.97761988230877,11.329062814573684,52.41655189683235
hannover,155,https://www.hannover.de/Leichte-Sprache/Hilfe-und-Tipps/Notfälle-und-Katastrophen-Hilfe-und-Tipps/Verhalten-bei-extremem-Wetter/Wann-fällt-in-Hannover-die-Schule-aus,https://www.hannover.de/Leben-in-der-Region-Hannover/Umwelt-Nachhaltigkeit/Verhalten-bei-extremem-Wetter/Wann-fällt-die-Schule-aus,62.84232678609972,7.65126384631988,40.12669976257285,22.330845771144283,13.359680597014925,62.13432835820895
hannover,156,http://www.hannover.de/Leichte-Sprache/Nachrichten-und-Veranstaltungen/Nachrichten/Info∙bus-an-Schulen-Informationen-zur-Impfung-gegen-das-HPV-Virus,https://www.hannover.de/Leben-in-der-Region-Hannover/Verwaltungen-Kommunen/Die-Verwaltung-der-Region-Hannover/Pressebereich-Region-Hannover/Aktuelle-Pressemitteilungen/Krebsvorsorge-Impfung-Region-Han­no­ver-fährt-mit-Infobus-an-rund-30-Schulen,69.52190580503834,6.146749936810177,37.84522706209453,48.538479157123234,9.609574194533517,48.24965643609711
hannover,157,http://www.hannover.de/Leichte-Sprache/Nachrichten-und-Veranstaltungen/Veranstaltungen/Die-Finals-2026-in-Hannover,https://www.hannover.de/Veranstaltungskalender/Sport/Die-Finals-Hannover,65.22486631016042,6.1183734759358295,37.15748663101604,55.68571428571428,8.5702,47.142857142857146
hannover,158,http://www.hannover.de/Leichte-Sprache/Nachrichten-und-Veranstaltungen/Nachrichten/Neue-Park∙zonen-für-Bewohner-in-der-Stadt-Hannover,https://www.hannover.de/Service/Presse-Medien/Landeshauptstadt-Hannover/Aktuelle-Meldungen-und-Veranstaltungen/Neue-Bewohner*innen-Parkzonen-ab-Mai-2026,65.14373914721203,6.526785383840333,37.41181640834351,38.703522113267965,10.335635741444868,53.00560336201721
hannover,159,http://www.hannover.de/Leichte-Sprache/Nachrichten-und-Veranstaltungen/Nachrichten/ÜSTRA-easy-Neue-Fahr·karten-App-für-Busse-und-Bahnen,https://www.hannover.de/Service/Presse-Medien/Hannover.de/Aktuelles/Service-2026/Neues-Luft­li­nien-Ta­rif­mo­dell-mit-der-„ÜSTRA-easy“-App,77.63742482500247,3.891795397247927,28.11009704088675,51.31703536774981,9.099381070282824,46.28668641382432
hannover,160,http://www.hannover.de/Leichte-Sprache/Nachrichten-und-Veranstaltungen/Nachrichten/Behinderten∙sportlerin-2026,https://www.hannover.de/Leben-in-der-Region-Hannover/Soziales/Menschen-mit-Behinderung/Aktuelles/Meldungen/Helena-Klintschar-ist-„Be­hin­der­ten­­sport­­lerin-des-Jahres“-2026,61.59657738095238,7.25046726190476,40.74404761904762,43.72021575984991,9.38851163227017,50.02063789868668
hannover,161,http://www.hannover.de/Leichte-Sprache/Nachrichten-und-Veranstaltungen/Veranstaltungen/Messe-in-Hannover-Inklusion-2026,https://www.hannover.de/Veranstaltungskalender/Messen-Kongresse/Inklusion-2026-Jugend-und-Erlebnis­­messe,62.422884736510596,6.287486281755197,36.04824690321226,42.531679389312984,10.120549007633588,49.7412213740458
hannover,162,http://www.hannover.de/Leichte-Sprache/Hilfe-und-Tipps/Ideen-und-Beschwerden-an-das-Bürger∙büro-schicken,https://www.hannover.de/Leben-in-der-Region-Hannover/Bürger-Service/Bürger-Service-in-der-Landeshauptstadt-Hannover/Ideen-und-Beschwerden,57.303007518796974,7.150714285714287,37.368421052631575,37.814655172413794,11.512637931034483,54.67672413793103
hannover,163,http://www.hannover.de/Leichte-Sprache/Hilfe-und-Tipps/Notfall/Busse-und-Bahnen-Was-mache-ich-bei-einem-Notfall,https://www.hannover.de/Service/Presse-Medien/Hannover.de/Aktuelles/Aktuelle-Service­in­for­ma­tio­nen-aus-Stadt-und-Re­gion-Hannover/Was-tun-bei-Notfällen-in-Bussen-und-Bahnen,66.9428787878788,5.606314814814815,34.929713804713806,40.30214750924131,11.25268322478437,53.192131666960044
hannover,164,http://www.hannover.de/Leichte-Sprache/Hilfe-und-Tipps/Notfälle-und-Katastrophen-Hilfe-und-Tipps/Verhalten-bei-extremem-Wetter/Stark∙regen-in-der-Region-Hannover-Karte-mit-Hinweisen-und-Informationen,https://www.hannover.de/Leben-in-der-Region-Hannover/Umwelt-Nachhaltigkeit/Klimawandel-und-anpassung/Die-Region-Hannover-im-Klimawandel/Starkregenhinweiskarte-für-die-Region-Hannover,64.0679391170348,6.8244614182594825,37.59724512692963,9.342990654205607,14.165977196261682,61.586915887850466
hannover,165,http://www.hannover.de/Leichte-Sprache/Erklärung-zum-Daten∙schutz-in-Leichter-Sprache,https://www.hannover.de/Datenschutz,58.829400447816354,7.024934484032958,38.011043238190474,34.74700208898173,11.73453786588046,54.3330567778321
hannover,166,http://www.hannover.de/Leichte-Sprache/Erklärung-zur-Barriere∙freiheit-in-Leichter-Sprache,https://www.hannover.de/Leben-in-der-Region-Hannover/Soziales/Menschen-mit-Behinderung/Barriere­freiheits­erklärung,55.490197813869116,8.2696258706908,40.956277381953356,33.44890753116263,12.29125874212048,54.72207213612019
hannover,167,http://www.hannover.de/Leichte-Sprache/Netiquette-Regeln-für-gutes-Verhalten-im-Internet,https://www.hannover.de/Netiquette,58.73964025500911,7.571461657559199,37.92531876138433,6.265306122448976,18.218951020408163,79.60204081632654
hannover,168,https://www.hannover.de/Leichte-Sprache/Nachrichten-und-Veranstaltungen/Nachrichten/Die-Gedenkstätte-Ahlem/Die-Gedenkstätte-Ahlem-heute,https://www.hannover.de/Kultur-Freizeit/Geschichte-Geschichten/Erinnerungskultur/Gedenkstätte-Ahlem/Die-Gedenkstätte-heute,53.93778782193414,7.240083029165957,39.49347603615897,43.92105263157893,9.99098947368421,49.55263157894737
hannover,169,https://www.hannover.de/Leichte-Sprache/Nachrichten-und-Veranstaltungen/Nachrichten/Die-Gedenkstätte-Ahlem/Die-Geschichte-von-der-Gedenkstätte-Ahlem,https://www.hannover.de/Kultur-Freizeit/Geschichte-Geschichten/Erinnerungskultur/Gedenkstätte-Ahlem/Die-Geschichte-des-Ortes,46.61323255129085,7.833262727005007,40.54844409541573,37.7850568181818,11.132613500000001,51.58
hannover,170,https://www.hannover.de/Leichte-Sprache/Nachrichten-und-Veranstaltungen/Nachrichten/Die-Gedenkstätte-Ahlem/Lern∙angebote-in-der-Gedenkstätte-Ahlem,https://www.hannover.de/Kultur-Freizeit/Geschichte-Geschichten/Erinnerungskultur/Gedenkstätte-Ahlem/Führungen-und-pädagogisches-Angebot,52.540486725663726,8.007506725663717,41.6608407079646,21.375,14.09658717948718,62.87179487179487
hannover,171,https://www.hannover.de/Leichte-Sprache/Hilfe-und-Tipps/Gesundheit2/Gesundheits･tipps/Hitze-in-der-Region-Hannover,https://www.hannover.de/Leben-in-der-Region-Hannover/Umwelt-Nachhaltigkeit/Verhalten-bei-extremem-Wetter/Hitze-in-der-Region-Hannover,70.77398040555936,4.5517934837092735,29.113237639553432,50.82623106060608,8.824539393939395,45.06439393939394
hannover,172,https://www.hannover.de/Leichte-Sprache/Hilfe-und-Tipps/Gesundheit2/Gesundheits%EF%BD%A5tipps/Hitze-in-der-Region-Hannover,https://www.hannover.de/Leben-in-der-Region-Hannover/Umwelt-Nachhaltigkeit/Verhalten-bei-extremem-Wetter/Hitze-in-der-Region-Hannover,70.77398040555936,4.5517934837092735,29.113237639553432,50.82623106060608,8.824539393939395,45.06439393939394
hannover,173,https://www.hannover.de/Leichte-Sprache/Hilfe-und-Tipps/Gesundheit2/Gesundheits%EF%BD%A5tipps/Hitze-in-der-Region-Hannover/Klima%E2%88%99wandel-und-Klima%E2%88%99anpassung,https://www.hannover.de/Leben-in-der-Region-Hannover/Umwelt-Nachhaltigkeit/Klimawandel-und-anpassung,75.50635823210133,3.668416903592661,27.982682863789094,65.01785714285714,6.622466666666667,37.80952380952381
hannover,174,https://www.hannover.de/Leichte-Sprache/Nachrichten-und-Veranstaltungen/Nachrichten/Warum-feiern-wir-Silvester-und-Neu%E2%88%99jahr,https://www.hannover.de/Service/Presse-Medien/Hannover.de/Aktuelles/Gut-zu-wissen/Glossar-Feste-und-Feiertage/Warum-und-wie-Hannover-Silvester-und-Neujahr-feiert,69.78428571428573,6.299060317460318,36.92460317460318,49.76542207792208,10.15915562770563,50.58468614718615
hannover,175,https://www.hannover.de/Leichte-Sprache/Hannover-und-Region/Unterwegs-sein/Unterwegs-mit-Bus-und-Bahn/Gro%C3%9Fraum-Verkehr-Hannover,https://www.hannover.de/Leben-in-der-Region-Hannover/Mobilität/Bus-Bahn/GVH-–-Großraum-Verkehr-Hannover,60.80300570251862,7.037581371772534,37.394424204023444,42.030342624854825,10.765468176538908,51.89953542392567
hannover,176,https://www.hannover.de/Leichte-Sprache/Hilfe-und-Tipps/Beratung-und-Unterstützung/Hilfe-und-Beratung-für-ältere-Menschen/Kosten∙lose-Beratung,https://www.hannover.de/Leben-in-der-Region-Hannover/Soziales/Senioren/Information-Beratung/Kostenlose-Beratung,46.823207443897104,8.12867400109469,42.80487137383689,29.953333333333347,12.075866666666666,54.66666666666667
hannover,177,https://www.hannover.de/Leichte-Sprache/Hannover-und-Region/Die-Verwaltung-von-der-Region-Hannover/Die-Hör∙region-Hannover/Gesund-hören/Tipps-für-gutes-Hören,https://www.hannover.de/Leben-in-der-Region-Hannover/Verwaltungen-Kommunen/Die-Verwaltung-der-Region-Hannover/Die-Hörregion-Hannover/Gesund-hören/11-Tipps-für-gutes-Hören,64.03403314917126,5.245516950276244,32.10187845303867,49.23838186649314,9.144850897456754,45.73746000759178
hannover,178,https://www.hannover.de/Leichte-Sprache/Hannover-und-Region/Die-Verwaltung-von-der-Region-Hannover/Die-Hör∙region-Hannover/Hören-lernen/Gutes-Hören-in-der-Kinder∙tages∙stätte,https://www.hannover.de/Leben-in-der-Region-Hannover/Verwaltungen-Kommunen/Die-Verwaltung-der-Region-Hannover/Die-Hörregion-Hannover/Hören-lernen/Gutes-Hören-in-der-Kita,54.345888888888894,8.103577777777778,43.511111111111106,30.36161148977604,12.964277799415775,63.864654333008765
hannover,179,https://www.hannover.de/Leichte-Sprache/Hannover-und-Region/Die-Verwaltung-von-der-Region-Hannover/Die-Hör∙region-Hannover/Gesund-hören/Hilfe-für-Menschen-mit-einer-Hör∙beeinträchtigung,https://www.hannover.de/Leben-in-der-Region-Hannover/Verwaltungen-Kommunen/Die-Verwaltung-der-Region-Hannover/Die-Hörregion-Hannover/Gesund-hören/Hilfe-für-Menschen-mit-Hörbeeinträchtigung,50.09850066426267,7.960481837160753,43.24544505598786,5.770154258886635,11.119083165660632,49.579141515761236
hannover,180,https://www.hannover.de/Leichte-Sprache/Hannover-und-Region/Unterwegs-sein/Unterwegs-mit-Bus-und-Bahn/Begleit∙service-für-Fahrgäste,https://www.hannover.de/Leben-in-der-Region-Hannover/Soziales/Menschen-mit-Behinderung/Mobilität/%22Gemeinsam-mobil%22,62.35616302972802,6.625355993042379,37.54807084123972,44.46819923371646,10.660777777777778,51.97318007662835
hannover,181,https://www.hannover.de/Leichte-Sprache/Hannover-und-Region/Unterwegs-sein/Unterwegs-mit-Bus-und-Bahn/sprinti-in-der-Region-Hannover,https://www.hannover.de/Leben-in-der-Region-Hannover/Mobilität/Bus-Bahn/Angebot-Infrastruktur/sprinti-–-On-Demand-Angebot,67.09556256572031,6.400873674027339,37.15995793901156,45.001749398644236,10.913036125082002,55.228733872731254
hannover,182,https://www.hannover.de/Leichte-Sprache/Hannover-und-Region/Unterwegs-sein/Unterwegs-mit-Bus-und-Bahn/Großraum-Verkehr-Hannover,https://www.hannover.de/Leben-in-der-Region-Hannover/Mobilität/Bus-Bahn/GVH-–-Großraum-Verkehr-Hannover,60.80300570251862,7.037581371772534,37.394424204023444,42.030342624854825,10.765468176538908,51.89953542392567
hannover,183,https://www.hannover.de/Leichte-Sprache/Hannover-und-Region/Unterwegs-sein/Unterwegs-mit-Bus-und-Bahn/Nacht･stern･verkehr,https://www.hannover.de/Service/Mobil-in-Hannover/Busse-und-Bahnen-in-der-Region-Hannover/Nachtsternverkehr,75.18258749282846,5.414507515777396,36.2180149168101,58.600845144819104,8.467010353024033,48.679285148340526
hannover,184,https://www.hannover.de/Leichte-Sprache/Hannover-und-Region/Unterwegs-sein/Unterwegs-mit-Bus-und-Bahn/Fern･busse,https://www.hannover.de/Service/Mobil-in-Hannover/An-und-Abreise-nach-und-von-Hannover/Fernbusse-von-und-nach-Hannover,68.71235431235432,6.271028904428905,36.505827505827504,25.90789473684211,13.799649122807017,66.55701754385964
hannover,185,https://www.hannover.de/Leichte-Sprache/Hannover-und-Region/Unterwegs-sein/Unterwegs-mit-dem-Taxi/Frauen%EF%BD%A5nacht%EF%BD%A5taxi,https://www.hannover.de/Service/Mobil-in-Hannover/Weitere-Mobilitätsdienste/Rund-ums-Taxi/Frauennachttaxi,75.32850687202524,3.9118982512433815,27.473768650729987,48.1557239057239,10.681621004921006,56.84952084952086
hannover,186,https://www.hannover.de/Leichte-Sprache/Hannover-und-Region/Unterwegs-sein/Unterwegs-mit-dem-Taxi/Frauen･nacht･taxi,https://www.hannover.de/Service/Mobil-in-Hannover/Weitere-Mobilitätsdienste/Rund-ums-Taxi/Frauennachttaxi,75.32850687202524,3.9118982512433815,27.473768650729987,48.1557239057239,10.681621004921006,56.84952084952086
hannover,187,https://www.hannover.de/Leichte-Sprache/Hilfe-und-Tipps/B%C3%BCros-und-%C3%84mter-f%C3%BCr-B%C3%BCrger/Fach%EF%BD%A5bereich-Soziales-von-der-Stadt-Hannover,https://www.hannover.de/Leben-in-der-Region-Hannover/Verwaltungen-Kommunen/Die-Verwaltung-der-Landeshauptstadt-Hannover/Dezernate-und-Fachbereiche-der-LHH/Soziales-und-Integration/Fachbereich-Soziales-der-Landeshauptstadt,41.094666666666654,10.252893333333333,45.93333333333334,-23.804054054054063,21.63342702702703,93.75675675675676
hannover,188,https://www.hannover.de/Leichte-Sprache/Hilfe-und-Tipps/Vollj%C3%A4hrigkeit-Was-du-mit-18-Jahren-beachten-musst/2.-Jugend%E2%88%99hilfe,https://www.hannover.de/Leben-in-der-Region-Hannover/Soziales/Kinder-Jugendliche/Dein-Weg-ins-Erwachsenenleben/2.-Erwachsen-werden-in-der-Jugendhilfe,62.3876275510204,7.109778061224492,38.472576530612244,42.57258064516128,10.538678853046596,50.80465949820788
hannover,189,https://www.hannover.de/Leichte-Sprache/Hilfe-und-Tipps/Beratung-und-Unterst%C3%BCtzung/Ansprech%E2%88%99personen-f%C3%BCr-junge-Menschen-mit-Behinderung,https://www.hannover.de/Leben-in-der-Region-Hannover/Soziales/Menschen-mit-Behinderung/Förderung-Unterstützung/Verfahrenslots*innen-für-junge-Menschen-mit-drohender-Behinderung,45.495031191063404,9.41815025388075,44.57797765849413,24.447209302325575,12.565775441860467,59.59348837209303
hannover,190,https://www.hannover.de/Leichte-Sprache/Hilfe-und-Tipps/Beratung-und-Unterstützung/Hilfe-und-Beratung-für-ältere-Menschen/Hilfe-für-ältere-Menschen-Beratung-über-den-Schutz-vor-Einbrüchen,https://www.hannover.de/Leben-in-der-Region-Hannover/Soziales/Senioren/Information-Beratung/Albtraum-Betrug-Diebstahl-Einbruch-Überfall,54.41402688486265,7.4613869082407955,41.35885447106955,19.124862486248617,14.738156655665566,67.49394939493949
hannover,191,https://www.hannover.de/Leichte-Sprache/Hilfe-und-Tipps/Beratung-und-Unterstützung/Hilfe-und-Beratung-für-ältere-Menschen/Hilfen-für-Menschen-mit-Hör∙behinderung,https://www.hannover.de/Leben-in-der-Region-Hannover/Soziales/Senioren/Information-Beratung/Hilfen-für-hörgeschädigte-Menschen,51.95438946528331,8.64700485235435,43.46879489225858,32.604573106775774,11.793938284036082,53.100272708202226
hannover,192,https://www.hannover.de/Leichte-Sprache/Hilfe-und-Tipps/Beratung-und-Unterstützung/Hilfe-und-Beratung-für-ältere-Menschen/Hilfen-für-Blinde-und-Menschen-mit-Seh∙behinderung,https://www.hannover.de/Leben-in-der-Region-Hannover/Soziales/Senioren/Information-Beratung/Hilfen-für-sehbehinderte-und-blinde-Menschen,52.52145910832269,8.37698931763922,42.9337904613847,24.2222222222222,12.42257037037037,57.94444444444444
hannover,193,https://www.hannover.de/Leichte-Sprache/Hilfe-und-Tipps/Beratung-und-Unterstützung/Hilfe-und-Beratung-für-ältere-Menschen/Info∙broschüre-für-Senioren,https://www.hannover.de/Leben-in-der-Region-Hannover/Soziales/Senioren/Information-Beratung/Infobroschüre,40.75463982384399,10.500742560553633,52.23670965712488,23.10949612403101,14.428706201550387,72.27131782945736
hannover,194,https://www.hannover.de/Leichte-Sprache/Hilfe-und-Tipps/Beratung-und-Unterstützung/Hilfe-und-Beratung-für-ältere-Menschen/Bus-und-Bahn-fahren-Informationen-für-ältere-Menschen,https://www.hannover.de/Leben-in-der-Region-Hannover/Soziales/Senioren/Information-Beratung/Mobilität-Öffentlicher-Personennahverkehr-ÖPNV,52.82128842380642,8.344755875299759,41.61156529321997,33.75511382382052,11.003700164962058,53.570521280105574
hannover,195,https://www.hannover.de/Leichte-Sprache/Hilfe-und-Tipps/Beratung-und-Unterstützung/Hilfe-und-Beratung-für-ältere-Menschen/Pflege∙beratung-Beratungs∙angebote-und-Sprech∙stunden,https://www.hannover.de/Leben-in-der-Region-Hannover/Soziales/Senioren/Pflege-Betreuung/Pflegeberatung,47.36688311688313,9.469992496392498,44.78210678210679,23.45454545454544,13.42349696969697,58.92424242424242
hannover,196,https://www.hannover.de/Leichte-Sprache/Hilfe-und-Tipps/Beratung-und-Unterstützung/Hilfe-und-Beratung-für-ältere-Menschen/Informationen-zum-Senioren∙beirat,https://www.hannover.de/Leben-in-der-Region-Hannover/Soziales/Senioren/Information-Beratung/Seniorenbeiräte-und-Seniorenräte/Seniorenbeirat-der-Region-Hannover,54.59329521829521,8.141887525987526,38.943866943866944,49.07587976539588,10.347576539589442,45.32509426057813
hannover,197,https://www.hannover.de/Leichte-Sprache/Hilfe-und-Tipps/Beratung-und-Unterstützung/Hilfe-und-Beratung-für-ältere-Menschen/Der-Senioren∙beirat,https://www.hannover.de/Leben-in-der-Region-Hannover/Soziales/Senioren/Information-Beratung/Seniorenbeiräte-und-Seniorenräte,56.60320855614971,7.384328579916817,39.60487225193108,13.570464470027815,16.155494323144104,69.72647876141326
hannover,198,https://www.hannover.de/Leichte-Sprache/Hilfe-und-Tipps/Beratung-und-Unterstützung/Hilfe-und-Beratung-für-ältere-Menschen/Senioren∙telefon-in-der-Stadt-Hannover,https://www.hannover.de/Leben-in-der-Region-Hannover/Soziales/Senioren/Information-Beratung/Seniorentelefon-der-Stadt-Hannover,42.19009433962265,8.550291698113208,41.73207547169811,8.284210526315775,15.283168421052633,65.31578947368422
hannover,199,https://www.hannover.de/Leichte-Sprache/Hilfe-und-Tipps/Beratung-und-Unterstützung/Hilfe-und-Beratung-für-ältere-Menschen/Telefon∙beratung-bei-Problemen-und-Sorgen,https://www.hannover.de/Leben-in-der-Region-Hannover/Soziales/Senioren/Information-Beratung/Telefonseelsorge,49.651883577415504,8.49959290780142,43.100396057842865,41.97187500000001,10.328990000000001,50.45
hannover,200,https://www.hannover.de/Leichte-Sprache/Hilfe-und-Tipps/Beratung-und-Unterstützung/Hilfe-und-Beratung-für-ältere-Menschen/Wohn∙beratung,https://www.hannover.de/Leben-in-der-Region-Hannover/Soziales/Senioren/Wohnen-im-Alter/Wohnberatung,49.00835686053075,9.3091185770751,46.03190287972897,20.04994232987312,14.242096009227222,62.173241061130334
hannover,201,https://www.hannover.de/Leichte-Sprache/Hilfe-und-Tipps/Beratung-und-Unterstützung/Beratung-für-Eltern.-Für-Kinder.-Und-für-Jugendliche/Jugend∙beratung-und-Familien∙beratung-bei-der-Stadt-Hannover,"https://www.hannover.de/Leben-in-der-Region-Hannover/Soziales/Familie-Partnerschaft/Beratung-Unterstützung/Beratung-für-Eltern,-Kinder-und-Jugendliche/Familien-und-Erziehungsberatung/Jugend-und-Familienberatung-der-Landeshauptstadt-Hannover",57.336502999944955,7.012201192638669,39.00905029265518,29.436889763779533,11.561007937007874,55.753070866141734
hannover,202,https://www.hannover.de/Leichte-Sprache/Hilfe-und-Tipps/Beratung-und-Unterstützung/Beratung-für-Eltern.-Für-Kinder.-Und-für-Jugendliche/Familien∙beratung-und-Erziehungs∙beratung/Beratungs∙stellen-für-Eltern.-Für-Kinder.-Und-für-Jugendliche,"https://www.hannover.de/Leben-in-der-Region-Hannover/Soziales/Familie-Partnerschaft/Beratung-Unterstützung/Beratung-für-Eltern,-Kinder-und-Jugendliche/Familien-und-Erziehungsberatung/Beratungsstellen-für-Eltern,-Kinder-und-Jugendliche-der-Region-Hannover",64.28156049094096,5.9876112215078905,34.83284628872005,44.778333333333336,9.458058974358973,45.84935897435897
hannover,203,https://www.hannover.de/Leichte-Sprache/Hilfe-und-Tipps/Beratung-und-Unterstützung/Beratung-für-Eltern.-Für-Kinder.-Und-für-Jugendliche/Familien∙beratung-und-Erziehungs∙beratung,"https://www.hannover.de/Leben-in-der-Region-Hannover/Soziales/Familie-Partnerschaft/Beratung-Unterstützung/Beratung-für-Eltern,-Kinder-und-Jugendliche/Familien-und-Erziehungsberatung",56.825373678454255,7.864261975938753,38.921071819176085,45.40555555555555,10.990957264957267,48.29059829059829
hannover,204,https://www.hannover.de/Leichte-Sprache/Hilfe-und-Tipps/Beratung-und-Unterstützung/Beratung-für-Eltern.-Für-Kinder.-Und-für-Jugendliche/Möglichkeiten-für-eine-Beratung,"https://www.hannover.de/Leben-in-der-Region-Hannover/Soziales/Familie-Partnerschaft/Beratung-Unterstützung/Beratung-für-Eltern,-Kinder-und-Jugendliche/Familien-und-Erziehungsberatung/Jugend-und-Familienberatung-der-Landeshauptstadt-Hannover/Jugend,-Familien-und-Erziehungsberatung",58.52643020594965,7.055934553775743,37.807780320366135,20.837196667873968,14.205458964143428,66.64288301340093
hannover,205,https://www.hannover.de/Leichte-Sprache/Hilfe-und-Tipps/Beratung-und-Unterstützung/Beratung-für-Eltern.-Für-Kinder.-Und-für-Jugendliche/Sprech∙stunden-bei-den-Beratungs∙stellen,"https://www.hannover.de/Leben-in-der-Region-Hannover/Soziales/Familie-Partnerschaft/Beratung-Unterstützung/Beratung-für-Eltern,-Kinder-und-Jugendliche/Familien-und-Erziehungsberatung/Jugend-,-Familien-und-Erziehungsberatung/Beratungsstellen-der-Landeshauptstadt-Hannover/Sprechstunden-der-Beratungsstellen-der-Jugend-und-Familienberatung",60.616131756756744,6.44394478950104,35.6422817047817,40.20952687479884,10.82267338268426,50.60218860637271
hannover,206,https://www.hannover.de/Leichte-Sprache/Hilfe-und-Tipps/Beratung-und-Unterstützung/Beratung-für-Eltern.-Für-Kinder.-Und-für-Jugendliche/Sprech∙stunde-für-Eltern-mit-Säuglingen-und-Klein∙kindern,"https://www.hannover.de/Leben-in-der-Region-Hannover/Soziales/Familie-Partnerschaft/Beratung-Unterstützung/Beratung-für-Eltern,-Kinder-und-Jugendliche/Frühe-Beratung/Sprechstunde-für-Eltern-von-Säuglingen-Kleinkindern",70.9837418220877,5.2822753051459825,34.36793281906064,48.20463320463318,10.559185328185327,50.511583011583014
hannover,207,https://www.hannover.de/Leichte-Sprache/Hilfe-und-Tipps/Beratung-und-Unterstützung/Beratung-für-Eltern.-Für-Kinder.-Und-für-Jugendliche/Angebote-für-Kinder-und-Eltern/Kurse-für-Eltern,"https://www.hannover.de/Leben-in-der-Region-Hannover/Soziales/Familie-Partnerschaft/Beratung-Unterstützung/Beratung-für-Eltern,-Kinder-und-Jugendliche/Aktuelles-aus-den-Beratungsstellen/Kinder-im-Blick",70.77564102564104,4.67421459566075,29.08086785009862,42.02777777777777,9.732577777777779,50.62037037037037
hannover,208,https://www.hannover.de/Leichte-Sprache/Hilfe-und-Tipps/Beratung-und-Unterstützung/Beratung-für-Eltern.-Für-Kinder.-Und-für-Jugendliche/Angebote-für-Kinder-und-Eltern/Gruppen∙angebot-für-Kinder,"https://www.hannover.de/Leben-in-der-Region-Hannover/Soziales/Familie-Partnerschaft/Beratung-Unterstützung/Beratung-für-Eltern,-Kinder-und-Jugendliche/Familien-und-Erziehungsberatung/Jugend-und-Familienberatung-der-Landeshauptstadt-Hannover/Gruppenangebot-für-Kinder-von-getrennten-lebenden-Eltern",64.46960297766749,6.080233995037221,36.15136476426799,50.94346039870689,8.344542483836207,45.1942349137931
hannover,209,https://www.hannover.de/Leichte-Sprache/Hilfe-und-Tipps/B%C3%BCros-und-%C3%84mter-f%C3%BCr-B%C3%BCrger/Fach%EF%BD%A5bereich-Jugend-der-Region-Hannover,"https://www.hannover.de/Leben-in-der-Region-Hannover/Verwaltungen-Kommunen/Die-Verwaltung-der-Region-Hannover/Stellt-sich-vor/Dezernate-und-Fachbereiche-der-Region-Hannover/Dezernat-Soziales,-Teilhabe,-Familie-und-Jugend/Fachbereich-Jugend",72.24747474747473,3.892743209876543,28.35129068462402,10.227586206896575,16.78957134099617,75.14214559386974
hannover,210,https://www.hannover.de/Leichte-Sprache/Lernen-und-Arbeiten/Arbeiten/Job%EF%BD%A5center-von-der-Region-Hannover,https://www.hannover.de/Wirtschaft-Wissenschaft/Arbeit/Arbeitsmarkt/Jobsuche/Jobcenter-Region-Hannover,60.23800799467021,6.964577215189874,38.062624916722186,31.29926108374383,12.382380788177342,53.64039408866995
hannover,211,https://www.hannover.de/Leichte-Sprache/Hilfe-und-Tipps/Büros-und-Ämter-für-Bürger/Bürger·ämter-in-Hannover/Termin･vereinbarung-in-den-Bürger･ämtern,https://www.hannover.de/Leben-in-der-Region-Hannover/Bürger-Service/Bürger-Service-in-der-Landeshauptstadt-Hannover/Termine-bei-Behörden-buchen/Terminvereinbarung-in-den-Bürgerämtern,62.13128169663439,6.318356754264638,34.495274319963116,21.101400289715087,14.196636697247708,62.164654756156445
hannover,212,https://www.hannover.de/Leichte-Sprache/Hilfe-und-Tipps/B%C3%BCros-und-%C3%84mter-f%C3%BCr-B%C3%BCrger/B%C3%BCrger%C2%B7%C3%A4mter-in-Hannover,https://www.hannover.de/Leben-in-der-Region-Hannover/Bürger-Service/Bürger-Service-in-der-Landeshauptstadt-Hannover/Bürgerämter-der-Landeshauptstadt/Bürgerämter-in-Hannover,46.350852272727295,9.879408333333334,45.18560606060606,-6.875,20.466911538461538,86.57692307692308
hannover,213,https://www.hannover.de/Leichte-Sprache/Hilfe-und-Tipps/Sozial%EF%BD%A5leistungen/Wohn%E2%88%99geld,https://www.hannover.de/Leben-in-der-Region-Hannover/Verwaltungen-Kommunen/Die-Verwaltung-der-Landeshauptstadt-Hannover/Dezernate-und-Fachbereiche-der-LHH/Soziales-und-Integration/Fachbereich-Soziales-der-Landeshauptstadt/Wohngeld,64.760671363448,5.8549359580052505,36.34300317723442,7.5800000000000125,16.35206666666667,75.66666666666666
hannover,214,https://www.hannover.de/Leichte-Sprache/Hilfe-und-Tipps/Vollj%C3%A4hrigkeit-Was-du-mit-18-Jahren-beachten-musst/3.-Wohnen,https://www.hannover.de/Leben-in-der-Region-Hannover/Soziales/Kinder-Jugendliche/Dein-Weg-ins-Erwachsenenleben/3.-Wohnen,68.96895463122377,5.547785508614533,34.691429839187094,44.955569205569205,9.691947256347257,50.17035217035217
hannover,215,https://www.hannover.de/Leichte-Sprache/Hilfe-und-Tipps/Vollj%C3%A4hrigkeit-Was-du-mit-18-Jahren-beachten-musst/4.-Geld,https://www.hannover.de/Leben-in-der-Region-Hannover/Soziales/Kinder-Jugendliche/Dein-Weg-ins-Erwachsenenleben/4.-Geld,69.76627364104066,5.376109577253338,32.34927406213955,42.47786698322453,9.296585398769173,47.020274280716
hannover,216,https://www.hannover.de/Leichte-Sprache/Hilfe-und-Tipps/Vollj%C3%A4hrigkeit-Was-du-mit-18-Jahren-beachten-musst/5.-Versicherungen,https://www.hannover.de/Leben-in-der-Region-Hannover/Soziales/Kinder-Jugendliche/Dein-Weg-ins-Erwachsenenleben/5.-Versicherungen,66.61977195967394,5.417717600751669,34.33110287208918,47.74930375969764,8.674991684901533,43.20912074796101
hannover,217,https://www.hannover.de/Leichte-Sprache/Hilfe-und-Tipps/Vollj%C3%A4hrigkeit-Was-du-mit-18-Jahren-beachten-musst/6.-Schule,https://www.hannover.de/Leben-in-der-Region-Hannover/Soziales/Kinder-Jugendliche/Dein-Weg-ins-Erwachsenenleben/6.-Schule,61.278039413562084,6.66991606537157,34.958904493594595,45.58831168831169,9.928112496392497,47.95353535353536
hannover,218,https://www.hannover.de/Leichte-Sprache/Hilfe-und-Tipps/Vollj%C3%A4hrigkeit-Was-du-mit-18-Jahren-beachten-musst/7.-Nach-der-Schule,https://www.hannover.de/Leben-in-der-Region-Hannover/Soziales/Kinder-Jugendliche/Dein-Weg-ins-Erwachsenenleben/7.-Nach-der-Schule,65.03182123426437,6.10856111224931,34.5145831910583,39.68178293662913,9.7319666705828,46.856524667716194
hannover,219,https://www.hannover.de/Leichte-Sprache/Hilfe-und-Tipps/Vollj%C3%A4hrigkeit-Was-du-mit-18-Jahren-beachten-musst/8.-Gesundheit,https://www.hannover.de/Leben-in-der-Region-Hannover/Soziales/Kinder-Jugendliche/Dein-Weg-ins-Erwachsenenleben/8.-Gesundheit,70.31663796402604,5.938702908534253,34.856869498660544,45.56271576524739,10.620967932489453,48.32546988876103
hannover,220,https://www.hannover.de/Leichte-Sprache/Hilfe-und-Tipps/Vollj%C3%A4hrigkeit-Was-du-mit-18-Jahren-beachten-musst/9.-Freizeit,https://www.hannover.de/Leben-in-der-Region-Hannover/Soziales/Kinder-Jugendliche/Dein-Weg-ins-Erwachsenenleben/9.-Freizeitgestaltung,66.20669677926159,5.631177611940299,32.425765907305575,35.940627650551335,10.065673621713316,48.14334181509754
hannover,221,https://www.hannover.de/Leichte-Sprache/Hilfe-und-Tipps/Vollj%C3%A4hrigkeit-Was-du-mit-18-Jahren-beachten-musst/10.-Beratung-und-Hilfen,https://www.hannover.de/Leben-in-der-Region-Hannover/Soziales/Kinder-Jugendliche/Dein-Weg-ins-Erwachsenenleben/10.-Beratung-und-Hilfen,62.67360815979602,6.475537212723529,37.397397757363755,16.23116018226429,13.846155064844023,61.301962846126884
hannover,222,https://www.hannover.de/Leichte-Sprache/Hilfe-und-Tipps/Vollj%C3%A4hrigkeit-Was-du-mit-18-Jahren-beachten-musst/1.-Vollj%C3%A4hrigkeit,https://www.hannover.de/Leben-in-der-Region-Hannover/Soziales/Kinder-Jugendliche/Dein-Weg-ins-Erwachsenenleben/1.-Volljährigkeit2,68.92645523626095,5.754950949656473,34.99954681923752,57.67591576449651,8.008944143556281,41.32489989618864
hannover,223,https://www.hannover.de/Leichte-Sprache/Hilfe-und-Tipps/Familie-und-Partnerschaft/Koordinierungs∙stelle-Unterstützung-für-Allein∙erziehende/Angebote-für-Allein∙erziehende,https://www.hannover.de/Leben-in-der-Region-Hannover/Soziales/Familie-Partnerschaft/Koordinierungsstelle-Alleinerziehende/Angebote-für-Alleinerziehende,72.3671875,4.432756250000001,29.875,27.0906148867314,12.74546084142395,57.94336569579288
hannover,224,https://www.hannover.de/Leichte-Sprache/Hilfe-und-Tipps/Gesundheit2/Gesundheits･tipps/Das-müssen-Sie-über-Affen∙pocken-wissen,https://www.hannover.de/Leben-in-der-Region-Hannover/Verwaltungen-Kommunen/Die-Verwaltung-der-Region-Hannover/Pressebereich-Region-Hannover/Archiv-Pressemitteilungen/2022/Erster-Fall-von-Affenpocken-in-der-Region-Hannover-nachgewiesen,62.702849389416556,6.61596034976632,38.09513040856324,32.51249999999999,12.093152222222225,54.12222222222222
hannover,225,https://www.hannover.de/Leichte-Sprache/Hilfe-und-Tipps/Gesundheit2/Gesundheits･tipps/Wie-kann-ich-mich-vor-einer-Erkältung-schützen,https://www.hannover.de/Leben-in-der-Region-Hannover/Gesundheit/Gesundheitsschutz/Gesundheitstipps/Der-Erkältung-vorbeugen,75.9576491716757,3.7615291550603533,29.27679836778576,54.82720404595403,8.861504145854145,47.142357642357645
hannover,226,https://www.hannover.de/Leichte-Sprache/Hilfe-und-Tipps/Gesundheit2/Gesundheits･tipps/Hautkrebs-früh-genug-erkennen,https://www.hannover.de/Leben-in-der-Region-Hannover/Gesundheit/Gesundheitsschutz/Gesundheitstipps/Hautkrebsfrüherkennung,61.431312093182584,7.054978143199728,40.07228502911956,32.375693025970236,12.516397548876569,56.58068281295594
hannover,227,https://www.hannover.de/Leichte-Sprache/Hilfe-und-Tipps/Gesundheit2/Gesundheits･tipps/Herz·infarkt-und-Schlag·anfall,https://www.hannover.de/Leben-in-der-Region-Hannover/Gesundheit/Gesundheitsschutz/Gesundheitstipps/Herzinfarkt-und-Schlaganfall,74.50099062211069,5.431096595308007,33.42553061784339,44.7981319100267,10.32620990384208,49.28838903715
hannover,228,https://www.hannover.de/Leichte-Sprache/Hilfe-und-Tipps/Gesundheit2/Gesundheits･tipps/Influenza,https://www.hannover.de/Leben-in-der-Region-Hannover/Gesundheit/Gesundheitsschutz/Gesundheitstipps/Influenza,69.20916445808341,5.415251040464628,33.88920731939284,43.78509138381203,10.904363007832899,52.3957180156658
hannover,229,https://www.hannover.de/Leichte-Sprache/Hilfe-und-Tipps/Gesundheit2/Gesundheits･tipps/Was-kann-ich-gegen-Kopf·läuse-tun,https://www.hannover.de/Leben-in-der-Region-Hannover/Gesundheit/Gesundheitsschutz/Gesundheitstipps/Kopfläuse-–-was-tun,74.17393939393939,4.939569696969697,36.42424242424242,44.40667098827272,10.109341681890506,52.061111438505506
hannover,230,https://www.hannover.de/Leichte-Sprache/Hilfe-und-Tipps/Gesundheit2/Gesundheits･tipps/Was-ist-der-Noro-Virus,https://www.hannover.de/Leben-in-der-Region-Hannover/Gesundheit/Gesundheitsschutz/Gesundheitstipps/Noro-Virus,72.61492846385542,4.848244377510041,31.418925702811247,41.560665144003124,12.03169039050749,59.47083727926021
hannover,231,https://www.hannover.de/Leichte-Sprache/Hilfe-und-Tipps/Gesundheit2/Gesundheits･tipps/Das-Masern·schutz·gesetz,https://www.hannover.de/Leben-in-der-Region-Hannover/Gesundheit/Gesundheitsschutz/Impfen-und-Impfberatung/Masern-und-Masernschutzgesetz,61.128458267127755,6.293392008598934,36.710545378072716,29.289854624188052,11.135226621301165,51.27178059593773
hannover,232,https://www.hannover.de/Leichte-Sprache/Hilfe-und-Tipps/Gesundheit2/Impfen-und-Impf∙beratung/Das-Masern·schutz·gesetz,https://www.hannover.de/Leben-in-der-Region-Hannover/Gesundheit/Gesundheitsschutz/Impfen-und-Impfberatung/Masern-und-Masernschutzgesetz,61.128458267127755,6.293392008598934,36.710545378072716,29.289854624188052,11.135226621301165,51.27178059593773
hannover,233,https://www.hannover.de/Leichte-Sprache/Hilfe-und-Tipps/F%C3%B6rderung-von-Kultur-in-der-Region-Hannover,https://www.hannover.de/Leben-in-der-Region-Hannover/Kulturförderung/Kulturförderung-der-Region-Hannover,68.9621212121212,6.257860606060607,37.333333333333336,13.44437939110071,15.270095394223262,63.87665886026542
hannover,234,https://www.hannover.de/Leichte-Sprache/Hilfe-und-Tipps/F%C3%B6rderung-von-Kultur-in-der-Region-Hannover/2.-F%C3%B6rderung-f%C3%BCr-Projekte-mit-kulturellen-Aufgaben,https://www.hannover.de/Leben-in-der-Region-Hannover/Kulturförderung/Kulturförderung-der-Region-Hannover/2.-Kulturelle-Bildung,65.60916965352449,7.323968608124254,40.031959378733575,8.53582554517132,16.15561183800623,68.76791277258567
hannover,235,https://www.hannover.de/Leichte-Sprache/Hilfe-und-Tipps/F%C3%B6rderung-von-Kultur-in-der-Region-Hannover/7.-F%C3%B6rderung-f%C3%BCr-kulturelle-Einrichtungen,https://www.hannover.de/Leben-in-der-Region-Hannover/Kulturförderung/Kulturförderung-der-Region-Hannover/7.-Institutionelle-Förderung,62.7344028520499,8.153689324618735,39.711725094078034,18.840909090909093,16.603172727272728,74.27272727272728
hannover,236,https://www.hannover.de/Leichte-Sprache/Hilfe-und-Tipps/F%C3%B6rderung-von-Kultur-in-der-Region-Hannover/8.-F%C3%B6rderung-f%C3%BCr-Theater,https://www.hannover.de/Leben-in-der-Region-Hannover/Kulturförderung/Kulturförderung-der-Region-Hannover/8.-Theaterpädagogik,53.01608187134502,10.534937426900587,45.28654970760234,40.533613445378165,12.701991596638656,60.3781512605042
hannover,237,https://www.hannover.de/Leichte-Sprache/Hilfe-und-Tipps/F%C3%B6rderung-von-Kultur-in-der-Region-Hannover/4.-F%C3%B6rderung-f%C3%BCr-Spiel%E2%88%99pl%C3%A4ne,https://www.hannover.de/Leben-in-der-Region-Hannover/Kulturförderung/Kulturförderung-der-Region-Hannover/4.-Spielplanförderung,65.43574336491035,7.401237485320598,40.21467157284898,49.9149537512847,10.64994922918808,51.655190133607405
hannover,238,https://www.hannover.de/Leichte-Sprache/Hilfe-und-Tipps/F%C3%B6rderung-von-Kultur-in-der-Region-Hannover/3.-F%C3%B6rderung-f%C3%BCr-die-Arbeit-in-einem-Chor,https://www.hannover.de/Leben-in-der-Region-Hannover/Kulturförderung/Kulturförderung-der-Region-Hannover/3.-Chorförderung,62.50916844349679,7.750954797441365,39.720682302771856,11.33441558441558,15.288675613275615,64.64790764790764
hannover,239,https://www.hannover.de/Leichte-Sprache/Hilfe-und-Tipps/F%C3%B6rderung-von-Kultur-in-der-Region-Hannover/1.-F%C3%B6rderung-f%C3%BCr-Projekte,https://www.hannover.de/Leben-in-der-Region-Hannover/Kulturförderung/Kulturförderung-der-Region-Hannover/1.-Projektförderung,67.04272623138601,6.605836586483392,37.230469644902634,11.271616541353382,16.15630909090909,65.88585099111415
hannover,240,https://www.hannover.de/Leichte-Sprache/Hilfe-und-Tipps/Notf%C3%A4lle-und-Katastrophen-Hilfe-und-Tipps/Verhalten-bei-einer-Katastrophe,https://www.hannover.de/Leben-in-der-Region-Hannover/Sicherheit-Ordnung/Informationen-im-Katastrophenfall,62.377531357298025,6.945600909381108,38.34755993117355,17.292197452229317,15.05362484076433,66.75875796178343
hannover,241,https://www.hannover.de/Leichte-Sprache/Hilfe-und-Tipps/Notf%C3%A4lle-und-Katastrophen-Hilfe-und-Tipps/Was-passiert-bei-einer-Evakuierung,https://www.hannover.de/Service/Presse-Medien/Hannover.de/Aktuelles/Gut-zu-wissen/Evakuierung-Das-gehört-ins-Not­fall­gepäck,71.17699579831933,4.765171580298786,32.260504201680675,31.72516343371558,12.333228421391063,59.95091630050369
hannover,242,https://www.hannover.de/Leichte-Sprache/Hilfe-und-Tipps/Notf%C3%A4lle-und-Katastrophen-Hilfe-und-Tipps/Strom%E2%88%99ausfall-Hilfe-f%C3%BCr-Menschen-mit-Behinderung,"https://www.hannover.de/Leben-in-der-Region-Hannover/Verwaltungen-Kommunen/Die-Verwaltung-der-Region-Hannover/Stellt-sich-vor/Dezernate-und-Fachbereiche-der-Region-Hannover/Dezernat-Soziales,-Teilhabe,-Familie-und-Jugend/Beauftragte-der-Region-Hannover-für-Menschen-mit-Behinderung/Hilfe-bei-einem-Blackout",54.966997981052955,8.414945188176219,44.02448620386188,27.44285714285715,13.024743296703296,61.05714285714285
hannover,243,https://www.hannover.de/Leichte-Sprache/Hilfe-und-Tipps/Schwangerschaft-und-Geburt/Fachkr%C3%A4fte-Fr%C3%BChe-Hilfen,https://www.hannover.de/Leben-in-der-Region-Hannover/Soziales/Familie-Partnerschaft/Frühe-Hilfen-–-Frühe-Chancen/Eltern/Fachkräfte-Frühe-Hilfen,43.88530734632681,8.195612063199173,39.74178295467651,34.682250153280194,9.980239362354386,49.2608828939301
hannover,244,https://www.hannover.de/Leichte-Sprache/Hilfe-und-Tipps/Schwangerschaft-und-Geburt/Schwangerschafts%E2%88%99wegweiser,https://www.hannover.de/Leben-in-der-Region-Hannover/Soziales/Familie-Partnerschaft/Frühe-Hilfen-–-Frühe-Chancen/Eltern/Schwangerschaft-und-Geburt/Schwangerschaftswegweiser,49.320487868171796,8.833911431166472,44.97787725444401,20.029459901800323,14.017738134206219,61.906710310965636
hannover,245,https://www.hannover.de/Leichte-Sprache/Freizeit-und-Tourismus/Feste/Warum-feiern-wir-bestimmte-Feste/Warum-feiern-wir-Ostern,https://www.hannover.de/Service/Presse-Medien/Hannover.de/Aktuelles/Gut-zu-wissen/Glossar-Feste-und-Feiertage/Warum-und-wie-Hannover-Ostern-feiert,71.41377883158427,5.515838722711711,34.46411134182614,49.39500000000001,10.175633333333332,49.833333333333336
hannover,246,https://www.hannover.de/Leichte-Sprache/Freizeit-und-Tourismus/Feste/Warum-feiern-wir-bestimmte-Feste/Warum-feiern-wir-den-1.-Mai,https://www.hannover.de/Service/Presse-Medien/Hannover.de/Aktuelles/Gut-zu-wissen/Glossar-Feste-und-Feiertage/Warum-und-wie-Hannover-den-1.-Mai-feiert,72.07585014409221,5.2809587780979825,34.893890489913545,56.457082851878454,8.40312652321914,44.74413666031667
hannover,247,https://www.hannover.de/Leichte-Sprache/Freizeit-und-Tourismus/Feste/Warum-feiern-wir-bestimmte-Feste/Warum-feiern-wir-Christi-Himmel∙fahrt,https://www.hannover.de/Service/Presse-Medien/Hannover.de/Aktuelles/Gut-zu-wissen/Glossar-Feste-und-Feiertage/Warum-und-wie-Hannover-Christi-Himmelfahrt-feiert,63.42139959432048,8.594155713319811,47.23056118999324,48.6861855670103,10.83584606185567,53.40659793814433
hannover,248,https://www.hannover.de/Leichte-Sprache/Freizeit-und-Tourismus/Feste/Warum-feiern-wir-bestimmte-Feste/Warum-feiern-wir-Pfingsten,https://www.hannover.de/Service/Presse-Medien/Hannover.de/Aktuelles/Gut-zu-wissen/Glossar-Feste-und-Feiertage/Warum-und-wie-Hannover-Pfingsten-feiert,73.23041413874967,5.949572513848588,39.74268003165392,41.72373390557941,11.238625167381976,57.69579399141631
hannover,249,https://www.hannover.de/Leichte-Sprache/Freizeit-und-Tourismus/Feste/Warum-feiern-wir-bestimmte-Feste/Warum-feiern-wir-den-Reformations∙tag,https://www.hannover.de/Service/Presse-Medien/Hannover.de/Aktuelles/Gut-zu-wissen/Glossar-Feste-und-Feiertage/Warum-und-wie-Hannover-den-Reformationstag-feiert,62.487460815047015,6.7286068965517245,37.21943573667711,47.16431432386037,9.710848140377648,46.27961090978447
hannover,250,https://www.hannover.de/Leichte-Sprache/Freizeit-und-Tourismus/Feste/Warum-feiern-wir-bestimmte-Feste/Warum-feiern-wir-den-Martins∙tag,https://www.hannover.de/Service/Presse-Medien/Hannover.de/Aktuelles/Gut-zu-wissen/Glossar-Feste-und-Feiertage/Warum-und-wie-Hannover-den-Martinstag-feiert,63.1948512045347,6.658652842072114,35.40560541646985,58.537784418202776,7.749847623847927,42.01857718894009
hannover,251,https://www.hannover.de/Leichte-Sprache/Freizeit-und-Tourismus/Feste/Warum-feiern-wir-bestimmte-Feste/Warum-feiern-wir-Weihnachten,https://www.hannover.de/Service/Presse-Medien/Hannover.de/Aktuelles/Gut-zu-wissen/Glossar-Feste-und-Feiertage/Warum-und-wie-Hannover-Weihnachten-feiert,66.82509627727858,7.406226358579374,40.459991442019685,50.32246376811595,10.092849585036541,49.80502910937693
hannover,252,https://www.hannover.de/Leichte-Sprache/Freizeit-und-Tourismus/Feste/Warum-feiern-wir-bestimmte-Feste/Warum-feiern-wir-Silvester-und-Neu∙jahr,https://www.hannover.de/Service/Presse-Medien/Hannover.de/Aktuelles/Gut-zu-wissen/Glossar-Feste-und-Feiertage/Warum-und-wie-Hannover-Silvester-und-Neujahr-feiert,69.78428571428573,6.299060317460318,36.92460317460318,49.76542207792208,10.15915562770563,50.58468614718615
hannover,253,https://www.hannover.de/Leichte-Sprache/Freizeit-und-Tourismus/Draußen/Fahrrad∙fahren-in-der-Region-Hannover/Der-Deister∙kreisel,https://www.hannover.de/Kultur-Freizeit/Naherholung/Raus-in-die-Natur/Radfahren/Der-Deisterkreisel,63.35896076352067,6.674036832803111,36.90915517850831,51.552521008403374,9.135211893988364,53.005171299288946
hannover,254,https://www.hannover.de/Leichte-Sprache/Freizeit-und-Tourismus/Draußen/Fahrrad∙fahren-in-der-Region-Hannover/Der-Grüne-Ring,https://www.hannover.de/Kultur-Freizeit/Naherholung/Raus-in-die-Natur/Radfahren/Grüner-Ring/Der-Grüne-Ring,63.5211844892696,6.5806263424518745,36.1095145988763,45.19274725274727,10.409483516483519,48.89010989010989
hannover,255,https://www.hannover.de/Leichte-Sprache/Freizeit-und-Tourismus/Draußen/Fahrrad∙fahren-in-der-Region-Hannover/Die-Hof∙laden∙routen,https://www.hannover.de/Kultur-Freizeit/Naherholung/Raus-in-die-Natur/Radfahren/Die-Hofladenrouten,47.21906126347386,9.554335134397599,49.57033701732842,20.316176470588232,14.44499411764706,80.41176470588235
hannover,256,https://www.hannover.de/Leichte-Sprache/Freizeit-und-Tourismus/Draußen/Fahrrad∙fahren-in-der-Region-Hannover/Die-Nord∙hannoversche-Moor∙route,https://www.hannover.de/Kultur-Freizeit/Naherholung/Raus-in-die-Natur/Moore-in-der-Region-Hannover/Nordhannoversche-Moorroute/Die-Nordhannoversche-Moorroute,61.64285714285714,6.941174684574685,37.13207163207163,40.95379537953794,11.20468184818482,52.971947194719476
hannover,257,https://www.hannover.de/Leichte-Sprache/Freizeit-und-Tourismus/Draußen/Fahrrad∙fahren-in-der-Region-Hannover/Die-Kultur∙route,https://www.hannover.de/Kultur-Freizeit/Naherholung/Raus-in-die-Natur/Radfahren/Kulturroute,50.45124223602484,9.912513167701865,44.84223602484472,26.16233766233765,14.177026984126988,66.55988455988457
hannover,258,https://www.hannover.de/Leichte-Sprache/Freizeit-und-Tourismus/Draußen/Fahrrad∙fahren-in-der-Region-Hannover/Fahrrad∙fahren-am-Mittel∙land∙kanal,https://www.hannover.de/Kultur-Freizeit/Naherholung/Raus-in-die-Natur/Radfahren/Radeln-am-Mittellandkanal,56.08454970077361,7.346642417165379,39.73613341118085,29.676470588235304,13.048119181585676,61.87468030690537
hannover,259,https://www.hannover.de/Leichte-Sprache/Freizeit-und-Tourismus/Draußen/Ausflugs･ziele/Sea-Life-Hannover,https://www.hannover.de/Kultur-Freizeit/Naherholung/Gärten-und-Parks/Tier-und-Freizeitparks/Sea-Life-Hannover,62.37039737513672,6.759238279256288,36.077469923441484,39.63790446841294,10.360936723163842,49.42424242424242
hannover,260,https://www.hannover.de/Leichte-Sprache/Freizeit-und-Tourismus/Draußen/Ausflugs･ziele/Tier∙garten,https://www.hannover.de/Kultur-Freizeit/Naherholung/Gärten-und-Parks/Historische-Parkanlagen/Tiergarten,63.080024813895776,8.05429511993383,40.48717948717949,48.18097139055223,10.656610645375917,54.683300066533604
hannover,261,https://www.hannover.de/Leichte-Sprache/Freizeit-und-Tourismus/Draußen/Ausflugs･ziele/Eilenriede,https://www.hannover.de/Kultur-Freizeit/Naherholung/Raus-in-die-Natur/Wälder/Die-Eilenriede,54.77424657534249,7.968393461187215,39.81022831050228,34.68025735294118,12.265128617647061,59.44382352941177
hannover,262,https://www.hannover.de/Leichte-Sprache/Lernen-und-Arbeiten/Lernen/Schul∙beginn-Informationen-für-Eltern-und-Kinder/Spielen,https://www.hannover.de/Leben-in-der-Region-Hannover/Soziales/Kinder-Jugendliche/Grundschulzeit/Einschulungskompass/Spielen,77.98898408812728,3.2662761384678163,28.319382983397674,74.45,4.1061538461538465,33.07692307692308
hannover,263,https://www.hannover.de/Leichte-Sprache/Lernen-und-Arbeiten/Lernen/Schul∙beginn-Informationen-für-Eltern-und-Kinder/Sprache,https://www.hannover.de/Leben-in-der-Region-Hannover/Soziales/Kinder-Jugendliche/Grundschulzeit/Einschulungskompass/Sprache,78.4810659186536,3.587906721329162,30.59709785305858,77.96453488372092,4.72560573643411,35.25639534883721
hannover,264,https://www.hannover.de/Leichte-Sprache/Lernen-und-Arbeiten/Lernen/Schul∙beginn-Informationen-für-Eltern-und-Kinder/Das-machen-Kinder-von-4-bis-6-Jahren,https://www.hannover.de/Leben-in-der-Region-Hannover/Soziales/Kinder-Jugendliche/Grundschulzeit/Einschulungskompass/Das-machen-Kinder-mit-4-5-6-Jahren,83.4591836734694,1.068971428571429,19.244897959183675,67.61930091185413,4.447384802431611,28.322188449848024
hannover,265,https://www.hannover.de/Leichte-Sprache/Lernen-und-Arbeiten/Lernen/Schul∙beginn-Informationen-für-Eltern-und-Kinder/Informationen-für-die-Zeit-vor-der-Einschulung,https://www.hannover.de/Leben-in-der-Region-Hannover/Soziales/Kinder-Jugendliche/Grundschulzeit/Einschulungskompass/Informationen-für-die-Zeit-vor-der-Einschulung,75.84447004608293,3.7151078341013832,31.43778801843318,56.57747933884298,6.285718181818183,36.61260330578513
hannover,266,https://www.hannover.de/Leichte-Sprache/Lernen-und-Arbeiten/Lernen/Schul∙beginn-Informationen-für-Eltern-und-Kinder/Ideen-und-Informationen-für-zuhause,https://www.hannover.de/Leben-in-der-Region-Hannover/Soziales/Kinder-Jugendliche/Grundschulzeit/Einschulungskompass/Ideen-und-Informationen-für-zuhause,75.30000000000001,4.169765925925926,27.57037037037037,68.10204081632652,4.5808,31.346938775510203
hannover,267,https://www.hannover.de/Leichte-Sprache/Lernen-und-Arbeiten/Lernen/Schul∙beginn-Informationen-für-Eltern-und-Kinder/Mein-Kind-braucht-Unterstützung,https://www.hannover.de/Leben-in-der-Region-Hannover/Soziales/Kinder-Jugendliche/Grundschulzeit/Einschulungskompass/Kinder-mit-Förderbedarf,71.95454545454545,5.693192207792209,35.57142857142857,56.90428571428572,6.731171428571431,35.285714285714285
hannover,268,https://www.hannover.de/Leichte-Sprache/Lernen-und-Arbeiten/Lernen/F%C3%B6rderung/Hilfe-f%C3%BCr-den-Schul%EF%BD%A5weg,https://www.hannover.de/Leben-in-der-Region-Hannover/Bildung/Schulen/Schülerbeförderung-in-der-Region-Hannover,61.75,6.057936538461538,35.88461538461539,27.0,13.664566666666667,63.08974358974359
hannover,269,https://www.hannover.de/Leichte-Sprache/Lernen-und-Arbeiten/Lernen/Förderung/Hilfe-für-den-Schul･weg,https://www.hannover.de/Leben-in-der-Region-Hannover/Bildung/Schulen/Schülerbeförderung-in-der-Region-Hannover,61.75,6.057936538461538,35.88461538461539,27.0,13.664566666666667,63.08974358974359
hannover,270,https://www.hannover.de/Leichte-Sprache/Hilfe-und-Tipps/Sozial･leistungen/BuT-Leistungen-Leit∙faden-für-Mitarbeiter-in-Kitas,https://www.hannover.de/Leben-in-der-Region-Hannover/Soziales/Sozialleistungen-weitere-Hilfen/Bildungs-und-Teilhabepaket/Leitfaden-für-Mitarbeitende-in-Kindertageseinrichtungen-Kindertagesbetreuung,56.042383888973404,8.075167443275566,39.6159589033081,32.832507228417995,12.007725980999588,55.65076414704667
hannover,271,https://www.hannover.de/Leichte-Sprache/Hilfe-und-Tipps/Sozial･leistungen/Grund∙sicherung-Hilfe-für-ältere-Menschen-und-bei-Berufs∙unfähigkeit,https://www.hannover.de/Leben-in-der-Region-Hannover/Soziales/Sozialleistungen-weitere-Hilfen/Grundsicherung/Grundsicherung-im-Alter-und-bei-Erwerbsminderung,63.412223229922446,6.203667169126846,34.09215505379034,38.16567164179102,10.409923337856174,48.134328358208954
hannover,272,https://www.hannover.de/Leichte-Sprache/Hilfe-und-Tipps/Sozial･leistungen/Sozial･hilfe,https://www.hannover.de/Leben-in-der-Region-Hannover/Soziales/Sozialleistungen-weitere-Hilfen/Sozialhilfe,63.734867951463244,6.772026438258387,39.046716630977876,31.433910306845007,12.78059735116706,56.92787831104117
hannover,273,https://www.hannover.de/Leichte-Sprache/Hilfe-und-Tipps/Sozial･leistungen/Informationen-zu-Bildung-und-Teilhabe,https://www.hannover.de/Leben-in-der-Region-Hannover/Soziales/Sozialleistungen-weitere-Hilfen/Bildungs-und-Teilhabepaket,65.84179577066608,6.31539819065928,35.74816238832975,37.483890630442346,11.702371856495994,55.496516893068616
hannover,274,https://www.hannover.de/Leichte-Sprache/Hilfe-und-Tipps/Sozial･leistungen/Wohn∙geld,https://www.hannover.de/Leben-in-der-Region-Hannover/Verwaltungen-Kommunen/Die-Verwaltung-der-Landeshauptstadt-Hannover/Dezernate-und-Fachbereiche-der-LHH/Soziales-und-Integration/Fachbereich-Soziales-der-Landeshauptstadt/Wohngeld,64.760671363448,5.8549359580052505,36.34300317723442,7.5800000000000125,16.35206666666667,75.66666666666666
hannover,275,https://www.hannover.de/Leichte-Sprache/Hilfe-und-Tipps/Sozial･leistungen/Hilfen-für-Menschen-mit-Hör∙behinderung,https://www.hannover.de/Leben-in-der-Region-Hannover/Soziales/Senioren/Information-Beratung/Hilfen-für-hörgeschädigte-Menschen,51.95438946528331,8.64700485235435,43.46879489225858,32.604573106775774,11.793938284036082,53.100272708202226
hannover,276,https://www.hannover.de/Leichte-Sprache/Hilfe-und-Tipps/Notf%C3%A4lle-und-Katastrophen-Hilfe-und-Tipps/Verhalten-bei-extremem-Wetter/Gewitter-und-Sturm-in-Hannover,https://www.hannover.de/Leben-in-der-Region-Hannover/Umwelt-Nachhaltigkeit/Verhalten-bei-extremem-Wetter/Sturm-und-Gewitter,62.39692480307747,7.31263174574098,39.569701410514746,41.97761988230877,11.329062814573684,52.41655189683235
hannover,277,https://www.hannover.de/Leichte-Sprache/Hilfe-und-Tipps/Notf%C3%A4lle-und-Katastrophen-Hilfe-und-Tipps/Verhalten-bei-extremem-Wetter/Hitze-in-der-Region-Hannover,https://www.hannover.de/Leben-in-der-Region-Hannover/Umwelt-Nachhaltigkeit/Verhalten-bei-extremem-Wetter/Hitze-in-der-Region-Hannover,70.77398040555936,4.5517934837092735,29.113237639553432,50.82623106060608,8.824539393939395,45.06439393939394
hannover,278,https://www.hannover.de/Leichte-Sprache/Hilfe-und-Tipps/Notf%C3%A4lle-und-Katastrophen-Hilfe-und-Tipps/Verhalten-bei-extremem-Wetter/K%C3%A4lte-in-Hannover,https://www.hannover.de/Leben-in-der-Region-Hannover/Umwelt-Nachhaltigkeit/Verhalten-bei-extremem-Wetter/Kälte-in-der-Region-Hannover,69.71536867878332,5.032893725083969,33.424584863609255,50.98366795366795,9.458537194337193,48.09395109395109
hannover,279,https://www.hannover.de/Leichte-Sprache/Hilfe-und-Tipps/Notf%C3%A4lle-und-Katastrophen-Hilfe-und-Tipps/Verhalten-bei-extremem-Wetter/Wann-f%C3%A4llt-in-Hannover-die-Schule-aus,https://www.hannover.de/Leben-in-der-Region-Hannover/Umwelt-Nachhaltigkeit/Verhalten-bei-extremem-Wetter/Wann-fällt-die-Schule-aus,62.84232678609972,7.65126384631988,40.12669976257285,22.330845771144283,13.359680597014925,62.13432835820895
hannover,280,https://www.hannover.de/Leichte-Sprache/Hilfe-und-Tipps/Notf%C3%A4lle-und-Katastrophen-Hilfe-und-Tipps/Verhalten-bei-extremem-Wetter/Hoch%E2%88%99wasser-in-der-Region-Hannover,https://www.hannover.de/Leben-in-der-Region-Hannover/Umwelt-Nachhaltigkeit/Verhalten-bei-extremem-Wetter/Hochwasser-in-der-Region-Hannover,64.61977174291043,6.459733154184187,36.58007966867946,41.07562183325655,11.129723694150162,50.39668355596499
hannover,281,https://www.hannover.de/Leichte-Sprache/Hilfe-und-Tipps/Gesundheit2/Gesundheits･tipps/Hitze-in-der-Region-Hannover/Tipps-für-heiße-Tage,https://www.hannover.de/Leben-in-der-Region-Hannover/Umwelt-Nachhaltigkeit/Verhalten-bei-extremem-Wetter/Hitze-in-der-Region-Hannover/Tipps-für-die-heißen-Tage,71.38100815547458,4.262040534443867,31.65330557001562,40.556530566812114,10.779139104730435,53.51702210639256
hannover,282,https://www.hannover.de/Leichte-Sprache/Hilfe-und-Tipps/Gesundheit2/Gesundheits･tipps/Hitze-in-der-Region-Hannover/Sonnen∙schutz-für-Kinder,https://www.hannover.de/Leben-in-der-Region-Hannover/Umwelt-Nachhaltigkeit/Verhalten-bei-extremem-Wetter/Hitze-in-der-Region-Hannover/Hitzebelastung-für-Kinder,69.62278346121056,5.276143648763853,34.23699914748508,29.993592310772954,11.619805286343613,60.283940728874654
hannover,283,https://www.hannover.de/Leichte-Sprache/Hilfe-und-Tipps/Gesundheit2/Gesundheits･tipps/Hitze-in-der-Region-Hannover/Tipps-für-schwangere-Frauen,https://www.hannover.de/Leben-in-der-Region-Hannover/Umwelt-Nachhaltigkeit/Verhalten-bei-extremem-Wetter/Hitze-in-der-Region-Hannover/Hitzebelastungen-in-der-Schwangerschaft,70.65793059030443,5.005720225915925,31.80680720354728,30.53919503919505,11.93662545922546,56.48168948168948
hannover,284,https://www.hannover.de/Leichte-Sprache/Hilfe-und-Tipps/Gesundheit2/Gesundheits･tipps/Hitze-in-der-Region-Hannover/Klima∙wandel-und-Klima∙anpassung,https://www.hannover.de/Leben-in-der-Region-Hannover/Umwelt-Nachhaltigkeit/Klimawandel-und-anpassung,75.50635823210133,3.668416903592661,27.982682863789094,65.01785714285714,6.622466666666667,37.80952380952381
hannover,285,https://www.hannover.de/Leichte-Sprache/Hilfe-und-Tipps/Notf%C3%A4lle-und-Katastrophen-Hilfe-und-Tipps/Verhalten-bei-extremem-Wetter/Schnee-und-Glatt%E2%88%99eis-in-Hannover,https://www.hannover.de/Leben-in-der-Region-Hannover/Umwelt-Nachhaltigkeit/Verhalten-bei-extremem-Wetter/Glätte-und-Schnee-in-der-Region-Hannover,72.4028397054373,4.9520897488146876,33.59774034096641,49.51367462010353,9.637596544140747,52.82704168526878
hannover,286,http://www.hannover.de/Leichte-Sprache/Hilfe-und-Tipps/Wie-benutze-ich-Hannover.de-in-Leichter-Sprache/Warum-gibt-es-Leichte-Sprache-auf-Hannover.de,https://www.hannover.de/Leben-in-der-Region-Hannover/Soziales/Menschen-mit-Behinderung/Warum-Leichte-Sprache-auf-Hannover.de,59.508522316914636,7.734540286003178,44.13433482594251,52.570941558441575,8.68525,48.798701298701296
hannover,287,http://www.hannover.de/Leichte-Sprache/Hilfe-und-Tipps/Wie-benutze-ich-Hannover.de-in-Leichter-Sprache/Wie-benutze-ich-Hannover.de,https://www.hannover.de/Service/Presse-Medien/Hannover.de/Hilfen-zur-Be­die­nung-von-Han­no­ver.de,64.42308730666537,5.453018399220317,34.788816086089085,47.9297752675556,9.054273373646785,46.05684576542512
hannover,288,http://www.hannover.de/Leichte-Sprache/Hannover-und-Region/Die-Landschaft-von-der-Region-Hannover,https://www.hannover.de/Leben-in-der-Region-Hannover/Verwaltungen-Kommunen/Die-Verwaltung-der-Region-Hannover/Stellt-sich-vor/Geografisch,70.1098484848485,6.658751075268817,36.14418377321603,46.70202020202019,10.533650194250196,51.55322455322455
hannover,289,http://www.hannover.de/Leichte-Sprache/Hannover-und-Region/Die-Verwaltung-von-der-Region-Hannover,https://www.hannover.de/Leben-in-der-Region-Hannover/Verwaltungen-Kommunen/Die-Verwaltung-der-Region-Hannover/Stellt-sich-vor,57.24614600326264,9.208877993474715,40.28892740619902,33.69565217391303,12.860626086956522,54.97826086956522
hannover,290,http://www.hannover.de/Leichte-Sprache/Hannover-und-Region/Sylvia-Thiel-Beauftragte-für-Menschen-mit-Behinderung-von-der-Region-Hannover,"https://www.hannover.de/Leben-in-der-Region-Hannover/Verwaltungen-Kommunen/Die-Verwaltung-der-Region-Hannover/Stellt-sich-vor/Dezernate-und-Fachbereiche-der-Region-Hannover/Dezernat-Soziales,-Teilhabe,-Familie-und-Jugend/Beauftragte-der-Region-Hannover-für-Menschen-mit-Behinderung",54.4427489177489,8.53113212121212,44.35757575757576,9.047469927428182,16.190485157570336,70.40868873645492
hannover,291,http://www.hannover.de/Leichte-Sprache/Hannover-und-Region/Andreas-Mangelsdorf-Beauftragter-für-Menschen-mit-Behinderung-von-der-Landes･haupt･stadt-Hannover,https://www.hannover.de/Leben-in-der-Region-Hannover/Verwaltungen-Kommunen/Die-Verwaltung-der-Landeshauptstadt-Hannover/Dezernate-und-Fachbereiche-der-LHH/Soziales-und-Integration/Beauftragter-für-Menschen-mit-Behinderung-der-Landeshauptstadt-Hannover,52.81733333333334,9.219386666666667,47.61666666666667,25.904128440366947,13.988767339449543,66.2954128440367
hannover,292,http://www.hannover.de/Leichte-Sprache/Hannover-und-Region/Unterwegs-sein,https://www.hannover.de/Leben-in-der-Region-Hannover/Mobilität,76.3,3.5970000000000004,27.5,48.483498349834974,9.393988778877887,47.03135313531353
hannover,293,http://www.hannover.de/Leichte-Sprache/Hilfe-und-Tipps/Park∙zonen-für-Bewohner-in-der-Stadt-Hannover,https://www.hannover.de/Service/Mobil-in-Hannover/Parken/Bewohner*innenparken,64.12561837049309,5.849382029865858,34.43816295069142,30.157116858237544,11.657313312534212,54.213880678708264
hannover,294,http://www.hannover.de/Leichte-Sprache/Hilfe-und-Tipps/Euro-WC-Schlüssel-für-Menschen-mit-Behinderung,https://www.hannover.de/Leben-in-der-Region-Hannover/Umwelt-Nachhaltigkeit/Wasser-Abwasser/Abwasser/Stadtentwässerung-Hannover/Öffentliche-Toiletten-in-Hannover/Euro-WC-Schlüssel-für-Behinderte,53.305186170212764,7.575354603109657,42.024140752864156,17.631467345207824,13.315711789652248,62.64715860899067
hannover,295,http://www.hannover.de/Leichte-Sprache/Hilfe-und-Tipps/Blau∙algen-Fragen-und-Antworten,https://www.hannover.de/Kultur-Freizeit/Freizeit-Sport/Sport/Bäderführer/Badeseen/Bordenauer-See/Fragen-und-Antworten-zum-Thema-Blaualgen,69.5662162162162,5.683916636636637,34.12672672672673,43.49253619943275,9.948593760262728,48.75623227347366
hannover,296,http://www.hannover.de/Leichte-Sprache/Hilfe-und-Tipps/HannoverAktivPass,https://www.hannover.de/Leben-in-der-Region-Hannover/Soziales/Sozialleistungen-weitere-Hilfen/HannoverAktivPass,43.24182926829269,9.468600292682927,44.974634146341465,35.61599008366903,12.00058172916021,52.43390145646111
hannover,297,http://www.hannover.de/Leichte-Sprache/Hilfe-und-Tipps/Flucht-aus-der-Ukraine-Informationen-für-Menschen-mit-Behinderung,https://www.hannover.de/Leben-in-der-Region-Hannover/Soziales/Menschen-mit-Behinderung/Aktuelles/Meldungen/Informationen-für-Geflüchtete-mit-Behinderung,55.014701354679815,7.597904433497536,40.75985221674877,11.146427096241212,15.635303263114416,73.56918628665841
hannover,298,http://www.hannover.de/Leichte-Sprache/Hilfe-und-Tipps/Förderung-von-Kultur-in-der-Region-Hannover,https://www.hannover.de/Leben-in-der-Region-Hannover/Kulturförderung/Kulturförderung-der-Region-Hannover,68.9621212121212,6.257860606060607,37.333333333333336,13.44437939110071,15.270095394223262,63.87665886026542
hannover,299,http://www.hannover.de/Leichte-Sprache/Hilfe-und-Tipps/Wie-funktioniert-die-Mängel∙hinweis∙karte,https://www.hannover.de/Leben-in-der-Region-Hannover/Bürger-Service/Bürger-Service-in-der-Landeshauptstadt-Hannover/Ideen-und-Beschwerden/Mängelhinweiskarte,61.123541288108214,6.3392818493842125,35.38512012921462,23.317460317460302,13.555357997557998,56.26495726495726
hannover,300,http://www.hannover.de/Leichte-Sprache/Hilfe-und-Tipps/Bus-und-Bahn-Wo-sind-Roll­∙treppen-und-Auf­züge-kaputt,https://www.hannover.de/Leben-in-der-Region-Hannover/Soziales/Menschen-mit-Behinderung/Aktuelles/Meldungen/Roll­treppen-und-Auf­züge-In-Echt­zeit-über-Ausfälle-informiert-sein,62.654991038728284,6.281397319410894,35.11018468012156,35.0135135135135,12.663537837837838,57.689189189189186
hannover,301,http://www.hannover.de/Leichte-Sprache/Hilfe-und-Tipps/Schwer∙behinderten∙ausweis,https://www.hannover.de/Leben-in-der-Region-Hannover/Soziales/Menschen-mit-Behinderung/Förderung-Unterstützung/Schwer­behinderten­­­­­ausweis,39.171983356449374,8.59574535367545,43.27947295423023,22.031124497991954,14.139258634538155,62.02610441767069
hannover,302,http://www.hannover.de/Leichte-Sprache/Hannover-und-Region/Politik/Wahlen/Kommunal∙wahlen-2026-in-der-Region-Hannover/Informationen-zu-den-Kommunal∙wahlen-2026,https://www.hannover.de/Leben-in-der-Region-Hannover/Politik/Wahlen-Statistik/Kommunalwahlen-2026-in-der-Region-Hannover/Allgemeine-Informationen,68.42876790127248,5.267819509739213,31.28803511949531,32.89255835045441,11.520910870490681,54.17528272900587
hannover,303,http://www.hannover.de/Leichte-Sprache/Hannover-und-Region/Politik/Wahlen/Kommunal∙wahlen-2026-in-der-Region-Hannover/Fragen-und-Antworten-für-Wahl∙helfer,https://www.hannover.de/Leben-in-der-Region-Hannover/Politik/Wahlen-Statistik/Kommunalwahlen-2026-in-der-Region-Hannover/FAQ-für-Wahlhelfer*innen,66.8237600408007,7.237818640826214,38.35145990054826,36.11250000000001,12.145297222222224,55.72222222222222
hannover,304,http://www.hannover.de/Leichte-Sprache/Hannover-und-Region/Politik/Wahlen/Kommunal∙wahlen-2026-in-der-Region-Hannover/Wie-kann-ich-die-Wahl·leiter-erreichen,https://www.hannover.de/Leben-in-der-Region-Hannover/Politik/Wahlen-Statistik/Kommunalwahlen-2026-in-der-Region-Hannover/Kontakt-zu-den-Wahlleitungen,68.51650943396226,5.882511320754718,31.153301886792452,8.430327868852459,14.377422950819673,62.790983606557376
hannover,305,http://www.hannover.de/Leichte-Sprache/Hannover-und-Region/Politik/Wahlen/Kommunal∙wahlen-2026-in-der-Region-Hannover/Wie-kann-ich-bei-der-Wahl-helfen,https://www.hannover.de/Leben-in-der-Region-Hannover/Politik/Wahlen-Statistik/Kommunalwahlen-2026-in-der-Region-Hannover/Wahlhelfer*innen-gesucht,70.32067183462532,5.918965064599483,34.67932816537468,39.936956521739134,11.201117681159422,53.90724637681159
hannover,306,http://www.hannover.de/Leichte-Sprache/Hilfe-und-Tipps/Park%E2%88%99zonen-f%C3%BCr-Bewohner-in-der-Stadt-Hannover,https://www.hannover.de/Service/Mobil-in-Hannover/Parken/Bewohner*innenparken,64.12561837049309,5.849382029865858,34.43816295069142,30.157116858237544,11.657313312534212,54.213880678708264
hannover,307,http://www.hannover.de/Leichte-Sprache/Hilfe-und-Tipps/Wie-funktioniert-die-M%C3%A4ngel%E2%88%99hinweis%E2%88%99karte,https://www.hannover.de/Leben-in-der-Region-Hannover/Bürger-Service/Bürger-Service-in-der-Landeshauptstadt-Hannover/Ideen-und-Beschwerden/Mängelhinweiskarte,61.123541288108214,6.3392818493842125,35.38512012921462,23.317460317460302,13.555357997557998,56.26495726495726
hannover,308,https://www.hannover.de/Leichte-Sprache/Freizeit-und-Tourismus/Drinnen/Museen-und-Ausstellungen/Die-Gedenkstätte-Ahlem/Die-Geschichte-von-der-Gedenkstätte-Ahlem,https://www.hannover.de/Kultur-Freizeit/Geschichte-Geschichten/Erinnerungskultur/Gedenkstätte-Ahlem/Die-Geschichte-des-Ortes,46.61323255129085,7.833262727005007,40.54844409541573,37.7850568181818,11.132613500000001,51.58
hannover,309,https://www.hannover.de/Leichte-Sprache/Freizeit-und-Tourismus/Drinnen/Museen-und-Ausstellungen/Die-Gedenkst%C3%A4tte-Ahlem/Die-Geschichte-von-der-Gedenkst%C3%A4tte-Ahlem,https://www.hannover.de/Kultur-Freizeit/Geschichte-Geschichten/Erinnerungskultur/Gedenkstätte-Ahlem/Die-Geschichte-des-Ortes,46.61323255129085,7.833262727005007,40.54844409541573,37.7850568181818,11.132613500000001,51.58
hannover,310,https://www.hannover.de/Leichte-Sprache/Freizeit-und-Tourismus/Drinnen/Museen-und-Ausstellungen/Die-Gedenkst%C3%A4tte-Ahlem/Lern%E2%88%99angebote-in-der-Gedenkst%C3%A4tte-Ahlem,https://www.hannover.de/Kultur-Freizeit/Geschichte-Geschichten/Erinnerungskultur/Gedenkstätte-Ahlem/Führungen-und-pädagogisches-Angebot,52.540486725663726,8.007506725663717,41.6608407079646,21.375,14.09658717948718,62.87179487179487
hannover,311,https://www.hannover.de/Leichte-Sprache/Freizeit-und-Tourismus/Drinnen/Museen-und-Ausstellungen/Die-Gedenkst%C3%A4tte-Ahlem/Die-Gedenkst%C3%A4tte-Ahlem-heute,https://www.hannover.de/Kultur-Freizeit/Geschichte-Geschichten/Erinnerungskultur/Gedenkstätte-Ahlem/Die-Gedenkstätte-heute,53.93778782193414,7.240083029165957,39.49347603615897,43.92105263157893,9.99098947368421,49.55263157894737
hannover,312,https://www.hannover.de/Leichte-Sprache/Hilfe-und-Tipps/Gesundheit2/Gesundheits%EF%BD%A5tipps/Hitze-in-der-Region-Hannover/Tipps-f%C3%BCr-hei%C3%9Fe-Tage,https://www.hannover.de/Leben-in-der-Region-Hannover/Umwelt-Nachhaltigkeit/Verhalten-bei-extremem-Wetter/Hitze-in-der-Region-Hannover/Tipps-für-die-heißen-Tage,71.38100815547458,4.262040534443867,31.65330557001562,40.556530566812114,10.779139104730435,53.51702210639256
hannover,313,https://www.hannover.de/Leichte-Sprache/Hilfe-und-Tipps/B%C3%BCros-und-%C3%84mter-f%C3%BCr-B%C3%BCrger/Standes%E2%88%99amt,"https://www.hannover.de/Leben-in-der-Region-Hannover/Verwaltungen-Kommunen/Die-Verwaltung-der-Landeshauptstadt-Hannover/Dezernate-und-Fachbereiche-der-LHH/Finanzen,-Ordnung-und-Feuerwehr/Fachbereich-Öffentliche-Ordnung/Standesamt-und-Staatsangehörig­keit/Standesamt",61.90329586101177,6.443611650485438,35.51417986714359,25.0625,14.412387500000001,62.875
hannover,314,https://www.hannover.de/Leichte-Sprache/Nachrichten-und-Veranstaltungen/Nachrichten/%C3%9CMO-Die-neue-%C3%9Cstra,"https://www.hannover.de/Service/Presse-Medien/Hannover.de/Aktuelles/Wirtschaft-Wissenschaft-2024/Aus-Üstra,-GVH-und-Regiobus-wird-die-neue-Üstra",70.3242987708793,4.830647904191617,30.64576110936023,43.36093023255813,11.026311141323793,55.45481216457961
hannover,315,https://www.hannover.de/Leichte-Sprache/Hilfe-und-Tipps/Beratung-und-Unterst%C3%BCtzung/Hilfe-und-Beratung-f%C3%BCr-%C3%A4ltere-Menschen,https://www.hannover.de/Leben-in-der-Region-Hannover/Soziales/Senioren/Information-Beratung,48.75880503144654,8.650980628930817,42.91572327044025,50.640993788819884,8.210639751552796,46.86335403726708
hannover,316,https://www.hannover.de/Leichte-Sprache/Hilfe-und-Tipps/Beratung-und-Unterst%C3%BCtzung/Hilfe-und-Beratung-f%C3%BCr-%C3%A4ltere-Menschen/Hilfen-f%C3%BCr-Blinde-und-Menschen-mit-Seh%E2%88%99behinderung,https://www.hannover.de/Leben-in-der-Region-Hannover/Soziales/Senioren/Information-Beratung/Hilfen-für-sehbehinderte-und-blinde-Menschen,52.52145910832269,8.37698931763922,42.9337904613847,24.2222222222222,12.42257037037037,57.94444444444444
hannover,317,https://www.hannover.de/Leichte-Sprache/Hilfe-und-Tipps/Sozial%EF%BD%A5leistungen/Hilfen-f%C3%BCr-Menschen-mit-H%C3%B6r%E2%88%99behinderung,https://www.hannover.de/Leben-in-der-Region-Hannover/Soziales/Senioren/Information-Beratung/Hilfen-für-hörgeschädigte-Menschen,51.95438946528331,8.64700485235435,43.46879489225858,32.604573106775774,11.793938284036082,53.100272708202226
hannover,318,https://www.hannover.de/Leichte-Sprache/Hilfe-und-Tipps/Beratung-und-Unterst%C3%BCtzung/Hilfe-und-Beratung-f%C3%BCr-%C3%A4ltere-Menschen/Bus-und-Bahn-fahren-Informationen-f%C3%BCr-%C3%A4ltere-Menschen,https://www.hannover.de/Leben-in-der-Region-Hannover/Soziales/Senioren/Information-Beratung/Mobilität-Öffentlicher-Personennahverkehr-ÖPNV,52.82128842380642,8.344755875299759,41.61156529321997,33.75511382382052,11.003700164962058,53.570521280105574
hannover,319,https://www.hannover.de/Leichte-Sprache/Hilfe-und-Tipps/Beratung-und-Unterst%C3%BCtzung/Hilfe-und-Beratung-f%C3%BCr-%C3%A4ltere-Menschen/Der-Senioren%E2%88%99beirat,https://www.hannover.de/Leben-in-der-Region-Hannover/Soziales/Senioren/Information-Beratung/Seniorenbeiräte-und-Seniorenräte,56.60320855614971,7.384328579916817,39.60487225193108,13.570464470027815,16.155494323144104,69.72647876141326
hannover,320,https://www.hannover.de/Leichte-Sprache/Hilfe-und-Tipps/Beratung-und-Unterst%C3%BCtzung/Hilfe-und-Beratung-f%C3%BCr-%C3%A4ltere-Menschen/Info%E2%88%99brosch%C3%BCre-f%C3%BCr-Senioren,https://www.hannover.de/Leben-in-der-Region-Hannover/Soziales/Senioren/Information-Beratung/Infobroschüre,40.75463982384399,10.500742560553633,52.23670965712488,23.10949612403101,14.428706201550387,72.27131782945736
hannover,321,https://www.hannover.de/Leichte-Sprache/Hilfe-und-Tipps/Beratung-und-Unterst%C3%BCtzung/Hilfe-und-Beratung-f%C3%BCr-%C3%A4ltere-Menschen/Senioren%E2%88%99telefon-in-der-Stadt-Hannover,https://www.hannover.de/Leben-in-der-Region-Hannover/Soziales/Senioren/Information-Beratung/Seniorentelefon-der-Stadt-Hannover,42.19009433962265,8.550291698113208,41.73207547169811,8.284210526315775,15.283168421052633,65.31578947368422
hannover,322,https://www.hannover.de/Leichte-Sprache/Hilfe-und-Tipps/Beratung-und-Unterst%C3%BCtzung/Hilfe-und-Beratung-f%C3%BCr-%C3%A4ltere-Menschen/Wohn%E2%88%99beratung,https://www.hannover.de/Leben-in-der-Region-Hannover/Soziales/Senioren/Wohnen-im-Alter/Wohnberatung,49.00835686053075,9.3091185770751,46.03190287972897,20.04994232987312,14.242096009227222,62.173241061130334
hannover,323,https://www.hannover.de/Leichte-Sprache/Hilfe-und-Tipps/Beratung-und-Unterst%C3%BCtzung/Hilfe-und-Beratung-f%C3%BCr-%C3%A4ltere-Menschen/Pflege%E2%88%99beratung-Beratungs%E2%88%99angebote-und-Sprech%E2%88%99stunden,https://www.hannover.de/Leben-in-der-Region-Hannover/Soziales/Senioren/Pflege-Betreuung/Pflegeberatung,47.36688311688313,9.469992496392498,44.78210678210679,23.45454545454544,13.42349696969697,58.92424242424242
hannover,324,https://www.hannover.de/Leichte-Sprache/Hilfe-und-Tipps/Beratung-und-Unterst%C3%BCtzung/Hilfe-und-Beratung-f%C3%BCr-%C3%A4ltere-Menschen/Telefon%E2%88%99beratung-bei-Problemen-und-Sorgen,https://www.hannover.de/Leben-in-der-Region-Hannover/Soziales/Senioren/Information-Beratung/Telefonseelsorge,49.651883577415504,8.49959290780142,43.100396057842865,41.97187500000001,10.328990000000001,50.45
hannover,325,https://www.hannover.de/Leichte-Sprache/Hilfe-und-Tipps/Beratung-und-Unterst%C3%BCtzung/Hilfe-und-Beratung-f%C3%BCr-%C3%A4ltere-Menschen/Hilfe-f%C3%BCr-%C3%A4ltere-Menschen-Beratung-%C3%BCber-den-Schutz-vor-Einbr%C3%BCchen,https://www.hannover.de/Leben-in-der-Region-Hannover/Soziales/Senioren/Information-Beratung/Albtraum-Betrug-Diebstahl-Einbruch-Überfall,54.41402688486265,7.4613869082407955,41.35885447106955,19.124862486248617,14.738156655665566,67.49394939493949
hannover,326,https://www.hannover.de/Leichte-Sprache/Hannover-und-Region/Die-Verwaltung-von-der-Region-Hannover/Die-H%C3%B6r%E2%88%99region-Hannover/Gesund-h%C3%B6ren/Hilfe-f%C3%BCr-Menschen-mit-einer-H%C3%B6r%E2%88%99beeintr%C3%A4chtigung,https://www.hannover.de/Leben-in-der-Region-Hannover/Verwaltungen-Kommunen/Die-Verwaltung-der-Region-Hannover/Die-Hörregion-Hannover/Gesund-hören/Hilfe-für-Menschen-mit-Hörbeeinträchtigung,50.09850066426267,7.960481837160753,43.24544505598786,5.770154258886635,11.119083165660632,49.579141515761236
hannover,327,https://www.hannover.de/Leichte-Sprache/Hannover-und-Region/Die-Verwaltung-von-der-Region-Hannover/Die-H%C3%B6r%E2%88%99region-Hannover/Gesund-h%C3%B6ren/Tipps-f%C3%BCr-gutes-H%C3%B6ren,https://www.hannover.de/Leben-in-der-Region-Hannover/Verwaltungen-Kommunen/Die-Verwaltung-der-Region-Hannover/Die-Hörregion-Hannover/Gesund-hören/11-Tipps-für-gutes-Hören,64.03403314917126,5.245516950276244,32.10187845303867,49.23838186649314,9.144850897456754,45.73746000759178
hannover,328,https://www.hannover.de/Leichte-Sprache/Hannover-und-Region/Die-Verwaltung-von-der-Region-Hannover/Die-H%C3%B6r%E2%88%99region-Hannover/H%C3%B6ren-lernen/Gutes-H%C3%B6ren-in-der-Kinder%E2%88%99tages%E2%88%99st%C3%A4tte,https://www.hannover.de/Leben-in-der-Region-Hannover/Verwaltungen-Kommunen/Die-Verwaltung-der-Region-Hannover/Die-Hörregion-Hannover/Hören-lernen/Gutes-Hören-in-der-Kita,54.345888888888894,8.103577777777778,43.511111111111106,30.36161148977604,12.964277799415775,63.864654333008765
hannover,329,https://www.hannover.de/Leichte-Sprache/Hannover-und-Region/Die-Verwaltung-von-der-Region-Hannover/Die-Hör∙region-Hannover/Hören-erleben/Programm-von-der-Hör∙region/Newsletter-von-der-Hör∙region,https://www.hannover.de/Leben-in-der-Region-Hannover/Verwaltungen-Kommunen/Die-Verwaltung-der-Region-Hannover/Die-Hörregion-Hannover/Das-ist-die-HÖRREGION/HörNews,50.40869565217393,7.234182028985508,42.53333333333333,45.35828877005348,10.131740271493214,50.56478815302344
hannover,330,https://www.hannover.de/Leichte-Sprache/Nachrichten-und-Veranstaltungen/Nachrichten/Fragen-und-Antworten-zum-Deutschland%E2%88%99ticket,https://www.hannover.de/Service/Presse-Medien/Hannover.de/Aktuelles/Service-2023/Fragen-und-Antworten-zum-Deutschland­ticket,61.9725,6.520675925925926,35.69675925925926,48.4407998247396,9.949472422377566,47.657067176515106
hannover,331,https://www.hannover.de/Leichte-Sprache/Hilfe-und-Tipps/Beratung-und-Unterst%C3%BCtzung/Hilfe-und-Beratung-f%C3%BCr-%C3%A4ltere-Menschen/Kosten%E2%88%99lose-Beratung,https://www.hannover.de/Leben-in-der-Region-Hannover/Soziales/Senioren/Information-Beratung/Kostenlose-Beratung,46.823207443897104,8.12867400109469,42.80487137383689,29.953333333333347,12.075866666666666,54.66666666666667
hannover,332,https://www.hannover.de/Leichte-Sprache/Nachrichten-und-Veranstaltungen/Nachrichten/Begleit∙service-für-Fahrgäste,https://www.hannover.de/Leben-in-der-Region-Hannover/Soziales/Menschen-mit-Behinderung/Mobilität/%22Gemeinsam-mobil%22,62.35616302972802,6.625355993042379,37.54807084123972,44.46819923371646,10.660777777777778,51.97318007662835
hannover,333,https://www.hannover.de/Leichte-Sprache/Hilfe-und-Tipps/Beratung-und-Unterst%C3%BCtzung/Beratung-f%C3%BCr-Eltern.-F%C3%BCr-Kinder.-Und-f%C3%BCr-Jugendliche/M%C3%B6glichkeiten-f%C3%BCr-eine-Beratung,"https://www.hannover.de/Leben-in-der-Region-Hannover/Soziales/Familie-Partnerschaft/Beratung-Unterstützung/Beratung-für-Eltern,-Kinder-und-Jugendliche/Familien-und-Erziehungsberatung/Jugend-und-Familienberatung-der-Landeshauptstadt-Hannover/Jugend,-Familien-und-Erziehungsberatung",58.52643020594965,7.055934553775743,37.807780320366135,20.837196667873968,14.205458964143428,66.64288301340093
hannover,334,https://www.hannover.de/Leichte-Sprache/Hilfe-und-Tipps/Beratung-und-Unterst%C3%BCtzung/Beratung-f%C3%BCr-Eltern.-F%C3%BCr-Kinder.-Und-f%C3%BCr-Jugendliche/Sprech%E2%88%99stunden-bei-den-Beratungs%E2%88%99stellen,"https://www.hannover.de/Leben-in-der-Region-Hannover/Soziales/Familie-Partnerschaft/Beratung-Unterstützung/Beratung-für-Eltern,-Kinder-und-Jugendliche/Familien-und-Erziehungsberatung/Jugend-,-Familien-und-Erziehungsberatung/Beratungsstellen-der-Landeshauptstadt-Hannover/Sprechstunden-der-Beratungsstellen-der-Jugend-und-Familienberatung",60.616131756756744,6.44394478950104,35.6422817047817,40.20952687479884,10.82267338268426,50.60218860637271
hannover,335,https://www.hannover.de/Leichte-Sprache/Hilfe-und-Tipps/Beratung-und-Unterst%C3%BCtzung/Beratung-f%C3%BCr-Eltern.-F%C3%BCr-Kinder.-Und-f%C3%BCr-Jugendliche/Sprech%E2%88%99stunde-f%C3%BCr-Eltern-mit-S%C3%A4uglingen-und-Klein%E2%88%99kindern,"https://www.hannover.de/Leben-in-der-Region-Hannover/Soziales/Familie-Partnerschaft/Beratung-Unterstützung/Beratung-für-Eltern,-Kinder-und-Jugendliche/Frühe-Beratung/Sprechstunde-für-Eltern-von-Säuglingen-Kleinkindern",70.9837418220877,5.2822753051459825,34.36793281906064,48.20463320463318,10.559185328185327,50.511583011583014
hannover,336,https://www.hannover.de/Leichte-Sprache/Hilfe-und-Tipps/Beratung-und-Unterst%C3%BCtzung/Beratung-f%C3%BCr-Eltern.-F%C3%BCr-Kinder.-Und-f%C3%BCr-Jugendliche/Angebote-f%C3%BCr-Kinder-und-Eltern/Kurse-f%C3%BCr-Eltern,"https://www.hannover.de/Leben-in-der-Region-Hannover/Soziales/Familie-Partnerschaft/Beratung-Unterstützung/Beratung-für-Eltern,-Kinder-und-Jugendliche/Aktuelles-aus-den-Beratungsstellen/Kinder-im-Blick",70.77564102564104,4.67421459566075,29.08086785009862,42.02777777777777,9.732577777777779,50.62037037037037
hannover,337,https://www.hannover.de/Leichte-Sprache/Hilfe-und-Tipps/Beratung-und-Unterst%C3%BCtzung/Beratung-f%C3%BCr-Eltern.-F%C3%BCr-Kinder.-Und-f%C3%BCr-Jugendliche/Angebote-f%C3%BCr-Kinder-und-Eltern/Gruppen%E2%88%99angebot-f%C3%BCr-Kinder,"https://www.hannover.de/Leben-in-der-Region-Hannover/Soziales/Familie-Partnerschaft/Beratung-Unterstützung/Beratung-für-Eltern,-Kinder-und-Jugendliche/Familien-und-Erziehungsberatung/Jugend-und-Familienberatung-der-Landeshauptstadt-Hannover/Gruppenangebot-für-Kinder-von-getrennten-lebenden-Eltern",64.46960297766749,6.080233995037221,36.15136476426799,50.94346039870689,8.344542483836207,45.1942349137931
hannover,338,https://www.hannover.de/Leichte-Sprache/Hilfe-und-Tipps/Beratung-und-Unterstützung/Beratung-für-Eltern.-Für-Kinder.-Und-für-Jugendliche/Familien∙beratung-und-Erziehungs∙beratung/Beratungs∙stellen-für-Eltern.-Für-Kinder.-Und-für-Jugendliche/Burgdorf-Beratungs∙stelle-für-Eltern.-Für-Kinder.-Und-für-Jugendliche,"https://www.hannover.de/Leben-in-der-Region-Hannover/Soziales/Familie-Partnerschaft/Beratung-Unterstützung/Beratung-für-Eltern,-Kinder-und-Jugendliche/Familien-und-Erziehungsberatung/Beratungsstellen-für-Eltern,-Kinder-und-Jugendliche-der-Region-Hannover/Beratungsstelle-für-Eltern,-Kinder-und-Jugendliche-Burgdorf",49.27727272727273,8.362363636363636,44.54545454545455,42.682765151515156,11.164482575757578,50.46212121212121
hannover,339,https://www.hannover.de/Leichte-Sprache/Hilfe-und-Tipps/Beratung-und-Unterstützung/Beratung-für-Eltern.-Für-Kinder.-Und-für-Jugendliche/Familien∙beratung-und-Erziehungs∙beratung/Beratungs∙stellen-für-Eltern.-Für-Kinder.-Und-für-Jugendliche/Neustadt-Beratungs∙stelle-für-Eltern.-Für-Kinder.-Und-für-Jugendliche,"https://www.hannover.de/Leben-in-der-Region-Hannover/Soziales/Familie-Partnerschaft/Beratung-Unterstützung/Beratung-für-Eltern,-Kinder-und-Jugendliche/Familien-und-Erziehungsberatung/Beratungsstellen-für-Eltern,-Kinder-und-Jugendliche-der-Region-Hannover/Beratungsstelle-für-Eltern,-Kinder-und-Jugendliche-Neustadt",48.424853372434,8.605767741935484,46.75659824046921,37.93186813186813,11.568113553113553,53.772893772893774
hannover,340,https://www.hannover.de/Leichte-Sprache/Hilfe-und-Tipps/Beratung-und-Unterstützung/Beratung-für-Eltern.-Für-Kinder.-Und-für-Jugendliche/Familien∙beratung-und-Erziehungs∙beratung/Beratungs∙stellen-für-Eltern.-Für-Kinder.-Und-für-Jugendliche/Ronnenberg-Beratungs∙stelle-für-Eltern.-Für-Kinder.-Und-für-Jugendliche,"https://www.hannover.de/Leben-in-der-Region-Hannover/Soziales/Familie-Partnerschaft/Beratung-Unterstützung/Beratung-für-Eltern,-Kinder-und-Jugendliche/Familien-und-Erziehungsberatung/Beratungsstellen-für-Eltern,-Kinder-und-Jugendliche-der-Region-Hannover/Beratungsstelle-für-Eltern,-Kinder-und-Jugendliche-Ronnenberg",57.86666666666666,7.7457692307692305,42.11538461538461,35.95117540687163,12.112714526823387,55.325195901145264
hannover,341,https://www.hannover.de/Leichte-Sprache/Hilfe-und-Tipps/Beratung-und-Unterstützung/Beratung-für-Eltern.-Für-Kinder.-Und-für-Jugendliche/Familien∙beratung-und-Erziehungs∙beratung/Möglichkeiten-für-eine-Beratung,"https://www.hannover.de/Leben-in-der-Region-Hannover/Soziales/Familie-Partnerschaft/Beratung-Unterstützung/Beratung-für-Eltern,-Kinder-und-Jugendliche/Familien-und-Erziehungsberatung/Jugend-und-Familienberatung-der-Landeshauptstadt-Hannover/Jugend,-Familien-und-Erziehungsberatung",58.52643020594965,7.055934553775743,37.807780320366135,20.837196667873968,14.205458964143428,66.64288301340093
hannover,342,https://www.hannover.de/Leichte-Sprache/Hilfe-und-Tipps/Beratung-und-Unterstützung/Beratung-für-Eltern.-Für-Kinder.-Und-für-Jugendliche/Familien∙beratung-und-Erziehungs∙beratung/Jugend∙beratung-und-Familien∙beratung-bei-der-Stadt-Hannover,"https://www.hannover.de/Leben-in-der-Region-Hannover/Soziales/Familie-Partnerschaft/Beratung-Unterstützung/Beratung-für-Eltern,-Kinder-und-Jugendliche/Familien-und-Erziehungsberatung/Jugend-und-Familienberatung-der-Landeshauptstadt-Hannover",57.336502999944955,7.012201192638669,39.00905029265518,29.436889763779533,11.561007937007874,55.753070866141734
hannover,343,https://www.hannover.de/Leichte-Sprache/Hilfe-und-Tipps/Beratung-und-Unterst%C3%BCtzung/Beratung-f%C3%BCr-Eltern.-F%C3%BCr-Kinder.-Und-f%C3%BCr-Jugendliche/Jugend%E2%88%99beratung-und-Familien%E2%88%99beratung-bei-der-Stadt-Hannover,"https://www.hannover.de/Leben-in-der-Region-Hannover/Soziales/Familie-Partnerschaft/Beratung-Unterstützung/Beratung-für-Eltern,-Kinder-und-Jugendliche/Familien-und-Erziehungsberatung/Jugend-und-Familienberatung-der-Landeshauptstadt-Hannover",57.336502999944955,7.012201192638669,39.00905029265518,29.436889763779533,11.561007937007874,55.753070866141734
hannover,344,https://www.hannover.de/Leichte-Sprache/Hilfe-und-Tipps/Familie-und-Partnerschaft/Frühe-Hilfen-für-Familien/Angebote-und-Unterstützung-für-Eltern/Frühe-Hilfen-Beratung-und-Unterstützung,https://www.hannover.de/Leben-in-der-Region-Hannover/Soziales/Familie-Partnerschaft/Frühe-Hilfen-–-Frühe-Chancen/Eltern/Beratung-und-Unterstützung,53.85253143051308,7.757691607203535,42.47774379884472,35.204930885083556,11.397945327006397,55.25995461109965
hannover,345,https://www.hannover.de/Leichte-Sprache/Hilfe-und-Tipps/Familie-und-Partnerschaft/Frühe-Hilfen-für-Familien/Angebote-und-Unterstützung-für-Eltern/Fachkräfte-Frühe-Hilfen,https://www.hannover.de/Leben-in-der-Region-Hannover/Soziales/Familie-Partnerschaft/Frühe-Hilfen-–-Frühe-Chancen/Eltern/Fachkräfte-Frühe-Hilfen,43.88530734632681,8.195612063199173,39.74178295467651,34.682250153280194,9.980239362354386,49.2608828939301
hannover,346,https://www.hannover.de/Leichte-Sprache/Hilfe-und-Tipps/Familie-und-Partnerschaft/Frühe-Hilfen-für-Familien/Angebote-und-Unterstützung-für-Eltern/Frühe-Hilfen-in-der-Kita,https://www.hannover.de/Leben-in-der-Region-Hannover/Soziales/Familie-Partnerschaft/Frühe-Hilfen-–-Frühe-Chancen/Eltern/Frühe-Hilfen-in-der-Kita,49.210937499999986,8.193641666666666,41.854166666666664,24.69999999999999,12.666873015873017,57.182539682539684
hannover,347,https://www.hannover.de/Leichte-Sprache/Hilfe-und-Tipps/Familie-und-Partnerschaft/Frühe-Hilfen-für-Familien/Angebote-und-Unterstützung-für-Eltern/Haus∙besuchs∙programme,https://www.hannover.de/Leben-in-der-Region-Hannover/Soziales/Familie-Partnerschaft/Frühe-Hilfen-–-Frühe-Chancen/Eltern/Hausbesuchsprogramme,57.0,8.431161538461538,46.28846153846154,23.579828758499133,13.153918559556788,58.79136237723496
hannover,348,https://www.hannover.de/Leichte-Sprache/Hilfe-und-Tipps/Familie-und-Partnerschaft/Frühe-Hilfen-für-Familien/Angebote-und-Unterstützung-für-Eltern/Team-Tages∙betreuung-informiert-über-Krippe.-Und-Kita.-Und-Schule,"https://www.hannover.de/Leben-in-der-Region-Hannover/Soziales/Familie-Partnerschaft/Frühe-Hilfen-–-Frühe-Chancen/Eltern/Krippe,-Kita,-Schule",54.24281805745554,8.0927170998632,41.512995896032834,37.573953488372084,10.536155461592669,52.39816772374912
hannover,349,https://www.hannover.de/Leichte-Sprache/Hilfe-und-Tipps/Familie-und-Partnerschaft/Frühe-Hilfen-für-Familien/Angebote-und-Unterstützung-für-Eltern/Angebote-für-Väter,https://www.hannover.de/Leben-in-der-Region-Hannover/Soziales/Familie-Partnerschaft/Frühe-Hilfen-–-Frühe-Chancen/Eltern/Väter,65.7878787878788,6.107912820512821,35.93939393939394,42.686206896551724,10.466042452107281,52.26590038314176
hannover,350,https://www.hannover.de/Leichte-Sprache/Hilfe-und-Tipps/Familie-und-Partnerschaft/Koordinierungs∙stelle-Unterstützung-für-Allein∙erziehende/Angebote-für-Allein∙erziehende/Angebote-für-Freizeit-und-Erholung,https://www.hannover.de/Leben-in-der-Region-Hannover/Soziales/Familie-Partnerschaft/Koordinierungsstelle-Alleinerziehende/Angebote-für-Alleinerziehende/Angebote-aus-dem-Bereich-Freizeit-und-Erholung,46.835163336288645,7.923075646184275,37.25574575462047,-21.99541531823087,14.989821790722761,60.95900755124056
hannover,351,https://www.hannover.de/Leichte-Sprache/Hilfe-und-Tipps/Familie-und-Partnerschaft/Koordinierungs∙stelle-Unterstützung-für-Allein∙erziehende/Angebote-für-Allein∙erziehende/Angebote-für-Kinder,https://www.hannover.de/Leben-in-der-Region-Hannover/Soziales/Familie-Partnerschaft/Koordinierungsstelle-Alleinerziehende/Angebote-für-Alleinerziehende/Angebote-für-Kinder,48.249959742351024,8.466709339774557,41.34460547504026,3.766757123473525,13.50520895522388,57.91383989145183
hannover,352,https://www.hannover.de/Leichte-Sprache/Hilfe-und-Tipps/Familie-und-Partnerschaft/Koordinierungs∙stelle-Unterstützung-für-Allein∙erziehende/Angebote-für-Allein∙erziehende/Trennung-und-Scheidung-Angebote-für-Paare,https://www.hannover.de/Leben-in-der-Region-Hannover/Soziales/Familie-Partnerschaft/Koordinierungsstelle-Alleinerziehende/Angebote-für-Alleinerziehende/Beratung-bei-Paarkonflikten-und-in-Trennungs-und-Scheidungssituationen,50.526924893717535,9.455705692017006,46.37033538025508,-17.711878196187826,15.234584193398419,64.53300790330078
hannover,353,https://www.hannover.de/Leichte-Sprache/Hilfe-und-Tipps/Familie-und-Partnerschaft/Koordinierungs∙stelle-Unterstützung-für-Allein∙erziehende/Angebote-für-Allein∙erziehende/Angebote-zu-Schwangerschaft-und-Geburt,https://www.hannover.de/Leben-in-der-Region-Hannover/Soziales/Familie-Partnerschaft/Koordinierungsstelle-Alleinerziehende/Angebote-für-Alleinerziehende/Beratung-und-Angebote-zu-Schwangerschaft-und-Geburt,49.546281300610445,8.817006179145386,42.83050953033512,-27.45394736842107,15.144266666666667,61.17982456140351
hannover,354,https://www.hannover.de/Leichte-Sprache/Hilfe-und-Tipps/Familie-und-Partnerschaft/Koordinierungs∙stelle-Unterstützung-für-Allein∙erziehende/Angebote-für-Allein∙erziehende/Beratung-Fragen-zur-Erziehung,https://www.hannover.de/Leben-in-der-Region-Hannover/Soziales/Familie-Partnerschaft/Koordinierungsstelle-Alleinerziehende/Angebote-für-Alleinerziehende/Beratung-zu-Erziehungsfragen,45.917748917748895,9.724755467372136,43.90941157607824,-4.071571571571582,15.433782567182568,64.38446138446139
hannover,355,https://www.hannover.de/Leichte-Sprache/Hilfe-und-Tipps/Gesundheit2/Gesundheits%EF%BD%A5tipps/Das-Masern%C2%B7schutz%C2%B7gesetz,https://www.hannover.de/Leben-in-der-Region-Hannover/Gesundheit/Gesundheitsschutz/Impfen-und-Impfberatung/Masern-und-Masernschutzgesetz,61.128458267127755,6.293392008598934,36.710545378072716,29.289854624188052,11.135226621301165,51.27178059593773
hannover,356,https://www.hannover.de/Leichte-Sprache/Hilfe-und-Tipps/Gesundheit2/Gesundheits%EF%BD%A5tipps/Was-ist-der-Noro-Virus,https://www.hannover.de/Leben-in-der-Region-Hannover/Gesundheit/Gesundheitsschutz/Gesundheitstipps/Noro-Virus,72.61492846385542,4.848244377510041,31.418925702811247,41.560665144003124,12.03169039050749,59.47083727926021
hannover,357,https://www.hannover.de/Leichte-Sprache/Hilfe-und-Tipps/Gesundheit2/Gesundheits%EF%BD%A5tipps/Influenza,https://www.hannover.de/Leben-in-der-Region-Hannover/Gesundheit/Gesundheitsschutz/Gesundheitstipps/Influenza,69.20916445808341,5.415251040464628,33.88920731939284,43.78509138381203,10.904363007832899,52.3957180156658
hannover,358,https://www.hannover.de/Leichte-Sprache/Hilfe-und-Tipps/Gesundheit2/Gesundheits%EF%BD%A5tipps/Was-kann-ich-gegen-Kopf%C2%B7l%C3%A4use-tun,https://www.hannover.de/Leben-in-der-Region-Hannover/Gesundheit/Gesundheitsschutz/Gesundheitstipps/Kopfläuse-–-was-tun,74.17393939393939,4.939569696969697,36.42424242424242,44.40667098827272,10.109341681890506,52.061111438505506
hannover,359,https://www.hannover.de/Leichte-Sprache/Hilfe-und-Tipps/Gesundheit2/Gesundheits%EF%BD%A5tipps/Wie-kann-ich-mich-vor-einer-Erk%C3%A4ltung-sch%C3%BCtzen,https://www.hannover.de/Leben-in-der-Region-Hannover/Gesundheit/Gesundheitsschutz/Gesundheitstipps/Der-Erkältung-vorbeugen,75.9576491716757,3.7615291550603533,29.27679836778576,54.82720404595403,8.861504145854145,47.142357642357645
hannover,360,https://www.hannover.de/Leichte-Sprache/Hilfe-und-Tipps/Gesundheit2/Gesundheits%EF%BD%A5tipps/Hautkrebs-fr%C3%BCh-genug-erkennen,https://www.hannover.de/Leben-in-der-Region-Hannover/Gesundheit/Gesundheitsschutz/Gesundheitstipps/Hautkrebsfrüherkennung,61.431312093182584,7.054978143199728,40.07228502911956,32.375693025970236,12.516397548876569,56.58068281295594
hannover,361,https://www.hannover.de/Leichte-Sprache/Freizeit-und-Tourismus/Drau%C3%9Fen/Fahrrad%E2%88%99fahren-in-der-Region-Hannover,https://www.hannover.de/Kultur-Freizeit/Naherholung/Raus-in-die-Natur/Radfahren,65.04605263157895,6.6103736842105265,37.131578947368425,37.5,18.4232,56.0
hannover,362,https://www.hannover.de/Leichte-Sprache/Freizeit-und-Tourismus/Drau%C3%9Fen/Fahrrad%E2%88%99fahren-in-der-Region-Hannover/Fahrrad%E2%88%99fahren-am-Mittel%E2%88%99land%E2%88%99kanal,https://www.hannover.de/Kultur-Freizeit/Naherholung/Raus-in-die-Natur/Radfahren/Radeln-am-Mittellandkanal,56.08454970077361,7.346642417165379,39.73613341118085,29.676470588235304,13.048119181585676,61.87468030690537
hannover,363,https://www.hannover.de/Leichte-Sprache/Freizeit-und-Tourismus/Drau%C3%9Fen/Fahrrad%E2%88%99fahren-in-der-Region-Hannover/Die-Hof%E2%88%99laden%E2%88%99routen,https://www.hannover.de/Kultur-Freizeit/Naherholung/Raus-in-die-Natur/Radfahren/Die-Hofladenrouten,47.21906126347386,9.554335134397599,49.57033701732842,20.316176470588232,14.44499411764706,80.41176470588235
hannover,364,https://www.hannover.de/Leichte-Sprache/Freizeit-und-Tourismus/Drau%C3%9Fen/Fahrrad%E2%88%99fahren-in-der-Region-Hannover/Die-Kultur%E2%88%99route,https://www.hannover.de/Kultur-Freizeit/Naherholung/Raus-in-die-Natur/Radfahren/Kulturroute,50.45124223602484,9.912513167701865,44.84223602484472,26.16233766233765,14.177026984126988,66.55988455988457
hannover,365,https://www.hannover.de/Leichte-Sprache/Freizeit-und-Tourismus/Drau%C3%9Fen/Fahrrad%E2%88%99fahren-in-der-Region-Hannover/Die-Nord%E2%88%99hannoversche-Moor%E2%88%99route,https://www.hannover.de/Kultur-Freizeit/Naherholung/Raus-in-die-Natur/Moore-in-der-Region-Hannover/Nordhannoversche-Moorroute/Die-Nordhannoversche-Moorroute,61.64285714285714,6.941174684574685,37.13207163207163,40.95379537953794,11.20468184818482,52.971947194719476
hannover,366,https://www.hannover.de/Leichte-Sprache/Freizeit-und-Tourismus/Drau%C3%9Fen/Fahrrad%E2%88%99fahren-in-der-Region-Hannover/Der-Gr%C3%BCne-Ring,https://www.hannover.de/Kultur-Freizeit/Naherholung/Raus-in-die-Natur/Radfahren/Grüner-Ring/Der-Grüne-Ring,63.5211844892696,6.5806263424518745,36.1095145988763,45.19274725274727,10.409483516483519,48.89010989010989
hannover,367,https://www.hannover.de/Leichte-Sprache/Freizeit-und-Tourismus/Drau%C3%9Fen/Fahrrad%E2%88%99fahren-in-der-Region-Hannover/Der-Deister%E2%88%99kreisel,https://www.hannover.de/Kultur-Freizeit/Naherholung/Raus-in-die-Natur/Radfahren/Der-Deisterkreisel,63.35896076352067,6.674036832803111,36.90915517850831,51.552521008403374,9.135211893988364,53.005171299288946
hannover,368,https://www.hannover.de/Leichte-Sprache/Freizeit-und-Tourismus/Drau%C3%9Fen/Ausflugs%EF%BD%A5ziele/Der-Moor%C2%B7erlebnis%C2%B7pfad-Resse/Wissen-zum-Moor,https://www.hannover.de/Kultur-Freizeit/Naherholung/Raus-in-die-Natur/Moore-in-der-Region-Hannover/Moor-Erlebnispfad-Resse/Der-Moor-Erlebnispfad/Moorwissen,77.41761391716913,4.155515791901421,30.38150308062337,51.173279893119584,9.468478102872412,48.897862391449564
hannover,369,https://www.hannover.de/Leichte-Sprache/Freizeit-und-Tourismus/Draußen/Ausflugs･ziele/Der-Moor·erlebnis·pfad-Resse/Moor･erlebnisse-für-Alle,https://www.hannover.de/Kultur-Freizeit/Naherholung/Raus-in-die-Natur/Moore-in-der-Region-Hannover/Moor-Erlebnispfad-Resse/Der-Moor-Erlebnispfad/Moorerlebnisse-für-fast-Alle,75.34935275080905,4.325404401294499,32.75663430420712,45.239234449760744,10.440666873065016,53.69110610751478
hannover,370,https://www.hannover.de/Leichte-Sprache/Freizeit-und-Tourismus/Draußen/Ausflugs･ziele/Der-Moor·erlebnis·pfad-Resse/Moor-für-die-Sinne,https://www.hannover.de/Kultur-Freizeit/Naherholung/Raus-in-die-Natur/Moore-in-der-Region-Hannover/Moor-Erlebnispfad-Resse/Der-Moor-Erlebnispfad/Moor-mit-den-Sinnen-erleben,76.23605909280069,3.713049271743654,28.31543903454016,56.06329651656755,8.355970716510903,45.12050410648541
hannover,371,https://www.hannover.de/Leichte-Sprache/Freizeit-und-Tourismus/Draußen/Ausflugs･ziele/Der-Moor·erlebnis·pfad-Resse/Wissen-zum-Moor,https://www.hannover.de/Kultur-Freizeit/Naherholung/Raus-in-die-Natur/Moore-in-der-Region-Hannover/Moor-Erlebnispfad-Resse/Der-Moor-Erlebnispfad/Moorwissen,77.41761391716913,4.155515791901421,30.38150308062337,51.173279893119584,9.468478102872412,48.897862391449564
hannover,372,https://www.hannover.de/Leichte-Sprache/Freizeit-und-Tourismus/Drinnen/Museen-und-Ausstellungen/Das-ZeitZentrum-Zivil∙courage/Bildungs∙angebote-im-ZeitZentrum-Zivil∙courage,https://www.hannover.de/Kultur-Freizeit/Geschichte-Geschichten/Erinnerungskultur/ZeitZentrum-Zivilcourage/Bildungsangebote,54.05220605771525,7.457206706415455,41.111399952301454,38.79093956160884,11.523681676952544,54.280910832091934
hannover,373,https://www.hannover.de/Leichte-Sprache/Freizeit-und-Tourismus/Drinnen/Museen-und-Ausstellungen/Das-ZeitZentrum-Zivil∙courage/Ihr-Besuch-im-ZeitZentrum-Zivil∙courage,https://www.hannover.de/Kultur-Freizeit/Geschichte-Geschichten/Erinnerungskultur/ZeitZentrum-Zivilcourage/Ihr-Besuch,60.025126709638556,7.315572419804369,40.29812545061283,40.740122334270126,12.01935446079242,56.55518818537499
hannover,374,https://www.hannover.de/Leichte-Sprache/Freizeit-und-Tourismus/Drinnen/Museen-und-Ausstellungen/Das-ZeitZentrum-Zivil∙courage/Das-ZeitZentrum-Zivil∙courage,https://www.hannover.de/Kultur-Freizeit/Geschichte-Geschichten/Erinnerungskultur/ZeitZentrum-Zivilcourage/Über-uns/Von-der-Idee-zur-Eröffnung-des-ZeitZentrum-Zivilcourage,49.2233660455761,7.977637879893022,41.945671153548616,32.03900393041707,12.368404243394718,56.46700087342602
hannover,375,https://www.hannover.de/Leichte-Sprache/Freizeit-und-Tourismus/Drinnen/Museen-und-Ausstellungen/Die-Gedenkstätte-Ahlem/Die-Gedenkstätte-Ahlem-heute,https://www.hannover.de/Kultur-Freizeit/Geschichte-Geschichten/Erinnerungskultur/Gedenkstätte-Ahlem/Die-Gedenkstätte-heute,53.93778782193414,7.240083029165957,39.49347603615897,43.92105263157893,9.99098947368421,49.55263157894737
hannover,376,https://www.hannover.de/Leichte-Sprache/Freizeit-und-Tourismus/Drinnen/Museen-und-Ausstellungen/Die-Gedenkstätte-Ahlem/Lern∙angebote-in-der-Gedenkstätte-Ahlem,https://www.hannover.de/Kultur-Freizeit/Geschichte-Geschichten/Erinnerungskultur/Gedenkstätte-Ahlem/Führungen-und-pädagogisches-Angebot,52.540486725663726,8.007506725663717,41.6608407079646,21.375,14.09658717948718,62.87179487179487
hannover,377,https://www.hannover.de/Leichte-Sprache/Lernen-und-Arbeiten/Lernen/Schul%E2%88%99beginn-Informationen-f%C3%BCr-Eltern-und-Kinder/Sprache,https://www.hannover.de/Leben-in-der-Region-Hannover/Soziales/Kinder-Jugendliche/Grundschulzeit/Einschulungskompass/Sprache,78.4810659186536,3.587906721329162,30.59709785305858,77.96453488372092,4.72560573643411,35.25639534883721
hannover,378,https://www.hannover.de/Leichte-Sprache/Lernen-und-Arbeiten/Lernen/Schul%E2%88%99beginn-Informationen-f%C3%BCr-Eltern-und-Kinder/Das-machen-Kinder-von-4-bis-6-Jahren,https://www.hannover.de/Leben-in-der-Region-Hannover/Soziales/Kinder-Jugendliche/Grundschulzeit/Einschulungskompass/Das-machen-Kinder-mit-4-5-6-Jahren,83.4591836734694,1.068971428571429,19.244897959183675,67.61930091185413,4.447384802431611,28.322188449848024
hannover,379,https://www.hannover.de/Leichte-Sprache/Lernen-und-Arbeiten/Lernen/Schul%E2%88%99beginn-Informationen-f%C3%BCr-Eltern-und-Kinder/Das-machen-Kinder-von-4-bis-6-Jahren/Das-machen-viele-Kinder-mit-4-Jahren,https://www.hannover.de/Leben-in-der-Region-Hannover/Soziales/Kinder-Jugendliche/Grundschulzeit/Einschulungskompass/Das-machen-Kinder-mit-4-5-6-Jahren/Das-machen-viele-Kinder-mit-4-Jahren,75.50068550356934,2.9682093669729115,24.56102557637455,77.44117647058823,3.090650980392157,27.127450980392158
hannover,380,https://www.hannover.de/Leichte-Sprache/Lernen-und-Arbeiten/Lernen/Schul%E2%88%99beginn-Informationen-f%C3%BCr-Eltern-und-Kinder/Das-machen-Kinder-von-4-bis-6-Jahren/Das-machen-viele-Kinder-mit-5-Jahren,https://www.hannover.de/Leben-in-der-Region-Hannover/Soziales/Kinder-Jugendliche/Grundschulzeit/Einschulungskompass/Das-machen-Kinder-mit-4-5-6-Jahren/Das-machen-viele-Kinder-mit-5-Jahren,73.8758314855876,3.5987989159891596,27.221051983247104,75.2234347730145,4.46084804509619,31.759132580392787
hannover,381,https://www.hannover.de/Leichte-Sprache/Lernen-und-Arbeiten/Lernen/Schul%E2%88%99beginn-Informationen-f%C3%BCr-Eltern-und-Kinder/Das-machen-Kinder-von-4-bis-6-Jahren/Das-machen-viele-Kinder-mit-6-Jahren,https://www.hannover.de/Leben-in-der-Region-Hannover/Soziales/Kinder-Jugendliche/Grundschulzeit/Einschulungskompass/Das-machen-Kinder-mit-4-5-6-Jahren/Das-machen-viele-Kinder-mit-6-Jahren,73.60477271593234,3.70497246644379,27.417843420986976,72.87081792569114,4.728816675471034,32.21872248635323
hannover,382,https://www.hannover.de/Leichte-Sprache/Lernen-und-Arbeiten/Lernen/Schul%E2%88%99beginn-Informationen-f%C3%BCr-Eltern-und-Kinder/Informationen-f%C3%BCr-die-Zeit-vor-der-Einschulung,https://www.hannover.de/Leben-in-der-Region-Hannover/Soziales/Kinder-Jugendliche/Grundschulzeit/Einschulungskompass/Informationen-für-die-Zeit-vor-der-Einschulung,75.84447004608293,3.7151078341013832,31.43778801843318,56.57747933884298,6.285718181818183,36.61260330578513
hannover,383,https://www.hannover.de/Leichte-Sprache/Lernen-und-Arbeiten/Lernen/Schul%E2%88%99beginn-Informationen-f%C3%BCr-Eltern-und-Kinder/Informationen-f%C3%BCr-die-Zeit-vor-der-Einschulung/Schul%E2%88%99vorbereitung-im-Kinder%E2%88%99garten,https://www.hannover.de/Leben-in-der-Region-Hannover/Soziales/Kinder-Jugendliche/Grundschulzeit/Einschulungskompass/Informationen-für-die-Zeit-vor-der-Einschulung/Der-Kindergarten-in-der-Schulvorbereitung,65.54169010658191,5.85006243177084,32.93124629395935,43.831648936170225,8.849601063829786,45.75132978723404
hannover,384,https://www.hannover.de/Leichte-Sprache/Lernen-und-Arbeiten/Lernen/Schul%E2%88%99beginn-Informationen-f%C3%BCr-Eltern-und-Kinder/Informationen-f%C3%BCr-die-Zeit-vor-der-Einschulung/Was-passiert-vor-der-Schule,https://www.hannover.de/Leben-in-der-Region-Hannover/Soziales/Kinder-Jugendliche/Grundschulzeit/Einschulungskompass/Informationen-für-die-Zeit-vor-der-Einschulung/Bevor-Ihr-Kind-in-die-Schule-kommt,72.88925945378149,4.138878676470588,27.788865546218485,68.140001144443,5.325336420468363,33.24991774315838
hannover,385,https://www.hannover.de/Leichte-Sprache/Lernen-und-Arbeiten/Lernen/Schul%E2%88%99beginn-Informationen-f%C3%BCr-Eltern-und-Kinder/Informationen-f%C3%BCr-die-Zeit-vor-der-Einschulung/Was-passiert-in-der-Grund%E2%88%99schule,https://www.hannover.de/Leben-in-der-Region-Hannover/Soziales/Kinder-Jugendliche/Grundschulzeit/Einschulungskompass/Informationen-für-die-Zeit-vor-der-Einschulung/Was-passiert-in-der-Grundschule,67.06969528806378,4.688339743719101,29.499772979517708,63.41954022988506,5.646352873563219,32.08045977011494
hannover,386,https://www.hannover.de/Leichte-Sprache/Lernen-und-Arbeiten/Lernen/Schul%E2%88%99beginn-Informationen-f%C3%BCr-Eltern-und-Kinder/Ideen-und-Informationen-f%C3%BCr-zuhause,https://www.hannover.de/Leben-in-der-Region-Hannover/Soziales/Kinder-Jugendliche/Grundschulzeit/Einschulungskompass/Ideen-und-Informationen-für-zuhause,75.30000000000001,4.169765925925926,27.57037037037037,68.10204081632652,4.5808,31.346938775510203
hannover,387,https://www.hannover.de/Leichte-Sprache/Lernen-und-Arbeiten/Lernen/Schul%E2%88%99beginn-Informationen-f%C3%BCr-Eltern-und-Kinder/Ideen-und-Informationen-f%C3%BCr-zuhause/Sport%E2%88%99angebote,https://www.hannover.de/Leben-in-der-Region-Hannover/Soziales/Kinder-Jugendliche/Grundschulzeit/Einschulungskompass/Ideen-und-Informationen-für-zuhause/Sportvereine,57.28514148241494,7.901483812578759,42.605223966090044,46.21813725490195,9.799345098039216,46.62745098039216
hannover,388,https://www.hannover.de/Leichte-Sprache/Lernen-und-Arbeiten/Lernen/Schul%E2%88%99beginn-Informationen-f%C3%BCr-Eltern-und-Kinder/Ideen-und-Informationen-f%C3%BCr-zuhause/B%C3%BCcher-ausleihen,https://www.hannover.de/Leben-in-der-Region-Hannover/Soziales/Kinder-Jugendliche/Grundschulzeit/Einschulungskompass/Ideen-und-Informationen-für-zuhause/Bibliothek,62.66748768472907,6.007672249589492,34.88013136288998,53.41428571428571,7.832178571428573,38.035714285714285
hannover,389,https://www.hannover.de/Leichte-Sprache/Lernen-und-Arbeiten/Lernen/Schul%E2%88%99beginn-Informationen-f%C3%BCr-Eltern-und-Kinder/Ideen-und-Informationen-f%C3%BCr-zuhause/Die-Eltern-zuhause,https://www.hannover.de/Leben-in-der-Region-Hannover/Soziales/Kinder-Jugendliche/Grundschulzeit/Einschulungskompass/Ideen-und-Informationen-für-zuhause/Die-Eltern-zuhause,68.31633898068745,5.321962295196263,31.849839643031444,61.73494499131441,7.418706581740977,40.85316541208261
hannover,390,https://www.hannover.de/Leichte-Sprache/Lernen-und-Arbeiten/Lernen/Schul%E2%88%99beginn-Informationen-f%C3%BCr-Eltern-und-Kinder/Ideen-und-Informationen-f%C3%BCr-zuhause/Wochen%E2%88%99plan,https://www.hannover.de/Leben-in-der-Region-Hannover/Soziales/Kinder-Jugendliche/Grundschulzeit/Einschulungskompass/Ideen-und-Informationen-für-zuhause/Wochenplan,67.00711073295248,6.125604157043879,36.1060532393339,70.64705882352942,5.682446153846154,36.529411764705884
hannover,391,https://www.hannover.de/Leichte-Sprache/Lernen-und-Arbeiten/Lernen/Schul%E2%88%99beginn-Informationen-f%C3%BCr-Eltern-und-Kinder/Ideen-und-Informationen-f%C3%BCr-zuhause/Zuhause-lernen,https://www.hannover.de/Leben-in-der-Region-Hannover/Soziales/Kinder-Jugendliche/Grundschulzeit/Einschulungskompass/Ideen-und-Informationen-für-zuhause/Lernen-zuhause,77.810906075057,3.619715875319649,28.484691409219707,72.95506780676435,4.508128609552857,30.79908501715593
hannover,392,https://www.hannover.de/Leichte-Sprache/Lernen-und-Arbeiten/Lernen/Schul%E2%88%99beginn-Informationen-f%C3%BCr-Eltern-und-Kinder/Ideen-und-Informationen-f%C3%BCr-zuhause/Mein-Kind-geht-nicht-in-die-Schule,https://www.hannover.de/Leben-in-der-Region-Hannover/Soziales/Kinder-Jugendliche/Grundschulzeit/Einschulungskompass/Ideen-und-Informationen-für-zuhause/Mein-Kind-geht-nicht-in-die-Schule,70.38266365688487,5.081990194130926,31.659097065462753,65.7340730136006,6.188746456692914,35.561202576950606
hannover,393,https://www.hannover.de/Leichte-Sprache/Lernen-und-Arbeiten/Lernen/Schul%E2%88%99beginn-Informationen-f%C3%BCr-Eltern-und-Kinder/Mein-Kind-braucht-Unterst%C3%BCtzung,https://www.hannover.de/Leben-in-der-Region-Hannover/Soziales/Kinder-Jugendliche/Grundschulzeit/Einschulungskompass/Kinder-mit-Förderbedarf,71.95454545454545,5.693192207792209,35.57142857142857,56.90428571428572,6.731171428571431,35.285714285714285
hannover,394,https://www.hannover.de/Leichte-Sprache/Lernen-und-Arbeiten/Lernen/Schul%E2%88%99beginn-Informationen-f%C3%BCr-Eltern-und-Kinder/Mein-Kind-braucht-Unterst%C3%BCtzung/Unterst%C3%BCtzung-in-der-Grund%E2%88%99schule,https://www.hannover.de/Leben-in-der-Region-Hannover/Soziales/Kinder-Jugendliche/Grundschulzeit/Einschulungskompass/Kinder-mit-Förderbedarf/Kinder-mit-Förderbedarf-in-der-Grundschule,59.261995430312254,7.082995024117796,39.04658542777355,58.23158593231585,6.779808759124087,37.27206370272064
hannover,395,https://www.hannover.de/Leichte-Sprache/Lernen-und-Arbeiten/Lernen/Schul%E2%88%99beginn-Informationen-f%C3%BCr-Eltern-und-Kinder/Mein-Kind-braucht-Unterst%C3%BCtzung/Hilfe-f%C3%BCr-Ihr-Kind,https://www.hannover.de/Leben-in-der-Region-Hannover/Soziales/Kinder-Jugendliche/Grundschulzeit/Einschulungskompass/Kinder-mit-Förderbedarf/Hilfe-für-Ihr-Kind,60.91769721176743,6.358426008141946,36.99927029725785,47.28235082674334,9.218420225257608,46.769829858614905
hannover,396,https://www.hannover.de/Leichte-Sprache/Lernen-und-Arbeiten/Lernen/Schul%E2%88%99beginn-Informationen-f%C3%BCr-Eltern-und-Kinder/Mein-Kind-braucht-Unterst%C3%BCtzung/Informationen-f%C3%BCr-Eltern-von-Kindern-mit-Behinderung,https://www.hannover.de/Leben-in-der-Region-Hannover/Soziales/Kinder-Jugendliche/Grundschulzeit/Einschulungskompass/Kinder-mit-Förderbedarf/Informationen-für-Eltern-von-Kindern-mit-Behinderungen,57.79532786885247,6.965888393442623,38.038688524590164,40.833333333333314,8.996366666666667,46.833333333333336
hannover,397,https://www.hannover.de/Leichte-Sprache/Lernen-und-Arbeiten/Lernen/Schul%E2%88%99beginn-Informationen-f%C3%BCr-Eltern-und-Kinder/Spielen,https://www.hannover.de/Leben-in-der-Region-Hannover/Soziales/Kinder-Jugendliche/Grundschulzeit/Einschulungskompass/Spielen,77.98898408812728,3.2662761384678163,28.319382983397674,74.45,4.1061538461538465,33.07692307692308
hannover,398,https://www.hannover.de/Leichte-Sprache/Lernen-und-Arbeiten/Lernen/Schul∙beginn-Informationen-für-Eltern-und-Kinder/Das-machen-Kinder-von-4-bis-6-Jahren/Das-machen-viele-Kinder-mit-4-Jahren,https://www.hannover.de/Leben-in-der-Region-Hannover/Soziales/Kinder-Jugendliche/Grundschulzeit/Einschulungskompass/Das-machen-Kinder-mit-4-5-6-Jahren/Das-machen-viele-Kinder-mit-4-Jahren,75.50068550356934,2.9682093669729115,24.56102557637455,77.44117647058823,3.090650980392157,27.127450980392158
hannover,399,https://www.hannover.de/Leichte-Sprache/Lernen-und-Arbeiten/Lernen/Schul∙beginn-Informationen-für-Eltern-und-Kinder/Das-machen-Kinder-von-4-bis-6-Jahren/Das-machen-viele-Kinder-mit-5-Jahren,https://www.hannover.de/Leben-in-der-Region-Hannover/Soziales/Kinder-Jugendliche/Grundschulzeit/Einschulungskompass/Das-machen-Kinder-mit-4-5-6-Jahren/Das-machen-viele-Kinder-mit-5-Jahren,73.8758314855876,3.5987989159891596,27.221051983247104,75.2234347730145,4.46084804509619,31.759132580392787
hannover,400,https://www.hannover.de/Leichte-Sprache/Lernen-und-Arbeiten/Lernen/Schul∙beginn-Informationen-für-Eltern-und-Kinder/Das-machen-Kinder-von-4-bis-6-Jahren/Das-machen-viele-Kinder-mit-6-Jahren,https://www.hannover.de/Leben-in-der-Region-Hannover/Soziales/Kinder-Jugendliche/Grundschulzeit/Einschulungskompass/Das-machen-Kinder-mit-4-5-6-Jahren/Das-machen-viele-Kinder-mit-6-Jahren,73.60477271593234,3.70497246644379,27.417843420986976,72.87081792569114,4.728816675471034,32.21872248635323
hannover,401,https://www.hannover.de/Leichte-Sprache/Lernen-und-Arbeiten/Lernen/Schul∙beginn-Informationen-für-Eltern-und-Kinder/Informationen-für-die-Zeit-vor-der-Einschulung/Was-passiert-vor-der-Schule,https://www.hannover.de/Leben-in-der-Region-Hannover/Soziales/Kinder-Jugendliche/Grundschulzeit/Einschulungskompass/Informationen-für-die-Zeit-vor-der-Einschulung/Bevor-Ihr-Kind-in-die-Schule-kommt,72.88925945378149,4.138878676470588,27.788865546218485,68.140001144443,5.325336420468363,33.24991774315838
hannover,402,https://www.hannover.de/Leichte-Sprache/Lernen-und-Arbeiten/Lernen/Schul∙beginn-Informationen-für-Eltern-und-Kinder/Informationen-für-die-Zeit-vor-der-Einschulung/Schul∙vorbereitung-im-Kinder∙garten,https://www.hannover.de/Leben-in-der-Region-Hannover/Soziales/Kinder-Jugendliche/Grundschulzeit/Einschulungskompass/Informationen-für-die-Zeit-vor-der-Einschulung/Der-Kindergarten-in-der-Schulvorbereitung,65.54169010658191,5.85006243177084,32.93124629395935,43.831648936170225,8.849601063829786,45.75132978723404
hannover,403,https://www.hannover.de/Leichte-Sprache/Lernen-und-Arbeiten/Lernen/Schul∙beginn-Informationen-für-Eltern-und-Kinder/Informationen-für-die-Zeit-vor-der-Einschulung/Was-passiert-in-der-Grund∙schule,https://www.hannover.de/Leben-in-der-Region-Hannover/Soziales/Kinder-Jugendliche/Grundschulzeit/Einschulungskompass/Informationen-für-die-Zeit-vor-der-Einschulung/Was-passiert-in-der-Grundschule,67.06969528806378,4.688339743719101,29.499772979517708,63.41954022988506,5.646352873563219,32.08045977011494
hannover,404,https://www.hannover.de/Leichte-Sprache/Lernen-und-Arbeiten/Lernen/Schul∙beginn-Informationen-für-Eltern-und-Kinder/Ideen-und-Informationen-für-zuhause/Bücher-ausleihen,https://www.hannover.de/Leben-in-der-Region-Hannover/Soziales/Kinder-Jugendliche/Grundschulzeit/Einschulungskompass/Ideen-und-Informationen-für-zuhause/Bibliothek,62.66748768472907,6.007672249589492,34.88013136288998,53.41428571428571,7.832178571428573,38.035714285714285
hannover,405,https://www.hannover.de/Leichte-Sprache/Lernen-und-Arbeiten/Lernen/Schul∙beginn-Informationen-für-Eltern-und-Kinder/Ideen-und-Informationen-für-zuhause/Die-Eltern-zuhause,https://www.hannover.de/Leben-in-der-Region-Hannover/Soziales/Kinder-Jugendliche/Grundschulzeit/Einschulungskompass/Ideen-und-Informationen-für-zuhause/Die-Eltern-zuhause,68.31633898068745,5.321962295196263,31.849839643031444,61.73494499131441,7.418706581740977,40.85316541208261
hannover,406,https://www.hannover.de/Leichte-Sprache/Lernen-und-Arbeiten/Lernen/Schul∙beginn-Informationen-für-Eltern-und-Kinder/Ideen-und-Informationen-für-zuhause/Zuhause-lernen,https://www.hannover.de/Leben-in-der-Region-Hannover/Soziales/Kinder-Jugendliche/Grundschulzeit/Einschulungskompass/Ideen-und-Informationen-für-zuhause/Lernen-zuhause,77.810906075057,3.619715875319649,28.484691409219707,72.95506780676435,4.508128609552857,30.79908501715593
hannover,407,https://www.hannover.de/Leichte-Sprache/Lernen-und-Arbeiten/Lernen/Schul∙beginn-Informationen-für-Eltern-und-Kinder/Ideen-und-Informationen-für-zuhause/Mein-Kind-geht-nicht-in-die-Schule,https://www.hannover.de/Leben-in-der-Region-Hannover/Soziales/Kinder-Jugendliche/Grundschulzeit/Einschulungskompass/Ideen-und-Informationen-für-zuhause/Mein-Kind-geht-nicht-in-die-Schule,70.38266365688487,5.081990194130926,31.659097065462753,65.7340730136006,6.188746456692914,35.561202576950606
hannover,408,https://www.hannover.de/Leichte-Sprache/Lernen-und-Arbeiten/Lernen/Schul∙beginn-Informationen-für-Eltern-und-Kinder/Ideen-und-Informationen-für-zuhause/Sport∙angebote,https://www.hannover.de/Leben-in-der-Region-Hannover/Soziales/Kinder-Jugendliche/Grundschulzeit/Einschulungskompass/Ideen-und-Informationen-für-zuhause/Sportvereine,57.28514148241494,7.901483812578759,42.605223966090044,46.21813725490195,9.799345098039216,46.62745098039216
hannover,409,https://www.hannover.de/Leichte-Sprache/Lernen-und-Arbeiten/Lernen/Schul∙beginn-Informationen-für-Eltern-und-Kinder/Ideen-und-Informationen-für-zuhause/Wochen∙plan,https://www.hannover.de/Leben-in-der-Region-Hannover/Soziales/Kinder-Jugendliche/Grundschulzeit/Einschulungskompass/Ideen-und-Informationen-für-zuhause/Wochenplan,67.00711073295248,6.125604157043879,36.1060532393339,70.64705882352942,5.682446153846154,36.529411764705884
hannover,410,https://www.hannover.de/Leichte-Sprache/Lernen-und-Arbeiten/Lernen/Schul∙beginn-Informationen-für-Eltern-und-Kinder/Mein-Kind-braucht-Unterstützung/Hilfe-für-Ihr-Kind,https://www.hannover.de/Leben-in-der-Region-Hannover/Soziales/Kinder-Jugendliche/Grundschulzeit/Einschulungskompass/Kinder-mit-Förderbedarf/Hilfe-für-Ihr-Kind,60.91769721176743,6.358426008141946,36.99927029725785,47.28235082674334,9.218420225257608,46.769829858614905
hannover,411,https://www.hannover.de/Leichte-Sprache/Lernen-und-Arbeiten/Lernen/Schul∙beginn-Informationen-für-Eltern-und-Kinder/Mein-Kind-braucht-Unterstützung/Informationen-für-Eltern-von-Kindern-mit-Behinderung,https://www.hannover.de/Leben-in-der-Region-Hannover/Soziales/Kinder-Jugendliche/Grundschulzeit/Einschulungskompass/Kinder-mit-Förderbedarf/Informationen-für-Eltern-von-Kindern-mit-Behinderungen,57.79532786885247,6.965888393442623,38.038688524590164,40.833333333333314,8.996366666666667,46.833333333333336
hannover,412,https://www.hannover.de/Leichte-Sprache/Lernen-und-Arbeiten/Lernen/Schul∙beginn-Informationen-für-Eltern-und-Kinder/Mein-Kind-braucht-Unterstützung/Unterstützung-in-der-Grund∙schule,https://www.hannover.de/Leben-in-der-Region-Hannover/Soziales/Kinder-Jugendliche/Grundschulzeit/Einschulungskompass/Kinder-mit-Förderbedarf/Kinder-mit-Förderbedarf-in-der-Grundschule,59.261995430312254,7.082995024117796,39.04658542777355,58.23158593231585,6.779808759124087,37.27206370272064
hannover,413,https://www.hannover.de/Leichte-Sprache/Hilfe-und-Tipps/Sozial%EF%BD%A5leistungen/Sozial%EF%BD%A5hilfe,https://www.hannover.de/Leben-in-der-Region-Hannover/Soziales/Sozialleistungen-weitere-Hilfen/Sozialhilfe,63.734867951463244,6.772026438258387,39.046716630977876,31.433910306845007,12.78059735116706,56.92787831104117
hannover,414,https://www.hannover.de/Leichte-Sprache/Hilfe-und-Tipps/Sozial･leistungen/BuT-Leistungen-Leit∙faden-für-Mitarbeiter-in-Kitas/BuT-Leistungen-Kosten-für-Tages∙ausflüge-von-der-Kita,https://www.hannover.de/Leben-in-der-Region-Hannover/Soziales/Sozialleistungen-weitere-Hilfen/Bildungs-und-Teilhabepaket/Leitfaden-für-Mitarbeitende-in-Kindertageseinrichtungen-Kindertagesbetreuung/Kosten-für-Tagesausflüge-der-Kita,64.1940957364541,6.861769881940506,37.122080734134144,53.56672774183896,8.55757036233781,43.916576300340274
hannover,415,https://www.hannover.de/Leichte-Sprache/Hilfe-und-Tipps/Sozial･leistungen/BuT-Leistungen-Leit∙faden-für-Mitarbeiter-in-Kitas/BuT-Leistungen-Kosten-für-Ausflüge-von-der-Kita-mit-Übernachtung,https://www.hannover.de/Leben-in-der-Region-Hannover/Soziales/Sozialleistungen-weitere-Hilfen/Bildungs-und-Teilhabepaket/Leitfaden-für-Mitarbeitende-in-Kindertageseinrichtungen-Kindertagesbetreuung/Kosten-für-mehrtägige-Fahrten-der-Kita,66.17631450288536,6.492472622654204,36.424522901162085,50.1939393939394,9.251450774410774,47.20673400673401
hannover,416,https://www.hannover.de/Leichte-Sprache/Hilfe-und-Tipps/Sozial･leistungen/BuT-Leistungen-Leit∙faden-für-Mitarbeiter-in-Kitas/BuT-Leistungen-Kosten-für-das-Mittag∙essen-in-der-Kita,https://www.hannover.de/Leben-in-der-Region-Hannover/Soziales/Sozialleistungen-weitere-Hilfen/Bildungs-und-Teilhabepaket/Leitfaden-für-Mitarbeitende-in-Kindertageseinrichtungen-Kindertagesbetreuung/Kosten-für-Mittagsverpflegung,63.97088734551258,7.622248340271337,39.82505446153183,46.11009401286492,10.3896560684244,49.51947409344737
hannover,417,https://www.hannover.de/Leichte-Sprache/Hilfe-und-Tipps/Sozial･leistungen/BuT-Leistungen-Leit∙faden-für-Mitarbeiter-in-Kitas/BuT-Leistungen-Kosten-für-Teilhabe∙aktivitäten-von-der-Kita,https://www.hannover.de/Leben-in-der-Region-Hannover/Soziales/Sozialleistungen-weitere-Hilfen/Bildungs-und-Teilhabepaket/Leitfaden-für-Mitarbeitende-in-Kindertageseinrichtungen-Kindertagesbetreuung/Kosten-für-Teilhabeaktivitäten,59.60005197505197,7.343914553014553,38.04296604296604,40.43942028985509,10.646685668276973,51.85909822866344
hannover,418,https://www.hannover.de/Leichte-Sprache/Hilfe-und-Tipps/Sozial･leistungen/BuT-Leistungen-Leit∙faden-für-Mitarbeiter-in-Kitas/BuT-Leistungen-Weitere-Fragen,https://www.hannover.de/Leben-in-der-Region-Hannover/Soziales/Sozialleistungen-weitere-Hilfen/Bildungs-und-Teilhabepaket/Leitfaden-für-Mitarbeitende-in-Kindertageseinrichtungen-Kindertagesbetreuung/Häufig-gestellte-Fragen,64.7359418931584,6.687582989690722,36.65323336457357,45.55771782397167,9.732971428571428,47.82043343653251
hannover,419,http://www.hannover.de/Leichte-Sprache/Hannover-und-Region/Politik/Politik-in-der-Region-Hannover,https://www.hannover.de/Leben-in-der-Region-Hannover/Verwaltungen-Kommunen/Die-Verwaltung-der-Region-Hannover/Stellt-sich-vor/Politisch,49.8990413943355,8.46934945533769,40.34095860566448,44.68363636363637,10.135933333333332,48.96969696969697
hannover,420,http://www.hannover.de/Leichte-Sprache/Nachrichten-und-Veranstaltungen/Nachrichten/Menschen-mit-Behinderung-Regions∙haus-leuchtet-Lila,https://www.hannover.de/Leben-in-der-Region-Hannover/Verwaltungen-Kommunen/Die-Verwaltung-der-Region-Hannover/Pressebereich-Region-Hannover/Archiv-Pressemitteilungen/2025/Regionshaus-leuchtet-lila,56.72739130434782,8.087785507246378,41.78260869565217,32.84666381522669,12.939739606501284,58.012617621899054
hannover,421,http://www.hannover.de/Leichte-Sprache/Nachrichten-und-Veranstaltungen/Nachrichten/Neues-Angebot-Hilfen-im-Winter-im-Nacht∙café-Luna,https://www.hannover.de/Service/Presse-Medien/Landeshauptstadt-Hannover/Meldungsarchiv-für-das-Jahr-2025/Winternothilfe-jetzt-auch-mit-Nachtcafé-für-Frauen-und-FLINTA*,70.3256906077348,5.9433165377532235,35.75349907918969,37.7997975708502,11.236960863697705,53.9861673414305
hannover,422,http://www.hannover.de/Leichte-Sprache/Nachrichten-und-Veranstaltungen/Nachrichten/Erste-Inklusions∙konferenz-von-Stadt-und-Region-Hannover,https://www.hannover.de/Leben-in-der-Region-Hannover/Verwaltungen-Kommunen/Die-Verwaltung-der-Landeshauptstadt-Hannover/Dezernate-und-Fachbereiche-der-LHH/Soziales-und-Integration/Beauftragter-für-Menschen-mit-Behinderung-der-Landeshauptstadt-Hannover/Inklusion-im-Dialog,59.94344254555756,7.383760866628414,39.78344821074497,24.682261632756678,13.468511144960651,60.27813440684727
hannover,423,http://www.hannover.de/Leichte-Sprache/Nachrichten-und-Veranstaltungen/Nachrichten/Projekt-für-ältere-Menschen-Hilfs∙angebot-gegen-Einsamkeit,https://www.hannover.de/Service/Presse-Medien/Landeshauptstadt-Hannover/Meldungsarchiv-für-das-Jahr-2025/Wohlbefinden-auf-Rezept,60.98484848484847,8.17622803030303,43.50757575757576,28.60866807610995,12.978831543340382,60.223255813953486
hannover,424,http://www.hannover.de/Leichte-Sprache/Nachrichten-und-Veranstaltungen/Nachrichten/Große-Hitze-in-Hannover-Hilfe-für-Menschen-ohne-Wohnung,https://www.hannover.de/Service/Presse-Medien/Landeshauptstadt-Hannover/Meldungsarchiv-für-das-Jahr-2025/Hilfe-für-Obdachlose-bei-Hitzewellen,60.60083050380838,7.147268128842802,40.31570615765807,34.379989308624374,11.439677263007841,53.20812544547398
hannover,425,http://www.hannover.de/Leichte-Sprache/Nachrichten-und-Veranstaltungen/Nachrichten/Fragen-und-Antworten-zu-den-Einschränkungen-bei-der-Beregnung,https://www.hannover.de/Leben-in-der-Region-Hannover/Umwelt-Nachhaltigkeit/Wasser-Abwasser/Fragen-und-Antworten-rund-um-die-Allgemeinverfügung-%22Beregnung%22,68.81993999036114,6.316128952318767,35.429325435691744,37.93895434510674,11.204987352068585,51.38830564087787
hannover,426,http://www.hannover.de/Leichte-Sprache/Nachrichten-und-Veranstaltungen/Nachrichten/Region-Hannover-unterstützt-den-Bau-von-Solar∙anlagen,https://www.hannover.de/Leben-in-der-Region-Hannover/Verwaltungen-Kommunen/Die-Verwaltung-der-Region-Hannover/Pressebereich-Region-Hannover/Archiv-Pressemitteilungen/2025/Region-Hannover-beim-PV-Ausbau-in-Niedersachsen-Spitzenreiter,60.587896825396825,6.828972222222222,36.03174603174603,36.37612563936315,10.912672761328434,51.592860744903106
hannover,427,http://www.hannover.de/Leichte-Sprache/Nachrichten-und-Veranstaltungen/Nachrichten/Grund∙wasser-schützen-Region-Hannover-unterstützt-Vereine-und-Kommunen,https://www.hannover.de/Leben-in-der-Region-Hannover/Verwaltungen-Kommunen/Die-Verwaltung-der-Region-Hannover/Pressebereich-Region-Hannover/Archiv-Pressemitteilungen/2025/Regeln-für-Beregnung-und-Fördergeld-für-Klimaanpassung,67.32449093966,7.140363316886628,38.443544576433226,39.31076115485564,11.85281501312336,55.38477690288714
hannover,428,http://www.hannover.de/Leichte-Sprache/Nachrichten-und-Veranstaltungen/Nachrichten/Zum-14.-Mal-Preis-für-Inklusion-in-der-Wirtschaft,https://www.hannover.de/Service/Presse-Medien/Landeshauptstadt-Hannover/Meldungsarchiv-für-das-Jahr-2025/Förderpreis-für-Inklusion-in-der-Wirtschaft-zum-14.-Mal-vergeben,56.46503425248076,9.254246558291923,44.79316831527958,28.85383246988326,13.256628587478936,63.821109793396175
hannover,429,http://www.hannover.de/Leichte-Sprache/Nachrichten-und-Veranstaltungen/Nachrichten/Jan-Haller-ist-Behinderten∙sportler-2025,https://www.hannover.de/Leben-in-der-Region-Hannover/Soziales/Menschen-mit-Behinderung/Aktuelles/Meldungen/Jan-Haller-ist-„Be­hin­der­ten­­sport­­ler-des-Jahres“-2025,65.53498838559815,6.404349941927991,38.29732868757259,40.416523727844506,10.10845500285878,51.45740423098914
hannover,430,http://www.hannover.de/Leichte-Sprache/Nachrichten-und-Veranstaltungen/Nachrichten/Assistenz∙hunde-sind-in-öffentlichen-Einrichtungen-willkommen,https://www.hannover.de/Leben-in-der-Region-Hannover/Soziales/Menschen-mit-Behinderung/Assistenzhunde-sind-in-öffentlichen-Gebäuden-willkommen,58.564629847238535,7.7140180441310875,41.24213343778561,25.502399002015153,13.329925477401401,60.770031666826604
hannover,431,http://www.hannover.de/Leichte-Sprache/Nachrichten-und-Veranstaltungen/Nachrichten/Chat∙bot-beantwortet-Fragen-zur-Grund∙steuer,https://www.hannover.de/Service/Presse-Medien/Landeshauptstadt-Hannover/Meldungsarchiv-für-das-Jahr-2025/Hannover-KI-Chatbot-hilft-bei-Fragen-zur-Grundsteuerreform,70.68434421182268,5.749667826354679,37.411637931034484,41.04073199527747,11.938119086973632,59.98543880362062
hannover,432,http://www.hannover.de/Leichte-Sprache/Nachrichten-und-Veranstaltungen/Nachrichten/Hilfe∙plan-für-den-Natur∙schutz-im-Deister,https://www.hannover.de/Leben-in-der-Region-Hannover/Umwelt-Nachhaltigkeit/Naturschutz/Aufgaben-Projekte/Aktionsprogramm-Deister,63.105422473350586,7.458490866788537,40.486431946060165,29.070079239818398,13.921637654371207,62.84352983289673
hannover,433,http://www.hannover.de/Leichte-Sprache/Nachrichten-und-Veranstaltungen/Nachrichten/Stark∙regen-in-der-Region-Hannover-Karte-mit-Hinweisen-und-Informationen,https://www.hannover.de/Leben-in-der-Region-Hannover/Umwelt-Nachhaltigkeit/Klimawandel-und-anpassung/Die-Region-Hannover-im-Klimawandel/Starkregenhinweiskarte-für-die-Region-Hannover,64.0679391170348,6.8244614182594825,37.59724512692963,9.342990654205607,14.165977196261682,61.586915887850466
hannover,434,http://www.hannover.de/Leichte-Sprache/Nachrichten-und-Veranstaltungen/Veranstaltungen/Suche-nach-kosten∙losen-Veranstaltungen,https://www.hannover.de/Veranstaltungskalender/Kostenlos/Suche-nach-kostenlosen-Events,40.58913615697534,9.853790906915531,45.15458243598947,48.690765926986415,9.129494488188975,45.40372226198998
hannover,435,http://www.hannover.de/Leichte-Sprache/Nachrichten-und-Veranstaltungen/Veranstaltungen/Übungs∙tage-für-Fahrgäste-im-Stadt∙gebiet,https://www.hannover.de/Veranstaltungskalender/Bürger-Service/Mobilitäts­trainings-im-Stadt­gebiet,67.38914092664092,6.061534285714287,37.51119691119691,35.55588235294117,11.123588235294118,57.13235294117647
hannover,436,http://www.hannover.de/Leichte-Sprache/Nachrichten-und-Veranstaltungen/Veranstaltungen/Schloss-Landestrost-Ausstellung-besuchen,"https://www.hannover.de/Leben-in-der-Region-Hannover/Verwaltungen-Kommunen/Die-Verwaltung-der-Region-Hannover/Stellt-sich-vor/Dezernate-und-Fachbereiche-der-Region-Hannover/Dezernat-Bildung,-Kultur-und-Baumanagement/Fachbereich-Bildung-und-Kultur/Team-Kultur/Bildende-Kunst/Atelierspaziergang/Atelierspaziergang-2026-„Licht-und-Schatten“",69.59938151317462,5.718666796577141,39.029145132593406,50.178195807157465,9.029895376579375,48.65878449918826
hannover,437,http://www.hannover.de/Leichte-Sprache/Nachrichten-und-Veranstaltungen/Veranstaltungen/Sitzung-von-der-Regions·versammlung,https://www.hannover.de/Veranstaltungskalender/Politik/Regions­versamm­lung-am-19.-Mai-2026,50.244096178617426,8.806522885358522,43.095319879776724,30.72727272727272,10.41248282828283,45.343434343434346
hannover,438,http://www.hannover.de/Leichte-Sprache/Nachrichten-und-Veranstaltungen/Veranstaltungen/Das-Regions∙forum-für-Menschen-mit-Behinderung,https://www.hannover.de/Leben-in-der-Region-Hannover/Verwaltungen-Kommunen/Die-Verwaltung-der-Region-Hannover/Termine-Veranstaltungen/Regionsforum-für-Menschen-mit-Behinderungen,47.10790880184018,9.88123944252757,50.087341857790406,44.28041958041959,9.517578088578091,49.66200466200466
hannover,439,http://www.hannover.de/Leichte-Sprache/Nachrichten-und-Veranstaltungen/Veranstaltungen/Beratungen-Vorsorge∙vollmacht-und-Betreuungs∙verfügung,https://www.hannover.de/Leben-in-der-Region-Hannover/Soziales/Senioren/Information-Beratung/Kostenlose-Beratung/Infos-zur-Vorsorgevollmacht-in-Wunstorf,63.84843762747819,6.4271329069103365,36.08290772619728,44.05000000000001,11.373999999999999,56.25
hannover,440,http://www.hannover.de/Leichte-Sprache/Nachrichten-und-Veranstaltungen/Veranstaltungen/Übungs∙tage-für-Fahrgäste-im-Umland,https://www.hannover.de/Veranstaltungskalender/Bürger-Service/Mobilitäts­trainings-im-Umland,73.03405172413792,4.924709770114944,33.66020114942529,42.112980769230774,10.620225686813185,54.28434065934066
hannover,441,http://www.hannover.de/Leichte-Sprache/Nachrichten-und-Veranstaltungen/Veranstaltungen/Musik∙fest-Fête-de-la-Musique2,https://www.hannover.de/Kultur-Freizeit/Freizeit-Sport/Feste-Saisonales/Fête-de-la-Musique/Hannover-feiert-Fête-de-la-Musique-2026,75.30619360131257,4.962279901558654,33.745693191140276,50.174155819656676,10.238338494623658,62.03492422813306
hannover,442,http://www.hannover.de/Leichte-Sprache/Nachrichten-und-Veranstaltungen/Veranstaltungen/Schützen∙fest-2026,https://www.hannover.de/Veranstaltungskalender/Feste-Festivals/Schützenfest-Hannover-2026,76.29457743038594,5.6439264289203726,31.896433805569128,25.303763440860195,15.228217204301075,60.333333333333336
hannover,443,http://www.hannover.de/Leichte-Sprache/Nachrichten-und-Veranstaltungen/Veranstaltungen/Entdecker∙tag-2026,https://www.hannover.de/Leben-in-der-Region-Hannover/Verwaltungen-Kommunen/Die-Verwaltung-der-Region-Hannover/Termine-Veranstaltungen/Ent­decker­tag-der-Region-Hannover-2026,66.85514285714285,5.810485714285715,33.542857142857144,43.5333333333333,12.043352592592594,47.837037037037035
hannover,444,http://www.hannover.de/Leichte-Sprache/Nachrichten-und-Veranstaltungen/Veranstaltungen/Warntag-2026-in-Hannover,https://www.hannover.de/Veranstaltungskalender/Bürger-Service/Sirenen-SMS-Warntag-2026-in-Hannover,66.05519125683061,6.944510819672131,40.37377049180328,41.571022727272734,11.421374242424243,55.583333333333336
hannover,445,http://www.hannover.de/Leichte-Sprache/Nachrichten-und-Veranstaltungen/Veranstaltungen/Infa-2026,https://www.hannover.de/Veranstaltungskalender/Messen-Kongresse/Infa-2026,68.05189161554193,4.212100408997955,28.877556237218815,43.72222222222223,9.663928395061731,45.598765432098766
hannover,446,http://www.hannover.de/Leichte-Sprache/Hannover-und-Region/Politik/Die-Regions%C2%B7versammlung,https://www.hannover.de/Leben-in-der-Region-Hannover/Verwaltungen-Kommunen/Die-Verwaltung-der-Region-Hannover/Stellt-sich-vor/Politisch/Regionsversammlung,44.39114285714285,9.340725714285712,43.94285714285714,19.56949152542373,13.76592,61.735593220338984
hannover,447,http://www.hannover.de/Leichte-Sprache/Hannover-und-Region/Politik/Der-Regions%E2%88%99pr%C3%A4sident,https://www.hannover.de/Leben-in-der-Region-Hannover/Politik/Regionspräsident-Oberbürgermeister/Der-Regionspräsident,53.416807432432435,8.036913955301456,38.700656185031185,33.458441558441564,10.371792207792208,49.35064935064935
hannover,448,http://www.hannover.de/Leichte-Sprache/Hannover-und-Region/Die-Verwaltung-von-der-Region-Hannover/Büro-für-Zusammen･arbeit-in-Europa,https://www.hannover.de/Leben-in-der-Region-Hannover/Politik/Politische-Gremien/Europa/Kontakte/Die-Stabsstelle-EU-Angelegenheiten-und-Fördermittelmanagement,45.819277108433724,8.780904578313255,40.10722891566265,25.603105590062114,12.439795031055901,58.02436693741042
hannover,449,http://www.hannover.de/Leichte-Sprache/Hannover-und-Region/Andreas-Mangelsdorf-Beauftragter-f%C3%BCr-Menschen-mit-Behinderung-von-der-Landes%EF%BD%A5haupt%EF%BD%A5stadt-Hannover,https://www.hannover.de/Leben-in-der-Region-Hannover/Verwaltungen-Kommunen/Die-Verwaltung-der-Landeshauptstadt-Hannover/Dezernate-und-Fachbereiche-der-LHH/Soziales-und-Integration/Beauftragter-für-Menschen-mit-Behinderung-der-Landeshauptstadt-Hannover,52.81733333333334,9.219386666666667,47.61666666666667,25.904128440366947,13.988767339449543,66.2954128440367
hannover,450,http://www.hannover.de/Leichte-Sprache/Nachrichten-und-Veranstaltungen/Veranstaltungen/Das-Regions%E2%88%99forum-f%C3%BCr-Menschen-mit-Behinderung,https://www.hannover.de/Leben-in-der-Region-Hannover/Verwaltungen-Kommunen/Die-Verwaltung-der-Region-Hannover/Termine-Veranstaltungen/Regionsforum-für-Menschen-mit-Behinderungen,47.10790880184018,9.88123944252757,50.087341857790406,44.28041958041959,9.517578088578091,49.66200466200466
hannover,451,http://www.hannover.de/Leichte-Sprache/Nachrichten-und-Veranstaltungen/Nachrichten/Erste-Inklusions%E2%88%99konferenz-von-Stadt-und-Region-Hannover,https://www.hannover.de/Leben-in-der-Region-Hannover/Verwaltungen-Kommunen/Die-Verwaltung-der-Landeshauptstadt-Hannover/Dezernate-und-Fachbereiche-der-LHH/Soziales-und-Integration/Beauftragter-für-Menschen-mit-Behinderung-der-Landeshauptstadt-Hannover/Inklusion-im-Dialog,59.94344254555756,7.383760866628414,39.78344821074497,24.682261632756678,13.468511144960651,60.27813440684727
hannover,452,http://www.hannover.de/Leichte-Sprache/Hannover-und-Region/Sylvia-Thiel-Beauftragte-f%C3%BCr-Menschen-mit-Behinderung-von-der-Region-Hannover,"https://www.hannover.de/Leben-in-der-Region-Hannover/Verwaltungen-Kommunen/Die-Verwaltung-der-Region-Hannover/Stellt-sich-vor/Dezernate-und-Fachbereiche-der-Region-Hannover/Dezernat-Soziales,-Teilhabe,-Familie-und-Jugend/Beauftragte-der-Region-Hannover-für-Menschen-mit-Behinderung",54.4427489177489,8.53113212121212,44.35757575757576,9.047469927428182,16.190485157570336,70.40868873645492
hannover,453,http://www.hannover.de/Leichte-Sprache/Hannover-und-Region/Andreas-Mangelsdorf-Beauftragter-für-Menschen-mit-Behinderung-von-der-Landes･haupt･stadt-Hannover/Informationen-zum-Daten∙schutz-in-Leichter-Sprache,https://www.hannover.de/Leben-in-der-Region-Hannover/Verwaltungen-Kommunen/Die-Verwaltung-der-Landeshauptstadt-Hannover/Dezernate-und-Fachbereiche-der-LHH/Soziales-und-Integration/Beauftragter-für-Menschen-mit-Behinderung-der-Landeshauptstadt-Hannover/Informationen-zur-Datenverarbeitung,62.297010503635875,6.312478409192925,36.84307388454978,39.09905704525248,10.256156039122093,49.8442603771819
hannover,454,http://www.hannover.de/Leichte-Sprache/Hannover-und-Region/Politik/Die-Regions·versammlung,https://www.hannover.de/Leben-in-der-Region-Hannover/Verwaltungen-Kommunen/Die-Verwaltung-der-Region-Hannover/Stellt-sich-vor/Politisch/Regionsversammlung,44.39114285714285,9.340725714285712,43.94285714285714,19.56949152542373,13.76592,61.735593220338984
hannover,455,http://www.hannover.de/Leichte-Sprache/Hannover-und-Region/Politik/Der-Rat-von-der-Stadt-Hannover,https://www.hannover.de/Leben-in-der-Region-Hannover/Politik/Politische-Gremien/Landeshauptstadt-Hannover/Der-Rat,66.65481896991331,7.352928607853135,37.72819989801122,41.056138107416885,11.345678158567775,55.86713554987212
hannover,456,http://www.hannover.de/Leichte-Sprache/Hannover-und-Region/Politik/Der-Regions∙präsident,https://www.hannover.de/Leben-in-der-Region-Hannover/Politik/Regionspräsident-Oberbürgermeister/Der-Regionspräsident,53.416807432432435,8.036913955301456,38.700656185031185,33.458441558441564,10.371792207792208,49.35064935064935
hannover,457,http://www.hannover.de/Leichte-Sprache/Hannover-und-Region/Politik/Der-Oberbürger･meister,https://www.hannover.de/Leben-in-der-Region-Hannover/Politik/Regionspräsident-Oberbürgermeister/Der-Oberbürgermeister,57.519138755980876,7.822840559440561,37.59624585940375,44.208333333333314,10.179504938271608,48.39660493827161
hannover,458,http://www.hannover.de/Leichte-Sprache/Hannover-und-Region/Unterwegs-sein/Unterwegs-mit-Bus-und-Bahn,https://www.hannover.de/Leben-in-der-Region-Hannover/Mobilität/Bus-Bahn,57.193798449612416,8.574662015503877,42.05038759689922,42.42345737164388,11.051760621761659,54.85115402731983
hannover,459,http://www.hannover.de/Leichte-Sprache/Hannover-und-Region/Unterwegs-sein/Unterwegs-mit-dem-Taxi,https://www.hannover.de/Service/Mobil-in-Hannover/Weitere-Mobilitätsdienste/Rund-ums-Taxi,68.12736842105262,5.372076923076923,32.09109311740891,45.99352621483375,9.675928964194375,45.97834079283887
hannover,460,http://www.hannover.de/Leichte-Sprache/Hilfe-und-Tipps/Beratung-und-Unterstützung/Ansprech∙personen-für-junge-Menschen-mit-Behinderung,https://www.hannover.de/Leben-in-der-Region-Hannover/Soziales/Menschen-mit-Behinderung/Förderung-Unterstützung/Verfahrenslots*innen-für-junge-Menschen-mit-drohender-Behinderung,45.495031191063404,9.41815025388075,44.57797765849413,24.447209302325575,12.565775441860467,59.59348837209303
hannover,461,http://www.hannover.de/Leichte-Sprache/Hilfe-und-Tipps/Beratung-und-Unterstützung/Beratungs∙stelle-Inklusion,https://www.hannover.de/Leben-in-der-Region-Hannover/Soziales/Kinder-Jugendliche/Beratung/Beratungsstelle-Inklusion,39.558653687510315,11.111284969476984,48.35522191057581,25.61132218844986,13.147491185410335,54.91793313069909
hannover,462,http://www.hannover.de/Leichte-Sprache/Hilfe-und-Tipps/Beratung-und-Unterstützung/Verfahrens∙lotsen-und-Beratung-Ansprech∙personen-für-Menschen-mit-Behinderung,"https://www.hannover.de/Leben-in-der-Region-Hannover/Verwaltungen-Kommunen/Die-Verwaltung-der-Landeshauptstadt-Hannover/Dezernate-und-Fachbereiche-der-LHH/Jugend,-Familie-Sport/Fachbereich-Jugend-und-Familie/Verfahrenslots*innen-und-inklusive-Beratung",57.358388525296874,7.213259791511543,37.97597679978054,33.20560030686613,11.73347472190257,53.32777138473341
hannover,463,http://www.hannover.de/Leichte-Sprache/Hilfe-und-Tipps/Beratung-und-Unterstützung/Jugend∙ämter-in-der-Region-Hannover,https://www.hannover.de/Leben-in-der-Region-Hannover/Soziales/Kinder-Jugendliche/Jugendämter-in-der-Region-Hannover,31.092066957787495,11.782623871906843,70.2627365356623,6.449019607843127,19.365392156862747,82.45098039215686
hannover,464,http://www.hannover.de/Leichte-Sprache/Hilfe-und-Tipps/Beratung-und-Unterstützung/JUST-BEst-Hilfe-bei-der-Lebens∙planung-für-junge-Erwachsene,https://www.hannover.de/Leben-in-der-Region-Hannover/Soziales/Kinder-Jugendliche/Beratung/JUGEND-STÄRKEN-Brücken-in-die-Eigenständigkeit-JUST-BEst,63.03141701574462,6.196458462131061,38.76879002359286,41.30025584795321,10.706947222222222,55.37573099415205
hannover,465,http://www.hannover.de/Leichte-Sprache/Hilfe-und-Tipps/Beratung-und-Unterstützung/Hilfe-und-Beratung-für-ältere-Menschen,https://www.hannover.de/Leben-in-der-Region-Hannover/Soziales/Senioren/Information-Beratung,48.75880503144654,8.650980628930817,42.91572327044025,50.640993788819884,8.210639751552796,46.86335403726708
hannover,466,http://www.hannover.de/Leichte-Sprache/Hilfe-und-Tipps/Beratung-und-Unterstützung/Beratung-für-gutes-Sprechen-und-Hören,https://www.hannover.de/Leben-in-der-Region-Hannover/Soziales/Kinder-Jugendliche/Beratung/Hör-und-Sprachheilberatung-für-die-Städte-und-Gemeinden-der-Region-Hannover,54.17654939422182,8.038687698042871,39.59878844361603,41.05000000000001,10.588916666666664,54.166666666666664
hannover,467,http://www.hannover.de/Leichte-Sprache/Hilfe-und-Tipps/Beratung-und-Unterstützung/Hilfe-für-Jugendliche-im-Straf∙verfahren,"https://www.hannover.de/Leben-in-der-Region-Hannover/Verwaltungen-Kommunen/Die-Verwaltung-der-Region-Hannover/Stellt-sich-vor/Dezernate-und-Fachbereiche-der-Region-Hannover/Dezernat-Soziales,-Teilhabe,-Familie-und-Jugend/Fachbereich-Jugend/Team-Allgemeiner-Sozialer-Dienst-ASD/Jugendhilfe-im-Strafverfahren",62.188931095093736,7.337501607899114,39.703535490568484,38.02833992094864,11.469043478260868,53.24209486166008
hannover,468,http://www.hannover.de/Leichte-Sprache/Hilfe-und-Tipps/Beratung-und-Unterstützung/RE_StaRT,https://www.hannover.de/Leben-in-der-Region-Hannover/Soziales/Sozialleistungen-weitere-Hilfen/RE_StaRT,60.06998298396148,7.638574504905687,43.75699648817928,10.928571428571445,17.946529670329674,77.04395604395604
hannover,469,http://www.hannover.de/Leichte-Sprache/Hilfe-und-Tipps/Beratung-und-Unterstützung/Hilfe-bei-hohen-Heiz∙kosten-bekommen,https://www.hannover.de/Leben-in-der-Region-Hannover/Verwaltungen-Kommunen/Die-Verwaltung-der-Region-Hannover/Pressebereich-Region-Hannover/Archiv-Pressemitteilungen/2022/Höhere-Heizkosten-können-zu-Anspruch-auf-Grundsicherung-führen,66.03191489361703,6.767623943747348,37.667515305813176,34.00097847358123,11.74582818003914,52.62915851272015
hannover,470,http://www.hannover.de/Leichte-Sprache/Hilfe-und-Tipps/Büros-und-Ämter-für-Bürger/Fach∙bereich-Teil∙habe-bei-der-Region-Hannover,"https://www.hannover.de/Leben-in-der-Region-Hannover/Verwaltungen-Kommunen/Die-Verwaltung-der-Region-Hannover/Stellt-sich-vor/Dezernate-und-Fachbereiche-der-Region-Hannover/Dezernat-Soziales,-Teilhabe,-Familie-und-Jugend/Eingliederungshilfe/Fachbereich-Teilhabe",48.49094827586208,8.162928160919542,41.70617816091954,25.683901292596943,12.742311763937852,57.42120381250816
hannover,471,http://www.hannover.de/Leichte-Sprache/Hilfe-und-Tipps/Büros-und-Ämter-für-Bürger/Bürger·ämter-in-Hannover,https://www.hannover.de/Leben-in-der-Region-Hannover/Bürger-Service/Bürger-Service-in-der-Landeshauptstadt-Hannover/Bürgerämter-der-Landeshauptstadt/Bürgerämter-in-Hannover,46.350852272727295,9.879408333333334,45.18560606060606,-6.875,20.466911538461538,86.57692307692308
hannover,472,http://www.hannover.de/Leichte-Sprache/Hilfe-und-Tipps/Büros-und-Ämter-für-Bürger/Fach･bereich-Soziales-von-der-Stadt-Hannover,https://www.hannover.de/Leben-in-der-Region-Hannover/Verwaltungen-Kommunen/Die-Verwaltung-der-Landeshauptstadt-Hannover/Dezernate-und-Fachbereiche-der-LHH/Soziales-und-Integration/Fachbereich-Soziales-der-Landeshauptstadt,41.094666666666654,10.252893333333333,45.93333333333334,-23.804054054054063,21.63342702702703,93.75675675675676
hannover,473,http://www.hannover.de/Leichte-Sprache/Hilfe-und-Tipps/Büros-und-Ämter-für-Bürger/Fach･bereich-Soziales-von-der-Region-Hannover,"https://www.hannover.de/Leben-in-der-Region-Hannover/Verwaltungen-Kommunen/Die-Verwaltung-der-Region-Hannover/Stellt-sich-vor/Dezernate-und-Fachbereiche-der-Region-Hannover/Dezernat-Soziales,-Teilhabe,-Familie-und-Jugend/Fachbereich-Soziales-Region-Hannover",32.1418918918919,12.74169009009009,53.39414414414414,15.205095541401278,15.723742420382166,74.07515923566879
hannover,474,http://www.hannover.de/Leichte-Sprache/Hilfe-und-Tipps/Büros-und-Ämter-für-Bürger/Fach･bereich-Jugend-und-Familie-in-Hannover,"https://www.hannover.de/Leben-in-der-Region-Hannover/Verwaltungen-Kommunen/Die-Verwaltung-der-Landeshauptstadt-Hannover/Dezernate-und-Fachbereiche-der-LHH/Jugend,-Familie-Sport/Fachbereich-Jugend-und-Familie",55.024150268336314,7.656092307692308,38.01073345259392,19.707142857142856,14.74885142857143,67.04285714285714
hannover,475,http://www.hannover.de/Leichte-Sprache/Hilfe-und-Tipps/Büros-und-Ämter-für-Bürger/Fach･bereich-Jugend-der-Region-Hannover,"https://www.hannover.de/Leben-in-der-Region-Hannover/Verwaltungen-Kommunen/Die-Verwaltung-der-Region-Hannover/Stellt-sich-vor/Dezernate-und-Fachbereiche-der-Region-Hannover/Dezernat-Soziales,-Teilhabe,-Familie-und-Jugend/Fachbereich-Jugend",72.24747474747473,3.892743209876543,28.35129068462402,10.227586206896575,16.78957134099617,75.14214559386974
hannover,476,http://www.hannover.de/Leichte-Sprache/Hilfe-und-Tipps/Büros-und-Ämter-für-Bürger/Standes∙amt,"https://www.hannover.de/Leben-in-der-Region-Hannover/Verwaltungen-Kommunen/Die-Verwaltung-der-Landeshauptstadt-Hannover/Dezernate-und-Fachbereiche-der-LHH/Finanzen,-Ordnung-und-Feuerwehr/Fachbereich-Öffentliche-Ordnung/Standesamt-und-Staatsangehörig­keit/Standesamt",61.90329586101177,6.443611650485438,35.51417986714359,25.0625,14.412387500000001,62.875
hannover,477,http://www.hannover.de/Leichte-Sprache/Hilfe-und-Tipps/Büros-und-Ämter-für-Bürger/Familien･service･büro-der-Stadt-Hannover,"https://www.hannover.de/Leben-in-der-Region-Hannover/Verwaltungen-Kommunen/Die-Verwaltung-der-Landeshauptstadt-Hannover/Dezernate-und-Fachbereiche-der-LHH/Jugend,-Familie-Sport/Fachbereich-Jugend-und-Familie/FamilienServiceBüro-der-Landeshauptstadt-Hannover",50.34685114503817,6.299064503816795,35.66841603053435,6.6654545454545655,15.74668888888889,69.34343434343434
hannover,478,http://www.hannover.de/Leichte-Sprache/Hilfe-und-Tipps/Büros-und-Ämter-für-Bürger/Fund･büro,"https://www.hannover.de/Leben-in-der-Region-Hannover/Verwaltungen-Kommunen/Die-Verwaltung-der-Landeshauptstadt-Hannover/Dezernate-und-Fachbereiche-der-LHH/Finanzen,-Ordnung-und-Feuerwehr/Fachbereich-Öffentliche-Ordnung/Fundbüro",68.20793036750484,6.852060992907802,35.48710509348807,42.75753012048193,10.617651807228917,46.519578313253014
hannover,479,http://www.hannover.de/Leichte-Sprache/Hilfe-und-Tipps/Volljährigkeit-Was-du-mit-18-Jahren-beachten-musst/1.-Volljährigkeit,https://www.hannover.de/Leben-in-der-Region-Hannover/Soziales/Kinder-Jugendliche/Dein-Weg-ins-Erwachsenenleben/1.-Volljährigkeit2,68.92645523626095,5.754950949656473,34.99954681923752,57.67591576449651,8.008944143556281,41.32489989618864
hannover,480,http://www.hannover.de/Leichte-Sprache/Hilfe-und-Tipps/Volljährigkeit-Was-du-mit-18-Jahren-beachten-musst/2.-Jugend∙hilfe,https://www.hannover.de/Leben-in-der-Region-Hannover/Soziales/Kinder-Jugendliche/Dein-Weg-ins-Erwachsenenleben/2.-Erwachsen-werden-in-der-Jugendhilfe,62.3876275510204,7.109778061224492,38.472576530612244,42.57258064516128,10.538678853046596,50.80465949820788
hannover,481,http://www.hannover.de/Leichte-Sprache/Hilfe-und-Tipps/Volljährigkeit-Was-du-mit-18-Jahren-beachten-musst/3.-Wohnen,https://www.hannover.de/Leben-in-der-Region-Hannover/Soziales/Kinder-Jugendliche/Dein-Weg-ins-Erwachsenenleben/3.-Wohnen,68.96895463122377,5.547785508614533,34.691429839187094,44.955569205569205,9.691947256347257,50.17035217035217
hannover,482,http://www.hannover.de/Leichte-Sprache/Hilfe-und-Tipps/Volljährigkeit-Was-du-mit-18-Jahren-beachten-musst/4.-Geld,https://www.hannover.de/Leben-in-der-Region-Hannover/Soziales/Kinder-Jugendliche/Dein-Weg-ins-Erwachsenenleben/4.-Geld,69.76627364104066,5.376109577253338,32.34927406213955,42.47786698322453,9.296585398769173,47.020274280716
hannover,483,http://www.hannover.de/Leichte-Sprache/Hilfe-und-Tipps/Volljährigkeit-Was-du-mit-18-Jahren-beachten-musst/5.-Versicherungen,https://www.hannover.de/Leben-in-der-Region-Hannover/Soziales/Kinder-Jugendliche/Dein-Weg-ins-Erwachsenenleben/5.-Versicherungen,66.61977195967394,5.417717600751669,34.33110287208918,47.74930375969764,8.674991684901533,43.20912074796101
hannover,484,http://www.hannover.de/Leichte-Sprache/Hilfe-und-Tipps/Volljährigkeit-Was-du-mit-18-Jahren-beachten-musst/6.-Schule,https://www.hannover.de/Leben-in-der-Region-Hannover/Soziales/Kinder-Jugendliche/Dein-Weg-ins-Erwachsenenleben/6.-Schule,61.278039413562084,6.66991606537157,34.958904493594595,45.58831168831169,9.928112496392497,47.95353535353536
hannover,485,http://www.hannover.de/Leichte-Sprache/Hilfe-und-Tipps/Volljährigkeit-Was-du-mit-18-Jahren-beachten-musst/7.-Nach-der-Schule,https://www.hannover.de/Leben-in-der-Region-Hannover/Soziales/Kinder-Jugendliche/Dein-Weg-ins-Erwachsenenleben/7.-Nach-der-Schule,65.03182123426437,6.10856111224931,34.5145831910583,39.68178293662913,9.7319666705828,46.856524667716194
hannover,486,http://www.hannover.de/Leichte-Sprache/Hilfe-und-Tipps/Volljährigkeit-Was-du-mit-18-Jahren-beachten-musst/8.-Gesundheit,https://www.hannover.de/Leben-in-der-Region-Hannover/Soziales/Kinder-Jugendliche/Dein-Weg-ins-Erwachsenenleben/8.-Gesundheit,70.31663796402604,5.938702908534253,34.856869498660544,45.56271576524739,10.620967932489453,48.32546988876103
hannover,487,http://www.hannover.de/Leichte-Sprache/Hilfe-und-Tipps/Volljährigkeit-Was-du-mit-18-Jahren-beachten-musst/9.-Freizeit,https://www.hannover.de/Leben-in-der-Region-Hannover/Soziales/Kinder-Jugendliche/Dein-Weg-ins-Erwachsenenleben/9.-Freizeitgestaltung,66.20669677926159,5.631177611940299,32.425765907305575,35.940627650551335,10.065673621713316,48.14334181509754
hannover,488,http://www.hannover.de/Leichte-Sprache/Hilfe-und-Tipps/Volljährigkeit-Was-du-mit-18-Jahren-beachten-musst/10.-Beratung-und-Hilfen,https://www.hannover.de/Leben-in-der-Region-Hannover/Soziales/Kinder-Jugendliche/Dein-Weg-ins-Erwachsenenleben/10.-Beratung-und-Hilfen,62.67360815979602,6.475537212723529,37.397397757363755,16.23116018226429,13.846155064844023,61.301962846126884
hannover,489,http://www.hannover.de/Leichte-Sprache/Nachrichten-und-Veranstaltungen/Nachrichten/Hilfe-bei-hohen-Heiz%E2%88%99kosten-bekommen,https://www.hannover.de/Leben-in-der-Region-Hannover/Verwaltungen-Kommunen/Die-Verwaltung-der-Region-Hannover/Pressebereich-Region-Hannover/Archiv-Pressemitteilungen/2022/Höhere-Heizkosten-können-zu-Anspruch-auf-Grundsicherung-führen,66.03191489361703,6.767623943747348,37.667515305813176,34.00097847358123,11.74582818003914,52.62915851272015
hannover,490,http://www.hannover.de/Leichte-Sprache/Hilfe-und-Tipps/Schwer%E2%88%99behinderten%E2%88%99ausweis,https://www.hannover.de/Leben-in-der-Region-Hannover/Soziales/Menschen-mit-Behinderung/Förderung-Unterstützung/Schwer­behinderten­­­­­ausweis,39.171983356449374,8.59574535367545,43.27947295423023,22.031124497991954,14.139258634538155,62.02610441767069
hannover,491,http://www.hannover.de/Leichte-Sprache/Hilfe-und-Tipps/Familie-und-Partnerschaft/Frühe-Hilfen-für-Familien,https://www.hannover.de/Leben-in-der-Region-Hannover/Soziales/Familie-Partnerschaft/Frühe-Hilfen-–-Frühe-Chancen,48.93095238095236,7.620033333333332,39.333333333333336,9.871951219512198,16.3212162601626,81.65040650406505
hannover,492,http://www.hannover.de/Leichte-Sprache/Hilfe-und-Tipps/Familie-und-Partnerschaft/Koordinierungs∙stelle-Unterstützung-für-Allein∙erziehende,https://www.hannover.de/Leben-in-der-Region-Hannover/Soziales/Familie-Partnerschaft/Koordinierungsstelle-Alleinerziehende,42.413786331500376,7.8897223880597025,40.634721131186176,9.937137330754354,14.618980141843972,61.045132172791746
hannover,493,http://www.hannover.de/Leichte-Sprache/Hilfe-und-Tipps/Gesundheit2/Hilfe-bei-Geschlechts∙krankheiten,https://www.hannover.de/Leben-in-der-Region-Hannover/Gesundheit/Gesundheitsschutz/Beratungsstelle-für-Sexuelle-Gesundheit,48.440536723163845,9.313103276836157,43.88361581920904,25.202811244979898,11.936608032128516,51.182730923694784
hannover,494,http://www.hannover.de/Leichte-Sprache/Hilfe-und-Tipps/Gesundheit2/GAYsund,"https://www.hannover.de/Leben-in-der-Region-Hannover/Gesundheit/Gesundheitsschutz/Beratungsstelle-für-Sexuelle-Gesundheit/GAYsund-!-Angebote-für-Männer,-die-Sex-mit-Männern-haben",59.63238250475413,7.41453997283347,39.89573485465906,23.743729552889846,13.960173609596511,62.98909487459106
hannover,495,http://www.hannover.de/Leichte-Sprache/Hilfe-und-Tipps/Förderung-von-Kultur-in-der-Region-Hannover/1.-Förderung-für-Projekte,https://www.hannover.de/Leben-in-der-Region-Hannover/Kulturförderung/Kulturförderung-der-Region-Hannover/1.-Projektförderung,67.04272623138601,6.605836586483392,37.230469644902634,11.271616541353382,16.15630909090909,65.88585099111415
hannover,496,http://www.hannover.de/Leichte-Sprache/Hilfe-und-Tipps/Förderung-von-Kultur-in-der-Region-Hannover/2.-Förderung-für-Projekte-mit-kulturellen-Aufgaben,https://www.hannover.de/Leben-in-der-Region-Hannover/Kulturförderung/Kulturförderung-der-Region-Hannover/2.-Kulturelle-Bildung,65.60916965352449,7.323968608124254,40.031959378733575,8.53582554517132,16.15561183800623,68.76791277258567
hannover,497,http://www.hannover.de/Leichte-Sprache/Hilfe-und-Tipps/Förderung-von-Kultur-in-der-Region-Hannover/3.-Förderung-für-die-Arbeit-in-einem-Chor,https://www.hannover.de/Leben-in-der-Region-Hannover/Kulturförderung/Kulturförderung-der-Region-Hannover/3.-Chorförderung,62.50916844349679,7.750954797441365,39.720682302771856,11.33441558441558,15.288675613275615,64.64790764790764
hannover,498,http://www.hannover.de/Leichte-Sprache/Hilfe-und-Tipps/Förderung-von-Kultur-in-der-Region-Hannover/4.-Förderung-für-Spiel∙pläne,https://www.hannover.de/Leben-in-der-Region-Hannover/Kulturförderung/Kulturförderung-der-Region-Hannover/4.-Spielplanförderung,65.43574336491035,7.401237485320598,40.21467157284898,49.9149537512847,10.64994922918808,51.655190133607405
hannover,499,http://www.hannover.de/Leichte-Sprache/Hilfe-und-Tipps/Förderung-von-Kultur-in-der-Region-Hannover/7.-Förderung-für-kulturelle-Einrichtungen,https://www.hannover.de/Leben-in-der-Region-Hannover/Kulturförderung/Kulturförderung-der-Region-Hannover/7.-Institutionelle-Förderung,62.7344028520499,8.153689324618735,39.711725094078034,18.840909090909093,16.603172727272728,74.27272727272728
hannover,500,http://www.hannover.de/Leichte-Sprache/Hilfe-und-Tipps/Förderung-von-Kultur-in-der-Region-Hannover/8.-Förderung-für-Theater,https://www.hannover.de/Leben-in-der-Region-Hannover/Kulturförderung/Kulturförderung-der-Region-Hannover/8.-Theaterpädagogik,53.01608187134502,10.534937426900587,45.28654970760234,40.533613445378165,12.701991596638656,60.3781512605042
hannover,501,http://www.hannover.de/Leichte-Sprache/Hilfe-und-Tipps/Ideen-und-Beschwerden-an-das-B%C3%BCrger%E2%88%99b%C3%BCro-schicken,https://www.hannover.de/Leben-in-der-Region-Hannover/Bürger-Service/Bürger-Service-in-der-Landeshauptstadt-Hannover/Ideen-und-Beschwerden,57.303007518796974,7.150714285714287,37.368421052631575,37.814655172413794,11.512637931034483,54.67672413793103
hannover,502,http://www.hannover.de/Leichte-Sprache/Hilfe-und-Tipps/Notfall/Wer-hilft-mir-bei-welchem-Notfall,https://www.hannover.de/Leben-in-der-Region-Hannover/Sicherheit-Ordnung/Feuerwehr-Hannover/Rettungsdienst2/Wer-hilft-wann,74.1780605670103,5.198629510309279,33.35132087628866,52.076769891012376,10.293761653647843,52.06770817252771
hannover,503,http://www.hannover.de/Leichte-Sprache/Hilfe-und-Tipps/Notfall/Was-passiert-bei-einer-Evakuierung,https://www.hannover.de/Service/Presse-Medien/Hannover.de/Aktuelles/Gut-zu-wissen/Evakuierung-Das-gehört-ins-Not­fall­gepäck,71.17699579831933,4.765171580298786,32.260504201680675,31.72516343371558,12.333228421391063,59.95091630050369
hannover,504,http://www.hannover.de/Leichte-Sprache/Hilfe-und-Tipps/Notfall/Hilfe-bei-Gewalt,https://www.hannover.de/Leben-in-der-Region-Hannover/Soziales/Frauen-und-Gleichstellung/Gleichstellungsbeauftragte-der-Region-Hannover/Beratung-und-Unterstützung-gegen-häusliche-und-sexualisierte-Gewalt,69.55844827586206,5.741878448275863,35.64655172413793,7.881970970206282,14.68929243697479,66.08721670486376
hannover,505,http://www.hannover.de/Leichte-Sprache/Hilfe-und-Tipps/Notfall/Not∙dienste,https://www.hannover.de/Service/Notdienste-Notfall­nummern/Ärztliche-Notdienste/Ärztliche-Notdienste-in-der-Region-Hannover,61.54297520661156,6.942179834710743,35.38884297520661,25.342016806722683,14.211276377217555,62.02147525676938
hannover,506,http://www.hannover.de/Leichte-Sprache/Hilfe-und-Tipps/Notfälle-und-Katastrophen-Hilfe-und-Tipps/Was-passiert-bei-einer-Evakuierung,https://www.hannover.de/Service/Presse-Medien/Hannover.de/Aktuelles/Gut-zu-wissen/Evakuierung-Das-gehört-ins-Not­fall­gepäck,71.17699579831933,4.765171580298786,32.260504201680675,31.72516343371558,12.333228421391063,59.95091630050369
hannover,507,http://www.hannover.de/Leichte-Sprache/Hilfe-und-Tipps/Notfälle-und-Katastrophen-Hilfe-und-Tipps/Strom∙ausfall-Hilfe-für-Menschen-mit-Behinderung,"https://www.hannover.de/Leben-in-der-Region-Hannover/Verwaltungen-Kommunen/Die-Verwaltung-der-Region-Hannover/Stellt-sich-vor/Dezernate-und-Fachbereiche-der-Region-Hannover/Dezernat-Soziales,-Teilhabe,-Familie-und-Jugend/Beauftragte-der-Region-Hannover-für-Menschen-mit-Behinderung/Hilfe-bei-einem-Blackout",54.966997981052955,8.414945188176219,44.02448620386188,27.44285714285715,13.024743296703296,61.05714285714285
hannover,508,http://www.hannover.de/Leichte-Sprache/Hilfe-und-Tipps/Notfälle-und-Katastrophen-Hilfe-und-Tipps/Verhalten-bei-einer-Katastrophe,https://www.hannover.de/Leben-in-der-Region-Hannover/Sicherheit-Ordnung/Informationen-im-Katastrophenfall,62.377531357298025,6.945600909381108,38.34755993117355,17.292197452229317,15.05362484076433,66.75875796178343
hannover,509,http://www.hannover.de/Leichte-Sprache/Hilfe-und-Tipps/Notfälle-und-Katastrophen-Hilfe-und-Tipps/Notfall∙pass-für-Menschen-mit-Taub∙blindheit,https://www.hannover.de/Leben-in-der-Region-Hannover/Soziales/Menschen-mit-Behinderung/Aktuelles/Meldungen/Notfall­pass-für-Menschen-mit-Taub­blind­heit,62.350270387979535,6.879800958153378,41.31996515805902,34.01276776847777,11.810015633423182,58.07079018300468
hannover,510,http://www.hannover.de/Leichte-Sprache/Hilfe-und-Tipps/Notfälle-und-Katastrophen-Hilfe-und-Tipps/Wer-hilft-mir-bei-welchem-Notfall,https://www.hannover.de/Leben-in-der-Region-Hannover/Sicherheit-Ordnung/Feuerwehr-Hannover/Rettungsdienst2/Wer-hilft-wann,74.1780605670103,5.198629510309279,33.35132087628866,52.076769891012376,10.293761653647843,52.06770817252771
hannover,511,http://www.hannover.de/Leichte-Sprache/Hilfe-und-Tipps/Notfälle-und-Katastrophen-Hilfe-und-Tipps/Not∙dienste,https://www.hannover.de/Service/Notdienste-Notfall­nummern/Ärztliche-Notdienste/Ärztliche-Notdienste-in-der-Region-Hannover,61.54297520661156,6.942179834710743,35.38884297520661,25.342016806722683,14.211276377217555,62.02147525676938
hannover,512,http://www.hannover.de/Leichte-Sprache/Hilfe-und-Tipps/Menschen-ohne-Wohnung-Hilfs∙angebote-im-Sommer-und-Winter/Hilfen-im-Sommer-für-Menschen-ohne-Wohnung,https://www.hannover.de/Leben-in-der-Region-Hannover/Verwaltungen-Kommunen/Die-Verwaltung-der-Landeshauptstadt-Hannover/Dezernate-und-Fachbereiche-der-LHH/Soziales-und-Integration/Fachbereich-Gesellschaftliche-Teilhabe/Die-Struktur/Soziale-Hilfen-in-Wohnungslosigkeit/Nothilfe-in-Sommer-und-Winter/Sommerhilfe-und-Hilfen-im-Sommer-auf-der-Straße,57.08346915453643,6.852817553719628,39.09179639933307,32.9432525039536,11.938934675803903,55.15361096468108
hannover,513,http://www.hannover.de/Leichte-Sprache/Hilfe-und-Tipps/Menschen-ohne-Wohnung-Hilfs∙angebote-im-Sommer-und-Winter/Hilfen-im-Winter-für-Menschen-ohne-Wohnung,https://www.hannover.de/Leben-in-der-Region-Hannover/Verwaltungen-Kommunen/Die-Verwaltung-der-Landeshauptstadt-Hannover/Dezernate-und-Fachbereiche-der-LHH/Soziales-und-Integration/Fachbereich-Gesellschaftliche-Teilhabe/Die-Struktur/Soziale-Hilfen-in-Wohnungslosigkeit/Nothilfe-in-Sommer-und-Winter/Winternothilfe-und-Hilfen-im-Winter-auf-der-Straße,67.6644299145707,5.663839700281583,35.47387963537441,33.41680743243242,12.200570908408409,56.88701201201201
hannover,514,http://www.hannover.de/Leichte-Sprache/Nachrichten-und-Veranstaltungen/Nachrichten/Begleit%E2%88%99service-f%C3%BCr-Fahrg%C3%A4ste,https://www.hannover.de/Leben-in-der-Region-Hannover/Soziales/Menschen-mit-Behinderung/Mobilität/%22Gemeinsam-mobil%22,62.35616302972802,6.625355993042379,37.54807084123972,44.46819923371646,10.660777777777778,51.97318007662835
hannover,515,http://www.hannover.de/Leichte-Sprache/Hilfe-und-Tipps/Schwangerschaft-und-Geburt/Fachkräfte-Frühe-Hilfen,https://www.hannover.de/Leben-in-der-Region-Hannover/Soziales/Familie-Partnerschaft/Frühe-Hilfen-–-Frühe-Chancen/Eltern/Fachkräfte-Frühe-Hilfen,43.88530734632681,8.195612063199173,39.74178295467651,34.682250153280194,9.980239362354386,49.2608828939301
hannover,516,http://www.hannover.de/Leichte-Sprache/Hilfe-und-Tipps/Schwangerschaft-und-Geburt/Schwangerschafts∙wegweiser,https://www.hannover.de/Leben-in-der-Region-Hannover/Soziales/Familie-Partnerschaft/Frühe-Hilfen-–-Frühe-Chancen/Eltern/Schwangerschaft-und-Geburt/Schwangerschaftswegweiser,49.320487868171796,8.833911431166472,44.97787725444401,20.029459901800323,14.017738134206219,61.906710310965636
hannover,517,http://www.hannover.de/Leichte-Sprache/Freizeit-und-Tourismus/Feste/Musik∙fest-Fête-de-la-Musique2,https://www.hannover.de/Kultur-Freizeit/Freizeit-Sport/Feste-Saisonales/Fête-de-la-Musique/Hannover-feiert-Fête-de-la-Musique-2026,75.30619360131257,4.962279901558654,33.745693191140276,50.174155819656676,10.238338494623658,62.03492422813306
hannover,518,http://www.hannover.de/Leichte-Sprache/Freizeit-und-Tourismus/Feste/Schützen∙fest-2026,https://www.hannover.de/Veranstaltungskalender/Feste-Festivals/Schützenfest-Hannover-2026,76.29457743038594,5.6439264289203726,31.896433805569128,25.303763440860195,15.228217204301075,60.333333333333336
hannover,519,http://www.hannover.de/Leichte-Sprache/Freizeit-und-Tourismus/Feste/Entdecker∙tag-2026,https://www.hannover.de/Leben-in-der-Region-Hannover/Verwaltungen-Kommunen/Die-Verwaltung-der-Region-Hannover/Termine-Veranstaltungen/Ent­decker­tag-der-Region-Hannover-2026,66.85514285714285,5.810485714285715,33.542857142857144,43.5333333333333,12.043352592592594,47.837037037037035
hannover,520,http://www.hannover.de/Leichte-Sprache/Freizeit-und-Tourismus/Feste/Tier∙garten∙fest-2026,https://www.hannover.de/Veranstaltungskalender/Feste-Festivals/Tiergartenfest-Hannover,63.30081300813008,6.64715005807201,35.753193960511034,44.009427992913174,10.595892887876486,50.69102758795241
hannover,521,http://www.hannover.de/Leichte-Sprache/Freizeit-und-Tourismus/Draußen/Fahrrad∙fahren-in-der-Region-Hannover,https://www.hannover.de/Kultur-Freizeit/Naherholung/Raus-in-die-Natur/Radfahren,65.04605263157895,6.6103736842105265,37.131578947368425,37.5,18.4232,56.0
hannover,522,http://www.hannover.de/Leichte-Sprache/Freizeit-und-Tourismus/Draußen/Spiel･plätze-in-Hannover,https://www.hannover.de/Kultur-Freizeit/Naherholung/Raus-in-die-Natur/Bewegen/Spielplätze-in-Hannover,57.13865546218487,9.946230412164866,48.78311324529812,47.03591743119266,11.218949651376146,55.74275229357798
hannover,523,http://www.hannover.de/Leichte-Sprache/Freizeit-und-Tourismus/Draußen/Grüne-Schätze,https://www.hannover.de/Kultur-Freizeit/Naherholung/Raus-in-die-Natur/„Grüne-Schätze“,68.64405844442483,5.042407204025779,34.32170919042994,65.16448003087014,6.470212553861984,40.880120908096984
hannover,524,http://www.hannover.de/Leichte-Sprache/Freizeit-und-Tourismus/Drinnen/Kinos,"https://www.hannover.de/Kultur-Freizeit/Bühnen,-Musik,-Literatur/Kino",17.392080745341616,10.778965527950312,46.59006211180124,19.871240601503786,11.658476785714285,51.96804511278196
hannover,525,http://www.hannover.de/Leichte-Sprache/Lernen-und-Arbeiten/Lernen/Informationen-zur-Kinder∙tages∙stätte,https://www.hannover.de/Leben-in-der-Region-Hannover/Soziales/Kinder-Jugendliche/Kinderbetreuung/Kita-Start-Fragen-und-Antworten,64.69032258064516,5.431165471923537,33.06152927120669,55.19423735999719,8.083748486026217,43.31288202664028
hannover,526,http://www.hannover.de/Leichte-Sprache/Lernen-und-Arbeiten/Lernen/Informationen-zur-Krippe,https://www.hannover.de/Leben-in-der-Region-Hannover/Soziales/Kinder-Jugendliche/Kinderbetreuung/Krippe-Krippenplatz-Fragen-und-Antworten,63.93035860936216,5.593893150834932,34.44686558992609,52.44949610627576,8.65489434519265,45.5189596376037
hannover,527,http://www.hannover.de/Leichte-Sprache/Lernen-und-Arbeiten/Lernen/Medien･zentrum-der-Region-Hannover,https://www.hannover.de/Leben-in-der-Region-Hannover/Bildung/Lernen-außerschulisch/Medienzentrum-der-Region-Hannover,35.91176470588235,10.223287824897401,42.4719562243502,14.798684210526318,15.198344210526315,66.22105263157894
hannover,528,http://www.hannover.de/Leichte-Sprache/Lernen-und-Arbeiten/Arbeiten/Job･center-von-der-Region-Hannover,https://www.hannover.de/Wirtschaft-Wissenschaft/Arbeit/Arbeitsmarkt/Jobsuche/Jobcenter-Region-Hannover,60.23800799467021,6.964577215189874,38.062624916722186,31.29926108374383,12.382380788177342,53.64039408866995
hannover,529,http://www.hannover.de/Leichte-Sprache/Hannover-und-Region/Politik/Wahlen/Kommunal%E2%88%99wahlen-2026-in-der-Region-Hannover/Fragen-und-Antworten-f%C3%BCr-Wahl%E2%88%99helfer,https://www.hannover.de/Leben-in-der-Region-Hannover/Politik/Wahlen-Statistik/Kommunalwahlen-2026-in-der-Region-Hannover/FAQ-für-Wahlhelfer*innen,66.8237600408007,7.237818640826214,38.35145990054826,36.11250000000001,12.145297222222224,55.72222222222222
hannover,530,http://www.hannover.de/Leichte-Sprache/Hannover-und-Region/Politik/Wahlen/Kommunal%E2%88%99wahlen-2026-in-der-Region-Hannover/Wie-kann-ich-die-Wahl%C2%B7leiter-erreichen,https://www.hannover.de/Leben-in-der-Region-Hannover/Politik/Wahlen-Statistik/Kommunalwahlen-2026-in-der-Region-Hannover/Kontakt-zu-den-Wahlleitungen,68.51650943396226,5.882511320754718,31.153301886792452,8.430327868852459,14.377422950819673,62.790983606557376
hannover,531,http://www.hannover.de/Leichte-Sprache/Hannover-und-Region/Politik/Wahlen/Kommunal%E2%88%99wahlen-2026-in-der-Region-Hannover/Wie-kann-ich-bei-der-Wahl-helfen,https://www.hannover.de/Leben-in-der-Region-Hannover/Politik/Wahlen-Statistik/Kommunalwahlen-2026-in-der-Region-Hannover/Wahlhelfer*innen-gesucht,70.32067183462532,5.918965064599483,34.67932816537468,39.936956521739134,11.201117681159422,53.90724637681159
hannover,532,http://www.hannover.de/Leichte-Sprache/Hilfe-und-Tipps/B%C3%BCros-und-%C3%84mter-f%C3%BCr-B%C3%BCrger/Fach%E2%88%99bereich-Teil%E2%88%99habe-bei-der-Region-Hannover,"https://www.hannover.de/Leben-in-der-Region-Hannover/Verwaltungen-Kommunen/Die-Verwaltung-der-Region-Hannover/Stellt-sich-vor/Dezernate-und-Fachbereiche-der-Region-Hannover/Dezernat-Soziales,-Teilhabe,-Familie-und-Jugend/Eingliederungshilfe/Fachbereich-Teilhabe",48.49094827586208,8.162928160919542,41.70617816091954,25.683901292596943,12.742311763937852,57.42120381250816
hannover,533,http://www.hannover.de/Leichte-Sprache/Hilfe-und-Tipps/Sozial%EF%BD%A5leistungen/Informationen-zu-Bildung-und-Teilhabe,https://www.hannover.de/Leben-in-der-Region-Hannover/Soziales/Sozialleistungen-weitere-Hilfen/Bildungs-und-Teilhabepaket,65.84179577066608,6.31539819065928,35.74816238832975,37.483890630442346,11.702371856495994,55.496516893068616
hannover,534,http://www.hannover.de/Leichte-Sprache/Lernen-und-Arbeiten/Lernen/Informationen-zur-Kinder%E2%88%99tages%E2%88%99st%C3%A4tte,https://www.hannover.de/Leben-in-der-Region-Hannover/Soziales/Kinder-Jugendliche/Kinderbetreuung/Kita-Start-Fragen-und-Antworten,64.69032258064516,5.431165471923537,33.06152927120669,55.19423735999719,8.083748486026217,43.31288202664028
hannover,535,http://www.hannover.de/Leichte-Sprache/Hilfe-und-Tipps/Notfälle-und-Katastrophen-Hilfe-und-Tipps/Verhalten-bei-extremem-Wetter/Schnee-und-Glatt∙eis-in-Hannover,https://www.hannover.de/Leben-in-der-Region-Hannover/Umwelt-Nachhaltigkeit/Verhalten-bei-extremem-Wetter/Glätte-und-Schnee-in-der-Region-Hannover,72.4028397054373,4.9520897488146876,33.59774034096641,49.51367462010353,9.637596544140747,52.82704168526878
hannover,536,http://www.hannover.de/Leichte-Sprache/Hilfe-und-Tipps/Notfälle-und-Katastrophen-Hilfe-und-Tipps/Verhalten-bei-extremem-Wetter/Hitze-in-der-Region-Hannover,https://www.hannover.de/Leben-in-der-Region-Hannover/Umwelt-Nachhaltigkeit/Verhalten-bei-extremem-Wetter/Hitze-in-der-Region-Hannover,70.77398040555936,4.5517934837092735,29.113237639553432,50.82623106060608,8.824539393939395,45.06439393939394
hannover,537,http://www.hannover.de/Leichte-Sprache/Hilfe-und-Tipps/Notfälle-und-Katastrophen-Hilfe-und-Tipps/Verhalten-bei-extremem-Wetter/Hoch∙wasser-in-der-Region-Hannover,https://www.hannover.de/Leben-in-der-Region-Hannover/Umwelt-Nachhaltigkeit/Verhalten-bei-extremem-Wetter/Hochwasser-in-der-Region-Hannover,64.61977174291043,6.459733154184187,36.58007966867946,41.07562183325655,11.129723694150162,50.39668355596499
hannover,538,http://www.hannover.de/Leichte-Sprache/Hilfe-und-Tipps/Notfälle-und-Katastrophen-Hilfe-und-Tipps/Verhalten-bei-extremem-Wetter/Kälte-in-Hannover,https://www.hannover.de/Leben-in-der-Region-Hannover/Umwelt-Nachhaltigkeit/Verhalten-bei-extremem-Wetter/Kälte-in-der-Region-Hannover,69.71536867878332,5.032893725083969,33.424584863609255,50.98366795366795,9.458537194337193,48.09395109395109
hannover,539,http://www.hannover.de/Leichte-Sprache/Hilfe-und-Tipps/Notfälle-und-Katastrophen-Hilfe-und-Tipps/Verhalten-bei-extremem-Wetter/Gewitter-und-Sturm-in-Hannover,https://www.hannover.de/Leben-in-der-Region-Hannover/Umwelt-Nachhaltigkeit/Verhalten-bei-extremem-Wetter/Sturm-und-Gewitter,62.39692480307747,7.31263174574098,39.569701410514746,41.97761988230877,11.329062814573684,52.41655189683235
hannover,540,http://www.hannover.de/Leichte-Sprache/Hilfe-und-Tipps/Notfälle-und-Katastrophen-Hilfe-und-Tipps/Verhalten-bei-extremem-Wetter/Wann-fällt-in-Hannover-die-Schule-aus,https://www.hannover.de/Leben-in-der-Region-Hannover/Umwelt-Nachhaltigkeit/Verhalten-bei-extremem-Wetter/Wann-fällt-die-Schule-aus,62.84232678609972,7.65126384631988,40.12669976257285,22.330845771144283,13.359680597014925,62.13432835820895
hannover,541,https://www.hannover.de/Leichte-Sprache/Hilfe-und-Tipps/Beratung-und-Unterstützung/Beratung-für-Eltern.-Für-Kinder.-Und-für-Jugendliche/Familien∙beratung-und-Erziehungs∙beratung/Beratungs∙stellen-für-Eltern.-Für-Kinder.-Und-für-Jugendliche/Burgdorf-Beratungs∙stelle-für-Eltern.-Für-Kinder.-Und-für-Jugendliche/Gruppen∙angebot-für-Mütter-mit-Kindern-von-0-bis-12-Monaten,"https://www.hannover.de/Leben-in-der-Region-Hannover/Soziales/Familie-Partnerschaft/Beratung-Unterstützung/Beratung-für-Eltern,-Kinder-und-Jugendliche/Familien-und-Erziehungsberatung/Beratungsstellen-für-Eltern,-Kinder-und-Jugendliche-der-Region-Hannover/Beratungsstelle-für-Eltern,-Kinder-und-Jugendliche-Burgdorf/Gruppenangebot-für-Mütter-mit-Kindern-im-ersten-Lebensjahr",67.70917935702198,4.664489170896786,30.543358714043997,49.918589364359434,8.365744179320318,43.25386182869914
hannover,542,https://www.hannover.de/Leichte-Sprache/Nachrichten-und-Veranstaltungen/Nachrichten/Das-ZeitZentrum-Zivil%E2%88%99courage,https://www.hannover.de/Kultur-Freizeit/Geschichte-Geschichten/Erinnerungskultur/ZeitZentrum-Zivilcourage/Über-uns/Von-der-Idee-zur-Eröffnung-des-ZeitZentrum-Zivilcourage,49.2233660455761,7.977637879893022,41.945671153548616,32.03900393041707,12.368404243394718,56.46700087342602
hannover,543,https://www.hannover.de/Leichte-Sprache/Freizeit-und-Tourismus/Drinnen/Museen-und-Ausstellungen/Das-ZeitZentrum-Zivil%E2%88%99courage/Das-ZeitZentrum-Zivil%E2%88%99courage,https://www.hannover.de/Kultur-Freizeit/Geschichte-Geschichten/Erinnerungskultur/ZeitZentrum-Zivilcourage/Über-uns/Von-der-Idee-zur-Eröffnung-des-ZeitZentrum-Zivilcourage,49.2233660455761,7.977637879893022,41.945671153548616,32.03900393041707,12.368404243394718,56.46700087342602
hannover,544,https://www.hannover.de/Leichte-Sprache/Freizeit-und-Tourismus/Drinnen/Museen-und-Ausstellungen/Das-ZeitZentrum-Zivil%E2%88%99courage/Ihr-Besuch-im-ZeitZentrum-Zivil%E2%88%99courage,https://www.hannover.de/Kultur-Freizeit/Geschichte-Geschichten/Erinnerungskultur/ZeitZentrum-Zivilcourage/Ihr-Besuch,60.025126709638556,7.315572419804369,40.29812545061283,40.740122334270126,12.01935446079242,56.55518818537499
hannover,545,https://www.hannover.de/Leichte-Sprache/Freizeit-und-Tourismus/Drinnen/Museen-und-Ausstellungen/Das-ZeitZentrum-Zivil%E2%88%99courage/Bildungs%E2%88%99angebote-im-ZeitZentrum-Zivil%E2%88%99courage,https://www.hannover.de/Kultur-Freizeit/Geschichte-Geschichten/Erinnerungskultur/ZeitZentrum-Zivilcourage/Bildungsangebote,54.05220605771525,7.457206706415455,41.111399952301454,38.79093956160884,11.523681676952544,54.280910832091934
hannover,546,https://www.hannover.de/Leichte-Sprache/Hilfe-und-Tipps/Sozial%EF%BD%A5leistungen/BuT-Leistungen-Leit%E2%88%99faden-f%C3%BCr-Mitarbeiter-in-Kitas,https://www.hannover.de/Leben-in-der-Region-Hannover/Soziales/Sozialleistungen-weitere-Hilfen/Bildungs-und-Teilhabepaket/Leitfaden-für-Mitarbeitende-in-Kindertageseinrichtungen-Kindertagesbetreuung,56.042383888973404,8.075167443275566,39.6159589033081,32.832507228417995,12.007725980999588,55.65076414704667
hannover,547,https://www.hannover.de/Leichte-Sprache/Hilfe-und-Tipps/Sozial%EF%BD%A5leistungen/BuT-Leistungen-Leit%E2%88%99faden-f%C3%BCr-Mitarbeiter-in-Kitas/BuT-Leistungen-Kosten-f%C3%BCr-Ausfl%C3%BCge-von-der-Kita-mit-%C3%9Cbernachtung,https://www.hannover.de/Leben-in-der-Region-Hannover/Soziales/Sozialleistungen-weitere-Hilfen/Bildungs-und-Teilhabepaket/Leitfaden-für-Mitarbeitende-in-Kindertageseinrichtungen-Kindertagesbetreuung/Kosten-für-mehrtägige-Fahrten-der-Kita,66.17631450288536,6.492472622654204,36.424522901162085,50.1939393939394,9.251450774410774,47.20673400673401
hannover,548,https://www.hannover.de/Leichte-Sprache/Hilfe-und-Tipps/Sozial%EF%BD%A5leistungen/BuT-Leistungen-Leit%E2%88%99faden-f%C3%BCr-Mitarbeiter-in-Kitas/BuT-Leistungen-Kosten-f%C3%BCr-das-Mittag%E2%88%99essen-in-der-Kita,https://www.hannover.de/Leben-in-der-Region-Hannover/Soziales/Sozialleistungen-weitere-Hilfen/Bildungs-und-Teilhabepaket/Leitfaden-für-Mitarbeitende-in-Kindertageseinrichtungen-Kindertagesbetreuung/Kosten-für-Mittagsverpflegung,63.97088734551258,7.622248340271337,39.82505446153183,46.11009401286492,10.3896560684244,49.51947409344737
hannover,549,https://www.hannover.de/Leichte-Sprache/Hilfe-und-Tipps/Sozial%EF%BD%A5leistungen/BuT-Leistungen-Leit%E2%88%99faden-f%C3%BCr-Mitarbeiter-in-Kitas/BuT-Leistungen-Kosten-f%C3%BCr-Teilhabe%E2%88%99aktivit%C3%A4ten-von-der-Kita,https://www.hannover.de/Leben-in-der-Region-Hannover/Soziales/Sozialleistungen-weitere-Hilfen/Bildungs-und-Teilhabepaket/Leitfaden-für-Mitarbeitende-in-Kindertageseinrichtungen-Kindertagesbetreuung/Kosten-für-Teilhabeaktivitäten,59.60005197505197,7.343914553014553,38.04296604296604,40.43942028985509,10.646685668276973,51.85909822866344
hannover,550,https://www.hannover.de/Leichte-Sprache/Hilfe-und-Tipps/Sozial%EF%BD%A5leistungen/BuT-Leistungen-Leit%E2%88%99faden-f%C3%BCr-Mitarbeiter-in-Kitas/BuT-Leistungen-Weitere-Fragen,https://www.hannover.de/Leben-in-der-Region-Hannover/Soziales/Sozialleistungen-weitere-Hilfen/Bildungs-und-Teilhabepaket/Leitfaden-für-Mitarbeitende-in-Kindertageseinrichtungen-Kindertagesbetreuung/Häufig-gestellte-Fragen,64.7359418931584,6.687582989690722,36.65323336457357,45.55771782397167,9.732971428571428,47.82043343653251
hannover,551,https://www.hannover.de/Leichte-Sprache/Hilfe-und-Tipps/Sozial%EF%BD%A5leistungen/BuT-Leistungen-Leit%E2%88%99faden-f%C3%BCr-Mitarbeiter-in-Kitas/BuT-Leistungen-Kosten-f%C3%BCr-Tages%E2%88%99ausfl%C3%BCge-von-der-Kita,https://www.hannover.de/Leben-in-der-Region-Hannover/Soziales/Sozialleistungen-weitere-Hilfen/Bildungs-und-Teilhabepaket/Leitfaden-für-Mitarbeitende-in-Kindertageseinrichtungen-Kindertagesbetreuung/Kosten-für-Tagesausflüge-der-Kita,64.1940957364541,6.861769881940506,37.122080734134144,53.56672774183896,8.55757036233781,43.916576300340274
hannover,552,http://www.hannover.de/Leichte-Sprache/Nachrichten-und-Veranstaltungen/Nachrichten/Die-Gedenkstätte-Ahlem/Die-Gedenkstätte-Ahlem-heute,https://www.hannover.de/Kultur-Freizeit/Geschichte-Geschichten/Erinnerungskultur/Gedenkstätte-Ahlem/Die-Gedenkstätte-heute,53.93778782193414,7.240083029165957,39.49347603615897,43.92105263157893,9.99098947368421,49.55263157894737
hannover,553,http://www.hannover.de/Leichte-Sprache/Nachrichten-und-Veranstaltungen/Nachrichten/Die-Gedenkstätte-Ahlem/Die-Geschichte-von-der-Gedenkstätte-Ahlem,https://www.hannover.de/Kultur-Freizeit/Geschichte-Geschichten/Erinnerungskultur/Gedenkstätte-Ahlem/Die-Geschichte-des-Ortes,46.61323255129085,7.833262727005007,40.54844409541573,37.7850568181818,11.132613500000001,51.58
hannover,554,http://www.hannover.de/Leichte-Sprache/Nachrichten-und-Veranstaltungen/Nachrichten/Die-Gedenkstätte-Ahlem/Lern∙angebote-in-der-Gedenkstätte-Ahlem,https://www.hannover.de/Kultur-Freizeit/Geschichte-Geschichten/Erinnerungskultur/Gedenkstätte-Ahlem/Führungen-und-pädagogisches-Angebot,52.540486725663726,8.007506725663717,41.6608407079646,21.375,14.09658717948718,62.87179487179487
hannover,555,http://www.hannover.de/Leichte-Sprache/Hilfe-und-Tipps/Gesundheit2/Gesundheits･tipps/Hitze-in-der-Region-Hannover,https://www.hannover.de/Leben-in-der-Region-Hannover/Umwelt-Nachhaltigkeit/Verhalten-bei-extremem-Wetter/Hitze-in-der-Region-Hannover,70.77398040555936,4.5517934837092735,29.113237639553432,50.82623106060608,8.824539393939395,45.06439393939394
hannover,556,http://www.hannover.de/Leichte-Sprache/Hilfe-und-Tipps/Gesundheit2/Gesundheits%EF%BD%A5tipps/Hitze-in-der-Region-Hannover,https://www.hannover.de/Leben-in-der-Region-Hannover/Umwelt-Nachhaltigkeit/Verhalten-bei-extremem-Wetter/Hitze-in-der-Region-Hannover,70.77398040555936,4.5517934837092735,29.113237639553432,50.82623106060608,8.824539393939395,45.06439393939394
hannover,557,http://www.hannover.de/Leichte-Sprache/Hilfe-und-Tipps/Gesundheit2/Gesundheits%EF%BD%A5tipps/Hitze-in-der-Region-Hannover/Klima%E2%88%99wandel-und-Klima%E2%88%99anpassung,https://www.hannover.de/Leben-in-der-Region-Hannover/Umwelt-Nachhaltigkeit/Klimawandel-und-anpassung,75.50635823210133,3.668416903592661,27.982682863789094,65.01785714285714,6.622466666666667,37.80952380952381
hannover,558,http://www.hannover.de/Leichte-Sprache/Nachrichten-und-Veranstaltungen/Nachrichten/Warum-feiern-wir-Silvester-und-Neu%E2%88%99jahr,https://www.hannover.de/Service/Presse-Medien/Hannover.de/Aktuelles/Gut-zu-wissen/Glossar-Feste-und-Feiertage/Warum-und-wie-Hannover-Silvester-und-Neujahr-feiert,69.78428571428573,6.299060317460318,36.92460317460318,49.76542207792208,10.15915562770563,50.58468614718615
hannover,559,http://www.hannover.de/Leichte-Sprache/Hannover-und-Region/Unterwegs-sein/Unterwegs-mit-Bus-und-Bahn/Gro%C3%9Fraum-Verkehr-Hannover,https://www.hannover.de/Leben-in-der-Region-Hannover/Mobilität/Bus-Bahn/GVH-–-Großraum-Verkehr-Hannover,60.80300570251862,7.037581371772534,37.394424204023444,42.030342624854825,10.765468176538908,51.89953542392567
hannover,560,http://www.hannover.de/Leichte-Sprache/Hilfe-und-Tipps/Beratung-und-Unterstützung/Hilfe-und-Beratung-für-ältere-Menschen/Kosten∙lose-Beratung,https://www.hannover.de/Leben-in-der-Region-Hannover/Soziales/Senioren/Information-Beratung/Kostenlose-Beratung,46.823207443897104,8.12867400109469,42.80487137383689,29.953333333333347,12.075866666666666,54.66666666666667
hannover,561,http://www.hannover.de/Leichte-Sprache/Hannover-und-Region/Die-Verwaltung-von-der-Region-Hannover/Die-Hör∙region-Hannover/Gesund-hören/Tipps-für-gutes-Hören,https://www.hannover.de/Leben-in-der-Region-Hannover/Verwaltungen-Kommunen/Die-Verwaltung-der-Region-Hannover/Die-Hörregion-Hannover/Gesund-hören/11-Tipps-für-gutes-Hören,64.03403314917126,5.245516950276244,32.10187845303867,49.23838186649314,9.144850897456754,45.73746000759178
hannover,562,http://www.hannover.de/Leichte-Sprache/Hannover-und-Region/Die-Verwaltung-von-der-Region-Hannover/Die-Hör∙region-Hannover/Hören-lernen/Gutes-Hören-in-der-Kinder∙tages∙stätte,https://www.hannover.de/Leben-in-der-Region-Hannover/Verwaltungen-Kommunen/Die-Verwaltung-der-Region-Hannover/Die-Hörregion-Hannover/Hören-lernen/Gutes-Hören-in-der-Kita,54.345888888888894,8.103577777777778,43.511111111111106,30.36161148977604,12.964277799415775,63.864654333008765
hannover,563,http://www.hannover.de/Leichte-Sprache/Hannover-und-Region/Die-Verwaltung-von-der-Region-Hannover/Die-Hör∙region-Hannover/Gesund-hören/Hilfe-für-Menschen-mit-einer-Hör∙beeinträchtigung,https://www.hannover.de/Leben-in-der-Region-Hannover/Verwaltungen-Kommunen/Die-Verwaltung-der-Region-Hannover/Die-Hörregion-Hannover/Gesund-hören/Hilfe-für-Menschen-mit-Hörbeeinträchtigung,50.09850066426267,7.960481837160753,43.24544505598786,5.770154258886635,11.119083165660632,49.579141515761236
hannover,564,http://www.hannover.de/Leichte-Sprache/Hannover-und-Region/Unterwegs-sein/Unterwegs-mit-Bus-und-Bahn/Begleit∙service-für-Fahrgäste,https://www.hannover.de/Leben-in-der-Region-Hannover/Soziales/Menschen-mit-Behinderung/Mobilität/%22Gemeinsam-mobil%22,62.35616302972802,6.625355993042379,37.54807084123972,44.46819923371646,10.660777777777778,51.97318007662835
hannover,565,http://www.hannover.de/Leichte-Sprache/Hannover-und-Region/Unterwegs-sein/Unterwegs-mit-Bus-und-Bahn/sprinti-in-der-Region-Hannover,https://www.hannover.de/Leben-in-der-Region-Hannover/Mobilität/Bus-Bahn/Angebot-Infrastruktur/sprinti-–-On-Demand-Angebot,67.09556256572031,6.400873674027339,37.15995793901156,45.001749398644236,10.913036125082002,55.228733872731254
hannover,566,http://www.hannover.de/Leichte-Sprache/Hannover-und-Region/Unterwegs-sein/Unterwegs-mit-Bus-und-Bahn/Großraum-Verkehr-Hannover,https://www.hannover.de/Leben-in-der-Region-Hannover/Mobilität/Bus-Bahn/GVH-–-Großraum-Verkehr-Hannover,60.80300570251862,7.037581371772534,37.394424204023444,42.030342624854825,10.765468176538908,51.89953542392567
hannover,567,http://www.hannover.de/Leichte-Sprache/Hannover-und-Region/Unterwegs-sein/Unterwegs-mit-Bus-und-Bahn/Nacht･stern･verkehr,https://www.hannover.de/Service/Mobil-in-Hannover/Busse-und-Bahnen-in-der-Region-Hannover/Nachtsternverkehr,75.18258749282846,5.414507515777396,36.2180149168101,58.600845144819104,8.467010353024033,48.679285148340526
hannover,568,http://www.hannover.de/Leichte-Sprache/Hannover-und-Region/Unterwegs-sein/Unterwegs-mit-Bus-und-Bahn/Fern･busse,https://www.hannover.de/Service/Mobil-in-Hannover/An-und-Abreise-nach-und-von-Hannover/Fernbusse-von-und-nach-Hannover,68.71235431235432,6.271028904428905,36.505827505827504,25.90789473684211,13.799649122807017,66.55701754385964
hannover,569,http://www.hannover.de/Leichte-Sprache/Hannover-und-Region/Unterwegs-sein/Unterwegs-mit-dem-Taxi/Frauen%EF%BD%A5nacht%EF%BD%A5taxi,https://www.hannover.de/Service/Mobil-in-Hannover/Weitere-Mobilitätsdienste/Rund-ums-Taxi/Frauennachttaxi,75.32850687202524,3.9118982512433815,27.473768650729987,48.1557239057239,10.681621004921006,56.84952084952086
hannover,570,http://www.hannover.de/Leichte-Sprache/Hannover-und-Region/Unterwegs-sein/Unterwegs-mit-dem-Taxi/Frauen･nacht･taxi,https://www.hannover.de/Service/Mobil-in-Hannover/Weitere-Mobilitätsdienste/Rund-ums-Taxi/Frauennachttaxi,75.32850687202524,3.9118982512433815,27.473768650729987,48.1557239057239,10.681621004921006,56.84952084952086
hannover,571,http://www.hannover.de/Leichte-Sprache/Hilfe-und-Tipps/B%C3%BCros-und-%C3%84mter-f%C3%BCr-B%C3%BCrger/Fach%EF%BD%A5bereich-Soziales-von-der-Stadt-Hannover,https://www.hannover.de/Leben-in-der-Region-Hannover/Verwaltungen-Kommunen/Die-Verwaltung-der-Landeshauptstadt-Hannover/Dezernate-und-Fachbereiche-der-LHH/Soziales-und-Integration/Fachbereich-Soziales-der-Landeshauptstadt,41.094666666666654,10.252893333333333,45.93333333333334,-23.804054054054063,21.63342702702703,93.75675675675676
hannover,572,http://www.hannover.de/Leichte-Sprache/Hilfe-und-Tipps/Vollj%C3%A4hrigkeit-Was-du-mit-18-Jahren-beachten-musst/2.-Jugend%E2%88%99hilfe,https://www.hannover.de/Leben-in-der-Region-Hannover/Soziales/Kinder-Jugendliche/Dein-Weg-ins-Erwachsenenleben/2.-Erwachsen-werden-in-der-Jugendhilfe,62.3876275510204,7.109778061224492,38.472576530612244,42.57258064516128,10.538678853046596,50.80465949820788
hannover,573,http://www.hannover.de/Leichte-Sprache/Hilfe-und-Tipps/Beratung-und-Unterst%C3%BCtzung/Ansprech%E2%88%99personen-f%C3%BCr-junge-Menschen-mit-Behinderung,https://www.hannover.de/Leben-in-der-Region-Hannover/Soziales/Menschen-mit-Behinderung/Förderung-Unterstützung/Verfahrenslots*innen-für-junge-Menschen-mit-drohender-Behinderung,45.495031191063404,9.41815025388075,44.57797765849413,24.447209302325575,12.565775441860467,59.59348837209303
hannover,574,http://www.hannover.de/Leichte-Sprache/Hilfe-und-Tipps/Beratung-und-Unterstützung/Hilfe-und-Beratung-für-ältere-Menschen/Hilfe-für-ältere-Menschen-Beratung-über-den-Schutz-vor-Einbrüchen,https://www.hannover.de/Leben-in-der-Region-Hannover/Soziales/Senioren/Information-Beratung/Albtraum-Betrug-Diebstahl-Einbruch-Überfall,54.41402688486265,7.4613869082407955,41.35885447106955,19.124862486248617,14.738156655665566,67.49394939493949
hannover,575,http://www.hannover.de/Leichte-Sprache/Hilfe-und-Tipps/Beratung-und-Unterstützung/Hilfe-und-Beratung-für-ältere-Menschen/Hilfen-für-Menschen-mit-Hör∙behinderung,https://www.hannover.de/Leben-in-der-Region-Hannover/Soziales/Senioren/Information-Beratung/Hilfen-für-hörgeschädigte-Menschen,51.95438946528331,8.64700485235435,43.46879489225858,32.604573106775774,11.793938284036082,53.100272708202226
hannover,576,http://www.hannover.de/Leichte-Sprache/Hilfe-und-Tipps/Beratung-und-Unterstützung/Hilfe-und-Beratung-für-ältere-Menschen/Hilfen-für-Blinde-und-Menschen-mit-Seh∙behinderung,https://www.hannover.de/Leben-in-der-Region-Hannover/Soziales/Senioren/Information-Beratung/Hilfen-für-sehbehinderte-und-blinde-Menschen,52.52145910832269,8.37698931763922,42.9337904613847,24.2222222222222,12.42257037037037,57.94444444444444
hannover,577,http://www.hannover.de/Leichte-Sprache/Hilfe-und-Tipps/Beratung-und-Unterstützung/Hilfe-und-Beratung-für-ältere-Menschen/Info∙broschüre-für-Senioren,https://www.hannover.de/Leben-in-der-Region-Hannover/Soziales/Senioren/Information-Beratung/Infobroschüre,40.75463982384399,10.500742560553633,52.23670965712488,23.10949612403101,14.428706201550387,72.27131782945736
hannover,578,http://www.hannover.de/Leichte-Sprache/Hilfe-und-Tipps/Beratung-und-Unterstützung/Hilfe-und-Beratung-für-ältere-Menschen/Bus-und-Bahn-fahren-Informationen-für-ältere-Menschen,https://www.hannover.de/Leben-in-der-Region-Hannover/Soziales/Senioren/Information-Beratung/Mobilität-Öffentlicher-Personennahverkehr-ÖPNV,52.82128842380642,8.344755875299759,41.61156529321997,33.75511382382052,11.003700164962058,53.570521280105574
hannover,579,http://www.hannover.de/Leichte-Sprache/Hilfe-und-Tipps/Beratung-und-Unterstützung/Hilfe-und-Beratung-für-ältere-Menschen/Pflege∙beratung-Beratungs∙angebote-und-Sprech∙stunden,https://www.hannover.de/Leben-in-der-Region-Hannover/Soziales/Senioren/Pflege-Betreuung/Pflegeberatung,47.36688311688313,9.469992496392498,44.78210678210679,23.45454545454544,13.42349696969697,58.92424242424242
hannover,580,http://www.hannover.de/Leichte-Sprache/Hilfe-und-Tipps/Beratung-und-Unterstützung/Hilfe-und-Beratung-für-ältere-Menschen/Informationen-zum-Senioren∙beirat,https://www.hannover.de/Leben-in-der-Region-Hannover/Soziales/Senioren/Information-Beratung/Seniorenbeiräte-und-Seniorenräte/Seniorenbeirat-der-Region-Hannover,54.59329521829521,8.141887525987526,38.943866943866944,49.07587976539588,10.347576539589442,45.32509426057813
hannover,581,http://www.hannover.de/Leichte-Sprache/Hilfe-und-Tipps/Beratung-und-Unterstützung/Hilfe-und-Beratung-für-ältere-Menschen/Der-Senioren∙beirat,https://www.hannover.de/Leben-in-der-Region-Hannover/Soziales/Senioren/Information-Beratung/Seniorenbeiräte-und-Seniorenräte,56.60320855614971,7.384328579916817,39.60487225193108,13.570464470027815,16.155494323144104,69.72647876141326
hannover,582,http://www.hannover.de/Leichte-Sprache/Hilfe-und-Tipps/Beratung-und-Unterstützung/Hilfe-und-Beratung-für-ältere-Menschen/Senioren∙telefon-in-der-Stadt-Hannover,https://www.hannover.de/Leben-in-der-Region-Hannover/Soziales/Senioren/Information-Beratung/Seniorentelefon-der-Stadt-Hannover,42.19009433962265,8.550291698113208,41.73207547169811,8.284210526315775,15.283168421052633,65.31578947368422
hannover,583,http://www.hannover.de/Leichte-Sprache/Hilfe-und-Tipps/Beratung-und-Unterstützung/Hilfe-und-Beratung-für-ältere-Menschen/Telefon∙beratung-bei-Problemen-und-Sorgen,https://www.hannover.de/Leben-in-der-Region-Hannover/Soziales/Senioren/Information-Beratung/Telefonseelsorge,49.651883577415504,8.49959290780142,43.100396057842865,41.97187500000001,10.328990000000001,50.45
hannover,584,http://www.hannover.de/Leichte-Sprache/Hilfe-und-Tipps/Beratung-und-Unterstützung/Hilfe-und-Beratung-für-ältere-Menschen/Wohn∙beratung,https://www.hannover.de/Leben-in-der-Region-Hannover/Soziales/Senioren/Wohnen-im-Alter/Wohnberatung,49.00835686053075,9.3091185770751,46.03190287972897,20.04994232987312,14.242096009227222,62.173241061130334
hannover,585,http://www.hannover.de/Leichte-Sprache/Hilfe-und-Tipps/Beratung-und-Unterstützung/Beratung-für-Eltern.-Für-Kinder.-Und-für-Jugendliche/Jugend∙beratung-und-Familien∙beratung-bei-der-Stadt-Hannover,"https://www.hannover.de/Leben-in-der-Region-Hannover/Soziales/Familie-Partnerschaft/Beratung-Unterstützung/Beratung-für-Eltern,-Kinder-und-Jugendliche/Familien-und-Erziehungsberatung/Jugend-und-Familienberatung-der-Landeshauptstadt-Hannover",57.336502999944955,7.012201192638669,39.00905029265518,29.436889763779533,11.561007937007874,55.753070866141734
hannover,586,http://www.hannover.de/Leichte-Sprache/Hilfe-und-Tipps/Beratung-und-Unterstützung/Beratung-für-Eltern.-Für-Kinder.-Und-für-Jugendliche/Familien∙beratung-und-Erziehungs∙beratung/Beratungs∙stellen-für-Eltern.-Für-Kinder.-Und-für-Jugendliche,"https://www.hannover.de/Leben-in-der-Region-Hannover/Soziales/Familie-Partnerschaft/Beratung-Unterstützung/Beratung-für-Eltern,-Kinder-und-Jugendliche/Familien-und-Erziehungsberatung/Beratungsstellen-für-Eltern,-Kinder-und-Jugendliche-der-Region-Hannover",64.28156049094096,5.9876112215078905,34.83284628872005,44.778333333333336,9.458058974358973,45.84935897435897
hannover,587,http://www.hannover.de/Leichte-Sprache/Hilfe-und-Tipps/Beratung-und-Unterstützung/Beratung-für-Eltern.-Für-Kinder.-Und-für-Jugendliche/Familien∙beratung-und-Erziehungs∙beratung,"https://www.hannover.de/Leben-in-der-Region-Hannover/Soziales/Familie-Partnerschaft/Beratung-Unterstützung/Beratung-für-Eltern,-Kinder-und-Jugendliche/Familien-und-Erziehungsberatung",56.825373678454255,7.864261975938753,38.921071819176085,45.40555555555555,10.990957264957267,48.29059829059829
hannover,588,http://www.hannover.de/Leichte-Sprache/Hilfe-und-Tipps/Beratung-und-Unterstützung/Beratung-für-Eltern.-Für-Kinder.-Und-für-Jugendliche/Möglichkeiten-für-eine-Beratung,"https://www.hannover.de/Leben-in-der-Region-Hannover/Soziales/Familie-Partnerschaft/Beratung-Unterstützung/Beratung-für-Eltern,-Kinder-und-Jugendliche/Familien-und-Erziehungsberatung/Jugend-und-Familienberatung-der-Landeshauptstadt-Hannover/Jugend,-Familien-und-Erziehungsberatung",58.52643020594965,7.055934553775743,37.807780320366135,20.837196667873968,14.205458964143428,66.64288301340093
hannover,589,http://www.hannover.de/Leichte-Sprache/Hilfe-und-Tipps/Beratung-und-Unterstützung/Beratung-für-Eltern.-Für-Kinder.-Und-für-Jugendliche/Sprech∙stunden-bei-den-Beratungs∙stellen,"https://www.hannover.de/Leben-in-der-Region-Hannover/Soziales/Familie-Partnerschaft/Beratung-Unterstützung/Beratung-für-Eltern,-Kinder-und-Jugendliche/Familien-und-Erziehungsberatung/Jugend-,-Familien-und-Erziehungsberatung/Beratungsstellen-der-Landeshauptstadt-Hannover/Sprechstunden-der-Beratungsstellen-der-Jugend-und-Familienberatung",60.616131756756744,6.44394478950104,35.6422817047817,40.20952687479884,10.82267338268426,50.60218860637271
hannover,590,http://www.hannover.de/Leichte-Sprache/Hilfe-und-Tipps/Beratung-und-Unterstützung/Beratung-für-Eltern.-Für-Kinder.-Und-für-Jugendliche/Sprech∙stunde-für-Eltern-mit-Säuglingen-und-Klein∙kindern,"https://www.hannover.de/Leben-in-der-Region-Hannover/Soziales/Familie-Partnerschaft/Beratung-Unterstützung/Beratung-für-Eltern,-Kinder-und-Jugendliche/Frühe-Beratung/Sprechstunde-für-Eltern-von-Säuglingen-Kleinkindern",70.9837418220877,5.2822753051459825,34.36793281906064,48.20463320463318,10.559185328185327,50.511583011583014
hannover,591,http://www.hannover.de/Leichte-Sprache/Hilfe-und-Tipps/Beratung-und-Unterstützung/Beratung-für-Eltern.-Für-Kinder.-Und-für-Jugendliche/Angebote-für-Kinder-und-Eltern/Kurse-für-Eltern,"https://www.hannover.de/Leben-in-der-Region-Hannover/Soziales/Familie-Partnerschaft/Beratung-Unterstützung/Beratung-für-Eltern,-Kinder-und-Jugendliche/Aktuelles-aus-den-Beratungsstellen/Kinder-im-Blick",70.77564102564104,4.67421459566075,29.08086785009862,42.02777777777777,9.732577777777779,50.62037037037037
hannover,592,http://www.hannover.de/Leichte-Sprache/Hilfe-und-Tipps/Beratung-und-Unterstützung/Beratung-für-Eltern.-Für-Kinder.-Und-für-Jugendliche/Angebote-für-Kinder-und-Eltern/Gruppen∙angebot-für-Kinder,"https://www.hannover.de/Leben-in-der-Region-Hannover/Soziales/Familie-Partnerschaft/Beratung-Unterstützung/Beratung-für-Eltern,-Kinder-und-Jugendliche/Familien-und-Erziehungsberatung/Jugend-und-Familienberatung-der-Landeshauptstadt-Hannover/Gruppenangebot-für-Kinder-von-getrennten-lebenden-Eltern",64.46960297766749,6.080233995037221,36.15136476426799,50.94346039870689,8.344542483836207,45.1942349137931
hannover,593,http://www.hannover.de/Leichte-Sprache/Hilfe-und-Tipps/B%C3%BCros-und-%C3%84mter-f%C3%BCr-B%C3%BCrger/Fach%EF%BD%A5bereich-Jugend-der-Region-Hannover,"https://www.hannover.de/Leben-in-der-Region-Hannover/Verwaltungen-Kommunen/Die-Verwaltung-der-Region-Hannover/Stellt-sich-vor/Dezernate-und-Fachbereiche-der-Region-Hannover/Dezernat-Soziales,-Teilhabe,-Familie-und-Jugend/Fachbereich-Jugend",72.24747474747473,3.892743209876543,28.35129068462402,10.227586206896575,16.78957134099617,75.14214559386974
hannover,594,http://www.hannover.de/Leichte-Sprache/Lernen-und-Arbeiten/Arbeiten/Job%EF%BD%A5center-von-der-Region-Hannover,https://www.hannover.de/Wirtschaft-Wissenschaft/Arbeit/Arbeitsmarkt/Jobsuche/Jobcenter-Region-Hannover,60.23800799467021,6.964577215189874,38.062624916722186,31.29926108374383,12.382380788177342,53.64039408866995
hannover,595,http://www.hannover.de/Leichte-Sprache/Hilfe-und-Tipps/Büros-und-Ämter-für-Bürger/Bürger·ämter-in-Hannover/Termin･vereinbarung-in-den-Bürger･ämtern,https://www.hannover.de/Leben-in-der-Region-Hannover/Bürger-Service/Bürger-Service-in-der-Landeshauptstadt-Hannover/Termine-bei-Behörden-buchen/Terminvereinbarung-in-den-Bürgerämtern,62.13128169663439,6.318356754264638,34.495274319963116,21.101400289715087,14.196636697247708,62.164654756156445
hannover,596,http://www.hannover.de/Leichte-Sprache/Hilfe-und-Tipps/B%C3%BCros-und-%C3%84mter-f%C3%BCr-B%C3%BCrger/B%C3%BCrger%C2%B7%C3%A4mter-in-Hannover,https://www.hannover.de/Leben-in-der-Region-Hannover/Bürger-Service/Bürger-Service-in-der-Landeshauptstadt-Hannover/Bürgerämter-der-Landeshauptstadt/Bürgerämter-in-Hannover,46.350852272727295,9.879408333333334,45.18560606060606,-6.875,20.466911538461538,86.57692307692308
hannover,597,http://www.hannover.de/Leichte-Sprache/Hilfe-und-Tipps/Sozial%EF%BD%A5leistungen/Wohn%E2%88%99geld,https://www.hannover.de/Leben-in-der-Region-Hannover/Verwaltungen-Kommunen/Die-Verwaltung-der-Landeshauptstadt-Hannover/Dezernate-und-Fachbereiche-der-LHH/Soziales-und-Integration/Fachbereich-Soziales-der-Landeshauptstadt/Wohngeld,64.760671363448,5.8549359580052505,36.34300317723442,7.5800000000000125,16.35206666666667,75.66666666666666
hannover,598,http://www.hannover.de/Leichte-Sprache/Hilfe-und-Tipps/Vollj%C3%A4hrigkeit-Was-du-mit-18-Jahren-beachten-musst/3.-Wohnen,https://www.hannover.de/Leben-in-der-Region-Hannover/Soziales/Kinder-Jugendliche/Dein-Weg-ins-Erwachsenenleben/3.-Wohnen,68.96895463122377,5.547785508614533,34.691429839187094,44.955569205569205,9.691947256347257,50.17035217035217
hannover,599,http://www.hannover.de/Leichte-Sprache/Hilfe-und-Tipps/Vollj%C3%A4hrigkeit-Was-du-mit-18-Jahren-beachten-musst/4.-Geld,https://www.hannover.de/Leben-in-der-Region-Hannover/Soziales/Kinder-Jugendliche/Dein-Weg-ins-Erwachsenenleben/4.-Geld,69.76627364104066,5.376109577253338,32.34927406213955,42.47786698322453,9.296585398769173,47.020274280716
hannover,600,http://www.hannover.de/Leichte-Sprache/Hilfe-und-Tipps/Vollj%C3%A4hrigkeit-Was-du-mit-18-Jahren-beachten-musst/5.-Versicherungen,https://www.hannover.de/Leben-in-der-Region-Hannover/Soziales/Kinder-Jugendliche/Dein-Weg-ins-Erwachsenenleben/5.-Versicherungen,66.61977195967394,5.417717600751669,34.33110287208918,47.74930375969764,8.674991684901533,43.20912074796101
hannover,601,http://www.hannover.de/Leichte-Sprache/Hilfe-und-Tipps/Vollj%C3%A4hrigkeit-Was-du-mit-18-Jahren-beachten-musst/6.-Schule,https://www.hannover.de/Leben-in-der-Region-Hannover/Soziales/Kinder-Jugendliche/Dein-Weg-ins-Erwachsenenleben/6.-Schule,61.278039413562084,6.66991606537157,34.958904493594595,45.58831168831169,9.928112496392497,47.95353535353536
hannover,602,http://www.hannover.de/Leichte-Sprache/Hilfe-und-Tipps/Vollj%C3%A4hrigkeit-Was-du-mit-18-Jahren-beachten-musst/7.-Nach-der-Schule,https://www.hannover.de/Leben-in-der-Region-Hannover/Soziales/Kinder-Jugendliche/Dein-Weg-ins-Erwachsenenleben/7.-Nach-der-Schule,65.03182123426437,6.10856111224931,34.5145831910583,39.68178293662913,9.7319666705828,46.856524667716194
hannover,603,http://www.hannover.de/Leichte-Sprache/Hilfe-und-Tipps/Vollj%C3%A4hrigkeit-Was-du-mit-18-Jahren-beachten-musst/8.-Gesundheit,https://www.hannover.de/Leben-in-der-Region-Hannover/Soziales/Kinder-Jugendliche/Dein-Weg-ins-Erwachsenenleben/8.-Gesundheit,70.31663796402604,5.938702908534253,34.856869498660544,45.56271576524739,10.620967932489453,48.32546988876103
hannover,604,http://www.hannover.de/Leichte-Sprache/Hilfe-und-Tipps/Vollj%C3%A4hrigkeit-Was-du-mit-18-Jahren-beachten-musst/9.-Freizeit,https://www.hannover.de/Leben-in-der-Region-Hannover/Soziales/Kinder-Jugendliche/Dein-Weg-ins-Erwachsenenleben/9.-Freizeitgestaltung,66.20669677926159,5.631177611940299,32.425765907305575,35.940627650551335,10.065673621713316,48.14334181509754
hannover,605,http://www.hannover.de/Leichte-Sprache/Hilfe-und-Tipps/Vollj%C3%A4hrigkeit-Was-du-mit-18-Jahren-beachten-musst/10.-Beratung-und-Hilfen,https://www.hannover.de/Leben-in-der-Region-Hannover/Soziales/Kinder-Jugendliche/Dein-Weg-ins-Erwachsenenleben/10.-Beratung-und-Hilfen,62.67360815979602,6.475537212723529,37.397397757363755,16.23116018226429,13.846155064844023,61.301962846126884
hannover,606,http://www.hannover.de/Leichte-Sprache/Hilfe-und-Tipps/Vollj%C3%A4hrigkeit-Was-du-mit-18-Jahren-beachten-musst/1.-Vollj%C3%A4hrigkeit,https://www.hannover.de/Leben-in-der-Region-Hannover/Soziales/Kinder-Jugendliche/Dein-Weg-ins-Erwachsenenleben/1.-Volljährigkeit2,68.92645523626095,5.754950949656473,34.99954681923752,57.67591576449651,8.008944143556281,41.32489989618864
hannover,607,http://www.hannover.de/Leichte-Sprache/Hilfe-und-Tipps/Familie-und-Partnerschaft/Koordinierungs∙stelle-Unterstützung-für-Allein∙erziehende/Angebote-für-Allein∙erziehende,https://www.hannover.de/Leben-in-der-Region-Hannover/Soziales/Familie-Partnerschaft/Koordinierungsstelle-Alleinerziehende/Angebote-für-Alleinerziehende,72.3671875,4.432756250000001,29.875,27.0906148867314,12.74546084142395,57.94336569579288
hannover,608,http://www.hannover.de/Leichte-Sprache/Hilfe-und-Tipps/Gesundheit2/Gesundheits･tipps/Das-müssen-Sie-über-Affen∙pocken-wissen,https://www.hannover.de/Leben-in-der-Region-Hannover/Verwaltungen-Kommunen/Die-Verwaltung-der-Region-Hannover/Pressebereich-Region-Hannover/Archiv-Pressemitteilungen/2022/Erster-Fall-von-Affenpocken-in-der-Region-Hannover-nachgewiesen,62.702849389416556,6.61596034976632,38.09513040856324,32.51249999999999,12.093152222222225,54.12222222222222
hannover,609,http://www.hannover.de/Leichte-Sprache/Hilfe-und-Tipps/Gesundheit2/Gesundheits･tipps/Wie-kann-ich-mich-vor-einer-Erkältung-schützen,https://www.hannover.de/Leben-in-der-Region-Hannover/Gesundheit/Gesundheitsschutz/Gesundheitstipps/Der-Erkältung-vorbeugen,75.9576491716757,3.7615291550603533,29.27679836778576,54.82720404595403,8.861504145854145,47.142357642357645
hannover,610,http://www.hannover.de/Leichte-Sprache/Hilfe-und-Tipps/Gesundheit2/Gesundheits･tipps/Hautkrebs-früh-genug-erkennen,https://www.hannover.de/Leben-in-der-Region-Hannover/Gesundheit/Gesundheitsschutz/Gesundheitstipps/Hautkrebsfrüherkennung,61.431312093182584,7.054978143199728,40.07228502911956,32.375693025970236,12.516397548876569,56.58068281295594
hannover,611,http://www.hannover.de/Leichte-Sprache/Hilfe-und-Tipps/Gesundheit2/Gesundheits･tipps/Herz·infarkt-und-Schlag·anfall,https://www.hannover.de/Leben-in-der-Region-Hannover/Gesundheit/Gesundheitsschutz/Gesundheitstipps/Herzinfarkt-und-Schlaganfall,74.50099062211069,5.431096595308007,33.42553061784339,44.7981319100267,10.32620990384208,49.28838903715
hannover,612,http://www.hannover.de/Leichte-Sprache/Hilfe-und-Tipps/Gesundheit2/Gesundheits･tipps/Influenza,https://www.hannover.de/Leben-in-der-Region-Hannover/Gesundheit/Gesundheitsschutz/Gesundheitstipps/Influenza,69.20916445808341,5.415251040464628,33.88920731939284,43.78509138381203,10.904363007832899,52.3957180156658
hannover,613,http://www.hannover.de/Leichte-Sprache/Hilfe-und-Tipps/Gesundheit2/Gesundheits･tipps/Was-kann-ich-gegen-Kopf·läuse-tun,https://www.hannover.de/Leben-in-der-Region-Hannover/Gesundheit/Gesundheitsschutz/Gesundheitstipps/Kopfläuse-–-was-tun,74.17393939393939,4.939569696969697,36.42424242424242,44.40667098827272,10.109341681890506,52.061111438505506
hannover,614,http://www.hannover.de/Leichte-Sprache/Hilfe-und-Tipps/Gesundheit2/Gesundheits･tipps/Was-ist-der-Noro-Virus,https://www.hannover.de/Leben-in-der-Region-Hannover/Gesundheit/Gesundheitsschutz/Gesundheitstipps/Noro-Virus,72.61492846385542,4.848244377510041,31.418925702811247,41.560665144003124,12.03169039050749,59.47083727926021
hannover,615,http://www.hannover.de/Leichte-Sprache/Hilfe-und-Tipps/Gesundheit2/Gesundheits･tipps/Das-Masern·schutz·gesetz,https://www.hannover.de/Leben-in-der-Region-Hannover/Gesundheit/Gesundheitsschutz/Impfen-und-Impfberatung/Masern-und-Masernschutzgesetz,61.128458267127755,6.293392008598934,36.710545378072716,29.289854624188052,11.135226621301165,51.27178059593773
hannover,616,http://www.hannover.de/Leichte-Sprache/Hilfe-und-Tipps/Gesundheit2/Impfen-und-Impf∙beratung/Das-Masern·schutz·gesetz,https://www.hannover.de/Leben-in-der-Region-Hannover/Gesundheit/Gesundheitsschutz/Impfen-und-Impfberatung/Masern-und-Masernschutzgesetz,61.128458267127755,6.293392008598934,36.710545378072716,29.289854624188052,11.135226621301165,51.27178059593773
hannover,617,http://www.hannover.de/Leichte-Sprache/Hilfe-und-Tipps/F%C3%B6rderung-von-Kultur-in-der-Region-Hannover,https://www.hannover.de/Leben-in-der-Region-Hannover/Kulturförderung/Kulturförderung-der-Region-Hannover,68.9621212121212,6.257860606060607,37.333333333333336,13.44437939110071,15.270095394223262,63.87665886026542
hannover,618,http://www.hannover.de/Leichte-Sprache/Hilfe-und-Tipps/F%C3%B6rderung-von-Kultur-in-der-Region-Hannover/2.-F%C3%B6rderung-f%C3%BCr-Projekte-mit-kulturellen-Aufgaben,https://www.hannover.de/Leben-in-der-Region-Hannover/Kulturförderung/Kulturförderung-der-Region-Hannover/2.-Kulturelle-Bildung,65.60916965352449,7.323968608124254,40.031959378733575,8.53582554517132,16.15561183800623,68.76791277258567
hannover,619,http://www.hannover.de/Leichte-Sprache/Hilfe-und-Tipps/F%C3%B6rderung-von-Kultur-in-der-Region-Hannover/7.-F%C3%B6rderung-f%C3%BCr-kulturelle-Einrichtungen,https://www.hannover.de/Leben-in-der-Region-Hannover/Kulturförderung/Kulturförderung-der-Region-Hannover/7.-Institutionelle-Förderung,62.7344028520499,8.153689324618735,39.711725094078034,18.840909090909093,16.603172727272728,74.27272727272728
hannover,620,http://www.hannover.de/Leichte-Sprache/Hilfe-und-Tipps/F%C3%B6rderung-von-Kultur-in-der-Region-Hannover/8.-F%C3%B6rderung-f%C3%BCr-Theater,https://www.hannover.de/Leben-in-der-Region-Hannover/Kulturförderung/Kulturförderung-der-Region-Hannover/8.-Theaterpädagogik,53.01608187134502,10.534937426900587,45.28654970760234,40.533613445378165,12.701991596638656,60.3781512605042
hannover,621,http://www.hannover.de/Leichte-Sprache/Hilfe-und-Tipps/F%C3%B6rderung-von-Kultur-in-der-Region-Hannover/4.-F%C3%B6rderung-f%C3%BCr-Spiel%E2%88%99pl%C3%A4ne,https://www.hannover.de/Leben-in-der-Region-Hannover/Kulturförderung/Kulturförderung-der-Region-Hannover/4.-Spielplanförderung,65.43574336491035,7.401237485320598,40.21467157284898,49.9149537512847,10.64994922918808,51.655190133607405
hannover,622,http://www.hannover.de/Leichte-Sprache/Hilfe-und-Tipps/F%C3%B6rderung-von-Kultur-in-der-Region-Hannover/3.-F%C3%B6rderung-f%C3%BCr-die-Arbeit-in-einem-Chor,https://www.hannover.de/Leben-in-der-Region-Hannover/Kulturförderung/Kulturförderung-der-Region-Hannover/3.-Chorförderung,62.50916844349679,7.750954797441365,39.720682302771856,11.33441558441558,15.288675613275615,64.64790764790764
hannover,623,http://www.hannover.de/Leichte-Sprache/Hilfe-und-Tipps/F%C3%B6rderung-von-Kultur-in-der-Region-Hannover/1.-F%C3%B6rderung-f%C3%BCr-Projekte,https://www.hannover.de/Leben-in-der-Region-Hannover/Kulturförderung/Kulturförderung-der-Region-Hannover/1.-Projektförderung,67.04272623138601,6.605836586483392,37.230469644902634,11.271616541353382,16.15630909090909,65.88585099111415
hannover,624,http://www.hannover.de/Leichte-Sprache/Hilfe-und-Tipps/Notf%C3%A4lle-und-Katastrophen-Hilfe-und-Tipps/Verhalten-bei-einer-Katastrophe,https://www.hannover.de/Leben-in-der-Region-Hannover/Sicherheit-Ordnung/Informationen-im-Katastrophenfall,62.377531357298025,6.945600909381108,38.34755993117355,17.292197452229317,15.05362484076433,66.75875796178343
hannover,625,http://www.hannover.de/Leichte-Sprache/Hilfe-und-Tipps/Notf%C3%A4lle-und-Katastrophen-Hilfe-und-Tipps/Was-passiert-bei-einer-Evakuierung,https://www.hannover.de/Service/Presse-Medien/Hannover.de/Aktuelles/Gut-zu-wissen/Evakuierung-Das-gehört-ins-Not­fall­gepäck,71.17699579831933,4.765171580298786,32.260504201680675,31.72516343371558,12.333228421391063,59.95091630050369
hannover,626,http://www.hannover.de/Leichte-Sprache/Hilfe-und-Tipps/Notf%C3%A4lle-und-Katastrophen-Hilfe-und-Tipps/Strom%E2%88%99ausfall-Hilfe-f%C3%BCr-Menschen-mit-Behinderung,"https://www.hannover.de/Leben-in-der-Region-Hannover/Verwaltungen-Kommunen/Die-Verwaltung-der-Region-Hannover/Stellt-sich-vor/Dezernate-und-Fachbereiche-der-Region-Hannover/Dezernat-Soziales,-Teilhabe,-Familie-und-Jugend/Beauftragte-der-Region-Hannover-für-Menschen-mit-Behinderung/Hilfe-bei-einem-Blackout",54.966997981052955,8.414945188176219,44.02448620386188,27.44285714285715,13.024743296703296,61.05714285714285
hannover,627,http://www.hannover.de/Leichte-Sprache/Hilfe-und-Tipps/Schwangerschaft-und-Geburt/Fachkr%C3%A4fte-Fr%C3%BChe-Hilfen,https://www.hannover.de/Leben-in-der-Region-Hannover/Soziales/Familie-Partnerschaft/Frühe-Hilfen-–-Frühe-Chancen/Eltern/Fachkräfte-Frühe-Hilfen,43.88530734632681,8.195612063199173,39.74178295467651,34.682250153280194,9.980239362354386,49.2608828939301
hannover,628,http://www.hannover.de/Leichte-Sprache/Hilfe-und-Tipps/Schwangerschaft-und-Geburt/Schwangerschafts%E2%88%99wegweiser,https://www.hannover.de/Leben-in-der-Region-Hannover/Soziales/Familie-Partnerschaft/Frühe-Hilfen-–-Frühe-Chancen/Eltern/Schwangerschaft-und-Geburt/Schwangerschaftswegweiser,49.320487868171796,8.833911431166472,44.97787725444401,20.029459901800323,14.017738134206219,61.906710310965636
hannover,629,http://www.hannover.de/Leichte-Sprache/Freizeit-und-Tourismus/Feste/Warum-feiern-wir-bestimmte-Feste/Warum-feiern-wir-Ostern,https://www.hannover.de/Service/Presse-Medien/Hannover.de/Aktuelles/Gut-zu-wissen/Glossar-Feste-und-Feiertage/Warum-und-wie-Hannover-Ostern-feiert,71.41377883158427,5.515838722711711,34.46411134182614,49.39500000000001,10.175633333333332,49.833333333333336
hannover,630,http://www.hannover.de/Leichte-Sprache/Freizeit-und-Tourismus/Feste/Warum-feiern-wir-bestimmte-Feste/Warum-feiern-wir-den-1.-Mai,https://www.hannover.de/Service/Presse-Medien/Hannover.de/Aktuelles/Gut-zu-wissen/Glossar-Feste-und-Feiertage/Warum-und-wie-Hannover-den-1.-Mai-feiert,72.07585014409221,5.2809587780979825,34.893890489913545,56.457082851878454,8.40312652321914,44.74413666031667
hannover,631,http://www.hannover.de/Leichte-Sprache/Freizeit-und-Tourismus/Feste/Warum-feiern-wir-bestimmte-Feste/Warum-feiern-wir-Christi-Himmel∙fahrt,https://www.hannover.de/Service/Presse-Medien/Hannover.de/Aktuelles/Gut-zu-wissen/Glossar-Feste-und-Feiertage/Warum-und-wie-Hannover-Christi-Himmelfahrt-feiert,63.42139959432048,8.594155713319811,47.23056118999324,48.6861855670103,10.83584606185567,53.40659793814433
hannover,632,http://www.hannover.de/Leichte-Sprache/Freizeit-und-Tourismus/Feste/Warum-feiern-wir-bestimmte-Feste/Warum-feiern-wir-Pfingsten,https://www.hannover.de/Service/Presse-Medien/Hannover.de/Aktuelles/Gut-zu-wissen/Glossar-Feste-und-Feiertage/Warum-und-wie-Hannover-Pfingsten-feiert,73.23041413874967,5.949572513848588,39.74268003165392,41.72373390557941,11.238625167381976,57.69579399141631
hannover,633,http://www.hannover.de/Leichte-Sprache/Freizeit-und-Tourismus/Feste/Warum-feiern-wir-bestimmte-Feste/Warum-feiern-wir-den-Reformations∙tag,https://www.hannover.de/Service/Presse-Medien/Hannover.de/Aktuelles/Gut-zu-wissen/Glossar-Feste-und-Feiertage/Warum-und-wie-Hannover-den-Reformationstag-feiert,62.487460815047015,6.7286068965517245,37.21943573667711,47.16431432386037,9.710848140377648,46.27961090978447
hannover,634,http://www.hannover.de/Leichte-Sprache/Freizeit-und-Tourismus/Feste/Warum-feiern-wir-bestimmte-Feste/Warum-feiern-wir-den-Martins∙tag,https://www.hannover.de/Service/Presse-Medien/Hannover.de/Aktuelles/Gut-zu-wissen/Glossar-Feste-und-Feiertage/Warum-und-wie-Hannover-den-Martinstag-feiert,63.1948512045347,6.658652842072114,35.40560541646985,58.537784418202776,7.749847623847927,42.01857718894009
hannover,635,http://www.hannover.de/Leichte-Sprache/Freizeit-und-Tourismus/Feste/Warum-feiern-wir-bestimmte-Feste/Warum-feiern-wir-Weihnachten,https://www.hannover.de/Service/Presse-Medien/Hannover.de/Aktuelles/Gut-zu-wissen/Glossar-Feste-und-Feiertage/Warum-und-wie-Hannover-Weihnachten-feiert,66.82509627727858,7.406226358579374,40.459991442019685,50.32246376811595,10.092849585036541,49.80502910937693
hannover,636,http://www.hannover.de/Leichte-Sprache/Freizeit-und-Tourismus/Feste/Warum-feiern-wir-bestimmte-Feste/Warum-feiern-wir-Silvester-und-Neu∙jahr,https://www.hannover.de/Service/Presse-Medien/Hannover.de/Aktuelles/Gut-zu-wissen/Glossar-Feste-und-Feiertage/Warum-und-wie-Hannover-Silvester-und-Neujahr-feiert,69.78428571428573,6.299060317460318,36.92460317460318,49.76542207792208,10.15915562770563,50.58468614718615
hannover,637,http://www.hannover.de/Leichte-Sprache/Freizeit-und-Tourismus/Draußen/Fahrrad∙fahren-in-der-Region-Hannover/Der-Deister∙kreisel,https://www.hannover.de/Kultur-Freizeit/Naherholung/Raus-in-die-Natur/Radfahren/Der-Deisterkreisel,63.35896076352067,6.674036832803111,36.90915517850831,51.552521008403374,9.135211893988364,53.005171299288946
hannover,638,http://www.hannover.de/Leichte-Sprache/Freizeit-und-Tourismus/Draußen/Fahrrad∙fahren-in-der-Region-Hannover/Der-Grüne-Ring,https://www.hannover.de/Kultur-Freizeit/Naherholung/Raus-in-die-Natur/Radfahren/Grüner-Ring/Der-Grüne-Ring,63.5211844892696,6.5806263424518745,36.1095145988763,45.19274725274727,10.409483516483519,48.89010989010989
hannover,639,http://www.hannover.de/Leichte-Sprache/Freizeit-und-Tourismus/Draußen/Fahrrad∙fahren-in-der-Region-Hannover/Die-Hof∙laden∙routen,https://www.hannover.de/Kultur-Freizeit/Naherholung/Raus-in-die-Natur/Radfahren/Die-Hofladenrouten,47.21906126347386,9.554335134397599,49.57033701732842,20.316176470588232,14.44499411764706,80.41176470588235
hannover,640,http://www.hannover.de/Leichte-Sprache/Freizeit-und-Tourismus/Draußen/Fahrrad∙fahren-in-der-Region-Hannover/Die-Nord∙hannoversche-Moor∙route,https://www.hannover.de/Kultur-Freizeit/Naherholung/Raus-in-die-Natur/Moore-in-der-Region-Hannover/Nordhannoversche-Moorroute/Die-Nordhannoversche-Moorroute,61.64285714285714,6.941174684574685,37.13207163207163,40.95379537953794,11.20468184818482,52.971947194719476
hannover,641,http://www.hannover.de/Leichte-Sprache/Freizeit-und-Tourismus/Draußen/Fahrrad∙fahren-in-der-Region-Hannover/Die-Kultur∙route,https://www.hannover.de/Kultur-Freizeit/Naherholung/Raus-in-die-Natur/Radfahren/Kulturroute,50.45124223602484,9.912513167701865,44.84223602484472,26.16233766233765,14.177026984126988,66.55988455988457
hannover,642,http://www.hannover.de/Leichte-Sprache/Freizeit-und-Tourismus/Draußen/Fahrrad∙fahren-in-der-Region-Hannover/Fahrrad∙fahren-am-Mittel∙land∙kanal,https://www.hannover.de/Kultur-Freizeit/Naherholung/Raus-in-die-Natur/Radfahren/Radeln-am-Mittellandkanal,56.08454970077361,7.346642417165379,39.73613341118085,29.676470588235304,13.048119181585676,61.87468030690537
hannover,643,http://www.hannover.de/Leichte-Sprache/Freizeit-und-Tourismus/Draußen/Ausflugs･ziele/Sea-Life-Hannover,https://www.hannover.de/Kultur-Freizeit/Naherholung/Gärten-und-Parks/Tier-und-Freizeitparks/Sea-Life-Hannover,62.37039737513672,6.759238279256288,36.077469923441484,39.63790446841294,10.360936723163842,49.42424242424242
hannover,644,http://www.hannover.de/Leichte-Sprache/Freizeit-und-Tourismus/Draußen/Ausflugs･ziele/Tier∙garten,https://www.hannover.de/Kultur-Freizeit/Naherholung/Gärten-und-Parks/Historische-Parkanlagen/Tiergarten,63.080024813895776,8.05429511993383,40.48717948717949,48.18097139055223,10.656610645375917,54.683300066533604
hannover,645,http://www.hannover.de/Leichte-Sprache/Freizeit-und-Tourismus/Draußen/Ausflugs･ziele/Eilenriede,https://www.hannover.de/Kultur-Freizeit/Naherholung/Raus-in-die-Natur/Wälder/Die-Eilenriede,54.77424657534249,7.968393461187215,39.81022831050228,34.68025735294118,12.265128617647061,59.44382352941177
hannover,646,http://www.hannover.de/Leichte-Sprache/Lernen-und-Arbeiten/Lernen/Schul∙beginn-Informationen-für-Eltern-und-Kinder/Spielen,https://www.hannover.de/Leben-in-der-Region-Hannover/Soziales/Kinder-Jugendliche/Grundschulzeit/Einschulungskompass/Spielen,77.98898408812728,3.2662761384678163,28.319382983397674,74.45,4.1061538461538465,33.07692307692308
hannover,647,http://www.hannover.de/Leichte-Sprache/Lernen-und-Arbeiten/Lernen/Schul∙beginn-Informationen-für-Eltern-und-Kinder/Sprache,https://www.hannover.de/Leben-in-der-Region-Hannover/Soziales/Kinder-Jugendliche/Grundschulzeit/Einschulungskompass/Sprache,78.4810659186536,3.587906721329162,30.59709785305858,77.96453488372092,4.72560573643411,35.25639534883721
hannover,648,http://www.hannover.de/Leichte-Sprache/Lernen-und-Arbeiten/Lernen/Schul∙beginn-Informationen-für-Eltern-und-Kinder/Das-machen-Kinder-von-4-bis-6-Jahren,https://www.hannover.de/Leben-in-der-Region-Hannover/Soziales/Kinder-Jugendliche/Grundschulzeit/Einschulungskompass/Das-machen-Kinder-mit-4-5-6-Jahren,83.4591836734694,1.068971428571429,19.244897959183675,67.61930091185413,4.447384802431611,28.322188449848024
hannover,649,http://www.hannover.de/Leichte-Sprache/Lernen-und-Arbeiten/Lernen/Schul∙beginn-Informationen-für-Eltern-und-Kinder/Informationen-für-die-Zeit-vor-der-Einschulung,https://www.hannover.de/Leben-in-der-Region-Hannover/Soziales/Kinder-Jugendliche/Grundschulzeit/Einschulungskompass/Informationen-für-die-Zeit-vor-der-Einschulung,75.84447004608293,3.7151078341013832,31.43778801843318,56.57747933884298,6.285718181818183,36.61260330578513
hannover,650,http://www.hannover.de/Leichte-Sprache/Lernen-und-Arbeiten/Lernen/Schul∙beginn-Informationen-für-Eltern-und-Kinder/Ideen-und-Informationen-für-zuhause,https://www.hannover.de/Leben-in-der-Region-Hannover/Soziales/Kinder-Jugendliche/Grundschulzeit/Einschulungskompass/Ideen-und-Informationen-für-zuhause,75.30000000000001,4.169765925925926,27.57037037037037,68.10204081632652,4.5808,31.346938775510203
hannover,651,http://www.hannover.de/Leichte-Sprache/Lernen-und-Arbeiten/Lernen/Schul∙beginn-Informationen-für-Eltern-und-Kinder/Mein-Kind-braucht-Unterstützung,https://www.hannover.de/Leben-in-der-Region-Hannover/Soziales/Kinder-Jugendliche/Grundschulzeit/Einschulungskompass/Kinder-mit-Förderbedarf,71.95454545454545,5.693192207792209,35.57142857142857,56.90428571428572,6.731171428571431,35.285714285714285
hannover,652,http://www.hannover.de/Leichte-Sprache/Lernen-und-Arbeiten/Lernen/F%C3%B6rderung/Hilfe-f%C3%BCr-den-Schul%EF%BD%A5weg,https://www.hannover.de/Leben-in-der-Region-Hannover/Bildung/Schulen/Schülerbeförderung-in-der-Region-Hannover,61.75,6.057936538461538,35.88461538461539,27.0,13.664566666666667,63.08974358974359
hannover,653,http://www.hannover.de/Leichte-Sprache/Lernen-und-Arbeiten/Lernen/Förderung/Hilfe-für-den-Schul･weg,https://www.hannover.de/Leben-in-der-Region-Hannover/Bildung/Schulen/Schülerbeförderung-in-der-Region-Hannover,61.75,6.057936538461538,35.88461538461539,27.0,13.664566666666667,63.08974358974359
hannover,654,http://www.hannover.de/Leichte-Sprache/Hilfe-und-Tipps/Sozial･leistungen/BuT-Leistungen-Leit∙faden-für-Mitarbeiter-in-Kitas,https://www.hannover.de/Leben-in-der-Region-Hannover/Soziales/Sozialleistungen-weitere-Hilfen/Bildungs-und-Teilhabepaket/Leitfaden-für-Mitarbeitende-in-Kindertageseinrichtungen-Kindertagesbetreuung,56.042383888973404,8.075167443275566,39.6159589033081,32.832507228417995,12.007725980999588,55.65076414704667
hannover,655,http://www.hannover.de/Leichte-Sprache/Hilfe-und-Tipps/Sozial･leistungen/Grund∙sicherung-Hilfe-für-ältere-Menschen-und-bei-Berufs∙unfähigkeit,https://www.hannover.de/Leben-in-der-Region-Hannover/Soziales/Sozialleistungen-weitere-Hilfen/Grundsicherung/Grundsicherung-im-Alter-und-bei-Erwerbsminderung,63.412223229922446,6.203667169126846,34.09215505379034,38.16567164179102,10.409923337856174,48.134328358208954
hannover,656,http://www.hannover.de/Leichte-Sprache/Hilfe-und-Tipps/Sozial･leistungen/Sozial･hilfe,https://www.hannover.de/Leben-in-der-Region-Hannover/Soziales/Sozialleistungen-weitere-Hilfen/Sozialhilfe,63.734867951463244,6.772026438258387,39.046716630977876,31.433910306845007,12.78059735116706,56.92787831104117
hannover,657,http://www.hannover.de/Leichte-Sprache/Hilfe-und-Tipps/Sozial･leistungen/Informationen-zu-Bildung-und-Teilhabe,https://www.hannover.de/Leben-in-der-Region-Hannover/Soziales/Sozialleistungen-weitere-Hilfen/Bildungs-und-Teilhabepaket,65.84179577066608,6.31539819065928,35.74816238832975,37.483890630442346,11.702371856495994,55.496516893068616
hannover,658,http://www.hannover.de/Leichte-Sprache/Hilfe-und-Tipps/Sozial･leistungen/Wohn∙geld,https://www.hannover.de/Leben-in-der-Region-Hannover/Verwaltungen-Kommunen/Die-Verwaltung-der-Landeshauptstadt-Hannover/Dezernate-und-Fachbereiche-der-LHH/Soziales-und-Integration/Fachbereich-Soziales-der-Landeshauptstadt/Wohngeld,64.760671363448,5.8549359580052505,36.34300317723442,7.5800000000000125,16.35206666666667,75.66666666666666
hannover,659,http://www.hannover.de/Leichte-Sprache/Hilfe-und-Tipps/Sozial･leistungen/Hilfen-für-Menschen-mit-Hör∙behinderung,https://www.hannover.de/Leben-in-der-Region-Hannover/Soziales/Senioren/Information-Beratung/Hilfen-für-hörgeschädigte-Menschen,51.95438946528331,8.64700485235435,43.46879489225858,32.604573106775774,11.793938284036082,53.100272708202226
hannover,660,http://www.hannover.de/Leichte-Sprache/Hilfe-und-Tipps/Notf%C3%A4lle-und-Katastrophen-Hilfe-und-Tipps/Verhalten-bei-extremem-Wetter/Gewitter-und-Sturm-in-Hannover,https://www.hannover.de/Leben-in-der-Region-Hannover/Umwelt-Nachhaltigkeit/Verhalten-bei-extremem-Wetter/Sturm-und-Gewitter,62.39692480307747,7.31263174574098,39.569701410514746,41.97761988230877,11.329062814573684,52.41655189683235
hannover,661,http://www.hannover.de/Leichte-Sprache/Hilfe-und-Tipps/Notf%C3%A4lle-und-Katastrophen-Hilfe-und-Tipps/Verhalten-bei-extremem-Wetter/Hitze-in-der-Region-Hannover,https://www.hannover.de/Leben-in-der-Region-Hannover/Umwelt-Nachhaltigkeit/Verhalten-bei-extremem-Wetter/Hitze-in-der-Region-Hannover,70.77398040555936,4.5517934837092735,29.113237639553432,50.82623106060608,8.824539393939395,45.06439393939394
hannover,662,http://www.hannover.de/Leichte-Sprache/Hilfe-und-Tipps/Notf%C3%A4lle-und-Katastrophen-Hilfe-und-Tipps/Verhalten-bei-extremem-Wetter/K%C3%A4lte-in-Hannover,https://www.hannover.de/Leben-in-der-Region-Hannover/Umwelt-Nachhaltigkeit/Verhalten-bei-extremem-Wetter/Kälte-in-der-Region-Hannover,69.71536867878332,5.032893725083969,33.424584863609255,50.98366795366795,9.458537194337193,48.09395109395109
hannover,663,http://www.hannover.de/Leichte-Sprache/Hilfe-und-Tipps/Notf%C3%A4lle-und-Katastrophen-Hilfe-und-Tipps/Verhalten-bei-extremem-Wetter/Wann-f%C3%A4llt-in-Hannover-die-Schule-aus,https://www.hannover.de/Leben-in-der-Region-Hannover/Umwelt-Nachhaltigkeit/Verhalten-bei-extremem-Wetter/Wann-fällt-die-Schule-aus,62.84232678609972,7.65126384631988,40.12669976257285,22.330845771144283,13.359680597014925,62.13432835820895
hannover,664,http://www.hannover.de/Leichte-Sprache/Hilfe-und-Tipps/Notf%C3%A4lle-und-Katastrophen-Hilfe-und-Tipps/Verhalten-bei-extremem-Wetter/Hoch%E2%88%99wasser-in-der-Region-Hannover,https://www.hannover.de/Leben-in-der-Region-Hannover/Umwelt-Nachhaltigkeit/Verhalten-bei-extremem-Wetter/Hochwasser-in-der-Region-Hannover,64.61977174291043,6.459733154184187,36.58007966867946,41.07562183325655,11.129723694150162,50.39668355596499
hannover,665,http://www.hannover.de/Leichte-Sprache/Hilfe-und-Tipps/Gesundheit2/Gesundheits･tipps/Hitze-in-der-Region-Hannover/Tipps-für-heiße-Tage,https://www.hannover.de/Leben-in-der-Region-Hannover/Umwelt-Nachhaltigkeit/Verhalten-bei-extremem-Wetter/Hitze-in-der-Region-Hannover/Tipps-für-die-heißen-Tage,71.38100815547458,4.262040534443867,31.65330557001562,40.556530566812114,10.779139104730435,53.51702210639256
hannover,666,http://www.hannover.de/Leichte-Sprache/Hilfe-und-Tipps/Gesundheit2/Gesundheits･tipps/Hitze-in-der-Region-Hannover/Sonnen∙schutz-für-Kinder,https://www.hannover.de/Leben-in-der-Region-Hannover/Umwelt-Nachhaltigkeit/Verhalten-bei-extremem-Wetter/Hitze-in-der-Region-Hannover/Hitzebelastung-für-Kinder,69.62278346121056,5.276143648763853,34.23699914748508,29.993592310772954,11.619805286343613,60.283940728874654
hannover,667,http://www.hannover.de/Leichte-Sprache/Hilfe-und-Tipps/Gesundheit2/Gesundheits･tipps/Hitze-in-der-Region-Hannover/Tipps-für-schwangere-Frauen,https://www.hannover.de/Leben-in-der-Region-Hannover/Umwelt-Nachhaltigkeit/Verhalten-bei-extremem-Wetter/Hitze-in-der-Region-Hannover/Hitzebelastungen-in-der-Schwangerschaft,70.65793059030443,5.005720225915925,31.80680720354728,30.53919503919505,11.93662545922546,56.48168948168948
hannover,668,http://www.hannover.de/Leichte-Sprache/Hilfe-und-Tipps/Gesundheit2/Gesundheits･tipps/Hitze-in-der-Region-Hannover/Klima∙wandel-und-Klima∙anpassung,https://www.hannover.de/Leben-in-der-Region-Hannover/Umwelt-Nachhaltigkeit/Klimawandel-und-anpassung,75.50635823210133,3.668416903592661,27.982682863789094,65.01785714285714,6.622466666666667,37.80952380952381
hannover,669,http://www.hannover.de/Leichte-Sprache/Hilfe-und-Tipps/Notf%C3%A4lle-und-Katastrophen-Hilfe-und-Tipps/Verhalten-bei-extremem-Wetter/Schnee-und-Glatt%E2%88%99eis-in-Hannover,https://www.hannover.de/Leben-in-der-Region-Hannover/Umwelt-Nachhaltigkeit/Verhalten-bei-extremem-Wetter/Glätte-und-Schnee-in-der-Region-Hannover,72.4028397054373,4.9520897488146876,33.59774034096641,49.51367462010353,9.637596544140747,52.82704168526878
hannover,670,https://www.hannover.de/Leichte-Sprache/Hilfe-und-Tipps/Beratung-und-Unterst%C3%BCtzung/Beratung-f%C3%BCr-Eltern.-F%C3%BCr-Kinder.-Und-f%C3%BCr-Jugendliche/Familien%E2%88%99beratung-und-Erziehungs%E2%88%99beratung/Beratungs%E2%88%99stellen-f%C3%BCr-Eltern.-F%C3%BCr-Kinder.-Und-f%C3%BCr-Jugendliche/Burgdorf-Beratungs%E2%88%99stelle-f%C3%BCr-Eltern.-F%C3%BCr-Kinder.-Und-f%C3%BCr-Jugendliche,"https://www.hannover.de/Leben-in-der-Region-Hannover/Soziales/Familie-Partnerschaft/Beratung-Unterstützung/Beratung-für-Eltern,-Kinder-und-Jugendliche/Familien-und-Erziehungsberatung/Beratungsstellen-für-Eltern,-Kinder-und-Jugendliche-der-Region-Hannover/Beratungsstelle-für-Eltern,-Kinder-und-Jugendliche-Burgdorf",49.27727272727273,8.362363636363636,44.54545454545455,42.682765151515156,11.164482575757578,50.46212121212121
hannover,671,https://www.hannover.de/Leichte-Sprache/Hilfe-und-Tipps/Beratung-und-Unterst%C3%BCtzung/Beratung-f%C3%BCr-Eltern.-F%C3%BCr-Kinder.-Und-f%C3%BCr-Jugendliche/Familien%E2%88%99beratung-und-Erziehungs%E2%88%99beratung,"https://www.hannover.de/Leben-in-der-Region-Hannover/Soziales/Familie-Partnerschaft/Beratung-Unterstützung/Beratung-für-Eltern,-Kinder-und-Jugendliche/Familien-und-Erziehungsberatung",56.825373678454255,7.864261975938753,38.921071819176085,45.40555555555555,10.990957264957267,48.29059829059829
hannover,672,https://www.hannover.de/Leichte-Sprache/Hilfe-und-Tipps/Beratung-und-Unterst%C3%BCtzung/Beratung-f%C3%BCr-Eltern.-F%C3%BCr-Kinder.-Und-f%C3%BCr-Jugendliche/Familien%E2%88%99beratung-und-Erziehungs%E2%88%99beratung/Beratungs%E2%88%99stellen-f%C3%BCr-Eltern.-F%C3%BCr-Kinder.-Und-f%C3%BCr-Jugendliche,"https://www.hannover.de/Leben-in-der-Region-Hannover/Soziales/Familie-Partnerschaft/Beratung-Unterstützung/Beratung-für-Eltern,-Kinder-und-Jugendliche/Familien-und-Erziehungsberatung/Beratungsstellen-für-Eltern,-Kinder-und-Jugendliche-der-Region-Hannover",64.28156049094096,5.9876112215078905,34.83284628872005,44.778333333333336,9.458058974358973,45.84935897435897
hannover,673,http://www.hannover.de/Leichte-Sprache/Freizeit-und-Tourismus/Drinnen/Museen-und-Ausstellungen/Die-Gedenkstätte-Ahlem/Die-Geschichte-von-der-Gedenkstätte-Ahlem,https://www.hannover.de/Kultur-Freizeit/Geschichte-Geschichten/Erinnerungskultur/Gedenkstätte-Ahlem/Die-Geschichte-des-Ortes,46.61323255129085,7.833262727005007,40.54844409541573,37.7850568181818,11.132613500000001,51.58
hannover,674,http://www.hannover.de/Leichte-Sprache/Freizeit-und-Tourismus/Drinnen/Museen-und-Ausstellungen/Die-Gedenkst%C3%A4tte-Ahlem/Die-Geschichte-von-der-Gedenkst%C3%A4tte-Ahlem,https://www.hannover.de/Kultur-Freizeit/Geschichte-Geschichten/Erinnerungskultur/Gedenkstätte-Ahlem/Die-Geschichte-des-Ortes,46.61323255129085,7.833262727005007,40.54844409541573,37.7850568181818,11.132613500000001,51.58
hannover,675,http://www.hannover.de/Leichte-Sprache/Freizeit-und-Tourismus/Drinnen/Museen-und-Ausstellungen/Die-Gedenkst%C3%A4tte-Ahlem/Lern%E2%88%99angebote-in-der-Gedenkst%C3%A4tte-Ahlem,https://www.hannover.de/Kultur-Freizeit/Geschichte-Geschichten/Erinnerungskultur/Gedenkstätte-Ahlem/Führungen-und-pädagogisches-Angebot,52.540486725663726,8.007506725663717,41.6608407079646,21.375,14.09658717948718,62.87179487179487
hannover,676,http://www.hannover.de/Leichte-Sprache/Freizeit-und-Tourismus/Drinnen/Museen-und-Ausstellungen/Die-Gedenkst%C3%A4tte-Ahlem/Die-Gedenkst%C3%A4tte-Ahlem-heute,https://www.hannover.de/Kultur-Freizeit/Geschichte-Geschichten/Erinnerungskultur/Gedenkstätte-Ahlem/Die-Gedenkstätte-heute,53.93778782193414,7.240083029165957,39.49347603615897,43.92105263157893,9.99098947368421,49.55263157894737
hannover,677,http://www.hannover.de/Leichte-Sprache/Hilfe-und-Tipps/Gesundheit2/Gesundheits%EF%BD%A5tipps/Hitze-in-der-Region-Hannover/Tipps-f%C3%BCr-hei%C3%9Fe-Tage,https://www.hannover.de/Leben-in-der-Region-Hannover/Umwelt-Nachhaltigkeit/Verhalten-bei-extremem-Wetter/Hitze-in-der-Region-Hannover/Tipps-für-die-heißen-Tage,71.38100815547458,4.262040534443867,31.65330557001562,40.556530566812114,10.779139104730435,53.51702210639256
hannover,678,http://www.hannover.de/Leichte-Sprache/Hilfe-und-Tipps/B%C3%BCros-und-%C3%84mter-f%C3%BCr-B%C3%BCrger/Standes%E2%88%99amt,"https://www.hannover.de/Leben-in-der-Region-Hannover/Verwaltungen-Kommunen/Die-Verwaltung-der-Landeshauptstadt-Hannover/Dezernate-und-Fachbereiche-der-LHH/Finanzen,-Ordnung-und-Feuerwehr/Fachbereich-Öffentliche-Ordnung/Standesamt-und-Staatsangehörig­keit/Standesamt",61.90329586101177,6.443611650485438,35.51417986714359,25.0625,14.412387500000001,62.875
hannover,679,http://www.hannover.de/Leichte-Sprache/Nachrichten-und-Veranstaltungen/Nachrichten/%C3%9CMO-Die-neue-%C3%9Cstra,"https://www.hannover.de/Service/Presse-Medien/Hannover.de/Aktuelles/Wirtschaft-Wissenschaft-2024/Aus-Üstra,-GVH-und-Regiobus-wird-die-neue-Üstra",70.3242987708793,4.830647904191617,30.64576110936023,43.36093023255813,11.026311141323793,55.45481216457961
hannover,680,http://www.hannover.de/Leichte-Sprache/Hilfe-und-Tipps/Beratung-und-Unterst%C3%BCtzung/Hilfe-und-Beratung-f%C3%BCr-%C3%A4ltere-Menschen,https://www.hannover.de/Leben-in-der-Region-Hannover/Soziales/Senioren/Information-Beratung,48.75880503144654,8.650980628930817,42.91572327044025,50.640993788819884,8.210639751552796,46.86335403726708
hannover,681,http://www.hannover.de/Leichte-Sprache/Hilfe-und-Tipps/Beratung-und-Unterst%C3%BCtzung/Hilfe-und-Beratung-f%C3%BCr-%C3%A4ltere-Menschen/Hilfen-f%C3%BCr-Blinde-und-Menschen-mit-Seh%E2%88%99behinderung,https://www.hannover.de/Leben-in-der-Region-Hannover/Soziales/Senioren/Information-Beratung/Hilfen-für-sehbehinderte-und-blinde-Menschen,52.52145910832269,8.37698931763922,42.9337904613847,24.2222222222222,12.42257037037037,57.94444444444444
hannover,682,http://www.hannover.de/Leichte-Sprache/Hilfe-und-Tipps/Sozial%EF%BD%A5leistungen/Hilfen-f%C3%BCr-Menschen-mit-H%C3%B6r%E2%88%99behinderung,https://www.hannover.de/Leben-in-der-Region-Hannover/Soziales/Senioren/Information-Beratung/Hilfen-für-hörgeschädigte-Menschen,51.95438946528331,8.64700485235435,43.46879489225858,32.604573106775774,11.793938284036082,53.100272708202226
hannover,683,http://www.hannover.de/Leichte-Sprache/Hilfe-und-Tipps/Beratung-und-Unterst%C3%BCtzung/Hilfe-und-Beratung-f%C3%BCr-%C3%A4ltere-Menschen/Bus-und-Bahn-fahren-Informationen-f%C3%BCr-%C3%A4ltere-Menschen,https://www.hannover.de/Leben-in-der-Region-Hannover/Soziales/Senioren/Information-Beratung/Mobilität-Öffentlicher-Personennahverkehr-ÖPNV,52.82128842380642,8.344755875299759,41.61156529321997,33.75511382382052,11.003700164962058,53.570521280105574
hannover,684,http://www.hannover.de/Leichte-Sprache/Hilfe-und-Tipps/Beratung-und-Unterst%C3%BCtzung/Hilfe-und-Beratung-f%C3%BCr-%C3%A4ltere-Menschen/Der-Senioren%E2%88%99beirat,https://www.hannover.de/Leben-in-der-Region-Hannover/Soziales/Senioren/Information-Beratung/Seniorenbeiräte-und-Seniorenräte,56.60320855614971,7.384328579916817,39.60487225193108,13.570464470027815,16.155494323144104,69.72647876141326
hannover,685,http://www.hannover.de/Leichte-Sprache/Hilfe-und-Tipps/Beratung-und-Unterst%C3%BCtzung/Hilfe-und-Beratung-f%C3%BCr-%C3%A4ltere-Menschen/Info%E2%88%99brosch%C3%BCre-f%C3%BCr-Senioren,https://www.hannover.de/Leben-in-der-Region-Hannover/Soziales/Senioren/Information-Beratung/Infobroschüre,40.75463982384399,10.500742560553633,52.23670965712488,23.10949612403101,14.428706201550387,72.27131782945736
hannover,686,http://www.hannover.de/Leichte-Sprache/Hilfe-und-Tipps/Beratung-und-Unterst%C3%BCtzung/Hilfe-und-Beratung-f%C3%BCr-%C3%A4ltere-Menschen/Senioren%E2%88%99telefon-in-der-Stadt-Hannover,https://www.hannover.de/Leben-in-der-Region-Hannover/Soziales/Senioren/Information-Beratung/Seniorentelefon-der-Stadt-Hannover,42.19009433962265,8.550291698113208,41.73207547169811,8.284210526315775,15.283168421052633,65.31578947368422
hannover,687,http://www.hannover.de/Leichte-Sprache/Hilfe-und-Tipps/Beratung-und-Unterst%C3%BCtzung/Hilfe-und-Beratung-f%C3%BCr-%C3%A4ltere-Menschen/Wohn%E2%88%99beratung,https://www.hannover.de/Leben-in-der-Region-Hannover/Soziales/Senioren/Wohnen-im-Alter/Wohnberatung,49.00835686053075,9.3091185770751,46.03190287972897,20.04994232987312,14.242096009227222,62.173241061130334
hannover,688,http://www.hannover.de/Leichte-Sprache/Hilfe-und-Tipps/Beratung-und-Unterst%C3%BCtzung/Hilfe-und-Beratung-f%C3%BCr-%C3%A4ltere-Menschen/Pflege%E2%88%99beratung-Beratungs%E2%88%99angebote-und-Sprech%E2%88%99stunden,https://www.hannover.de/Leben-in-der-Region-Hannover/Soziales/Senioren/Pflege-Betreuung/Pflegeberatung,47.36688311688313,9.469992496392498,44.78210678210679,23.45454545454544,13.42349696969697,58.92424242424242
hannover,689,http://www.hannover.de/Leichte-Sprache/Hilfe-und-Tipps/Beratung-und-Unterst%C3%BCtzung/Hilfe-und-Beratung-f%C3%BCr-%C3%A4ltere-Menschen/Telefon%E2%88%99beratung-bei-Problemen-und-Sorgen,https://www.hannover.de/Leben-in-der-Region-Hannover/Soziales/Senioren/Information-Beratung/Telefonseelsorge,49.651883577415504,8.49959290780142,43.100396057842865,41.97187500000001,10.328990000000001,50.45
hannover,690,http://www.hannover.de/Leichte-Sprache/Hilfe-und-Tipps/Beratung-und-Unterst%C3%BCtzung/Hilfe-und-Beratung-f%C3%BCr-%C3%A4ltere-Menschen/Hilfe-f%C3%BCr-%C3%A4ltere-Menschen-Beratung-%C3%BCber-den-Schutz-vor-Einbr%C3%BCchen,https://www.hannover.de/Leben-in-der-Region-Hannover/Soziales/Senioren/Information-Beratung/Albtraum-Betrug-Diebstahl-Einbruch-Überfall,54.41402688486265,7.4613869082407955,41.35885447106955,19.124862486248617,14.738156655665566,67.49394939493949
hannover,691,http://www.hannover.de/Leichte-Sprache/Hannover-und-Region/Die-Verwaltung-von-der-Region-Hannover/Die-H%C3%B6r%E2%88%99region-Hannover/Gesund-h%C3%B6ren/Hilfe-f%C3%BCr-Menschen-mit-einer-H%C3%B6r%E2%88%99beeintr%C3%A4chtigung,https://www.hannover.de/Leben-in-der-Region-Hannover/Verwaltungen-Kommunen/Die-Verwaltung-der-Region-Hannover/Die-Hörregion-Hannover/Gesund-hören/Hilfe-für-Menschen-mit-Hörbeeinträchtigung,50.09850066426267,7.960481837160753,43.24544505598786,5.770154258886635,11.119083165660632,49.579141515761236
hannover,692,http://www.hannover.de/Leichte-Sprache/Hannover-und-Region/Die-Verwaltung-von-der-Region-Hannover/Die-H%C3%B6r%E2%88%99region-Hannover/Gesund-h%C3%B6ren/Tipps-f%C3%BCr-gutes-H%C3%B6ren,https://www.hannover.de/Leben-in-der-Region-Hannover/Verwaltungen-Kommunen/Die-Verwaltung-der-Region-Hannover/Die-Hörregion-Hannover/Gesund-hören/11-Tipps-für-gutes-Hören,64.03403314917126,5.245516950276244,32.10187845303867,49.23838186649314,9.144850897456754,45.73746000759178
hannover,693,http://www.hannover.de/Leichte-Sprache/Hannover-und-Region/Die-Verwaltung-von-der-Region-Hannover/Die-H%C3%B6r%E2%88%99region-Hannover/H%C3%B6ren-lernen/Gutes-H%C3%B6ren-in-der-Kinder%E2%88%99tages%E2%88%99st%C3%A4tte,https://www.hannover.de/Leben-in-der-Region-Hannover/Verwaltungen-Kommunen/Die-Verwaltung-der-Region-Hannover/Die-Hörregion-Hannover/Hören-lernen/Gutes-Hören-in-der-Kita,54.345888888888894,8.103577777777778,43.511111111111106,30.36161148977604,12.964277799415775,63.864654333008765
hannover,694,http://www.hannover.de/Leichte-Sprache/Hannover-und-Region/Die-Verwaltung-von-der-Region-Hannover/Die-Hör∙region-Hannover/Hören-erleben/Programm-von-der-Hör∙region/Newsletter-von-der-Hör∙region,https://www.hannover.de/Leben-in-der-Region-Hannover/Verwaltungen-Kommunen/Die-Verwaltung-der-Region-Hannover/Die-Hörregion-Hannover/Das-ist-die-HÖRREGION/HörNews,50.40869565217393,7.234182028985508,42.53333333333333,45.35828877005348,10.131740271493214,50.56478815302344
hannover,695,http://www.hannover.de/Leichte-Sprache/Hilfe-und-Tipps/Beratung-und-Unterst%C3%BCtzung/Hilfe-und-Beratung-f%C3%BCr-%C3%A4ltere-Menschen/Kosten%E2%88%99lose-Beratung,https://www.hannover.de/Leben-in-der-Region-Hannover/Soziales/Senioren/Information-Beratung/Kostenlose-Beratung,46.823207443897104,8.12867400109469,42.80487137383689,29.953333333333347,12.075866666666666,54.66666666666667
hannover,696,http://www.hannover.de/Leichte-Sprache/Nachrichten-und-Veranstaltungen/Nachrichten/Begleit∙service-für-Fahrgäste,https://www.hannover.de/Leben-in-der-Region-Hannover/Soziales/Menschen-mit-Behinderung/Mobilität/%22Gemeinsam-mobil%22,62.35616302972802,6.625355993042379,37.54807084123972,44.46819923371646,10.660777777777778,51.97318007662835
hannover,697,http://www.hannover.de/Leichte-Sprache/Hilfe-und-Tipps/Beratung-und-Unterst%C3%BCtzung/Beratung-f%C3%BCr-Eltern.-F%C3%BCr-Kinder.-Und-f%C3%BCr-Jugendliche/M%C3%B6glichkeiten-f%C3%BCr-eine-Beratung,"https://www.hannover.de/Leben-in-der-Region-Hannover/Soziales/Familie-Partnerschaft/Beratung-Unterstützung/Beratung-für-Eltern,-Kinder-und-Jugendliche/Familien-und-Erziehungsberatung/Jugend-und-Familienberatung-der-Landeshauptstadt-Hannover/Jugend,-Familien-und-Erziehungsberatung",58.52643020594965,7.055934553775743,37.807780320366135,20.837196667873968,14.205458964143428,66.64288301340093
hannover,698,http://www.hannover.de/Leichte-Sprache/Hilfe-und-Tipps/Beratung-und-Unterst%C3%BCtzung/Beratung-f%C3%BCr-Eltern.-F%C3%BCr-Kinder.-Und-f%C3%BCr-Jugendliche/Sprech%E2%88%99stunden-bei-den-Beratungs%E2%88%99stellen,"https://www.hannover.de/Leben-in-der-Region-Hannover/Soziales/Familie-Partnerschaft/Beratung-Unterstützung/Beratung-für-Eltern,-Kinder-und-Jugendliche/Familien-und-Erziehungsberatung/Jugend-,-Familien-und-Erziehungsberatung/Beratungsstellen-der-Landeshauptstadt-Hannover/Sprechstunden-der-Beratungsstellen-der-Jugend-und-Familienberatung",60.616131756756744,6.44394478950104,35.6422817047817,40.20952687479884,10.82267338268426,50.60218860637271
hannover,699,http://www.hannover.de/Leichte-Sprache/Hilfe-und-Tipps/Beratung-und-Unterst%C3%BCtzung/Beratung-f%C3%BCr-Eltern.-F%C3%BCr-Kinder.-Und-f%C3%BCr-Jugendliche/Sprech%E2%88%99stunde-f%C3%BCr-Eltern-mit-S%C3%A4uglingen-und-Klein%E2%88%99kindern,"https://www.hannover.de/Leben-in-der-Region-Hannover/Soziales/Familie-Partnerschaft/Beratung-Unterstützung/Beratung-für-Eltern,-Kinder-und-Jugendliche/Frühe-Beratung/Sprechstunde-für-Eltern-von-Säuglingen-Kleinkindern",70.9837418220877,5.2822753051459825,34.36793281906064,48.20463320463318,10.559185328185327,50.511583011583014
hannover,700,http://www.hannover.de/Leichte-Sprache/Hilfe-und-Tipps/Beratung-und-Unterst%C3%BCtzung/Beratung-f%C3%BCr-Eltern.-F%C3%BCr-Kinder.-Und-f%C3%BCr-Jugendliche/Angebote-f%C3%BCr-Kinder-und-Eltern/Kurse-f%C3%BCr-Eltern,"https://www.hannover.de/Leben-in-der-Region-Hannover/Soziales/Familie-Partnerschaft/Beratung-Unterstützung/Beratung-für-Eltern,-Kinder-und-Jugendliche/Aktuelles-aus-den-Beratungsstellen/Kinder-im-Blick",70.77564102564104,4.67421459566075,29.08086785009862,42.02777777777777,9.732577777777779,50.62037037037037
hannover,701,http://www.hannover.de/Leichte-Sprache/Hilfe-und-Tipps/Beratung-und-Unterst%C3%BCtzung/Beratung-f%C3%BCr-Eltern.-F%C3%BCr-Kinder.-Und-f%C3%BCr-Jugendliche/Angebote-f%C3%BCr-Kinder-und-Eltern/Gruppen%E2%88%99angebot-f%C3%BCr-Kinder,"https://www.hannover.de/Leben-in-der-Region-Hannover/Soziales/Familie-Partnerschaft/Beratung-Unterstützung/Beratung-für-Eltern,-Kinder-und-Jugendliche/Familien-und-Erziehungsberatung/Jugend-und-Familienberatung-der-Landeshauptstadt-Hannover/Gruppenangebot-für-Kinder-von-getrennten-lebenden-Eltern",64.46960297766749,6.080233995037221,36.15136476426799,50.94346039870689,8.344542483836207,45.1942349137931
hannover,702,http://www.hannover.de/Leichte-Sprache/Hilfe-und-Tipps/Beratung-und-Unterstützung/Beratung-für-Eltern.-Für-Kinder.-Und-für-Jugendliche/Familien∙beratung-und-Erziehungs∙beratung/Beratungs∙stellen-für-Eltern.-Für-Kinder.-Und-für-Jugendliche/Burgdorf-Beratungs∙stelle-für-Eltern.-Für-Kinder.-Und-für-Jugendliche,"https://www.hannover.de/Leben-in-der-Region-Hannover/Soziales/Familie-Partnerschaft/Beratung-Unterstützung/Beratung-für-Eltern,-Kinder-und-Jugendliche/Familien-und-Erziehungsberatung/Beratungsstellen-für-Eltern,-Kinder-und-Jugendliche-der-Region-Hannover/Beratungsstelle-für-Eltern,-Kinder-und-Jugendliche-Burgdorf",49.27727272727273,8.362363636363636,44.54545454545455,42.682765151515156,11.164482575757578,50.46212121212121
hannover,703,http://www.hannover.de/Leichte-Sprache/Hilfe-und-Tipps/Beratung-und-Unterstützung/Beratung-für-Eltern.-Für-Kinder.-Und-für-Jugendliche/Familien∙beratung-und-Erziehungs∙beratung/Beratungs∙stellen-für-Eltern.-Für-Kinder.-Und-für-Jugendliche/Neustadt-Beratungs∙stelle-für-Eltern.-Für-Kinder.-Und-für-Jugendliche,"https://www.hannover.de/Leben-in-der-Region-Hannover/Soziales/Familie-Partnerschaft/Beratung-Unterstützung/Beratung-für-Eltern,-Kinder-und-Jugendliche/Familien-und-Erziehungsberatung/Beratungsstellen-für-Eltern,-Kinder-und-Jugendliche-der-Region-Hannover/Beratungsstelle-für-Eltern,-Kinder-und-Jugendliche-Neustadt",48.424853372434,8.605767741935484,46.75659824046921,37.93186813186813,11.568113553113553,53.772893772893774
hannover,704,http://www.hannover.de/Leichte-Sprache/Hilfe-und-Tipps/Beratung-und-Unterstützung/Beratung-für-Eltern.-Für-Kinder.-Und-für-Jugendliche/Familien∙beratung-und-Erziehungs∙beratung/Beratungs∙stellen-für-Eltern.-Für-Kinder.-Und-für-Jugendliche/Ronnenberg-Beratungs∙stelle-für-Eltern.-Für-Kinder.-Und-für-Jugendliche,"https://www.hannover.de/Leben-in-der-Region-Hannover/Soziales/Familie-Partnerschaft/Beratung-Unterstützung/Beratung-für-Eltern,-Kinder-und-Jugendliche/Familien-und-Erziehungsberatung/Beratungsstellen-für-Eltern,-Kinder-und-Jugendliche-der-Region-Hannover/Beratungsstelle-für-Eltern,-Kinder-und-Jugendliche-Ronnenberg",57.86666666666666,7.7457692307692305,42.11538461538461,35.95117540687163,12.112714526823387,55.325195901145264
hannover,705,http://www.hannover.de/Leichte-Sprache/Hilfe-und-Tipps/Beratung-und-Unterstützung/Beratung-für-Eltern.-Für-Kinder.-Und-für-Jugendliche/Familien∙beratung-und-Erziehungs∙beratung/Möglichkeiten-für-eine-Beratung,"https://www.hannover.de/Leben-in-der-Region-Hannover/Soziales/Familie-Partnerschaft/Beratung-Unterstützung/Beratung-für-Eltern,-Kinder-und-Jugendliche/Familien-und-Erziehungsberatung/Jugend-und-Familienberatung-der-Landeshauptstadt-Hannover/Jugend,-Familien-und-Erziehungsberatung",58.52643020594965,7.055934553775743,37.807780320366135,20.837196667873968,14.205458964143428,66.64288301340093
hannover,706,http://www.hannover.de/Leichte-Sprache/Hilfe-und-Tipps/Beratung-und-Unterstützung/Beratung-für-Eltern.-Für-Kinder.-Und-für-Jugendliche/Familien∙beratung-und-Erziehungs∙beratung/Jugend∙beratung-und-Familien∙beratung-bei-der-Stadt-Hannover,"https://www.hannover.de/Leben-in-der-Region-Hannover/Soziales/Familie-Partnerschaft/Beratung-Unterstützung/Beratung-für-Eltern,-Kinder-und-Jugendliche/Familien-und-Erziehungsberatung/Jugend-und-Familienberatung-der-Landeshauptstadt-Hannover",57.336502999944955,7.012201192638669,39.00905029265518,29.436889763779533,11.561007937007874,55.753070866141734
hannover,707,http://www.hannover.de/Leichte-Sprache/Hilfe-und-Tipps/Beratung-und-Unterst%C3%BCtzung/Beratung-f%C3%BCr-Eltern.-F%C3%BCr-Kinder.-Und-f%C3%BCr-Jugendliche/Jugend%E2%88%99beratung-und-Familien%E2%88%99beratung-bei-der-Stadt-Hannover,"https://www.hannover.de/Leben-in-der-Region-Hannover/Soziales/Familie-Partnerschaft/Beratung-Unterstützung/Beratung-für-Eltern,-Kinder-und-Jugendliche/Familien-und-Erziehungsberatung/Jugend-und-Familienberatung-der-Landeshauptstadt-Hannover",57.336502999944955,7.012201192638669,39.00905029265518,29.436889763779533,11.561007937007874,55.753070866141734
hannover,708,http://www.hannover.de/Leichte-Sprache/Hilfe-und-Tipps/Familie-und-Partnerschaft/Frühe-Hilfen-für-Familien/Angebote-und-Unterstützung-für-Eltern/Frühe-Hilfen-Beratung-und-Unterstützung,https://www.hannover.de/Leben-in-der-Region-Hannover/Soziales/Familie-Partnerschaft/Frühe-Hilfen-–-Frühe-Chancen/Eltern/Beratung-und-Unterstützung,53.85253143051308,7.757691607203535,42.47774379884472,35.204930885083556,11.397945327006397,55.25995461109965
hannover,709,http://www.hannover.de/Leichte-Sprache/Hilfe-und-Tipps/Familie-und-Partnerschaft/Frühe-Hilfen-für-Familien/Angebote-und-Unterstützung-für-Eltern/Fachkräfte-Frühe-Hilfen,https://www.hannover.de/Leben-in-der-Region-Hannover/Soziales/Familie-Partnerschaft/Frühe-Hilfen-–-Frühe-Chancen/Eltern/Fachkräfte-Frühe-Hilfen,43.88530734632681,8.195612063199173,39.74178295467651,34.682250153280194,9.980239362354386,49.2608828939301
hannover,710,http://www.hannover.de/Leichte-Sprache/Hilfe-und-Tipps/Familie-und-Partnerschaft/Frühe-Hilfen-für-Familien/Angebote-und-Unterstützung-für-Eltern/Frühe-Hilfen-in-der-Kita,https://www.hannover.de/Leben-in-der-Region-Hannover/Soziales/Familie-Partnerschaft/Frühe-Hilfen-–-Frühe-Chancen/Eltern/Frühe-Hilfen-in-der-Kita,49.210937499999986,8.193641666666666,41.854166666666664,24.69999999999999,12.666873015873017,57.182539682539684
hannover,711,http://www.hannover.de/Leichte-Sprache/Hilfe-und-Tipps/Familie-und-Partnerschaft/Frühe-Hilfen-für-Familien/Angebote-und-Unterstützung-für-Eltern/Haus∙besuchs∙programme,https://www.hannover.de/Leben-in-der-Region-Hannover/Soziales/Familie-Partnerschaft/Frühe-Hilfen-–-Frühe-Chancen/Eltern/Hausbesuchsprogramme,57.0,8.431161538461538,46.28846153846154,23.579828758499133,13.153918559556788,58.79136237723496
hannover,712,http://www.hannover.de/Leichte-Sprache/Hilfe-und-Tipps/Familie-und-Partnerschaft/Frühe-Hilfen-für-Familien/Angebote-und-Unterstützung-für-Eltern/Team-Tages∙betreuung-informiert-über-Krippe.-Und-Kita.-Und-Schule,"https://www.hannover.de/Leben-in-der-Region-Hannover/Soziales/Familie-Partnerschaft/Frühe-Hilfen-–-Frühe-Chancen/Eltern/Krippe,-Kita,-Schule",54.24281805745554,8.0927170998632,41.512995896032834,37.573953488372084,10.536155461592669,52.39816772374912
hannover,713,http://www.hannover.de/Leichte-Sprache/Hilfe-und-Tipps/Familie-und-Partnerschaft/Frühe-Hilfen-für-Familien/Angebote-und-Unterstützung-für-Eltern/Angebote-für-Väter,https://www.hannover.de/Leben-in-der-Region-Hannover/Soziales/Familie-Partnerschaft/Frühe-Hilfen-–-Frühe-Chancen/Eltern/Väter,65.7878787878788,6.107912820512821,35.93939393939394,42.686206896551724,10.466042452107281,52.26590038314176
hannover,714,http://www.hannover.de/Leichte-Sprache/Hilfe-und-Tipps/Familie-und-Partnerschaft/Koordinierungs∙stelle-Unterstützung-für-Allein∙erziehende/Angebote-für-Allein∙erziehende/Angebote-für-Freizeit-und-Erholung,https://www.hannover.de/Leben-in-der-Region-Hannover/Soziales/Familie-Partnerschaft/Koordinierungsstelle-Alleinerziehende/Angebote-für-Alleinerziehende/Angebote-aus-dem-Bereich-Freizeit-und-Erholung,46.835163336288645,7.923075646184275,37.25574575462047,-21.99541531823087,14.989821790722761,60.95900755124056
hannover,715,http://www.hannover.de/Leichte-Sprache/Hilfe-und-Tipps/Familie-und-Partnerschaft/Koordinierungs∙stelle-Unterstützung-für-Allein∙erziehende/Angebote-für-Allein∙erziehende/Angebote-für-Kinder,https://www.hannover.de/Leben-in-der-Region-Hannover/Soziales/Familie-Partnerschaft/Koordinierungsstelle-Alleinerziehende/Angebote-für-Alleinerziehende/Angebote-für-Kinder,48.249959742351024,8.466709339774557,41.34460547504026,3.766757123473525,13.50520895522388,57.91383989145183
hannover,716,http://www.hannover.de/Leichte-Sprache/Hilfe-und-Tipps/Familie-und-Partnerschaft/Koordinierungs∙stelle-Unterstützung-für-Allein∙erziehende/Angebote-für-Allein∙erziehende/Trennung-und-Scheidung-Angebote-für-Paare,https://www.hannover.de/Leben-in-der-Region-Hannover/Soziales/Familie-Partnerschaft/Koordinierungsstelle-Alleinerziehende/Angebote-für-Alleinerziehende/Beratung-bei-Paarkonflikten-und-in-Trennungs-und-Scheidungssituationen,50.526924893717535,9.455705692017006,46.37033538025508,-17.711878196187826,15.234584193398419,64.53300790330078
hannover,717,http://www.hannover.de/Leichte-Sprache/Hilfe-und-Tipps/Familie-und-Partnerschaft/Koordinierungs∙stelle-Unterstützung-für-Allein∙erziehende/Angebote-für-Allein∙erziehende/Angebote-zu-Schwangerschaft-und-Geburt,https://www.hannover.de/Leben-in-der-Region-Hannover/Soziales/Familie-Partnerschaft/Koordinierungsstelle-Alleinerziehende/Angebote-für-Alleinerziehende/Beratung-und-Angebote-zu-Schwangerschaft-und-Geburt,49.546281300610445,8.817006179145386,42.83050953033512,-27.45394736842107,15.144266666666667,61.17982456140351
hannover,718,http://www.hannover.de/Leichte-Sprache/Hilfe-und-Tipps/Familie-und-Partnerschaft/Koordinierungs∙stelle-Unterstützung-für-Allein∙erziehende/Angebote-für-Allein∙erziehende/Beratung-Fragen-zur-Erziehung,https://www.hannover.de/Leben-in-der-Region-Hannover/Soziales/Familie-Partnerschaft/Koordinierungsstelle-Alleinerziehende/Angebote-für-Alleinerziehende/Beratung-zu-Erziehungsfragen,45.917748917748895,9.724755467372136,43.90941157607824,-4.071571571571582,15.433782567182568,64.38446138446139
hannover,719,http://www.hannover.de/Leichte-Sprache/Hilfe-und-Tipps/Gesundheit2/Gesundheits%EF%BD%A5tipps/Das-Masern%C2%B7schutz%C2%B7gesetz,https://www.hannover.de/Leben-in-der-Region-Hannover/Gesundheit/Gesundheitsschutz/Impfen-und-Impfberatung/Masern-und-Masernschutzgesetz,61.128458267127755,6.293392008598934,36.710545378072716,29.289854624188052,11.135226621301165,51.27178059593773
hannover,720,http://www.hannover.de/Leichte-Sprache/Hilfe-und-Tipps/Gesundheit2/Gesundheits%EF%BD%A5tipps/Was-ist-der-Noro-Virus,https://www.hannover.de/Leben-in-der-Region-Hannover/Gesundheit/Gesundheitsschutz/Gesundheitstipps/Noro-Virus,72.61492846385542,4.848244377510041,31.418925702811247,41.560665144003124,12.03169039050749,59.47083727926021
hannover,721,http://www.hannover.de/Leichte-Sprache/Hilfe-und-Tipps/Gesundheit2/Gesundheits%EF%BD%A5tipps/Influenza,https://www.hannover.de/Leben-in-der-Region-Hannover/Gesundheit/Gesundheitsschutz/Gesundheitstipps/Influenza,69.20916445808341,5.415251040464628,33.88920731939284,43.78509138381203,10.904363007832899,52.3957180156658
hannover,722,http://www.hannover.de/Leichte-Sprache/Hilfe-und-Tipps/Gesundheit2/Gesundheits%EF%BD%A5tipps/Was-kann-ich-gegen-Kopf%C2%B7l%C3%A4use-tun,https://www.hannover.de/Leben-in-der-Region-Hannover/Gesundheit/Gesundheitsschutz/Gesundheitstipps/Kopfläuse-–-was-tun,74.17393939393939,4.939569696969697,36.42424242424242,44.40667098827272,10.109341681890506,52.061111438505506
hannover,723,http://www.hannover.de/Leichte-Sprache/Hilfe-und-Tipps/Gesundheit2/Gesundheits%EF%BD%A5tipps/Wie-kann-ich-mich-vor-einer-Erk%C3%A4ltung-sch%C3%BCtzen,https://www.hannover.de/Leben-in-der-Region-Hannover/Gesundheit/Gesundheitsschutz/Gesundheitstipps/Der-Erkältung-vorbeugen,75.9576491716757,3.7615291550603533,29.27679836778576,54.82720404595403,8.861504145854145,47.142357642357645
hannover,724,http://www.hannover.de/Leichte-Sprache/Hilfe-und-Tipps/Gesundheit2/Gesundheits%EF%BD%A5tipps/Hautkrebs-fr%C3%BCh-genug-erkennen,https://www.hannover.de/Leben-in-der-Region-Hannover/Gesundheit/Gesundheitsschutz/Gesundheitstipps/Hautkrebsfrüherkennung,61.431312093182584,7.054978143199728,40.07228502911956,32.375693025970236,12.516397548876569,56.58068281295594
hannover,725,http://www.hannover.de/Leichte-Sprache/Freizeit-und-Tourismus/Drau%C3%9Fen/Fahrrad%E2%88%99fahren-in-der-Region-Hannover,https://www.hannover.de/Kultur-Freizeit/Naherholung/Raus-in-die-Natur/Radfahren,65.04605263157895,6.6103736842105265,37.131578947368425,37.5,18.4232,56.0
hannover,726,http://www.hannover.de/Leichte-Sprache/Freizeit-und-Tourismus/Drau%C3%9Fen/Fahrrad%E2%88%99fahren-in-der-Region-Hannover/Fahrrad%E2%88%99fahren-am-Mittel%E2%88%99land%E2%88%99kanal,https://www.hannover.de/Kultur-Freizeit/Naherholung/Raus-in-die-Natur/Radfahren/Radeln-am-Mittellandkanal,56.08454970077361,7.346642417165379,39.73613341118085,29.676470588235304,13.048119181585676,61.87468030690537
hannover,727,http://www.hannover.de/Leichte-Sprache/Freizeit-und-Tourismus/Drau%C3%9Fen/Fahrrad%E2%88%99fahren-in-der-Region-Hannover/Die-Hof%E2%88%99laden%E2%88%99routen,https://www.hannover.de/Kultur-Freizeit/Naherholung/Raus-in-die-Natur/Radfahren/Die-Hofladenrouten,47.21906126347386,9.554335134397599,49.57033701732842,20.316176470588232,14.44499411764706,80.41176470588235
hannover,728,http://www.hannover.de/Leichte-Sprache/Freizeit-und-Tourismus/Drau%C3%9Fen/Fahrrad%E2%88%99fahren-in-der-Region-Hannover/Die-Kultur%E2%88%99route,https://www.hannover.de/Kultur-Freizeit/Naherholung/Raus-in-die-Natur/Radfahren/Kulturroute,50.45124223602484,9.912513167701865,44.84223602484472,26.16233766233765,14.177026984126988,66.55988455988457
hannover,729,http://www.hannover.de/Leichte-Sprache/Freizeit-und-Tourismus/Drau%C3%9Fen/Fahrrad%E2%88%99fahren-in-der-Region-Hannover/Die-Nord%E2%88%99hannoversche-Moor%E2%88%99route,https://www.hannover.de/Kultur-Freizeit/Naherholung/Raus-in-die-Natur/Moore-in-der-Region-Hannover/Nordhannoversche-Moorroute/Die-Nordhannoversche-Moorroute,61.64285714285714,6.941174684574685,37.13207163207163,40.95379537953794,11.20468184818482,52.971947194719476
hannover,730,http://www.hannover.de/Leichte-Sprache/Freizeit-und-Tourismus/Drau%C3%9Fen/Fahrrad%E2%88%99fahren-in-der-Region-Hannover/Der-Gr%C3%BCne-Ring,https://www.hannover.de/Kultur-Freizeit/Naherholung/Raus-in-die-Natur/Radfahren/Grüner-Ring/Der-Grüne-Ring,63.5211844892696,6.5806263424518745,36.1095145988763,45.19274725274727,10.409483516483519,48.89010989010989
hannover,731,http://www.hannover.de/Leichte-Sprache/Freizeit-und-Tourismus/Drau%C3%9Fen/Fahrrad%E2%88%99fahren-in-der-Region-Hannover/Der-Deister%E2%88%99kreisel,https://www.hannover.de/Kultur-Freizeit/Naherholung/Raus-in-die-Natur/Radfahren/Der-Deisterkreisel,63.35896076352067,6.674036832803111,36.90915517850831,51.552521008403374,9.135211893988364,53.005171299288946
hannover,732,http://www.hannover.de/Leichte-Sprache/Freizeit-und-Tourismus/Draußen/Ausflugs･ziele/Der-Moor·erlebnis·pfad-Resse/Moor･erlebnisse-für-Alle,https://www.hannover.de/Kultur-Freizeit/Naherholung/Raus-in-die-Natur/Moore-in-der-Region-Hannover/Moor-Erlebnispfad-Resse/Der-Moor-Erlebnispfad/Moorerlebnisse-für-fast-Alle,75.34935275080905,4.325404401294499,32.75663430420712,45.239234449760744,10.440666873065016,53.69110610751478
hannover,733,http://www.hannover.de/Leichte-Sprache/Freizeit-und-Tourismus/Draußen/Ausflugs･ziele/Der-Moor·erlebnis·pfad-Resse/Moor-für-die-Sinne,https://www.hannover.de/Kultur-Freizeit/Naherholung/Raus-in-die-Natur/Moore-in-der-Region-Hannover/Moor-Erlebnispfad-Resse/Der-Moor-Erlebnispfad/Moor-mit-den-Sinnen-erleben,76.23605909280069,3.713049271743654,28.31543903454016,56.06329651656755,8.355970716510903,45.12050410648541
hannover,734,http://www.hannover.de/Leichte-Sprache/Freizeit-und-Tourismus/Draußen/Ausflugs･ziele/Der-Moor·erlebnis·pfad-Resse/Wissen-zum-Moor,https://www.hannover.de/Kultur-Freizeit/Naherholung/Raus-in-die-Natur/Moore-in-der-Region-Hannover/Moor-Erlebnispfad-Resse/Der-Moor-Erlebnispfad/Moorwissen,77.41761391716913,4.155515791901421,30.38150308062337,51.173279893119584,9.468478102872412,48.897862391449564
hannover,735,http://www.hannover.de/Leichte-Sprache/Freizeit-und-Tourismus/Drinnen/Museen-und-Ausstellungen/Das-ZeitZentrum-Zivil∙courage/Bildungs∙angebote-im-ZeitZentrum-Zivil∙courage,https://www.hannover.de/Kultur-Freizeit/Geschichte-Geschichten/Erinnerungskultur/ZeitZentrum-Zivilcourage/Bildungsangebote,54.05220605771525,7.457206706415455,41.111399952301454,38.79093956160884,11.523681676952544,54.280910832091934
hannover,736,http://www.hannover.de/Leichte-Sprache/Freizeit-und-Tourismus/Drinnen/Museen-und-Ausstellungen/Das-ZeitZentrum-Zivil∙courage/Ihr-Besuch-im-ZeitZentrum-Zivil∙courage,https://www.hannover.de/Kultur-Freizeit/Geschichte-Geschichten/Erinnerungskultur/ZeitZentrum-Zivilcourage/Ihr-Besuch,60.025126709638556,7.315572419804369,40.29812545061283,40.740122334270126,12.01935446079242,56.55518818537499
hannover,737,http://www.hannover.de/Leichte-Sprache/Freizeit-und-Tourismus/Drinnen/Museen-und-Ausstellungen/Das-ZeitZentrum-Zivil∙courage/Das-ZeitZentrum-Zivil∙courage,https://www.hannover.de/Kultur-Freizeit/Geschichte-Geschichten/Erinnerungskultur/ZeitZentrum-Zivilcourage/Über-uns/Von-der-Idee-zur-Eröffnung-des-ZeitZentrum-Zivilcourage,49.2233660455761,7.977637879893022,41.945671153548616,32.03900393041707,12.368404243394718,56.46700087342602
hannover,738,http://www.hannover.de/Leichte-Sprache/Freizeit-und-Tourismus/Drinnen/Museen-und-Ausstellungen/Die-Gedenkstätte-Ahlem/Die-Gedenkstätte-Ahlem-heute,https://www.hannover.de/Kultur-Freizeit/Geschichte-Geschichten/Erinnerungskultur/Gedenkstätte-Ahlem/Die-Gedenkstätte-heute,53.93778782193414,7.240083029165957,39.49347603615897,43.92105263157893,9.99098947368421,49.55263157894737
hannover,739,http://www.hannover.de/Leichte-Sprache/Freizeit-und-Tourismus/Drinnen/Museen-und-Ausstellungen/Die-Gedenkstätte-Ahlem/Lern∙angebote-in-der-Gedenkstätte-Ahlem,https://www.hannover.de/Kultur-Freizeit/Geschichte-Geschichten/Erinnerungskultur/Gedenkstätte-Ahlem/Führungen-und-pädagogisches-Angebot,52.540486725663726,8.007506725663717,41.6608407079646,21.375,14.09658717948718,62.87179487179487
hannover,740,http://www.hannover.de/Leichte-Sprache/Lernen-und-Arbeiten/Lernen/Schul%E2%88%99beginn-Informationen-f%C3%BCr-Eltern-und-Kinder/Sprache,https://www.hannover.de/Leben-in-der-Region-Hannover/Soziales/Kinder-Jugendliche/Grundschulzeit/Einschulungskompass/Sprache,78.4810659186536,3.587906721329162,30.59709785305858,77.96453488372092,4.72560573643411,35.25639534883721
hannover,741,http://www.hannover.de/Leichte-Sprache/Lernen-und-Arbeiten/Lernen/Schul%E2%88%99beginn-Informationen-f%C3%BCr-Eltern-und-Kinder/Das-machen-Kinder-von-4-bis-6-Jahren,https://www.hannover.de/Leben-in-der-Region-Hannover/Soziales/Kinder-Jugendliche/Grundschulzeit/Einschulungskompass/Das-machen-Kinder-mit-4-5-6-Jahren,83.4591836734694,1.068971428571429,19.244897959183675,67.61930091185413,4.447384802431611,28.322188449848024
hannover,742,http://www.hannover.de/Leichte-Sprache/Lernen-und-Arbeiten/Lernen/Schul%E2%88%99beginn-Informationen-f%C3%BCr-Eltern-und-Kinder/Das-machen-Kinder-von-4-bis-6-Jahren/Das-machen-viele-Kinder-mit-4-Jahren,https://www.hannover.de/Leben-in-der-Region-Hannover/Soziales/Kinder-Jugendliche/Grundschulzeit/Einschulungskompass/Das-machen-Kinder-mit-4-5-6-Jahren/Das-machen-viele-Kinder-mit-4-Jahren,75.50068550356934,2.9682093669729115,24.56102557637455,77.44117647058823,3.090650980392157,27.127450980392158
hannover,743,http://www.hannover.de/Leichte-Sprache/Lernen-und-Arbeiten/Lernen/Schul%E2%88%99beginn-Informationen-f%C3%BCr-Eltern-und-Kinder/Das-machen-Kinder-von-4-bis-6-Jahren/Das-machen-viele-Kinder-mit-5-Jahren,https://www.hannover.de/Leben-in-der-Region-Hannover/Soziales/Kinder-Jugendliche/Grundschulzeit/Einschulungskompass/Das-machen-Kinder-mit-4-5-6-Jahren/Das-machen-viele-Kinder-mit-5-Jahren,73.8758314855876,3.5987989159891596,27.221051983247104,75.2234347730145,4.46084804509619,31.759132580392787
hannover,744,http://www.hannover.de/Leichte-Sprache/Lernen-und-Arbeiten/Lernen/Schul%E2%88%99beginn-Informationen-f%C3%BCr-Eltern-und-Kinder/Das-machen-Kinder-von-4-bis-6-Jahren/Das-machen-viele-Kinder-mit-6-Jahren,https://www.hannover.de/Leben-in-der-Region-Hannover/Soziales/Kinder-Jugendliche/Grundschulzeit/Einschulungskompass/Das-machen-Kinder-mit-4-5-6-Jahren/Das-machen-viele-Kinder-mit-6-Jahren,73.60477271593234,3.70497246644379,27.417843420986976,72.87081792569114,4.728816675471034,32.21872248635323
hannover,745,http://www.hannover.de/Leichte-Sprache/Lernen-und-Arbeiten/Lernen/Schul%E2%88%99beginn-Informationen-f%C3%BCr-Eltern-und-Kinder/Informationen-f%C3%BCr-die-Zeit-vor-der-Einschulung,https://www.hannover.de/Leben-in-der-Region-Hannover/Soziales/Kinder-Jugendliche/Grundschulzeit/Einschulungskompass/Informationen-für-die-Zeit-vor-der-Einschulung,75.84447004608293,3.7151078341013832,31.43778801843318,56.57747933884298,6.285718181818183,36.61260330578513
hannover,746,http://www.hannover.de/Leichte-Sprache/Lernen-und-Arbeiten/Lernen/Schul%E2%88%99beginn-Informationen-f%C3%BCr-Eltern-und-Kinder/Informationen-f%C3%BCr-die-Zeit-vor-der-Einschulung/Schul%E2%88%99vorbereitung-im-Kinder%E2%88%99garten,https://www.hannover.de/Leben-in-der-Region-Hannover/Soziales/Kinder-Jugendliche/Grundschulzeit/Einschulungskompass/Informationen-für-die-Zeit-vor-der-Einschulung/Der-Kindergarten-in-der-Schulvorbereitung,65.54169010658191,5.85006243177084,32.93124629395935,43.831648936170225,8.849601063829786,45.75132978723404
hannover,747,http://www.hannover.de/Leichte-Sprache/Lernen-und-Arbeiten/Lernen/Schul%E2%88%99beginn-Informationen-f%C3%BCr-Eltern-und-Kinder/Informationen-f%C3%BCr-die-Zeit-vor-der-Einschulung/Was-passiert-vor-der-Schule,https://www.hannover.de/Leben-in-der-Region-Hannover/Soziales/Kinder-Jugendliche/Grundschulzeit/Einschulungskompass/Informationen-für-die-Zeit-vor-der-Einschulung/Bevor-Ihr-Kind-in-die-Schule-kommt,72.88925945378149,4.138878676470588,27.788865546218485,68.140001144443,5.325336420468363,33.24991774315838
hannover,748,http://www.hannover.de/Leichte-Sprache/Lernen-und-Arbeiten/Lernen/Schul%E2%88%99beginn-Informationen-f%C3%BCr-Eltern-und-Kinder/Informationen-f%C3%BCr-die-Zeit-vor-der-Einschulung/Was-passiert-in-der-Grund%E2%88%99schule,https://www.hannover.de/Leben-in-der-Region-Hannover/Soziales/Kinder-Jugendliche/Grundschulzeit/Einschulungskompass/Informationen-für-die-Zeit-vor-der-Einschulung/Was-passiert-in-der-Grundschule,67.06969528806378,4.688339743719101,29.499772979517708,63.41954022988506,5.646352873563219,32.08045977011494
hannover,749,http://www.hannover.de/Leichte-Sprache/Lernen-und-Arbeiten/Lernen/Schul%E2%88%99beginn-Informationen-f%C3%BCr-Eltern-und-Kinder/Ideen-und-Informationen-f%C3%BCr-zuhause,https://www.hannover.de/Leben-in-der-Region-Hannover/Soziales/Kinder-Jugendliche/Grundschulzeit/Einschulungskompass/Ideen-und-Informationen-für-zuhause,75.30000000000001,4.169765925925926,27.57037037037037,68.10204081632652,4.5808,31.346938775510203
hannover,750,http://www.hannover.de/Leichte-Sprache/Lernen-und-Arbeiten/Lernen/Schul%E2%88%99beginn-Informationen-f%C3%BCr-Eltern-und-Kinder/Ideen-und-Informationen-f%C3%BCr-zuhause/Sport%E2%88%99angebote,https://www.hannover.de/Leben-in-der-Region-Hannover/Soziales/Kinder-Jugendliche/Grundschulzeit/Einschulungskompass/Ideen-und-Informationen-für-zuhause/Sportvereine,57.28514148241494,7.901483812578759,42.605223966090044,46.21813725490195,9.799345098039216,46.62745098039216
hannover,751,http://www.hannover.de/Leichte-Sprache/Lernen-und-Arbeiten/Lernen/Schul%E2%88%99beginn-Informationen-f%C3%BCr-Eltern-und-Kinder/Ideen-und-Informationen-f%C3%BCr-zuhause/B%C3%BCcher-ausleihen,https://www.hannover.de/Leben-in-der-Region-Hannover/Soziales/Kinder-Jugendliche/Grundschulzeit/Einschulungskompass/Ideen-und-Informationen-für-zuhause/Bibliothek,62.66748768472907,6.007672249589492,34.88013136288998,53.41428571428571,7.832178571428573,38.035714285714285
hannover,752,http://www.hannover.de/Leichte-Sprache/Lernen-und-Arbeiten/Lernen/Schul%E2%88%99beginn-Informationen-f%C3%BCr-Eltern-und-Kinder/Ideen-und-Informationen-f%C3%BCr-zuhause/Die-Eltern-zuhause,https://www.hannover.de/Leben-in-der-Region-Hannover/Soziales/Kinder-Jugendliche/Grundschulzeit/Einschulungskompass/Ideen-und-Informationen-für-zuhause/Die-Eltern-zuhause,68.31633898068745,5.321962295196263,31.849839643031444,61.73494499131441,7.418706581740977,40.85316541208261
hannover,753,http://www.hannover.de/Leichte-Sprache/Lernen-und-Arbeiten/Lernen/Schul%E2%88%99beginn-Informationen-f%C3%BCr-Eltern-und-Kinder/Ideen-und-Informationen-f%C3%BCr-zuhause/Wochen%E2%88%99plan,https://www.hannover.de/Leben-in-der-Region-Hannover/Soziales/Kinder-Jugendliche/Grundschulzeit/Einschulungskompass/Ideen-und-Informationen-für-zuhause/Wochenplan,67.00711073295248,6.125604157043879,36.1060532393339,70.64705882352942,5.682446153846154,36.529411764705884
hannover,754,http://www.hannover.de/Leichte-Sprache/Lernen-und-Arbeiten/Lernen/Schul%E2%88%99beginn-Informationen-f%C3%BCr-Eltern-und-Kinder/Ideen-und-Informationen-f%C3%BCr-zuhause/Zuhause-lernen,https://www.hannover.de/Leben-in-der-Region-Hannover/Soziales/Kinder-Jugendliche/Grundschulzeit/Einschulungskompass/Ideen-und-Informationen-für-zuhause/Lernen-zuhause,77.810906075057,3.619715875319649,28.484691409219707,72.95506780676435,4.508128609552857,30.79908501715593
hannover,755,http://www.hannover.de/Leichte-Sprache/Lernen-und-Arbeiten/Lernen/Schul%E2%88%99beginn-Informationen-f%C3%BCr-Eltern-und-Kinder/Ideen-und-Informationen-f%C3%BCr-zuhause/Mein-Kind-geht-nicht-in-die-Schule,https://www.hannover.de/Leben-in-der-Region-Hannover/Soziales/Kinder-Jugendliche/Grundschulzeit/Einschulungskompass/Ideen-und-Informationen-für-zuhause/Mein-Kind-geht-nicht-in-die-Schule,70.38266365688487,5.081990194130926,31.659097065462753,65.7340730136006,6.188746456692914,35.561202576950606
hannover,756,http://www.hannover.de/Leichte-Sprache/Lernen-und-Arbeiten/Lernen/Schul%E2%88%99beginn-Informationen-f%C3%BCr-Eltern-und-Kinder/Mein-Kind-braucht-Unterst%C3%BCtzung,https://www.hannover.de/Leben-in-der-Region-Hannover/Soziales/Kinder-Jugendliche/Grundschulzeit/Einschulungskompass/Kinder-mit-Förderbedarf,71.95454545454545,5.693192207792209,35.57142857142857,56.90428571428572,6.731171428571431,35.285714285714285
hannover,757,http://www.hannover.de/Leichte-Sprache/Lernen-und-Arbeiten/Lernen/Schul%E2%88%99beginn-Informationen-f%C3%BCr-Eltern-und-Kinder/Mein-Kind-braucht-Unterst%C3%BCtzung/Unterst%C3%BCtzung-in-der-Grund%E2%88%99schule,https://www.hannover.de/Leben-in-der-Region-Hannover/Soziales/Kinder-Jugendliche/Grundschulzeit/Einschulungskompass/Kinder-mit-Förderbedarf/Kinder-mit-Förderbedarf-in-der-Grundschule,59.261995430312254,7.082995024117796,39.04658542777355,58.23158593231585,6.779808759124087,37.27206370272064
hannover,758,http://www.hannover.de/Leichte-Sprache/Lernen-und-Arbeiten/Lernen/Schul%E2%88%99beginn-Informationen-f%C3%BCr-Eltern-und-Kinder/Mein-Kind-braucht-Unterst%C3%BCtzung/Hilfe-f%C3%BCr-Ihr-Kind,https://www.hannover.de/Leben-in-der-Region-Hannover/Soziales/Kinder-Jugendliche/Grundschulzeit/Einschulungskompass/Kinder-mit-Förderbedarf/Hilfe-für-Ihr-Kind,60.91769721176743,6.358426008141946,36.99927029725785,47.28235082674334,9.218420225257608,46.769829858614905
hannover,759,http://www.hannover.de/Leichte-Sprache/Lernen-und-Arbeiten/Lernen/Schul%E2%88%99beginn-Informationen-f%C3%BCr-Eltern-und-Kinder/Mein-Kind-braucht-Unterst%C3%BCtzung/Informationen-f%C3%BCr-Eltern-von-Kindern-mit-Behinderung,https://www.hannover.de/Leben-in-der-Region-Hannover/Soziales/Kinder-Jugendliche/Grundschulzeit/Einschulungskompass/Kinder-mit-Förderbedarf/Informationen-für-Eltern-von-Kindern-mit-Behinderungen,57.79532786885247,6.965888393442623,38.038688524590164,40.833333333333314,8.996366666666667,46.833333333333336
hannover,760,http://www.hannover.de/Leichte-Sprache/Lernen-und-Arbeiten/Lernen/Schul%E2%88%99beginn-Informationen-f%C3%BCr-Eltern-und-Kinder/Spielen,https://www.hannover.de/Leben-in-der-Region-Hannover/Soziales/Kinder-Jugendliche/Grundschulzeit/Einschulungskompass/Spielen,77.98898408812728,3.2662761384678163,28.319382983397674,74.45,4.1061538461538465,33.07692307692308
hannover,761,http://www.hannover.de/Leichte-Sprache/Lernen-und-Arbeiten/Lernen/Schul∙beginn-Informationen-für-Eltern-und-Kinder/Das-machen-Kinder-von-4-bis-6-Jahren/Das-machen-viele-Kinder-mit-4-Jahren,https://www.hannover.de/Leben-in-der-Region-Hannover/Soziales/Kinder-Jugendliche/Grundschulzeit/Einschulungskompass/Das-machen-Kinder-mit-4-5-6-Jahren/Das-machen-viele-Kinder-mit-4-Jahren,75.50068550356934,2.9682093669729115,24.56102557637455,77.44117647058823,3.090650980392157,27.127450980392158
hannover,762,http://www.hannover.de/Leichte-Sprache/Lernen-und-Arbeiten/Lernen/Schul∙beginn-Informationen-für-Eltern-und-Kinder/Das-machen-Kinder-von-4-bis-6-Jahren/Das-machen-viele-Kinder-mit-5-Jahren,https://www.hannover.de/Leben-in-der-Region-Hannover/Soziales/Kinder-Jugendliche/Grundschulzeit/Einschulungskompass/Das-machen-Kinder-mit-4-5-6-Jahren/Das-machen-viele-Kinder-mit-5-Jahren,73.8758314855876,3.5987989159891596,27.221051983247104,75.2234347730145,4.46084804509619,31.759132580392787
hannover,763,http://www.hannover.de/Leichte-Sprache/Lernen-und-Arbeiten/Lernen/Schul∙beginn-Informationen-für-Eltern-und-Kinder/Das-machen-Kinder-von-4-bis-6-Jahren/Das-machen-viele-Kinder-mit-6-Jahren,https://www.hannover.de/Leben-in-der-Region-Hannover/Soziales/Kinder-Jugendliche/Grundschulzeit/Einschulungskompass/Das-machen-Kinder-mit-4-5-6-Jahren/Das-machen-viele-Kinder-mit-6-Jahren,73.60477271593234,3.70497246644379,27.417843420986976,72.87081792569114,4.728816675471034,32.21872248635323
hannover,764,http://www.hannover.de/Leichte-Sprache/Lernen-und-Arbeiten/Lernen/Schul∙beginn-Informationen-für-Eltern-und-Kinder/Informationen-für-die-Zeit-vor-der-Einschulung/Was-passiert-vor-der-Schule,https://www.hannover.de/Leben-in-der-Region-Hannover/Soziales/Kinder-Jugendliche/Grundschulzeit/Einschulungskompass/Informationen-für-die-Zeit-vor-der-Einschulung/Bevor-Ihr-Kind-in-die-Schule-kommt,72.88925945378149,4.138878676470588,27.788865546218485,68.140001144443,5.325336420468363,33.24991774315838
hannover,765,http://www.hannover.de/Leichte-Sprache/Lernen-und-Arbeiten/Lernen/Schul∙beginn-Informationen-für-Eltern-und-Kinder/Informationen-für-die-Zeit-vor-der-Einschulung/Schul∙vorbereitung-im-Kinder∙garten,https://www.hannover.de/Leben-in-der-Region-Hannover/Soziales/Kinder-Jugendliche/Grundschulzeit/Einschulungskompass/Informationen-für-die-Zeit-vor-der-Einschulung/Der-Kindergarten-in-der-Schulvorbereitung,65.54169010658191,5.85006243177084,32.93124629395935,43.831648936170225,8.849601063829786,45.75132978723404
hannover,766,http://www.hannover.de/Leichte-Sprache/Lernen-und-Arbeiten/Lernen/Schul∙beginn-Informationen-für-Eltern-und-Kinder/Informationen-für-die-Zeit-vor-der-Einschulung/Was-passiert-in-der-Grund∙schule,https://www.hannover.de/Leben-in-der-Region-Hannover/Soziales/Kinder-Jugendliche/Grundschulzeit/Einschulungskompass/Informationen-für-die-Zeit-vor-der-Einschulung/Was-passiert-in-der-Grundschule,67.06969528806378,4.688339743719101,29.499772979517708,63.41954022988506,5.646352873563219,32.08045977011494
hannover,767,http://www.hannover.de/Leichte-Sprache/Lernen-und-Arbeiten/Lernen/Schul∙beginn-Informationen-für-Eltern-und-Kinder/Ideen-und-Informationen-für-zuhause/Bücher-ausleihen,https://www.hannover.de/Leben-in-der-Region-Hannover/Soziales/Kinder-Jugendliche/Grundschulzeit/Einschulungskompass/Ideen-und-Informationen-für-zuhause/Bibliothek,62.66748768472907,6.007672249589492,34.88013136288998,53.41428571428571,7.832178571428573,38.035714285714285
hannover,768,http://www.hannover.de/Leichte-Sprache/Lernen-und-Arbeiten/Lernen/Schul∙beginn-Informationen-für-Eltern-und-Kinder/Ideen-und-Informationen-für-zuhause/Die-Eltern-zuhause,https://www.hannover.de/Leben-in-der-Region-Hannover/Soziales/Kinder-Jugendliche/Grundschulzeit/Einschulungskompass/Ideen-und-Informationen-für-zuhause/Die-Eltern-zuhause,68.31633898068745,5.321962295196263,31.849839643031444,61.73494499131441,7.418706581740977,40.85316541208261
hannover,769,http://www.hannover.de/Leichte-Sprache/Lernen-und-Arbeiten/Lernen/Schul∙beginn-Informationen-für-Eltern-und-Kinder/Ideen-und-Informationen-für-zuhause/Zuhause-lernen,https://www.hannover.de/Leben-in-der-Region-Hannover/Soziales/Kinder-Jugendliche/Grundschulzeit/Einschulungskompass/Ideen-und-Informationen-für-zuhause/Lernen-zuhause,77.810906075057,3.619715875319649,28.484691409219707,72.95506780676435,4.508128609552857,30.79908501715593
hannover,770,http://www.hannover.de/Leichte-Sprache/Lernen-und-Arbeiten/Lernen/Schul∙beginn-Informationen-für-Eltern-und-Kinder/Ideen-und-Informationen-für-zuhause/Mein-Kind-geht-nicht-in-die-Schule,https://www.hannover.de/Leben-in-der-Region-Hannover/Soziales/Kinder-Jugendliche/Grundschulzeit/Einschulungskompass/Ideen-und-Informationen-für-zuhause/Mein-Kind-geht-nicht-in-die-Schule,70.38266365688487,5.081990194130926,31.659097065462753,65.7340730136006,6.188746456692914,35.561202576950606
hannover,771,http://www.hannover.de/Leichte-Sprache/Lernen-und-Arbeiten/Lernen/Schul∙beginn-Informationen-für-Eltern-und-Kinder/Ideen-und-Informationen-für-zuhause/Sport∙angebote,https://www.hannover.de/Leben-in-der-Region-Hannover/Soziales/Kinder-Jugendliche/Grundschulzeit/Einschulungskompass/Ideen-und-Informationen-für-zuhause/Sportvereine,57.28514148241494,7.901483812578759,42.605223966090044,46.21813725490195,9.799345098039216,46.62745098039216
hannover,772,http://www.hannover.de/Leichte-Sprache/Lernen-und-Arbeiten/Lernen/Schul∙beginn-Informationen-für-Eltern-und-Kinder/Ideen-und-Informationen-für-zuhause/Wochen∙plan,https://www.hannover.de/Leben-in-der-Region-Hannover/Soziales/Kinder-Jugendliche/Grundschulzeit/Einschulungskompass/Ideen-und-Informationen-für-zuhause/Wochenplan,67.00711073295248,6.125604157043879,36.1060532393339,70.64705882352942,5.682446153846154,36.529411764705884
hannover,773,http://www.hannover.de/Leichte-Sprache/Lernen-und-Arbeiten/Lernen/Schul∙beginn-Informationen-für-Eltern-und-Kinder/Mein-Kind-braucht-Unterstützung/Hilfe-für-Ihr-Kind,https://www.hannover.de/Leben-in-der-Region-Hannover/Soziales/Kinder-Jugendliche/Grundschulzeit/Einschulungskompass/Kinder-mit-Förderbedarf/Hilfe-für-Ihr-Kind,60.91769721176743,6.358426008141946,36.99927029725785,47.28235082674334,9.218420225257608,46.769829858614905
hannover,774,http://www.hannover.de/Leichte-Sprache/Lernen-und-Arbeiten/Lernen/Schul∙beginn-Informationen-für-Eltern-und-Kinder/Mein-Kind-braucht-Unterstützung/Informationen-für-Eltern-von-Kindern-mit-Behinderung,https://www.hannover.de/Leben-in-der-Region-Hannover/Soziales/Kinder-Jugendliche/Grundschulzeit/Einschulungskompass/Kinder-mit-Förderbedarf/Informationen-für-Eltern-von-Kindern-mit-Behinderungen,57.79532786885247,6.965888393442623,38.038688524590164,40.833333333333314,8.996366666666667,46.833333333333336
hannover,775,http://www.hannover.de/Leichte-Sprache/Lernen-und-Arbeiten/Lernen/Schul∙beginn-Informationen-für-Eltern-und-Kinder/Mein-Kind-braucht-Unterstützung/Unterstützung-in-der-Grund∙schule,https://www.hannover.de/Leben-in-der-Region-Hannover/Soziales/Kinder-Jugendliche/Grundschulzeit/Einschulungskompass/Kinder-mit-Förderbedarf/Kinder-mit-Förderbedarf-in-der-Grundschule,59.261995430312254,7.082995024117796,39.04658542777355,58.23158593231585,6.779808759124087,37.27206370272064
hannover,776,http://www.hannover.de/Leichte-Sprache/Hilfe-und-Tipps/Sozial%EF%BD%A5leistungen/Sozial%EF%BD%A5hilfe,https://www.hannover.de/Leben-in-der-Region-Hannover/Soziales/Sozialleistungen-weitere-Hilfen/Sozialhilfe,63.734867951463244,6.772026438258387,39.046716630977876,31.433910306845007,12.78059735116706,56.92787831104117
hannover,777,http://www.hannover.de/Leichte-Sprache/Hilfe-und-Tipps/Sozial･leistungen/BuT-Leistungen-Leit∙faden-für-Mitarbeiter-in-Kitas/BuT-Leistungen-Kosten-für-Tages∙ausflüge-von-der-Kita,https://www.hannover.de/Leben-in-der-Region-Hannover/Soziales/Sozialleistungen-weitere-Hilfen/Bildungs-und-Teilhabepaket/Leitfaden-für-Mitarbeitende-in-Kindertageseinrichtungen-Kindertagesbetreuung/Kosten-für-Tagesausflüge-der-Kita,64.1940957364541,6.861769881940506,37.122080734134144,53.56672774183896,8.55757036233781,43.916576300340274
hannover,778,http://www.hannover.de/Leichte-Sprache/Hilfe-und-Tipps/Sozial･leistungen/BuT-Leistungen-Leit∙faden-für-Mitarbeiter-in-Kitas/BuT-Leistungen-Kosten-für-Ausflüge-von-der-Kita-mit-Übernachtung,https://www.hannover.de/Leben-in-der-Region-Hannover/Soziales/Sozialleistungen-weitere-Hilfen/Bildungs-und-Teilhabepaket/Leitfaden-für-Mitarbeitende-in-Kindertageseinrichtungen-Kindertagesbetreuung/Kosten-für-mehrtägige-Fahrten-der-Kita,66.17631450288536,6.492472622654204,36.424522901162085,50.1939393939394,9.251450774410774,47.20673400673401
hannover,779,http://www.hannover.de/Leichte-Sprache/Hilfe-und-Tipps/Sozial･leistungen/BuT-Leistungen-Leit∙faden-für-Mitarbeiter-in-Kitas/BuT-Leistungen-Kosten-für-das-Mittag∙essen-in-der-Kita,https://www.hannover.de/Leben-in-der-Region-Hannover/Soziales/Sozialleistungen-weitere-Hilfen/Bildungs-und-Teilhabepaket/Leitfaden-für-Mitarbeitende-in-Kindertageseinrichtungen-Kindertagesbetreuung/Kosten-für-Mittagsverpflegung,63.97088734551258,7.622248340271337,39.82505446153183,46.11009401286492,10.3896560684244,49.51947409344737
hannover,780,http://www.hannover.de/Leichte-Sprache/Hilfe-und-Tipps/Sozial･leistungen/BuT-Leistungen-Leit∙faden-für-Mitarbeiter-in-Kitas/BuT-Leistungen-Kosten-für-Teilhabe∙aktivitäten-von-der-Kita,https://www.hannover.de/Leben-in-der-Region-Hannover/Soziales/Sozialleistungen-weitere-Hilfen/Bildungs-und-Teilhabepaket/Leitfaden-für-Mitarbeitende-in-Kindertageseinrichtungen-Kindertagesbetreuung/Kosten-für-Teilhabeaktivitäten,59.60005197505197,7.343914553014553,38.04296604296604,40.43942028985509,10.646685668276973,51.85909822866344
hannover,781,http://www.hannover.de/Leichte-Sprache/Hilfe-und-Tipps/Sozial･leistungen/BuT-Leistungen-Leit∙faden-für-Mitarbeiter-in-Kitas/BuT-Leistungen-Weitere-Fragen,https://www.hannover.de/Leben-in-der-Region-Hannover/Soziales/Sozialleistungen-weitere-Hilfen/Bildungs-und-Teilhabepaket/Leitfaden-für-Mitarbeitende-in-Kindertageseinrichtungen-Kindertagesbetreuung/Häufig-gestellte-Fragen,64.7359418931584,6.687582989690722,36.65323336457357,45.55771782397167,9.732971428571428,47.82043343653251
hannover,782,http://www.hannover.de/Leichte-Sprache/Hilfe-und-Tipps/Beratung-und-Unterstützung/Beratung-für-Eltern.-Für-Kinder.-Und-für-Jugendliche/Familien∙beratung-und-Erziehungs∙beratung/Beratungs∙stellen-für-Eltern.-Für-Kinder.-Und-für-Jugendliche/Burgdorf-Beratungs∙stelle-für-Eltern.-Für-Kinder.-Und-für-Jugendliche/Gruppen∙angebot-für-Mütter-mit-Kindern-von-0-bis-12-Monaten,"https://www.hannover.de/Leben-in-der-Region-Hannover/Soziales/Familie-Partnerschaft/Beratung-Unterstützung/Beratung-für-Eltern,-Kinder-und-Jugendliche/Familien-und-Erziehungsberatung/Beratungsstellen-für-Eltern,-Kinder-und-Jugendliche-der-Region-Hannover/Beratungsstelle-für-Eltern,-Kinder-und-Jugendliche-Burgdorf/Gruppenangebot-für-Mütter-mit-Kindern-im-ersten-Lebensjahr",67.70917935702198,4.664489170896786,30.543358714043997,49.918589364359434,8.365744179320318,43.25386182869914
hannover,783,http://www.hannover.de/Leichte-Sprache/Freizeit-und-Tourismus/Drinnen/Museen-und-Ausstellungen/Das-ZeitZentrum-Zivil%E2%88%99courage/Das-ZeitZentrum-Zivil%E2%88%99courage,https://www.hannover.de/Kultur-Freizeit/Geschichte-Geschichten/Erinnerungskultur/ZeitZentrum-Zivilcourage/Über-uns/Von-der-Idee-zur-Eröffnung-des-ZeitZentrum-Zivilcourage,49.2233660455761,7.977637879893022,41.945671153548616,32.03900393041707,12.368404243394718,56.46700087342602
hannover,784,http://www.hannover.de/Leichte-Sprache/Freizeit-und-Tourismus/Drinnen/Museen-und-Ausstellungen/Das-ZeitZentrum-Zivil%E2%88%99courage/Ihr-Besuch-im-ZeitZentrum-Zivil%E2%88%99courage,https://www.hannover.de/Kultur-Freizeit/Geschichte-Geschichten/Erinnerungskultur/ZeitZentrum-Zivilcourage/Ihr-Besuch,60.025126709638556,7.315572419804369,40.29812545061283,40.740122334270126,12.01935446079242,56.55518818537499
hannover,785,http://www.hannover.de/Leichte-Sprache/Nachrichten-und-Veranstaltungen/Nachrichten/Das-ZeitZentrum-Zivil%E2%88%99courage,https://www.hannover.de/Kultur-Freizeit/Geschichte-Geschichten/Erinnerungskultur/ZeitZentrum-Zivilcourage/Über-uns/Von-der-Idee-zur-Eröffnung-des-ZeitZentrum-Zivilcourage,49.2233660455761,7.977637879893022,41.945671153548616,32.03900393041707,12.368404243394718,56.46700087342602
hannover,786,http://www.hannover.de/Leichte-Sprache/Freizeit-und-Tourismus/Drinnen/Museen-und-Ausstellungen/Das-ZeitZentrum-Zivil%E2%88%99courage/Bildungs%E2%88%99angebote-im-ZeitZentrum-Zivil%E2%88%99courage,https://www.hannover.de/Kultur-Freizeit/Geschichte-Geschichten/Erinnerungskultur/ZeitZentrum-Zivilcourage/Bildungsangebote,54.05220605771525,7.457206706415455,41.111399952301454,38.79093956160884,11.523681676952544,54.280910832091934
hannover,787,http://www.hannover.de/Leichte-Sprache/Hilfe-und-Tipps/Sozial%EF%BD%A5leistungen/BuT-Leistungen-Leit%E2%88%99faden-f%C3%BCr-Mitarbeiter-in-Kitas,https://www.hannover.de/Leben-in-der-Region-Hannover/Soziales/Sozialleistungen-weitere-Hilfen/Bildungs-und-Teilhabepaket/Leitfaden-für-Mitarbeitende-in-Kindertageseinrichtungen-Kindertagesbetreuung,56.042383888973404,8.075167443275566,39.6159589033081,32.832507228417995,12.007725980999588,55.65076414704667
hannover,788,http://www.hannover.de/Leichte-Sprache/Hilfe-und-Tipps/Sozial%EF%BD%A5leistungen/BuT-Leistungen-Leit%E2%88%99faden-f%C3%BCr-Mitarbeiter-in-Kitas/BuT-Leistungen-Kosten-f%C3%BCr-Ausfl%C3%BCge-von-der-Kita-mit-%C3%9Cbernachtung,https://www.hannover.de/Leben-in-der-Region-Hannover/Soziales/Sozialleistungen-weitere-Hilfen/Bildungs-und-Teilhabepaket/Leitfaden-für-Mitarbeitende-in-Kindertageseinrichtungen-Kindertagesbetreuung/Kosten-für-mehrtägige-Fahrten-der-Kita,66.17631450288536,6.492472622654204,36.424522901162085,50.1939393939394,9.251450774410774,47.20673400673401
hannover,789,http://www.hannover.de/Leichte-Sprache/Hilfe-und-Tipps/Sozial%EF%BD%A5leistungen/BuT-Leistungen-Leit%E2%88%99faden-f%C3%BCr-Mitarbeiter-in-Kitas/BuT-Leistungen-Kosten-f%C3%BCr-das-Mittag%E2%88%99essen-in-der-Kita,https://www.hannover.de/Leben-in-der-Region-Hannover/Soziales/Sozialleistungen-weitere-Hilfen/Bildungs-und-Teilhabepaket/Leitfaden-für-Mitarbeitende-in-Kindertageseinrichtungen-Kindertagesbetreuung/Kosten-für-Mittagsverpflegung,63.97088734551258,7.622248340271337,39.82505446153183,46.11009401286492,10.3896560684244,49.51947409344737
hannover,790,http://www.hannover.de/Leichte-Sprache/Hilfe-und-Tipps/Sozial%EF%BD%A5leistungen/BuT-Leistungen-Leit%E2%88%99faden-f%C3%BCr-Mitarbeiter-in-Kitas/BuT-Leistungen-Kosten-f%C3%BCr-Teilhabe%E2%88%99aktivit%C3%A4ten-von-der-Kita,https://www.hannover.de/Leben-in-der-Region-Hannover/Soziales/Sozialleistungen-weitere-Hilfen/Bildungs-und-Teilhabepaket/Leitfaden-für-Mitarbeitende-in-Kindertageseinrichtungen-Kindertagesbetreuung/Kosten-für-Teilhabeaktivitäten,59.60005197505197,7.343914553014553,38.04296604296604,40.43942028985509,10.646685668276973,51.85909822866344
hannover,791,http://www.hannover.de/Leichte-Sprache/Hilfe-und-Tipps/Sozial%EF%BD%A5leistungen/BuT-Leistungen-Leit%E2%88%99faden-f%C3%BCr-Mitarbeiter-in-Kitas/BuT-Leistungen-Weitere-Fragen,https://www.hannover.de/Leben-in-der-Region-Hannover/Soziales/Sozialleistungen-weitere-Hilfen/Bildungs-und-Teilhabepaket/Leitfaden-für-Mitarbeitende-in-Kindertageseinrichtungen-Kindertagesbetreuung/Häufig-gestellte-Fragen,64.7359418931584,6.687582989690722,36.65323336457357,45.55771782397167,9.732971428571428,47.82043343653251
hannover,792,http://www.hannover.de/Leichte-Sprache/Hilfe-und-Tipps/Sozial%EF%BD%A5leistungen/BuT-Leistungen-Leit%E2%88%99faden-f%C3%BCr-Mitarbeiter-in-Kitas/BuT-Leistungen-Kosten-f%C3%BCr-Tages%E2%88%99ausfl%C3%BCge-von-der-Kita,https://www.hannover.de/Leben-in-der-Region-Hannover/Soziales/Sozialleistungen-weitere-Hilfen/Bildungs-und-Teilhabepaket/Leitfaden-für-Mitarbeitende-in-Kindertageseinrichtungen-Kindertagesbetreuung/Kosten-für-Tagesausflüge-der-Kita,64.1940957364541,6.861769881940506,37.122080734134144,53.56672774183896,8.55757036233781,43.916576300340274
hannover,793,http://www.hannover.de/Leichte-Sprache/Hilfe-und-Tipps/Beratung-und-Unterst%C3%BCtzung/Beratung-f%C3%BCr-Eltern.-F%C3%BCr-Kinder.-Und-f%C3%BCr-Jugendliche/Familien%E2%88%99beratung-und-Erziehungs%E2%88%99beratung/Beratungs%E2%88%99stellen-f%C3%BCr-Eltern.-F%C3%BCr-Kinder.-Und-f%C3%BCr-Jugendliche/Burgdorf-Beratungs%E2%88%99stelle-f%C3%BCr-Eltern.-F%C3%BCr-Kinder.-Und-f%C3%BCr-Jugendliche,"https://www.hannover.de/Leben-in-der-Region-Hannover/Soziales/Familie-Partnerschaft/Beratung-Unterstützung/Beratung-für-Eltern,-Kinder-und-Jugendliche/Familien-und-Erziehungsberatung/Beratungsstellen-für-Eltern,-Kinder-und-Jugendliche-der-Region-Hannover/Beratungsstelle-für-Eltern,-Kinder-und-Jugendliche-Burgdorf",49.27727272727273,8.362363636363636,44.54545454545455,42.682765151515156,11.164482575757578,50.46212121212121
hannover,794,http://www.hannover.de/Leichte-Sprache/Hilfe-und-Tipps/Beratung-und-Unterst%C3%BCtzung/Beratung-f%C3%BCr-Eltern.-F%C3%BCr-Kinder.-Und-f%C3%BCr-Jugendliche/Familien%E2%88%99beratung-und-Erziehungs%E2%88%99beratung,"https://www.hannover.de/Leben-in-der-Region-Hannover/Soziales/Familie-Partnerschaft/Beratung-Unterstützung/Beratung-für-Eltern,-Kinder-und-Jugendliche/Familien-und-Erziehungsberatung",56.825373678454255,7.864261975938753,38.921071819176085,45.40555555555555,10.990957264957267,48.29059829059829
hannover,795,http://www.hannover.de/Leichte-Sprache/Hilfe-und-Tipps/Beratung-und-Unterst%C3%BCtzung/Beratung-f%C3%BCr-Eltern.-F%C3%BCr-Kinder.-Und-f%C3%BCr-Jugendliche/Familien%E2%88%99beratung-und-Erziehungs%E2%88%99beratung/Beratungs%E2%88%99stellen-f%C3%BCr-Eltern.-F%C3%BCr-Kinder.-Und-f%C3%BCr-Jugendliche,"https://www.hannover.de/Leben-in-der-Region-Hannover/Soziales/Familie-Partnerschaft/Beratung-Unterstützung/Beratung-für-Eltern,-Kinder-und-Jugendliche/Familien-und-Erziehungsberatung/Beratungsstellen-für-Eltern,-Kinder-und-Jugendliche-der-Region-Hannover",64.28156049094096,5.9876112215078905,34.83284628872005,44.778333333333336,9.458058974358973,45.84935897435897
apotheken,0,https://www.apotheken-umschau.de/einfache-sprache/krankheiten/weitsichtigkeit-753261.html,https://www.apotheken-umschau.de/krankheiten-symptome/augenkrankheiten/wie-kann-man-weitsichtigkeit-behandeln-733661.html,63.609143763213524,6.686604103967168,37.84205944534262,43.86332862781251,10.357935726426781,51.07732419117859
apotheken,1,https://www.apotheken-umschau.de/einfache-sprache/medikamente-heilpflanzen/baldrian-769821.html,https://www.apotheken-umschau.de/medikamente/heilpflanzen/baldrian-schlaffoerdernd-und-beruhigend-732989.html,49.55894045781251,9.870751151171092,46.640738343044006,38.18230277185498,12.34195594554699,54.347547974413644
apotheken,2,https://www.apotheken-umschau.de/einfache-sprache/krankheiten/magenschleimhaut-entzuendung-722625.html,https://www.apotheken-umschau.de/krankheiten-symptome/magen-und-darmerkrankungen/magenschleimhautentzuendung-symptome-diagnose-behandlung-739927.html,49.38779128672745,8.455933941236069,40.96403242147923,36.40263552494471,11.327578783642972,53.07881159935955
apotheken,3,https://www.apotheken-umschau.de/einfache-sprache/krankheiten/zwangsstoerung-912051.html,https://www.apotheken-umschau.de/krankheiten-symptome/psychische-krankheiten/zwangsstoerung-ursachen-symptome-und-behandlung-1473831.html,53.79143485573813,8.646636310576328,41.25187964520349,44.89547770700638,10.393657726822365,50.71881811748054
apotheken,4,https://www.apotheken-umschau.de/einfache-sprache/krankheiten/mandelentzuendung-722661.html,https://www.apotheken-umschau.de/krankheiten-symptome/infektionskrankheiten/mandelentzuendung-tonsillitis-735745.html,57.334361471861456,7.684550865800865,40.35849567099567,41.24290035288189,10.708997781885397,51.20488153251554
apotheken,5,https://www.apotheken-umschau.de/einfache-sprache/krankheiten/reisedurchfall-769781.html,https://www.apotheken-umschau.de/news/reisedurchfall-welche-medikamente-laut-stiftung-warentest-helfen-715693.html,61.58131512392515,7.06851609914011,39.590915528578655,50.27100915908022,9.996797681175462,52.45197708846399
apotheken,6,https://www.apotheken-umschau.de/einfache-sprache/untersuchungen-therapien/darmspiegelung-722805.html,https://www.apotheken-umschau.de/diagnose/diagnoseverfahren/darmspiegelung-gruende-vorteile-risiken-734823.html,60.51869767038308,7.364866799705002,39.61836796668257,45.77789492180638,9.979216780882094,48.60586891583202
apotheken,7,https://www.apotheken-umschau.de/einfache-sprache/medikamente-heilpflanzen/antibiotika-richtig-einnehmen-761829.html,https://www.apotheken-umschau.de/medikamente/basiswissen/antibiotika-richtig-einnehmen-715399.html,47.45570797488958,8.788485421994885,43.796849569867476,45.540675844806,9.842833086229582,48.64635281281088
apotheken,8,https://www.apotheken-umschau.de/einfache-sprache/untersuchungen-therapien/migraene-apps-837725.html,https://www.apotheken-umschau.de/e-health/mit-digitalen-helfern-gegen-die-migraene-837681.html,58.60098176718094,8.229819368196086,40.50253790155613,37.840274093722385,11.635184792219276,54.18213969938108
apotheken,9,https://www.apotheken-umschau.de/einfache-sprache/krankheiten/neurodermitis-723297.html,https://www.apotheken-umschau.de/krankheiten-symptome/hautkrankheiten/neurodermitis-symptome-und-behandlung-734571.html,59.16629306514804,7.4975526152106315,40.22465568076255,33.78275409417873,12.19719678913994,57.27517203566756
apotheken,10,https://www.apotheken-umschau.de/einfache-sprache/krankheiten/wechseljahre-722097.html,https://www.apotheken-umschau.de/krankheiten-symptome/erkrankungen-der-weiblichen-geschlechtsorgane/wechseljahre-beginn-symptome-hilfe-bei-beschwerden-736281.html,52.7723073568186,8.809482945106359,43.61915429296434,25.263265306122435,13.441682448979593,57.55510204081632
apotheken,11,https://www.apotheken-umschau.de/einfache-sprache/krankheiten/diabetes-typ-1-862049.html,https://www.apotheken-umschau.de/krankheiten-symptome/diabetes/typ-1/diabetes-mellitus-typ-1-808607.html,63.779078526144005,6.470519634674534,36.81589354089511,34.87116367259054,11.897749995179483,53.33870553073882
apotheken,12,https://www.apotheken-umschau.de/einfache-sprache/krankheiten/kopflaeuse-769767.html,https://www.apotheken-umschau.de/krankheiten-symptome/lausbefall-735073.html,67.13058635131804,6.046181571815719,36.57551120965755,51.827025956013486,9.330334404291964,47.345117434576515
apotheken,13,https://www.apotheken-umschau.de/einfache-sprache/verhuetung/kupferspirale-937179.html,https://www.apotheken-umschau.de/gesund-bleiben/sex/verhuetung-kupferspirale-713663.html,57.19937504862175,7.8348085833571055,40.17800741643544,43.14170625713551,10.70948397598792,50.74750487975546
apotheken,14,https://www.apotheken-umschau.de/einfache-sprache/untersuchungen-therapien/stuhlgang-753637.html,https://www.apotheken-umschau.de/krankheiten-symptome/magen-und-darmerkrankungen/stuhlgang-was-die-ausscheidungen-verraten-738911.html,70.41952308845347,5.255346209027364,34.159424279967574,40.81828626983075,11.5595704450042,53.98020239515665
apotheken,15,https://www.apotheken-umschau.de/einfache-sprache/krankheiten/knochenbruch-788579.html,https://www.apotheken-umschau.de/therapie/erste-hilfe/knochenbruch-768031.html,66.63333333333334,6.699267327823692,39.30633608815427,47.000000000000014,10.265819607843138,50.98529411764706
apotheken,16,https://www.apotheken-umschau.de/einfache-sprache/medikamente-heilpflanzen/flohsamen-769873.html,https://www.apotheken-umschau.de/medikamente/heilpflanzen/indischer-flohsamen-pflanzliches-mittel-gegen-verstopfung-736369.html,55.3559829059829,8.638008547008546,42.23290598290598,49.57189542483658,9.873296986201888,49.12563543936093
apotheken,17,https://www.apotheken-umschau.de/einfache-sprache/krankheiten/oberschenkelhals-bruch-769825.html,https://www.apotheken-umschau.de/krankheiten-symptome/gelenks-und-knochenerkrankungen/oberschenkelhalsbruch-schenkelhalsfraktur-748873.html,57.49923165895572,7.938551500330469,42.646133509583606,33.66110372340427,12.456680019946809,57.05452127659574
apotheken,18,https://www.apotheken-umschau.de/einfache-sprache/krankheiten/schilddruesenueberfunktion-722735.html,https://www.apotheken-umschau.de/krankheiten-symptome/schilddruesenueberfunktion-ursachen-symptome-behandlung-734417.html,52.282244897959174,8.41855631212485,42.303589435774306,24.96212147202783,13.707010358629525,61.001443781162806
apotheken,19,https://www.apotheken-umschau.de/einfache-sprache/erste-hilfe/erste-hilfe-apps-837713.html,https://www.apotheken-umschau.de/e-health/erste-hilfe-apps-wie-das-smartphone-im-notfall-unterstuetzt-837689.html,61.66874999999999,6.5075734615384615,37.607692307692304,42.652964959568735,10.802490925426776,53.51370170709793
apotheken,20,https://www.apotheken-umschau.de/einfache-sprache/krankheiten/spinalkanal-stenose-911545.html,https://www.apotheken-umschau.de/krankheiten-symptome/neurologische-erkrankungen/lumbale-spinalkanalstenose-wirbelkanalstenose-735261.html,53.54201921324618,7.303416162036918,39.96722293093124,29.07257893171291,12.965521741101147,58.33371577501098
apotheken,21,https://www.apotheken-umschau.de/einfache-sprache/erste-hilfe/wiederbelebung-796359.html,https://www.apotheken-umschau.de/therapie/erste-hilfe/herzstillstand-so-geht-erste-hilfe-766175.html,58.879530447542194,6.584471019809244,37.03961848862803,52.55755933267994,8.64083521461563,45.80828356228916
apotheken,22,https://www.apotheken-umschau.de/einfache-sprache/krankheiten/syphilis-769763.html,https://www.apotheken-umschau.de/krankheiten-symptome/geschlechtskrankheiten/syphilis-lues-733965.html,63.13592491636723,7.689929902118697,39.632071614422,45.96482520500646,10.871286059559777,50.6431808372896
apotheken,23,https://www.apotheken-umschau.de/einfache-sprache/krankheiten/geschwuere-im-magen-und-zwoelffingerdarm-786353.html,https://www.apotheken-umschau.de/krankheiten-symptome/magen-und-darmerkrankungen/magen-zwoelffingerdarmgeschwuer-734637.html,64.93037168141593,6.2173254340216335,36.25792723697148,29.178296675239324,12.064901197136674,55.858803977457356
apotheken,24,https://www.apotheken-umschau.de/einfache-sprache/medikamente-heilpflanzen/l-thyroxin-722969.html,https://www.apotheken-umschau.de/medikamente/wirkstoffe/l-thyroxin-wirkung-nebenwirkungen-anwendungstipps-719751.html,46.41263275941685,10.158946698331025,47.65914638168745,38.1875,12.017817195767195,53.6114417989418
apotheken,25,https://www.apotheken-umschau.de/einfache-sprache/medikamente-heilpflanzen/traubensilberkerze-769869.html,https://www.apotheken-umschau.de/medikamente/heilpflanzen/traubensilberkerze-pflanzliche-hilfe-in-den-wechseljahren-736517.html,45.11459490207763,9.721049169759189,47.062356096107486,32.469585253456245,11.711404452321874,52.9534916696207
apotheken,26,https://www.apotheken-umschau.de/einfache-sprache/krankheiten/thrombose-749541.html,https://www.apotheken-umschau.de/krankheiten-symptome/herz-kreislauf-erkrankungen/thrombose-ursachen-therapien-und-vorbeugung-740009.html,59.960904628330994,8.042737712326632,42.47810503350475,41.778869163250576,10.852755073858816,52.578103219974786
apotheken,27,https://www.apotheken-umschau.de/einfache-sprache/erste-hilfe/defibrillator-896773.html,https://www.apotheken-umschau.de/therapie/therapiearten/defibrillator-neustart-fuer-das-herz-745527.html,64.07753702529823,6.301001060335389,35.144470696709504,46.50368797741251,10.115807135196654,48.46026395850205
apotheken,28,https://www.apotheken-umschau.de/einfache-sprache/krankheiten/rueckenschmerzen-906277.html,https://www.apotheken-umschau.de/krankheiten-symptome/gelenks-und-knochenerkrankungen/rueckenschmerzen-was-hilft-734999.html,59.21665785997358,7.075010472919419,38.21729194187583,37.32267905594264,11.940207597180374,55.59479432256657
apotheken,29,https://www.apotheken-umschau.de/einfache-sprache/krankheiten/haemorriden-723237.html,https://www.apotheken-umschau.de/krankheiten-symptome/magen-und-darmerkrankungen/haemorrhoiden-ratgeber-739383.html,60.5297049052179,7.88777287473129,40.14637482900137,40.20973374072456,12.17822787720064,55.29659537319948
apotheken,30,https://www.apotheken-umschau.de/einfache-sprache/untersuchungen-therapien/richtig-inhalieren-942573.html,https://www.apotheken-umschau.de/krankheiten-symptome/infektionskrankheiten/richtig-inhalieren-so-geht-s-708809.html,61.69573382126349,7.578855123266564,41.33551617873651,44.6508725056358,11.140734891876095,52.37697253068381
apotheken,31,https://www.apotheken-umschau.de/einfache-sprache/krankheiten/kurzsichtigkeit-723523.html,https://www.apotheken-umschau.de/krankheiten-symptome/augenkrankheiten/kurzsichtigkeit-ursachen-und-therapie-733871.html,62.91710526315788,7.163653567251462,38.9593567251462,40.8410138248848,11.536411272598368,54.59136830911024
apotheken,32,https://www.apotheken-umschau.de/einfache-sprache/krankheiten/bipolare-stoerung-1118963.html,https://www.apotheken-umschau.de/krankheiten-symptome/psychische-krankheiten/woran-man-eine-bipolare-stoerung-erkennt-718449.html,51.97383031022207,9.21103282477256,45.3105116686444,40.01275566918628,11.52978603823922,55.21520675855936
apotheken,33,https://www.apotheken-umschau.de/einfache-sprache/krankheiten/sehnenscheidenentzuendung-722089.html,https://www.apotheken-umschau.de/krankheiten-symptome/gelenks-und-knochenerkrankungen/sehnenscheidenentzuendung-ursachen-beschwerden-behandlung-735129.html,60.649306846550175,6.11983233653795,36.324002761990755,37.94986593435108,11.437379457682827,54.71488344937941
apotheken,34,https://www.apotheken-umschau.de/einfache-sprache/erste-hilfe/erste-hilfe-fremdkoerper-im-auge-788185.html,https://www.apotheken-umschau.de/therapie/erste-hilfe/fremdkoerper-im-auge-766147.html,64.73974025974024,7.106314285714287,36.811688311688314,52.71166356877323,9.132109479553904,49.89800185873606
apotheken,35,https://www.apotheken-umschau.de/einfache-sprache/medikamente-heilpflanzen/antazida-769857.html,https://www.apotheken-umschau.de/krankheiten-symptome/symptome/sodbrennen-welche-medikamente-helfen-716665.html,50.59716386554622,9.88017959850607,45.90382819794585,53.00476190476191,9.144790476190476,45.76190476190476
apotheken,36,https://www.apotheken-umschau.de/einfache-sprache/untersuchungen-therapien/impfungen-fuer-kinder-und-erwachsene-800069.html,https://www.apotheken-umschau.de/gesund-bleiben/vorsorge/impfungen-fuer-kinder-und-erwachsene-708063.html,56.1586576218714,8.338339268600826,44.85834120579565,48.185140039127845,9.882189338171939,49.94001074494937
apotheken,37,https://www.apotheken-umschau.de/einfache-sprache/medikamente-heilpflanzen/arnika-775213.html,https://www.apotheken-umschau.de/medikamente/heilpflanzen/arnika-helfer-bei-kleinen-verletzungen-732973.html,51.76750912969591,8.837950833423726,38.85891456050909,32.560640732265426,12.040092448512585,50.702517162471395
apotheken,38,https://www.apotheken-umschau.de/einfache-sprache/krankheiten/herzbeutel-entzuendung-936561.html,https://www.apotheken-umschau.de/krankheiten-symptome/herz-kreislauf-erkrankungen/herzbeutelentzuendung-perikarditis-734271.html,56.49999085254299,7.054732813757775,37.33919685327479,30.520974148701015,12.810512586090914,57.85067431207355
apotheken,39,https://www.apotheken-umschau.de/einfache-sprache/untersuchungen-therapien/fieber-richtig-messen-761839.html,https://www.apotheken-umschau.de/krankheiten-symptome/symptome/fieber-richtig-messen-so-geht-s-717301.html,58.750982718979444,5.995213147420209,34.61712279660807,56.68219251336899,7.805432442067737,42.435383244206776
apotheken,40,https://www.apotheken-umschau.de/einfache-sprache/krankheiten/gerstenkorn-722641.html,https://www.apotheken-umschau.de/krankheiten-symptome/augenkrankheiten/gerstenkorn-wie-es-entsteht-und-wieder-weggeht-733561.html,65.50530716103233,7.368513065955815,40.01797326224807,55.90289199856478,9.16452214137065,46.61702188733405
apotheken,41,https://www.apotheken-umschau.de/einfache-sprache/wegweiser-gesundheitssystem/e-rezept-einfache-sprache-1109215.html,https://www.apotheken-umschau.de/e-health/e-rezept/e-rezept-723151.html,63.53839219600141,7.015783117092175,39.504587746691996,51.284407083304615,9.218055376558947,47.02779576931027
apotheken,42,https://www.apotheken-umschau.de/einfache-sprache/krankheiten/akute-bauchspeicheldruesenentzuendung-726169.html,https://www.apotheken-umschau.de/krankheiten-symptome/magen-und-darmerkrankungen/akute-bauchspeicheldruesenentzuendung-734221.html,49.993101367658895,7.733659646017701,39.412872083668546,39.4275272706478,10.891454435501167,51.42424978912605
apotheken,43,https://www.apotheken-umschau.de/einfache-sprache/wegweiser-gesundheitssystem/telemedizin-837701.html,https://www.apotheken-umschau.de/e-health/telemedizin-der-digitale-draht-zur-arztpraxis-837657.html,54.048045724929395,8.859135203989664,44.63444090608664,37.27573479152424,11.165530010741138,54.30643491846499
apotheken,44,https://www.apotheken-umschau.de/einfache-sprache/krankheiten/analfissur-723191.html,https://www.apotheken-umschau.de/krankheiten-symptome/magen-und-darmerkrankungen/analfissur-afterriss-734043.html,58.31812967466618,7.613716358463726,40.21752397558849,46.02047018861178,10.879397497094843,52.21766335925628
apotheken,45,https://www.apotheken-umschau.de/einfache-sprache/medikamente-heilpflanzen/johanniskraut-769807.html,https://www.apotheken-umschau.de/medikamente/heilpflanzen/johanniskraut-pflanzliches-mittel-gegen-depression-733191.html,43.06856435643567,10.320830429042907,47.01394389438944,32.614349126700745,11.372286635144265,51.04332722184696
apotheken,46,https://www.apotheken-umschau.de/einfache-sprache/krankheiten/karies-761741.html,https://www.apotheken-umschau.de/krankheiten-symptome/zahnkrankheiten/karies-733975.html,64.89343442942587,6.950083296076804,35.76950200745863,47.82309302325582,9.881552713178294,46.094573643410854
apotheken,47,https://www.apotheken-umschau.de/einfache-sprache/krankheiten/kraetze-722743.html,https://www.apotheken-umschau.de/krankheiten-symptome/hautkrankheiten/kraetze-ansteckung-symptome-und-behandlung-739623.html,61.200577106656255,7.261638956868872,40.22008157597848,45.37474262182569,10.668260903574426,51.536675708947506
apotheken,48,https://www.apotheken-umschau.de/einfache-sprache/krankheiten/aids-953305.html,https://www.apotheken-umschau.de/krankheiten-symptome/infektionskrankheiten/hiv-infektion-aids-834345.html,66.77961592466295,6.223731787037723,35.194946210449636,45.44927525557553,9.966433277357138,47.90885700537175
apotheken,49,https://www.apotheken-umschau.de/einfache-sprache/medikamente-heilpflanzen/teufelskralle-769865.html,https://www.apotheken-umschau.de/medikamente/heilpflanzen/lindert-teufelskralle-gelenkschmerzen-733503.html,47.35815047021944,9.964890421455939,47.181121560431905,36.9668521988317,11.361651317094678,51.7570814504574
apotheken,50,https://www.apotheken-umschau.de/einfache-sprache/erste-hilfe/unterkuehlungen-800819.html,https://www.apotheken-umschau.de/krankheiten-symptome/hautkrankheiten/kaelteschaeden-wie-sie-richtig-reagieren-742217.html,63.2028830631409,6.336228771514973,36.86269070735091,50.12204060218404,9.50077868228257,47.6889176520854
apotheken,51,https://www.apotheken-umschau.de/einfache-sprache/krankheiten/kropf-750463.html,https://www.apotheken-umschau.de/krankheiten-symptome/symptome/schilddruese-was-ist-ein-kropf-713381.html,65.51720266990291,7.7013695388349515,39.50318567961165,50.865835687093195,9.630302419255804,47.491158049858775
apotheken,52,https://www.apotheken-umschau.de/einfache-sprache/krankheiten/bandscheibenvorfall-722983.html,https://www.apotheken-umschau.de/krankheiten-symptome/gelenks-und-knochenerkrankungen/bandscheibenvorfall-symptome-diagnose-therapie-740735.html,61.87591730803652,7.158830511306009,38.40498776922618,45.30317324185249,10.012067924528305,50.855027048423274
apotheken,53,https://www.apotheken-umschau.de/einfache-sprache/verhuetung/kondom-1104727.html,https://www.apotheken-umschau.de/gesund-bleiben/sex/verhuetung-kondom-707741.html,71.59167697725327,5.653146112115733,35.21483296849719,51.03732952616761,9.545225738303948,48.29458277590304
apotheken,54,https://www.apotheken-umschau.de/einfache-sprache/krankheiten/parodontitis-753269.html,https://www.apotheken-umschau.de/krankheiten-symptome/zahnkrankheiten/parodontitis-symptome-diagnose-therapie-vorbeugen-733985.html,54.43251811594203,8.687129347826087,43.17391304347826,44.17350993377484,10.892244754688463,51.146610186345285
apotheken,55,https://www.apotheken-umschau.de/einfache-sprache/krankheiten/phobien-865741.html,https://www.apotheken-umschau.de/krankheiten-symptome/psychische-krankheiten/phobien-phobische-stoerung-738661.html,61.32043728724797,6.498014783226724,35.41357124153667,42.99372312276961,10.79751047091824,52.269225670638264
apotheken,56,https://www.apotheken-umschau.de/einfache-sprache/krankheiten/akute-mittelohr-entzuendung-722797.html,https://www.apotheken-umschau.de/krankheiten-symptome/erkrankungen-der-ohren/akute-mittelohrentzuendung-erkennen-und-behandeln-734211.html,51.81788793103448,8.14144530651341,41.681154214559385,49.23738937163664,9.420941575589108,46.986377132880385
apotheken,57,https://www.apotheken-umschau.de/einfache-sprache/untersuchungen-therapien/blutbild-937621.html,https://www.apotheken-umschau.de/diagnose/laborwerte/grosses-blutbild-weisse-blutkoerperchen-unter-der-lupe-742561.html,63.71379310344828,6.782940492610837,38.25665024630542,25.636291858628937,12.807384990313707,58.61345987920622
apotheken,58,https://www.apotheken-umschau.de/einfache-sprache/krankheiten/lebensmittel-vergiftung-722055.html,https://www.apotheken-umschau.de/krankheiten-symptome/was-tun-bei-einer-lebensmittel-vergiftung-738111.html,39.68322247955004,9.38929634125472,45.39492088120201,39.64275233608771,10.524073550081088,50.24978762838829
apotheken,59,https://www.apotheken-umschau.de/einfache-sprache/verhuetung/verhuetungsring-862665.html,https://www.apotheken-umschau.de/gesund-bleiben/sex/verhuetungsring-713727.html,59.92635423006696,7.859478447284777,41.229559748427675,45.00184119987097,10.62952154069455,51.974303838296954
apotheken,60,https://www.apotheken-umschau.de/einfache-sprache/erste-hilfe/erste-hilfe-bei-einem-schlaganfall-oder-einem-herzinfarkt-797059.html,https://www.apotheken-umschau.de/therapie/erste-hilfe/herzinfarkt-und-schlaganfall-768023.html,65.60107858243452,6.827395822633111,39.70296182160589,47.944705882352935,10.933718954248368,52.34640522875817
apotheken,61,https://www.apotheken-umschau.de/einfache-sprache/untersuchungen-therapien/corona-tests-800247.html,https://www.apotheken-umschau.de/krankheiten-symptome/infektionskrankheiten/coronavirus/corona-nachweis-die-testverfahren-im-ueberblick-724147.html,53.36018708479875,8.499774140289176,43.11753858929269,31.52967035430825,11.390746919100362,54.68456891747327
apotheken,62,https://www.apotheken-umschau.de/einfache-sprache/krankheiten/multiple-sklerose-722701.html,https://www.apotheken-umschau.de/krankheiten-symptome/neurologische-erkrankungen/multiple-sklerose-ms-ursachen-symptome-verlauf-behandlung-735343.html,52.69588105726871,9.601061462555068,47.1857268722467,36.81454451878537,12.764943798250128,57.10396294390118
apotheken,63,https://www.apotheken-umschau.de/einfache-sprache/krankheiten/schlafstoerungen-936207.html,https://www.apotheken-umschau.de/krankheiten-symptome/psychische-krankheiten/schlafstoerungen-ursachen-therapien-und-selbsthilfe-1004699.html,62.31293813294633,7.838471071710256,41.938662964949366,53.475355946790415,9.470051394787557,47.716187393590154
apotheken,64,https://www.apotheken-umschau.de/einfache-sprache/verhuetung/apps-fuer-die-familienplanung-837787.html,https://www.apotheken-umschau.de/e-health/familienplanung-per-app-kann-das-funktionieren-837741.html,59.11328125,6.730152083333335,35.86458333333333,44.702474323062575,9.755536881419236,50.14122315592904
apotheken,65,https://www.apotheken-umschau.de/einfache-sprache/untersuchungen-therapien/digitales-blutdruck-management-837841.html,https://www.apotheken-umschau.de/e-health/hilfreich-und-bequem-blutdruck-digital-managen-837737.html,62.32492335527968,6.629084997738353,36.98979745690305,37.18439716312058,11.512944571740315,54.128205128205124
apotheken,66,https://www.apotheken-umschau.de/einfache-sprache/krankheiten/schluesselbeinbruch-753253.html,https://www.apotheken-umschau.de/krankheiten-symptome/gelenks-und-knochenerkrankungen/schluesselbeinbruch-740679.html,65.83913043478262,6.882674782608696,40.0695652173913,44.4105366375468,11.198546443216259,54.60777322160813
apotheken,67,https://www.apotheken-umschau.de/einfache-sprache/erste-hilfe/stabile-seitenlage-796347.html,https://www.apotheken-umschau.de/therapie/erste-hilfe/bewusstlose-lagern-766053.html,67.47009835917983,5.78337355781134,32.97010961309055,58.344062067905966,8.109848793977571,43.04639729605162
apotheken,68,https://www.apotheken-umschau.de/einfache-sprache/medikamente-heilpflanzen/schmerzmittel-welches-hilft-wann-753623.html,https://www.apotheken-umschau.de/medikamente/basiswissen/schmerzmittel-welches-hilft-wann-717725.html,56.76726562499999,8.323262666666666,41.534166666666664,46.7524336283186,10.757938938053098,52.5320796460177
apotheken,69,https://www.apotheken-umschau.de/einfache-sprache/krankheiten/entzuendung-der-eileiter-und-eierstoecke-896987.html,https://www.apotheken-umschau.de/krankheiten-symptome/infektionskrankheiten/eileiterentzuendung-und-eierstockentzuendung-adnexitis-734141.html,53.53031914893617,9.655630334346505,44.54718844984803,30.74497574497576,13.504079437679438,59.13147213147214
apotheken,70,https://www.apotheken-umschau.de/einfache-sprache/medikamente-heilpflanzen/tilidin-761733.html,https://www.apotheken-umschau.de/medikamente/wirkstoffe/tilidin-wirkung-nebenwirkungen-wichtige-hinweise-718755.html,55.34129624941225,8.841394676118485,44.17969908495786,42.14919354838709,11.31375376344086,51.94758064516129
apotheken,71,https://www.apotheken-umschau.de/einfache-sprache/untersuchungen-therapien/zyklus-apps-837717.html,https://www.apotheken-umschau.de/e-health/zyklus-apps-die-digitalen-perioden-tracker-837667.html,59.59493670886076,6.752528291680191,36.80677269284864,43.079069767441865,10.238730365448504,51.585382059800665
apotheken,72,https://www.apotheken-umschau.de/einfache-sprache/krankheiten/hexenschuss-750365.html,https://www.apotheken-umschau.de/krankheiten-symptome/gelenks-und-knochenerkrankungen/hexenschuss-was-tun-wenn-ploetzlich-nichts-mehr-geht-735041.html,61.66794258373204,7.159940350877193,40.188197767145134,51.68896923642603,9.416985047187156,48.11404583895085
apotheken,73,https://www.apotheken-umschau.de/einfache-sprache/krankheiten/rheuma-722071.html,https://www.apotheken-umschau.de/krankheiten-symptome/rheumatische-erkrankungen/rheuma-erkennen-und-behandeln-708001.html,59.76785714285714,7.670080952380953,39.30357142857143,38.45611015490533,11.648759265633966,53.222604704532415
apotheken,74,https://www.apotheken-umschau.de/einfache-sprache/krankheiten/alkohol-sucht-725867.html,https://www.apotheken-umschau.de/krankheiten-symptome/psychische-krankheiten/alkoholsucht-alkoholabhaengigkeit-736931.html,57.32836151517388,8.319503093849221,41.242302296389276,32.119703389830505,12.081943785310733,53.454802259887
apotheken,75,https://www.apotheken-umschau.de/einfache-sprache/untersuchungen-therapien/psychotherapie-954435.html,https://www.apotheken-umschau.de/therapie/therapiearten/psychotherapien-welche-es-gibt-wann-sie-helfen-832635.html,45.05765855561094,9.929603101413477,45.38710609376467,32.930581503399026,11.929742430674427,55.899564728322005
apotheken,76,https://www.apotheken-umschau.de/einfache-sprache/krankheiten/laktose-intoleranz-1098199.html,https://www.apotheken-umschau.de/krankheiten-symptome/magen-und-darmerkrankungen/laktoseintoleranz-milchzucker-unvertraeglichkeit-738977.html,54.88901601830662,7.818965217391304,39.87185354691076,33.43095043814526,12.087365842409623,55.13756341575903
apotheken,77,https://www.apotheken-umschau.de/einfache-sprache/krankheiten/gallensteine-769771.html,https://www.apotheken-umschau.de/krankheiten-symptome/magen-und-darmerkrankungen/gallensteine-behandlung-nicht-immer-noetig-735451.html,59.09254050569862,7.735289080308226,39.50010254607248,37.625084918169776,11.545022927724194,54.63288467476795
apotheken,78,https://www.apotheken-umschau.de/einfache-sprache/erste-hilfe/vergiftungen-800827.html,https://www.apotheken-umschau.de/therapie/erste-hilfe/bei-kindern/was-tun-bei-vergiftungen-790123.html,58.294271685761046,7.821540752864157,41.05891980360066,58.25524817648105,8.218189432485323,43.903264543675505
apotheken,79,https://www.apotheken-umschau.de/einfache-sprache/wegweiser-gesundheitssystem/disease-management-programme-1247821.html,https://www.bundesgesundheitsministerium.de/service/begriffe-von-a-z/c/chronisch-kranke-menschen.html,27.629461615154526,11.134543037554003,49.428381522100366,10.02024147727272,17.143621875,73.66335227272728
apotheken,80,https://www.apotheken-umschau.de/einfache-sprache/medikamente-heilpflanzen/cayennepfeffer-769889.html,https://www.apotheken-umschau.de/medikamente/heilpflanzen/cayennepfeffer-hilfreich-gegen-schmerzen-735803.html,53.98118626565123,9.14281337291855,44.74519168710468,51.063744075829376,9.260595071090048,46.09502369668246
apotheken,81,https://www.apotheken-umschau.de/einfache-sprache/krankheiten/adipositas-769803.html,https://www.apotheken-umschau.de/krankheiten-symptome/adipositas-733691.html,58.80972515856237,7.779157364341085,41.92670894996476,37.29581244079989,11.755815255910077,55.061203807353735
apotheken,82,https://www.apotheken-umschau.de/einfache-sprache/krankheiten/zahnwurzel-entzuendung-1119187.html,https://www.apotheken-umschau.de/krankheiten-symptome/zahnkrankheiten/zahnwurzelentzuendung-743571.html,57.975309134423625,7.750849413641802,39.269120747620946,49.737583008616426,9.641302687375372,46.67469769313795
apotheken,83,https://www.apotheken-umschau.de/einfache-sprache/erste-hilfe/wunden-richtig-versorgen-788179.html,https://www.apotheken-umschau.de/therapie/erste-hilfe/erste-hilfe-wunden-richtig-versorgen-766065.html,69.84988115332942,5.830685486926867,34.68410899445382,52.14473684210526,9.408703030303029,46.24920255183413
apotheken,84,https://www.apotheken-umschau.de/einfache-sprache/krankheiten/nagelbett-entzuendung-722761.html,https://www.apotheken-umschau.de/krankheiten-symptome/hautkrankheiten/nagelbettentzuendung-symptome-und-behandlung-738987.html,62.34056472048404,7.118390281153575,38.60475599455276,42.913453875810376,10.473541467617222,50.77861358202847
apotheken,85,https://www.apotheken-umschau.de/einfache-sprache/krankheiten/spezifische-rueckenschmerzen-912043.html,https://www.apotheken-umschau.de/krankheiten-symptome/gelenks-und-knochenerkrankungen/rueckenschmerzen-was-hilft-734999.html,47.39763652061299,9.060349392042593,44.25649327289733,37.32267905594264,11.940207597180374,55.59479432256657
apotheken,86,https://www.apotheken-umschau.de/einfache-sprache/untersuchungen-therapien/wadenwickel-1120431.html,https://www.apotheken-umschau.de/therapie/therapiearten/wadenwickel-richtig-anwenden-so-geht-s-743397.html,67.9283311046888,5.3208173489194674,32.49635508777984,49.707859174964426,9.648358091694934,48.169165116533534
apotheken,87,https://www.apotheken-umschau.de/einfache-sprache/krankheiten/nicht-spezifische-rueckenschmerzen-906943.html,https://www.apotheken-umschau.de/krankheiten-symptome/gelenks-und-knochenerkrankungen/rueckenschmerzen-was-hilft-734999.html,58.18692565438079,7.264778840858574,39.24959360382178,37.32267905594264,11.940207597180374,55.59479432256657
apotheken,88,https://www.apotheken-umschau.de/einfache-sprache/krankheiten/grauer-star-1100087.html,https://www.apotheken-umschau.de/krankheiten-symptome/augenkrankheiten/grauer-star-linsentruebung-katarakt-symptome-operation-733619.html,63.91591411684291,6.399947288006112,35.15841743395923,42.95082054509366,10.661860337899986,50.79851866195479
apotheken,89,https://www.apotheken-umschau.de/einfache-sprache/krankheiten/kehlkopf-entzuendung-753607.html,https://www.apotheken-umschau.de/krankheiten-symptome/infektionskrankheiten/kehlkopfentzuendung-laryngitis-was-tun-736737.html,63.59421127814434,6.2553345962859686,36.94728249778927,46.77520465788206,10.07142321353004,50.79053393453866
apotheken,90,https://www.apotheken-umschau.de/einfache-sprache/krankheiten/distale-radiusfraktur-771193.html,https://www.apotheken-umschau.de/krankheiten-symptome/gelenks-und-knochenerkrankungen/distale-radiusfraktur-beim-erwachsenen-748561.html,58.78703885400314,8.271627511773941,42.67150706436421,32.898797670769966,12.68287743784697,57.83219436398745
apotheken,91,https://www.apotheken-umschau.de/einfache-sprache/medikamente-heilpflanzen/wie-verwendet-man-fluessige-arzneimittel-769757.html,https://www.apotheken-umschau.de/medikamente/basiswissen/tropfen-wie-sie-das-fluessige-arzneimittel-richtig-anwenden-769637.html,63.82716958253941,7.484956475547088,42.71333506553496,47.15909090909091,10.815541414141414,52.656565656565654
apotheken,92,https://www.apotheken-umschau.de/einfache-sprache/krankheiten/lungenkrebs-769843.html,https://www.apotheken-umschau.de/krankheiten-symptome/krebs/lungenkrebs-symptome-verlauf-therapie-737681.html,64.52761125787443,7.171878764478766,38.58097947571632,46.885872981194254,10.357214913533772,49.74816395811976
apotheken,93,https://www.apotheken-umschau.de/einfache-sprache/erste-hilfe/verbrennungen-858533.html,https://www.apotheken-umschau.de/therapie/erste-hilfe/verbrennungen-und-verbruehungen-768119.html,69.37091521231277,6.107468093994779,36.91433282946269,30.127450980392183,12.918158781810599,59.09595327492699
apotheken,94,https://www.apotheken-umschau.de/einfache-sprache/krankheiten/besenreiser-722837.html,https://www.apotheken-umschau.de/krankheiten-symptome/herz-kreislauf-erkrankungen/besenreiser-schoenheitsmakel-oder-gefaehrlich-742693.html,58.935308641975325,7.283605318138653,38.48622981956315,47.67442715997477,10.460187422044708,50.62721603251349
apotheken,95,https://www.apotheken-umschau.de/einfache-sprache/krankheiten/erkaeltung-761557.html,https://www.apotheken-umschau.de/krankheiten-symptome/infektionskrankheiten/erkaeltung/erkaeltung-wie-lange-ist-man-ansteckend-713279.html,62.482995762407526,6.678006974071682,37.443474825827764,53.70543535620054,8.586981551451187,46.03071240105541
apotheken,96,https://www.apotheken-umschau.de/einfache-sprache/medikamente-heilpflanzen/medikamente-gegen-covid-19-724673.html,https://www.apotheken-umschau.de/krankheiten-symptome/infektionskrankheiten/coronavirus/medikamente-gegen-covid-19-die-verschiedenen-ansaetze-723603.html,43.725218018144716,10.178926534918068,46.55123426401294,23.17527721774195,13.106757190860215,59.54998319892473
apotheken,97,https://www.apotheken-umschau.de/einfache-sprache/erste-hilfe/insektenstich-821989.html,https://www.apotheken-umschau.de/therapie/erste-hilfe/insektenstich-768005.html,60.136844331641285,7.285115228426397,38.83439086294416,51.76279069767442,8.962112558139534,47.783720930232555
apotheken,98,https://www.apotheken-umschau.de/einfache-sprache/krankheiten/schleimbeutel-entzuendung-723391.html,https://www.apotheken-umschau.de/krankheiten-symptome/gelenks-und-knochenerkrankungen/schleimbeutelentzuendung-bursitis-735103.html,54.20316469990401,8.748245937552932,44.62221218451809,32.889943575878675,12.50249756670977,57.4622663688727
apotheken,99,https://www.apotheken-umschau.de/einfache-sprache/medikamente-heilpflanzen/amlodipin-769839.html,https://www.apotheken-umschau.de/medikamente/wirkstoffe/was-ist-amlodipin-wie-wirkt-es-750237.html,52.611624600071096,8.953545233863187,44.20857244426387,41.261945575316034,10.844686079565747,51.50499964288265
apotheken,100,https://www.apotheken-umschau.de/einfache-sprache/krankheiten/zahnfleisch-entzuendung-1101701.html,https://www.apotheken-umschau.de/krankheiten-symptome/zahnkrankheiten/zahnfleischentzuendung-was-hilft-733995.html,59.20680056377731,7.598801121049492,39.691678863771884,42.764768220976336,11.182512913077169,54.19180454897671
apotheken,101,https://www.apotheken-umschau.de/einfache-sprache/medikamente-heilpflanzen/citalopram-wirkung-und-nebenwirkungen-725981.html,https://www.apotheken-umschau.de/medikamente/wirkstoffe/citalopram-wirkung-anwendung-und-nebenwirkungen-939111.html,54.64985400127749,7.883665407427685,40.30121361438087,41.44318181818181,10.543916161616163,50.16161616161616
apotheken,102,https://www.apotheken-umschau.de/einfache-sprache/verhuetung/pille-805349.html,https://www.apotheken-umschau.de/gesund-bleiben/sex/verhuetung-die-pille-707733.html,56.604481456043956,7.459632932692308,39.418956043956044,39.15434064568065,11.140475556713113,52.350673027974764
apotheken,103,https://www.apotheken-umschau.de/einfache-sprache/medikamente-heilpflanzen/ingwer-769861.html,https://www.apotheken-umschau.de/gesund-bleiben/ernaehrung/ingwer-gesund-und-vielseitig-713089.html,55.79184022956588,7.303884458020921,39.95454966213089,47.22000117584807,9.683278893526957,48.38944088423776
apotheken,104,https://www.apotheken-umschau.de/einfache-sprache/krankheiten/ohrenschmerzen-1126409.html,https://www.apotheken-umschau.de/krankheiten-symptome/symptome/ohrenschmerzen-ursachen-diagnose-therapie-739175.html,62.82415306836391,7.351556634391857,38.562958449003546,45.38705357142857,11.019568452380954,52.84491921768708
apotheken,105,https://www.apotheken-umschau.de/einfache-sprache/krankheiten/fusspilz-1104659.html,https://www.apotheken-umschau.de/krankheiten-symptome/infektionskrankheiten/fusspilz-symptome-und-behandlung-737271.html,71.93405429265064,5.077640035312293,33.74420657691459,45.95398990209962,10.328570870020322,51.37399174927653
apotheken,106,https://www.apotheken-umschau.de/einfache-sprache/krankheiten/depressive-verstimmung-1153459.html,https://www.apotheken-umschau.de/krankheiten-symptome/psychische-krankheiten/depressive-verstimmung-736827.html,62.06788583789512,7.074254185060924,38.24917225852022,31.885011561908783,12.36336338028169,54.98066007988228
apotheken,107,https://www.apotheken-umschau.de/einfache-sprache/medikamente-heilpflanzen/paracetamol-723403.html,https://www.apotheken-umschau.de/medikamente/wirkstoffe/schmerzmittel-fiebersenker-paracetamol-wirkung-dosierung-nebenwirkungen-911255.html,50.13691524760226,8.266440595028381,41.83255040125269,43.42206159648018,10.375327766764977,50.4791858047672
apotheken,108,https://www.apotheken-umschau.de/einfache-sprache/medikamente-heilpflanzen/thymian-774199.html,https://www.apotheken-umschau.de/medikamente/heilpflanzen/echter-thymian-hilfreich-gegen-husten-733477.html,62.27054794520549,7.873586361583621,40.446485021827485,38.54504504504504,10.366727927927927,48.81981981981982
apotheken,109,https://www.apotheken-umschau.de/einfache-sprache/krankheiten/osteoporose-896995.html,https://www.apotheken-umschau.de/krankheiten-symptome/gelenks-und-knochenerkrankungen/osteoporose-ursachen-therapie-vorbeugung-734881.html,54.00954768508639,8.242764350567764,43.01823009269137,39.54769863013698,11.164269589041094,52.50058708414873
apotheken,110,https://www.apotheken-umschau.de/einfache-sprache/krankheiten/posttraumatische-belastungsstoerung-ptbs-1097581.html,https://www.apotheken-umschau.de/krankheiten-symptome/psychische-krankheiten/posttraumatische-belastungsstoerung-ptbs-740879.html,63.76411536566029,5.882139184469348,35.154770832886925,28.388888888888886,12.580103530286138,57.07933853586027
apotheken,111,https://www.apotheken-umschau.de/einfache-sprache/krankheiten/asthma-768147.html,https://www.apotheken-umschau.de/krankheiten-symptome/atemwegserkrankungen/asthma-736647.html,57.77037116040955,8.270680403868031,41.351926905574516,46.0478379530917,10.687365673347548,50.06197014925373
apotheken,112,https://www.apotheken-umschau.de/einfache-sprache/krankheiten/niedriger-blutdruck-723115.html,https://www.apotheken-umschau.de/krankheiten-symptome/herz-kreislauf-erkrankungen/niedriger-blutdruck-hypotonie-734171.html,58.622839853644805,8.238133425274414,45.00275823247959,41.858230626183214,11.004123814842323,55.12179383366188
apotheken,113,https://www.apotheken-umschau.de/einfache-sprache/untersuchungen-therapien/blut-transfusion-768157.html,https://www.apotheken-umschau.de/therapie/therapiearten/bluttransfusion-erklaert-gruende-ablauf-und-risiken-743337.html,57.60300207039336,8.182107888912688,42.87300992360962,37.927258459246644,10.710167897424984,50.1470525643754
apotheken,114,https://www.apotheken-umschau.de/einfache-sprache/medikamente-heilpflanzen/diclofenac-723415.html,https://www.apotheken-umschau.de/medikamente/wirkstoffe/diclofenac-wirkung-anwendung-nebenwirkungen-718715.html,50.44897342995169,8.870966827697265,44.11352657004831,40.806546701602954,11.297140705918618,52.99246686189889
apotheken,115,https://www.apotheken-umschau.de/einfache-sprache/medikamente-heilpflanzen/hausmittel-gegen-schnupfen-769789.html,https://www.apotheken-umschau.de/krankheiten-symptome/symptome/schnupfen-rhinitis-736785.html,67.0843545467205,6.4560116882514045,38.80536601216173,46.823394077024744,10.717952630344545,51.86154533440053
apotheken,116,https://www.apotheken-umschau.de/einfache-sprache/krankheiten/lippenherpes-761569.html,https://www.apotheken-umschau.de/krankheiten-symptome/hautkrankheiten/lippenherpes-ursachen-therapie-vorbeugen-734287.html,58.46456413445651,7.922510350589551,42.46236234915729,46.78839765229401,10.307209067055394,52.160764155286174
apotheken,117,https://www.apotheken-umschau.de/einfache-sprache/verhuetung/verhuetungsstaebchen-857815.html,https://www.apotheken-umschau.de/gesund-bleiben/sex/verhuetungsstaebchen-hormonimplantat-707749.html,57.36766304347826,7.482688405797102,39.90942028985508,40.11199460916441,11.157187708894877,53.25121293800539
apotheken,118,https://www.apotheken-umschau.de/einfache-sprache/krankheiten/muskelfaserriss-und-muskelzerrung-723303.html,https://www.apotheken-umschau.de/krankheiten-symptome/sportverletzungen/muskelfaserriss-und-muskelzerrung-735063.html,59.80100574712645,6.7465588417329805,37.56238947833776,38.565727502102604,11.74780277544155,55.4394449116905
apotheken,119,https://www.apotheken-umschau.de/einfache-sprache/krankheiten/sprunggelenksbruch-801063.html,https://www.apotheken-umschau.de/krankheiten-symptome/sprunggelenkbruch-sprunggelenksfraktur-721307.html,64.94391468837804,7.447839815040155,40.33206486869178,34.852426096296625,12.299346667912017,55.94048008219306
apotheken,120,https://www.apotheken-umschau.de/einfache-sprache/verhuetung/verhuetungspflaster-862847.html,https://www.apotheken-umschau.de/gesund-bleiben/sex/verhuetungspflaster-707745.html,56.64745716038102,7.437757046475824,38.80513449575046,40.50698154443904,11.305768701095461,54.16782688467973
apotheken,121,https://www.apotheken-umschau.de/einfache-sprache/medikamente-heilpflanzen/ibuprofen-722713.html,https://www.apotheken-umschau.de/medikamente/wirkstoffe/ibuprofen-wie-es-wirkt-wechselwirkungen-tipps-718699.html,51.86765463917527,9.662638969072164,47.2,40.01245555279914,11.386239733730257,52.08017034648143
apotheken,122,https://www.apotheken-umschau.de/einfache-sprache/krankheiten/sodbrennen-862575.html,https://www.apotheken-umschau.de/krankheiten-symptome/symptome/sodbrennen-moegliche-gruende-und-selbsthilfe-737629.html,57.108489870784965,9.192087915363327,44.482419220124136,42.10665936411638,11.443973025502752,53.675443770362875
apotheken,123,https://www.apotheken-umschau.de/einfache-sprache/krankheiten/parkinson-750505.html,https://www.apotheken-umschau.de/krankheiten-symptome/neurologische-erkrankungen/parkinson-krankheit-symptome-ursachen-therapie-733737.html,55.405102772628254,9.189802809163611,44.67739949391754,42.44255709250922,11.26724165257604,53.61113940554526
apotheken,124,https://www.apotheken-umschau.de/einfache-sprache/medikamente-heilpflanzen/magensaeure-blocker-936185.html,https://www.apotheken-umschau.de/medikamente/basiswissen/magensaeureblocker-wirkung-und-nebenwirkungen-718281.html,56.23085700660809,7.017457360855644,37.225151577082904,46.62885154061625,10.165319514472454,50.140989729225026
apotheken,125,https://www.apotheken-umschau.de/einfache-sprache/medikamente-heilpflanzen/hausmittel-bei-husten-722633.html,https://www.apotheken-umschau.de/krankheiten-symptome/symptome/husten-welche-hausmittel-helfen-715983.html,59.32378886756237,7.099998009980806,39.33408061420346,45.37715870907242,10.04094639368602,51.00765804485427
apotheken,126,https://www.apotheken-umschau.de/einfache-sprache/krankheiten/baenderriss-am-sprunggelenk-723251.html,https://www.apotheken-umschau.de/krankheiten-symptome/sportverletzungen/baenderriss-am-sprunggelenk-741491.html,68.89185700099306,6.6375479421825005,36.95492662473794,38.85157894736841,12.138091321637427,55.492865497076025
apotheken,127,https://www.apotheken-umschau.de/einfache-sprache/krankheiten/akute-bronchitis-750471.html,https://www.apotheken-umschau.de/krankheiten-symptome/atemwegserkrankungen/akute-bronchitis-anzeichen-verlauf-behandlung-736657.html,63.78441354292623,6.810065644498187,37.29055622732769,51.34883720930233,9.395030506429002,46.78090330965975
apotheken,128,https://www.apotheken-umschau.de/einfache-sprache/krankheiten/ringelroeteln-1136041.html,https://www.apotheken-umschau.de/krankheiten-symptome/kinderkrankheiten/was-sind-ringelroeteln-790543.html,65.39825966481534,5.969188097176817,34.88522538069832,39.38459550271389,10.77499304442721,50.219666293328736
apotheken,129,https://www.apotheken-umschau.de/einfache-sprache/krankheiten/morbus-bechterew-912075.html,https://www.apotheken-umschau.de/krankheiten-symptome/rheumatische-erkrankungen/morbus-bechterew-spondylitis-ankylosans-740995.html,54.010780688505804,8.378224325121955,40.44735517247366,44.70234854965395,10.911422303445057,51.55840267516914
apotheken,130,https://www.apotheken-umschau.de/einfache-sprache/wegweiser-gesundheitssystem/seelsorge-794415.html,https://www.apotheken-umschau.de/therapie/erste-hilfe/erste-hilfe-fuer-die-seele-766133.html,66.87041866849691,6.3566540837337,36.09128345916266,57.116883116883116,7.8209936507936515,40.81962481962482
apotheken,131,https://www.apotheken-umschau.de/einfache-sprache/krankheiten/schilddruesenunterfunktion-722601.html,https://www.apotheken-umschau.de/krankheiten-symptome/schilddruesenunterfunktion-symptome-und-behandlung-734397.html,46.20539461215648,8.566653526465412,43.26932448896711,21.478442229605008,14.153367515688444,61.43983019564415
apotheken,132,https://www.apotheken-umschau.de/einfache-sprache/verhuetung/dreimonatsspritze-868523.html,https://www.apotheken-umschau.de/gesund-bleiben/sex/verhuetung-dreimonatsspritze-depotspritze-707987.html,55.80862379807692,7.601328179086538,39.81051682692308,39.59838999419209,11.123394300147224,53.66815241028135
apotheken,133,https://www.apotheken-umschau.de/einfache-sprache/medikamente-heilpflanzen/pfefferminze-802797.html,https://www.apotheken-umschau.de/medikamente/heilpflanzen/pfefferminze-hilfreich-gegen-kopf-und-bauchschmerzen-733337.html,53.78737467743983,9.40421805490926,46.08477515969372,43.17477203647418,10.465599265779813,49.5014802826353
apotheken,134,https://www.apotheken-umschau.de/einfache-sprache/krankheiten/noroviren-infektion-750387.html,https://www.apotheken-umschau.de/krankheiten-symptome/infektionskrankheiten/noroviren-hochansteckend-und-meldepflichtig-735861.html,55.83066244768807,7.887683914577025,41.862350152541026,41.937209302325584,10.106986589147287,50.012403100775195
apotheken,135,https://www.apotheken-umschau.de/einfache-sprache/krankheiten/mumps-937211.html,https://www.apotheken-umschau.de/krankheiten-symptome/kinderkrankheiten/mumps-789601.html,66.27566234884358,6.616542456854382,37.159120259852074,47.80308219178083,10.511388760098349,50.321917808219176
apotheken,136,https://www.apotheken-umschau.de/einfache-sprache/krankheiten/arthrose-der-hand-und-fingergelenke-722669.html,https://www.apotheken-umschau.de/krankheiten-symptome/gelenks-und-knochenerkrankungen/arthrose-der-hand-und-fingergelenke-733759.html,57.62399193548387,8.661657834101383,45.1036866359447,39.230218317358904,11.660205644302449,54.639110756123536
apotheken,137,https://www.apotheken-umschau.de/einfache-sprache/krankheiten/nierenbecken-entzuendung-722933.html,https://www.apotheken-umschau.de/krankheiten-symptome/nieren-und-harnwegserkrankungen/nierenbeckenentzuendung-symptome-und-behandlung-733919.html,54.14439765841635,7.331238019924001,39.73944746841943,42.19127829429995,10.091431238476325,49.136793378054996
apotheken,138,https://www.apotheken-umschau.de/einfache-sprache/krankheiten/schock-800055.html,https://www.apotheken-umschau.de/therapie/erste-hilfe/bewusstlose-lagern-766053.html,65.56173201929127,6.511940026560425,37.275585377787095,58.344062067905966,8.109848793977571,43.04639729605162
apotheken,139,https://www.apotheken-umschau.de/einfache-sprache/krankheiten/pfeiffersches-druesenfieber-722063.html,https://www.apotheken-umschau.de/krankheiten-symptome/infektionskrankheiten/pfeiffersches-druesenfieber-symptome-ansteckung-behandlung-734069.html,61.94805194805194,7.35364679881522,39.56231487810435,35.05133710716376,12.817194417333594,59.41196564512981
apotheken,140,https://www.apotheken-umschau.de/einfache-sprache/erste-hilfe/erste-hilfe-blutungen-richtig-versorgen-807921.html,https://www.apotheken-umschau.de/therapie/erste-hilfe/blutungen-768015.html,72.99071157563176,5.281615033287995,33.49072947240318,56.42119565217392,8.652232125603865,45.78774154589372
apotheken,141,https://www.apotheken-umschau.de/einfache-sprache/krankheiten/bindehaut-entzuendung-722019.html,https://www.apotheken-umschau.de/krankheiten-symptome/augenkrankheiten/bindehautentzuendung-konjunktivitis-733551.html,51.364548494983296,8.07164427102688,40.48971881580577,39.55143270256934,10.58779327542086,49.957707446381235
apotheken,142,https://www.apotheken-umschau.de/einfache-sprache/krankheiten/diabetes-typ-2-868609.html,https://www.apotheken-umschau.de/krankheiten-symptome/diabetes/typ-2/diabetes-mellitus-typ-2-808639.html,59.87921865182659,7.196012844448433,37.99534377524459,33.30805325749742,12.036826277145813,53.55595915201654
apotheken,143,https://www.apotheken-umschau.de/einfache-sprache/erste-hilfe/erfrierungen-801001.html,https://www.apotheken-umschau.de/krankheiten-symptome/hautkrankheiten/kaelteschaeden-wie-sie-richtig-reagieren-742217.html,63.852141970953866,6.4426186683533215,36.92918481037293,50.12204060218404,9.50077868228257,47.6889176520854
apotheken,144,https://www.apotheken-umschau.de/einfache-sprache/krankheiten/nikotin-abhaengigkeit-910543.html,https://www.apotheken-umschau.de/krankheiten-symptome/psychische-krankheiten/nikotinabhaengigkeit-737301.html,56.14638628011433,7.630247511455924,40.038201533505735,33.21691332672427,12.182717433791248,56.0188358589435
apotheken,145,https://www.apotheken-umschau.de/einfache-sprache/krankheiten/blasenentzuendung-722027.html,https://www.apotheken-umschau.de/krankheiten-symptome/nieren-und-harnwegserkrankungen/blasenentzuendung-erkennen-und-richtig-behandeln-733893.html,55.752037454482405,7.659331788143268,40.58434001888138,41.33706630024045,11.020514097035585,51.170804453694906
apotheken,146,https://www.apotheken-umschau.de/einfache-sprache/krankheiten/arzneimittel-allergie-953249.html,https://www.apotheken-umschau.de/krankheiten-symptome/allergien/was-ist-eine-arzneimittelallergie-745317.html,50.85630965005302,7.924812018381054,40.54206433368682,38.93901408450705,10.70110540411701,48.66661971830986
apotheken,147,https://www.apotheken-umschau.de/einfache-sprache/krankheiten/krampfadern-723287.html,https://www.apotheken-umschau.de/krankheiten-symptome/herz-kreislauf-erkrankungen/was-kann-man-gegen-krampfadern-tun-734539.html,59.75732403297401,7.582383989290497,40.52714718523216,35.38607896716141,11.938570752340931,56.222769646911075
apotheken,148,https://www.apotheken-umschau.de/einfache-sprache/medikamente-heilpflanzen/medikamente-was-sind-wechselwirkungen-761795.html,https://www.apotheken-umschau.de/medikamente/basiswissen/medikamente-was-sind-wechselwirkungen-721855.html,49.03690873321358,8.88560391754341,42.89149773329912,37.93903318903318,11.092721693121693,50.98160173160173
apotheken,149,https://www.apotheken-umschau.de/einfache-sprache/krankheiten/corona-virus-723743.html,https://www.apotheken-umschau.de/krankheiten-symptome/infektionskrankheiten/coronavirus/coronavirus-was-sie-jetzt-wissen-muessen-723211.html,59.02915629255402,7.551499498013811,39.52138880159862,42.07017269148173,11.095474196691324,52.68708740952835
apotheken,150,https://www.apotheken-umschau.de/einfache-sprache/krankheiten/fsme-939565.html,https://www.apotheken-umschau.de/krankheiten-symptome/infektionskrankheiten/fruehsommer-meningoenzephalitis-fsme-vorbeugen-erkennen-und-behandeln-737137.html,65.29872251931077,5.171657872846108,33.35769459298871,40.1310143118078,10.555649501745627,51.09802085500913
apotheken,151,https://www.apotheken-umschau.de/einfache-sprache/krankheiten/schlafapnoe-1104695.html,https://www.apotheken-umschau.de/krankheiten-symptome/atemwegserkrankungen/schlafapnoe-symptome-und-behandlung-736763.html,71.66878016574083,5.720106538566616,36.566979327930056,36.673462585411926,11.862600014813994,54.86918319352628
apotheken,152,https://www.apotheken-umschau.de/einfache-sprache/medikamente-heilpflanzen/baerentraube-777515.html,https://www.apotheken-umschau.de/medikamente/heilpflanzen/baerentraube-pflanzlicher-helfer-bei-blasenentzuendung-733005.html,53.341878402903816,8.994691439806413,44.26557773744706,46.217833935018035,10.728406324909747,48.62512635379061
apotheken,153,https://www.apotheken-umschau.de/einfache-sprache/krankheiten/gallenblasenentzuendung-869551.html,https://www.apotheken-umschau.de/krankheiten-symptome/entzuendung-der-gallenblase-cholezystitis-744145.html,53.98213120695904,7.506749909387461,38.41337441101849,37.909433466240216,11.178775507163827,53.34024887175218
apotheken,154,https://www.apotheken-umschau.de/einfache-sprache/krankheiten/nachtschweiss-1098937.html,https://www.apotheken-umschau.de/krankheiten-symptome/symptome/nachtschweiss-diagnose-ursachen-therapie-1003595.html,71.18518090839108,5.645945373364126,36.5469207082371,44.172624237140354,10.986711586524489,53.98535756600273
apotheken,155,https://www.apotheken-umschau.de/einfache-sprache/untersuchungen-therapien/impfung-und-covid-19-762305.html,https://www.apotheken-umschau.de/krankheiten-symptome/infektionskrankheiten/coronavirus/die-wichtigsten-fakten-zur-corona-impfung-723499.html,55.958217181646546,8.079056071676595,43.5468372507018,38.10493827160494,11.559621124828533,55.20096021947874
apotheken,156,https://www.apotheken-umschau.de/einfache-sprache/wegweiser-gesundheitssystem/kinderkrankentage-1164647.html,https://www.apotheken-umschau.de/familie/freizeit-alltag/recht-finanzen-familie/telefonische-krankschreibung-regeln-rechte-und-tipps-1036441.html,56.581027027027034,5.806157894386694,32.955875259875256,38.82624373403955,11.124958469686938,51.78728837605221
wiesbaden,0,https://www.wiesbaden.de/vv/oe/05/34/Stadtpolizei-Verkehr?sp%3Aeasylanguage=1,https://www.wiesbaden.de/vv/oe/05/34/Stadtpolizei-Verkehr,45.06104651162791,11.115363565891471,56.435077519379846,25.47763157894738,14.084597894736843,62.56842105263158
wiesbaden,1,https://www.wiesbaden.de/leben-in-wiesbaden/freizeit/natur-erleben/stadtwald/stadtwald-multitalent?sp%3Aeasylanguage=1,https://www.wiesbaden.de/leben-in-wiesbaden/freizeit/natur-erleben/stadtwald/stadtwald-multitalent,24.10471698113207,14.089517735849057,62.12641509433962,42.67898870888561,11.381534118802161,59.17771232204222
wiesbaden,2,https://www.wiesbaden.de/vv/produkte/34/Grossraum-und-Schwerverkehr-Ausnahmen-und-Erlaubnisse?sp%3Aeasylanguage=1,https://www.wiesbaden.de/vv/produkte/34/Grossraum-und-Schwerverkehr-Ausnahmen-und-Erlaubnisse,49.44117647058823,10.124654901960783,48.372549019607845,-1.970588235294116,17.530535294117644,81.05882352941177
wiesbaden,3,https://www.wiesbaden.de/leben-in-wiesbaden/gesellschaft-soziales/inklusion/arbeitskreis-inklusion-und-barrierefreiheit?sp%3Aeasylanguage=1,https://www.wiesbaden.de/leben-in-wiesbaden/gesellschaft-soziales/inklusion/arbeitskreis-inklusion-und-barrierefreiheit,46.96022727272728,9.763522916666666,47.26893939393939,28.697833065810613,13.416488603531299,63.63081861958267
wiesbaden,4,https://www.wiesbaden.de/rathaus/smart-city/sensor-bike?sp%3Aeasylanguage=1,https://www.wiesbaden.de/rathaus/smart-city/sensor-bike,70.82716701902748,6.265610852713179,36.11275546159267,26.212450592885375,13.974491657998755,63.389224048262946
wiesbaden,5,https://www.wiesbaden.de/vv/produkte/34/Haltverbote-bei-Baustellen-Lieferungen?sp%3Aeasylanguage=1,https://www.wiesbaden.de/vv/produkte/34/Haltverbote-bei-Baustellen-Lieferungen,53.80000000000001,9.147805217391305,46.15652173913044,43.709051724137936,10.839012068965516,51.56896551724138
wiesbaden,6,https://www.wiesbaden.de/vv/produkte/51/jugendarbeit-wi-and-you/Inklusion-fuer-Kinder-und-Jugendliche-Beratung-und-Information?sp%3Aeasylanguage=1,https://www.wiesbaden.de/vv/produkte/51/jugendarbeit-wi-and-you/Inklusion-fuer-Kinder-und-Jugendliche-Beratung-und-Information,55.53571428571429,8.691828571428573,40.333333333333336,23.83552631578945,13.154455555555556,61.14108187134503
wiesbaden,7,https://www.wiesbaden.de/rathaus/smart-city/smart-city-in-wiesbaden?sp%3Aeasylanguage=1,https://www.wiesbaden.de/rathaus/smart-city/smart-city-in-wiesbaden,71.70638102397061,5.268199933182997,33.93042679361898,43.27142857142857,10.908285714285714,53.214285714285715
wiesbaden,8,https://www.wiesbaden.de/rathaus/smart-city/smart-ubilabs?sp%3Aeasylanguage=1,https://www.wiesbaden.de/rathaus/smart-city/smart-ubilabs,77.38620689655174,5.219103601532567,37.81877394636015,29.268518518518533,14.16261069958848,65.51748971193416
wiesbaden,9,https://www.wiesbaden.de/rathaus/smart-city/mobile-datenmessung?sp%3Aeasylanguage=1,https://www.wiesbaden.de/rathaus/smart-city/mobile-datenmessung,66.15833333333335,6.793069105691057,35.37093495934959,5.432295719844376,18.17542521400778,78.61828793774319
wiesbaden,10,https://www.wiesbaden.de/vv/produkte/34/Bewohnerparken-Ausnahmegenehmigungen?sp%3Aeasylanguage=1,https://www.wiesbaden.de/vv/produkte/34/Bewohnerparken-Ausnahmegenehmigungen,33.16091954022991,11.875749425287355,49.32183908045977,-80.87772925764193,29.626910917030568,155.98471615720524
wiesbaden,11,https://www.wiesbaden.de/kultur/kultur-erleben/film/filmstadt-wiesbaden?sp%3Aeasylanguage=1,https://www.wiesbaden.de/kultur/kultur-erleben/film/filmstadt-wiesbaden,63.16456422018348,5.497261009174312,31.583142201834864,14.628571428571433,14.773126666666668,65.60952380952381
wiesbaden,12,https://www.wiesbaden.de/vv/produkte/34/Aufgrabungen-Genehmigung-beantragen?sp%3Aeasylanguage=1,https://www.wiesbaden.de/vv/produkte/34/Aufgrabungen-Genehmigung-beantragen,46.21428571428572,10.032965873015874,46.3968253968254,10.008438818565367,17.0114776371308,74.43459915611814
wiesbaden,13,https://www.wiesbaden.de/vv/oe/05/34/Stadtpolizei-Gefahrenabwehr?sp%3Aeasylanguage=1,https://www.wiesbaden.de/vv/oe/05/34/Stadtpolizei-Gefahrenabwehr,40.881261595547286,12.317665306122448,57.24118738404452,19.774310595065316,14.909811998064827,70.05902273826803
wiesbaden,14,https://www.wiesbaden.de/kultur/kultur-erleben/film/caligari?sp%3Aeasylanguage=1,https://www.wiesbaden.de/kultur/kultur-erleben/film/caligari,63.16456422018348,5.497261009174312,31.583142201834864,31.833333333333343,13.161095238095239,60.238095238095234
wiesbaden,15,https://www.wiesbaden.de/vv/produkte/34/Behindertenparkplaetze?sp%3Aeasylanguage=1,https://www.wiesbaden.de/vv/produkte/34/Behindertenparkplaetze,47.25644329896909,10.068176288659794,49.23840206185567,-0.49090909090907076,17.537872727272728,80.27272727272728
wiesbaden,16,https://www.wiesbaden.de/vv/produkte/34/Handwerkerparkausweis-fuer-die-Region-Frankfurt-Rhein-Main?sp%3Aeasylanguage=1,https://www.wiesbaden.de/vv/produkte/34/Handwerkerparkausweis-fuer-die-Region-Frankfurt-Rhein-Main,49.946428571428584,7.251095604395605,38.1978021978022,10.216216216216225,14.974619819819821,70.5427927927928
wiesbaden,17,https://www.wiesbaden.de/rathaus/smart-city/?sp%3Aeasylanguage=1,https://www.wiesbaden.de/rathaus/smart-city/,68.31636996904024,6.651248529411764,36.93730650154799,34.58368495077357,12.049170745428974,56.37412095639944
wiesbaden,18,https://www.wiesbaden.de/kultur/kultur-erleben/film/murnau-filmtheater?sp%3Aeasylanguage=1,https://www.wiesbaden.de/kultur/kultur-erleben/film/murnau-filmtheater,63.16456422018348,5.497261009174312,31.583142201834864,18.241379310344826,15.096641379310347,66.22413793103448
wiesbaden,19,https://www.wiesbaden.de/leben-in-wiesbaden/umwelt-natur-klima/nachhaltiges-wirtschaften/oekoprofit_klub?sp%3Aeasylanguage=1,https://www.wiesbaden.de/leben-in-wiesbaden/umwelt-natur-klima/nachhaltiges-wirtschaften/oekoprofit_klub,21.674999999999983,12.819666666666667,56.666666666666664,33.2703488372093,12.29249534883721,57.98546511627907
wiesbaden,20,https://www.wiesbaden.de/vv/oe/05/34/Verwarngeldstelle?sp%3Aeasylanguage=1,https://www.wiesbaden.de/vv/oe/05/34/Verwarngeldstelle,59.226421188630496,5.946700516795866,33.974160206718345,9.634283246977532,14.813356131260793,64.78799654576856
wiesbaden,21,https://www.wiesbaden.de/vv/oe/07/31/ordnungsamt?sp%3Aeasylanguage=1,https://www.wiesbaden.de/vv/oe/07/31/ordnungsamt,40.310526315789446,11.165641403508774,51.75087719298246,9.29220779220779,18.09790043290043,77.5108225108225
wiesbaden,22,https://www.wiesbaden.de/rathaus/smart-city/stadtteil-app?sp%3Aeasylanguage=1,https://www.wiesbaden.de/rathaus/smart-city/stadtteil-app,71.01913875598088,6.488854545454546,34.09974236290026,23.59787234042554,13.841813049645394,67.20709219858156
wiesbaden,23,https://www.wiesbaden.de/leben-in-wiesbaden/umwelt-natur-klima/luftqualitaet/lufthygiene?sp%3Aeasylanguage=1,https://www.wiesbaden.de/leben-in-wiesbaden/umwelt-natur-klima/luftqualitaet/lufthygiene,26.833333333333343,12.714733333333331,59.33333333333333,42.74085750315257,10.528666798774998,51.08349846874437
wiesbaden,24,https://www.wiesbaden.de/leben-in-wiesbaden/gesellschaft-soziales/engagement/aktionswoche-wiesbaden-engagiert?sp%3Aeasylanguage=1,https://www.wiesbaden.de/leben-in-wiesbaden/gesellschaft-soziales/engagement/aktionswoche-wiesbaden-engagiert,54.866763783056925,7.866429672792469,39.362617660242044,23.738841807909637,13.909353107344632,58.3933615819209
wiesbaden,25,https://www.wiesbaden.de/rathaus/smart-city/Smart-City-in-Wiesbaden_159092_159093?sp%3Aeasylanguage=1,https://www.wiesbaden.de/rathaus/smart-city/Smart-City-in-Wiesbaden_159092_159093,62.15892053973015,7.0423181409295355,36.87556221889055,60.08333333333334,7.465673684210527,40.73684210526316
wiesbaden,26,https://www.wiesbaden.de/leben-in-wiesbaden/umwelt-natur-klima/nachhaltiges-wirtschaften/fortgeschrittene?sp%3Aeasylanguage=1,https://www.wiesbaden.de/leben-in-wiesbaden/umwelt-natur-klima/nachhaltiges-wirtschaften/fortgeschrittene,21.674999999999983,12.819666666666667,56.666666666666664,-6.015625,17.24145,69.125
wiesbaden,27,https://www.wiesbaden.de/vv/produkte/34/Altkleidercontainer-Sondernutzungserlaubnis-beantragen?sp%3Aeasylanguage=1,https://www.wiesbaden.de/vv/produkte/34/Altkleidercontainer-Sondernutzungserlaubnis-beantragen,47.70289855072464,7.466866666666668,38.10144927536232,31.821428571428584,12.581276190476192,56.857142857142854
wiesbaden,28,https://www.wiesbaden.de/vv/produkte/34/Online-Anhoerung?sp%3Aeasylanguage=1,https://www.wiesbaden.de/vv/produkte/34/Online-Anhoerung,48.47499999999998,8.22311076923077,41.16923076923077,26.000405515004047,13.639206650446068,60.477696674776965
wiesbaden,29,https://www.wiesbaden.de/rathaus/smart-city/smart-city-kampagne?sp%3Aeasylanguage=1,https://www.wiesbaden.de/rathaus/smart-city/smart-city-kampagne,62.15892053973015,7.0423181409295355,36.87556221889055,38.27727272727276,10.621433939393938,48.04848484848485
wiesbaden,30,https://www.wiesbaden.de/rathaus/smart-city/digitaler-zwilling?sp%3Aeasylanguage=1,https://www.wiesbaden.de/rathaus/smart-city/digitaler-zwilling,66.4197149406957,6.599253262694646,38.855844942459115,20.278752655917998,14.573741937257841,65.31236095488065
wiesbaden,31,https://www.wiesbaden.de/vv/produkte/51/Verfahrenslotse-junge-Menschen-Behinderung?sp%3Aeasylanguage=1,https://www.wiesbaden.de/vv/produkte/51/Verfahrenslotse-junge-Menschen-Behinderung,63.112121212121195,5.6804969696969705,31.87878787878788,46.93793893129772,8.39695065648855,41.39603053435114
wiesbaden,32,https://www.wiesbaden.de/vv/produkte/34/Umzug-und-Ausnahmegenehmigung?sp%3Aeasylanguage=1,https://www.wiesbaden.de/vv/produkte/34/Umzug-und-Ausnahmegenehmigung,43.19696969696972,9.807121212121213,47.348484848484844,25.886290322580635,12.587725806451614,60.020161290322584
wiesbaden,33,https://www.wiesbaden.de/vv/produkte/34/Umweltzone-Ausnahmegenehmigungen-zum-Befahren?sp%3Aeasylanguage=1,https://www.wiesbaden.de/vv/produkte/34/Umweltzone-Ausnahmegenehmigungen-zum-Befahren,37.061038961038946,8.36035064935065,40.58441558441558,20.759615384615387,13.330591124260355,60.76997041420118
wiesbaden,34,https://www.wiesbaden.de/rathaus/smart-city/virtuelle_stadtentwicklung?sp%3Aeasylanguage=1,https://www.wiesbaden.de/rathaus/smart-city/virtuelle_stadtentwicklung,66.74489795918367,6.9561142857142855,35.57142857142857,24.308823529411768,14.053452941176472,65.20588235294117
wiesbaden,35,https://www.wiesbaden.de/vv/oe/05/34/stabstelle-oeffentlichkeitsarbeit-amtskoordination/stabstelle-oeffentlichkeitsarbeit-amtskoordination?sp%3Aeasylanguage=1,https://www.wiesbaden.de/vv/oe/05/34/stabstelle-oeffentlichkeitsarbeit-amtskoordination/stabstelle-oeffentlichkeitsarbeit-amtskoordination,53.58771929824559,8.275161403508772,39.66666666666667,12.551587301587318,15.691312949039268,72.03675856307436
wiesbaden,36,https://www.wiesbaden.de/vv/produkte/34/Ordnungswidrigkeiten-im-Strassenverkehr?sp%3Aeasylanguage=1,https://www.wiesbaden.de/vv/produkte/34/Ordnungswidrigkeiten-im-Strassenverkehr,57.37394110528439,7.8422024203307785,42.20814844695442,27.636501516683495,12.68953857431749,57.68907987866532
wiesbaden,37,https://www.wiesbaden.de/vv/oe/02/15-1/amt-fuer-innovation-organisation-und-digitalisierung?sp%3Aeasylanguage=1,https://www.wiesbaden.de/vv/oe/02/15-1/amt-fuer-innovation-organisation-und-digitalisierung,44.15156794425086,9.523506620209059,46.47038327526133,9.589810924369743,15.596324789915965,67.22268907563026
wiesbaden,38,https://www.wiesbaden.de/leben-in-wiesbaden/umwelt-natur-klima/luftqualitaet/luftreinhalteplan?sp%3Aeasylanguage=1,https://www.wiesbaden.de/leben-in-wiesbaden/umwelt-natur-klima/luftqualitaet/luftreinhalteplan,26.833333333333343,12.714733333333331,59.33333333333333,21.953030303030317,15.196303838383837,63.334848484848486
wiesbaden,39,https://www.wiesbaden.de/kultur/kultur-erleben/film/natourale?sp%3Aeasylanguage=1,https://www.wiesbaden.de/kultur/kultur-erleben/film/natourale,63.16456422018348,5.497261009174312,31.583142201834864,31.473796791443874,12.574153368983957,58.27219251336898
wiesbaden,40,https://www.wiesbaden.de/leben-in-wiesbaden/umwelt-natur-klima/nachhaltiges-wirtschaften/netzwerk?sp%3Aeasylanguage=1,https://www.wiesbaden.de/leben-in-wiesbaden/umwelt-natur-klima/nachhaltiges-wirtschaften/netzwerk,21.674999999999983,12.819666666666667,56.666666666666664,22.662698412698404,14.146396825396826,65.73015873015873
