model,as_tokens,gen_tokens,ref_tokens,compression_ratio,as_sent_count,as_token_count,as_avg_sent_len,as_long_sent_ratio,as_subord_ratio,as_subject_initial_ratio,as_passive_count,as_passive_ratio,as_genitive_count,as_genitive_ratio,as_subjunctive_count,as_subjunctive_ratio,as_nominal_count,as_nominal_ratio,as_verb_to_noun_ratio,as_negation_density,as_avg_word_len,as_polysyllable_ratio,as_hyphen_compound_ratio,as_abbr_ratio,as_digit_ratio,as_flesch_score,as_wstf_score,as_lix_score,as_mattr_50,gen_sent_count,gen_token_count,gen_avg_sent_len,gen_long_sent_ratio,gen_subord_ratio,gen_subject_initial_ratio,gen_passive_count,gen_passive_ratio,gen_genitive_count,gen_genitive_ratio,gen_subjunctive_count,gen_subjunctive_ratio,gen_nominal_count,gen_nominal_ratio,gen_verb_to_noun_ratio,gen_negation_density,gen_avg_word_len,gen_polysyllable_ratio,gen_hyphen_compound_ratio,gen_abbr_ratio,gen_digit_ratio,gen_flesch_score,gen_wstf_score,gen_lix_score,gen_mattr_50,gen_delta_avg_sent_len,gen_red_sent_len_pct,gen_delta_long_sent_ratio,gen_red_long_sent_pct,gen_delta_subord_ratio,gen_red_subord_pct,gen_delta_passive_ratio,gen_red_passive_pct,gen_delta_genitive_ratio,gen_red_genitive_pct,gen_delta_subjunctive_ratio,gen_red_subjunctive_pct,gen_delta_nominal_ratio,gen_red_nominal_pct,gen_delta_polysyllable_ratio,gen_red_polysyllable_pct,gen_delta_abbr_ratio,gen_red_abbr_pct,gen_delta_wstf_score,gen_red_wstf_pct,gen_delta_lix_score,gen_red_lix_pct,gen_delta_mattr_50,gen_red_mattr_pct,gen_delta_flesch_score,gen_gain_flesch_pts,gen_delta_subject_initial_ratio,gen_gain_subject_initial_pct,gen_delta_verb_to_noun_ratio,gen_gain_vnr_pct,gen_delta_hyphen_compound_ratio,gen_gain_hyphen_pct,gen_delta_digit_ratio,gen_gain_digit_pct,ref_sent_count,ref_token_count,ref_avg_sent_len,ref_long_sent_ratio,ref_subord_ratio,ref_subject_initial_ratio,ref_passive_count,ref_passive_ratio,ref_genitive_count,ref_genitive_ratio,ref_subjunctive_count,ref_subjunctive_ratio,ref_nominal_count,ref_nominal_ratio,ref_verb_to_noun_ratio,ref_negation_density,ref_avg_word_len,ref_polysyllable_ratio,ref_hyphen_compound_ratio,ref_abbr_ratio,ref_digit_ratio,ref_flesch_score,ref_wstf_score,ref_lix_score,ref_mattr_50,ref_delta_avg_sent_len,ref_red_sent_len_pct,ref_delta_long_sent_ratio,ref_red_long_sent_pct,ref_delta_subord_ratio,ref_red_subord_pct,ref_delta_passive_ratio,ref_red_passive_pct,ref_delta_genitive_ratio,ref_red_genitive_pct,ref_delta_subjunctive_ratio,ref_red_subjunctive_pct,ref_delta_nominal_ratio,ref_red_nominal_pct,ref_delta_polysyllable_ratio,ref_red_polysyllable_pct,ref_delta_abbr_ratio,ref_red_abbr_pct,ref_delta_wstf_score,ref_red_wstf_pct,ref_delta_lix_score,ref_red_lix_pct,ref_delta_mattr_50,ref_red_mattr_pct,ref_delta_flesch_score,ref_gain_flesch_pts,ref_delta_subject_initial_ratio,ref_gain_subject_initial_pct,ref_delta_verb_to_noun_ratio,ref_gain_vnr_pct,ref_delta_hyphen_compound_ratio,ref_gain_hyphen_pct,ref_delta_digit_ratio,ref_gain_digit_pct
sft_len256,344,175,998,0.5087209302325582,22,344,15.636363636363637,0.5909090909090909,0.5,0.13636363636363635,0,0.0,12,0.10714285714285714,2,0.043478260869565216,15,0.0436046511627907,0.4842105263157895,0.18181818181818182,6.369186046511628,0.28488372093023256,0.010526315789473684,0.0,1.0,40.86831395348838,10.686334186046512,53.53720930232558,0.819728813559322,25,175,7.0,0.08,0.12,0.32,0,0.0,1,0.015873015873015872,0,0.0,2,0.011428571428571429,0.8636363636363636,0.12,5.097142857142857,0.15428571428571428,0.022727272727272728,0.0,1.0,75.76547619047619,4.925709523809525,34.148809523809526,0.6906349206349207,-8.636363636363637,55.23255460722035,-0.510909090909091,86.46139214225946,-0.38,75.999848000304,0.0,0.0,-0.09126984126984126,85.18439013087729,-0.043478260869565216,99.99770005289878,-0.03217607973421927,73.7887839676972,-0.1305980066445183,45.84240468147162,0.0,0.0,-5.760624662236987,53.90645681560521,-19.388399778516053,36.214811472300134,-0.12909389292440132,15.748346685582526,34.89716223698781,34.89716223698781,0.18363636363636365,134.66567911835315,0.37942583732057417,78.35952196501887,0.012200956937799044,115.89808059143473,0.0,0.0,117,998,8.52991452991453,0.15384615384615385,0.02564102564102564,0.358974358974359,1,0.008547008547008548,5,0.013020833333333334,1,0.00546448087431694,43,0.04308617234468938,0.5545454545454546,0.09401709401709402,5.970941883767535,0.23146292585170342,0.00909090909090909,0.012024048096192385,1.0,53.667081531484015,8.044225490981963,42.869992616812574,0.696290832455216,-7.106449106449107,45.44821812304429,-0.4370629370629371,73.96437187094465,-0.47435897435897434,94.8716051285846,0.008547008547008548,0.0,-0.09412202380952381,87.84640232246723,-0.03801377999524828,87.42968310635959,-0.0005184788181013186,1.1890174880446314,-0.05342079507852915,18.751723470495193,0.012024048096192385,0.0,-2.6421086950645485,24.724179515859042,-10.667216685513004,19.924864641386883,-0.12343798110410609,15.058373998638656,12.798767577995633,12.798767577995633,0.22261072261072262,163.24666610564515,0.07033492822966508,14.525661700955581,-0.0014354066985645935,-13.635068304874675,0.0,0.0
sft_len256,504,144,493,0.2857142857142857,23,504,21.91304347826087,0.6956521739130435,0.21739130434782608,0.21739130434782608,2,0.08695652173913043,18,0.10778443113772455,1,0.017543859649122806,18,0.03571428571428571,0.375,0.21739130434782608,6.698412698412699,0.3134920634920635,0.039473684210526314,0.031746031746031744,0.9642857142857143,32.472527472527446,11.783766422466423,57.28144078144078,0.7826813186813187,22,144,6.545454545454546,0.045454545454545456,0.09090909090909091,0.2727272727272727,1,0.045454545454545456,0,0.0,0,0.0,4,0.027777777777777776,0.7804878048780488,0.0,5.666666666666667,0.1875,0.0975609756097561,0.0625,1.0,65.5625,6.057738888888889,36.47222222222222,0.6995789473684213,-15.367588932806324,70.1298669294992,-0.650197628458498,93.46577473385791,-0.12648221343873517,58.18155054668567,-0.04150197628458498,47.726723869948216,-0.10778443113772455,99.99907223082985,-0.017543859649122806,99.99430032488148,-0.007936507936507936,22.221600017421732,-0.1259920634920635,40.18974521752159,0.030753968253968256,-96.8719485336212,-5.7260275335775335,48.59250296013597,-20.809218559218557,36.32802861111076,-0.08310237131289744,10.617637492170545,33.089972527472554,33.089972527472554,0.055335968379446626,25.454428364174973,0.4054878048780488,108.12979295469847,0.05808729139922979,147.1507437258744,0.0357142857142857,3.70369986282977,76,493,6.4868421052631575,0.013157894736842105,0.02631578947368421,0.4342105263157895,2,0.02631578947368421,0,0.0,0,0.0,14,0.028397565922920892,0.6339869281045751,0.06578947368421052,5.959432048681542,0.25963488843813387,0.006535947712418301,0.02636916835699797,1.0,57.02509417560127,8.050740156476383,38.888698927847,0.6763063063063063,-15.426201372997713,70.3973443229282,-0.6824942791762013,98.10841160073727,-0.19107551487414187,87.89433252817564,-0.06064073226544622,69.73604014080153,-0.10778443113772455,99.99907223082985,-0.017543859649122806,99.99430032488148,-0.00731671979136482,20.486241801051065,-0.05385717505392962,17.179702304734757,-0.005376863389033773,16.936586172991934,-3.7330262659900395,31.679395325410216,-18.392741853593776,32.109425464135285,-0.10637501237501246,13.591084126473628,24.552566703073822,24.552566703073822,0.2168192219679634,99.73638331789991,0.25898692810457513,69.06299665989562,-0.032937736498108015,-83.44015197802354,0.0357142857142857,3.70369986282977
sft_len256,492,173,776,0.3516260162601626,39,492,12.615384615384615,0.5128205128205128,0.05128205128205128,0.10256410256410256,7,0.1794871794871795,17,0.09444444444444444,0,0.0,17,0.034552845528455285,0.4171779141104294,0.0,6.719512195121951,0.32723577235772355,0.03067484662576687,0.0,0.8,36.23465608465608,12.115621469723692,57.50711346266902,0.825823927765237,26,173,6.653846153846154,0.038461538461538464,0.038461538461538464,0.23076923076923078,3,0.11538461538461539,1,0.01694915254237288,0,0.0,5,0.028901734104046242,0.8048780487804879,0.0,5.46242774566474,0.18497109826589594,0.12195121951219512,0.0,1.0,65.6967054263566,6.264894573643412,37.39922480620155,0.7366129032258065,-5.961538461538461,47.25609381506573,-0.47435897435897434,92.49981962535173,-0.012820512820512817,24.999512509506058,-0.0641025641025641,35.71408673580247,-0.07749529190207156,82.05296968839673,0.0,0.0,-0.005651111424409043,16.354507980176393,-0.1422646740918276,43.474537738169886,0.0,0.0,-5.85072689608028,48.29076599820555,-20.107888656467466,34.9659148165408,-0.08921102453943053,10.80265580997225,29.46204934170052,29.46204934170052,0.12820512820512822,124.99878126188271,0.3877001346700584,92.9337801017029,0.09127637288642824,297.5512754381768,0.19999999999999996,24.999968750039052,121,776,6.413223140495868,0.008264462809917356,0.0,0.2066115702479339,2,0.01652892561983471,5,0.017241379310344827,1,0.006172839506172839,6,0.007731958762886598,0.675,0.024793388429752067,5.841494845360825,0.21778350515463918,0.19583333333333333,0.0,1.0,62.16249270569929,7.032045652596771,38.37745574790897,0.6950756533700139,-6.202161474888747,49.16347120872101,-0.5045560500105954,98.38823789500222,-0.05128205128205128,99.99805003802426,-0.16295825386734478,90.79052132175902,-0.07720306513409961,81.7435563866849,0.006172839506172839,0.0,-0.026820886765568687,77.62055526781103,-0.10945226720308437,33.447422920867545,0.0,0.0,-5.0835758171269205,41.95884965737841,-19.12965771476005,33.26485408545085,-0.13074827439522319,15.832444625889508,25.927836621043213,25.927836621043213,0.10404746768383133,101.44529190013951,0.2578220858895706,61.80132244683004,0.16515848670756647,538.3991148555224,0.19999999999999996,24.999968750039052
sft_len256,900,133,1422,0.14777777777777779,90,900,10.0,0.32222222222222224,0.05555555555555555,0.1,4,0.044444444444444446,44,0.12941176470588237,0,0.0,57,0.06333333333333334,0.2961783439490446,0.022222222222222223,6.383333333333334,0.31333333333333335,0.006369426751592357,0.008888888888888889,0.9807692307692307,42.31173402868319,11.305119426336375,54.63233376792699,0.6995769682726204,20,133,6.65,0.0,0.0,0.35,0,0.0,0,0.0,0,0.0,2,0.015037593984962405,0.5476190476190477,0.05,5.593984962406015,0.18796992481203006,0.11904761904761904,0.007518796992481203,1.0,70.07518796992481,5.697655639097745,34.06766917293233,0.5957142857142858,-3.3499999999999996,33.499996650000334,-0.32222222222222224,99.99968965613556,-0.05555555555555555,99.99820003239942,-0.044444444444444446,99.99775005062386,-0.12941176470588237,99.9992272786983,0.0,0.0,-0.048295739348370934,76.25522652016694,-0.1253634085213033,40.00947077444539,-0.0013700918964076863,15.411800007085674,-5.607463787238631,49.601097341479885,-20.56466459499466,37.64192887298597,-0.10386268255833464,14.846477057416438,27.76345394124162,27.76345394124162,0.24999999999999997,249.9975000249997,0.2514407036700031,84.8947466482543,0.11267819229602669,1768.769922169838,0.019230769230769273,1.960782314496468,192,1422,7.40625,0.041666666666666664,0.015625,0.21875,0,0.0,6,0.010452961672473868,2,0.008928571428571428,88,0.06188466947960619,0.43410852713178294,0.03125,5.755977496483825,0.22292545710267228,0.08139534883720931,0.0,1.0,62.94881024367125,7.243594064292601,39.26412018500057,0.631755280407866,-2.59375,25.93749740625026,-0.28055555555555556,87.06869530404906,-0.03993055555555555,71.87370627328707,-0.044444444444444446,99.99775005062386,-0.1189588030334085,91.9220011285342,0.008928571428571428,0.0,-0.0014486638537271473,2.287327863866066,-0.09040787623066107,28.85348543483193,-0.008888888888888889,99.98875126548265,-4.061525362043774,35.92642279671835,-15.368213582926415,28.13025225483981,-0.0678216878647544,9.694657485028857,20.637076214988056,20.637076214988056,0.11875,118.74881251187486,0.13793018318273836,46.56981859155857,0.07502592208561695,1177.7220743785088,0.019230769230769273,1.960782314496468
sft_len256,862,148,715,0.1716937354988399,73,862,11.808219178082192,0.3561643835616438,0.1506849315068493,0.1232876712328767,3,0.0410958904109589,14,0.0472972972972973,1,0.01,36,0.04176334106728538,0.4329004329004329,0.0821917808219178,6.417633410672853,0.2737819025522042,0.07792207792207792,0.00580046403712297,0.9259259259259259,40.77677782685511,9.5767816401649,47.423457744405184,0.8032964329643297,14,148,10.571428571428571,0.2857142857142857,0.14285714285714285,0.21428571428571427,0,0.0,1,0.02,0,0.0,3,0.02027027027027027,0.5,0.0,5.4324324324324325,0.21621621621621623,0.1111111111111111,0.0,1.0,60.643468468468456,6.301598558558559,34.19099099099099,0.749090909090909,-1.2367906066536207,10.473979888597333,-0.07045009784735812,19.78016424360479,-0.007827788649706457,5.1947707204176865,-0.0410958904109589,99.99756672587633,-0.0272972972972973,57.713065495186676,-0.01,99.99000099990002,-0.02149307079701511,51.46273171744339,-0.057565686335987964,21.026034058139004,-0.00580046403712297,99.98276297166369,-3.2751830816063405,34.199200343863566,-13.232466753414194,27.902787151675867,-0.0542055238734207,6.747877143512257,19.866690641613346,19.866690641613346,0.09099804305283757,73.80892513713103,0.0670995670995671,15.499964195082711,0.033189033189033185,42.592045994668986,0.07407407407407407,7.99999136000933,114,715,6.271929824561403,0.008771929824561403,0.03508771929824561,0.2982456140350877,0,0.0,0,0.0,2,0.013793103448275862,15,0.02097902097902098,0.7474226804123711,0.06140350877192982,5.520279720279721,0.16923076923076924,0.07731958762886598,0.0013986013986013986,0.8181818181818182,64.11363636363635,4.792354125874126,28.82832167832168,0.7187687687687688,-5.536289353520789,46.88504507899474,-0.3473924537370824,97.536838157366,-0.1155972122086037,76.71400445458926,-0.0410958904109589,99.99756672587633,-0.0472972972972973,99.9978857589868,0.0037931034482758617,-37.92724175858276,-0.0207843200882644,49.76570815466561,-0.10455113332143495,38.187604977085606,-0.004401862638521571,75.87503103276184,-4.7844275142907735,49.95861025627697,-18.595136066083505,39.21083902020808,-0.0845276641955609,10.522586121511274,23.336858536781236,23.336858536781236,0.174957942802211,141.90918034288615,0.31452224751193825,72.65447134342894,-0.000602490293211938,-0.7731859537355809,-0.1077441077441077,-11.636351069104476
sft_len256,834,153,962,0.18345323741007194,101,834,8.257425742574258,0.15841584158415842,0.0297029702970297,0.1782178217821782,9,0.0891089108910891,9,0.02821316614420063,0,0.0,18,0.02158273381294964,0.46564885496183206,0.0594059405940594,5.95083932853717,0.2302158273381295,0.06870229007633588,0.009592326139088728,1.0,58.33629266799326,7.218791050563805,38.128935149752536,0.6842292993630572,26,153,5.884615384615385,0.0,0.0,0.3076923076923077,0,0.0,0,0.0,0,0.0,3,0.0196078431372549,0.5510204081632653,0.038461538461538464,5.65359477124183,0.1568627450980392,0.08163265306122448,0.006535947712418301,1.0,61.56020469596628,4.838494039735099,30.04244431065623,0.6346153846153846,-2.3728103579588726,28.73546967997863,-0.15841584158415842,99.99936875398474,-0.0297029702970297,99.99663344667395,-0.0891089108910891,99.99887779037147,-0.02821316614420063,99.99645568118196,0.0,0.0,-0.0019748906756947397,9.149902851886822,-0.0733530822400903,31.86260669484139,-0.0030563784266704275,31.85942375311295,-2.3802970108287065,32.973619327942814,-8.086490839096307,21.208278162643648,-0.04961391474767263,7.251054914384484,3.2239120279730145,3.2239120279730145,0.1294744859101295,72.64916500703569,0.08537155320143319,18.333851560724927,0.012930362984888602,18.820587733894172,0.0,0.0,127,962,7.574803149606299,0.047244094488188976,0.007874015748031496,0.2204724409448819,11,0.08661417322834646,2,0.00546448087431694,1,0.006578947368421052,17,0.017671517671517672,0.5100671140939598,0.03937007874015748,5.824324324324325,0.22765072765072766,0.06375838926174497,0.006237006237006237,1.0,60.63873873873874,6.956665252945253,36.602945252945254,0.6609419496166483,-0.6826225929679586,8.266771407712794,-0.11117174709596944,70.17672236377078,-0.021828954548998206,73.48833954086274,-0.0024947376627426493,2.7996186258021725,-0.02274868526988369,80.62859328755899,0.006578947368421052,0.0,-0.003911216141431969,18.121128509680506,-0.002565099687401845,1.1142103368640255,-0.003355319902082491,34.97556377668625,-0.2621257976185518,3.6311587282539763,-1.5259898968072818,4.002183252147164,-0.023287349746408892,3.403437375995603,2.302446070745475,2.302446070745475,0.04225461916270368,23.709403271865373,0.04441825913212771,9.53898270531375,-0.00494390081459091,-7.196017554760139,0.0,0.0
sft_len256,217,140,269,0.6451612903225806,16,217,13.5625,0.5,0.25,0.25,4,0.25,7,0.10294117647058823,1,0.02857142857142857,9,0.041474654377880185,0.6481481481481481,0.0625,6.7050691244239635,0.35944700460829493,0.037037037037037035,0.0,1.0,33.981581798483205,12.881409100758397,58.63813651137595,0.7335714285714285,21,140,6.666666666666667,0.0,0.0,0.19047619047619047,0,0.0,0,0.0,0,0.0,2,0.014285714285714285,0.84375,0.047619047619047616,6.228571428571429,0.2357142857142857,0.4375,0.0,1.0,57.58690476190476,7.125238095238094,38.095238095238095,0.6145054945054946,-6.895833333333333,50.84485032173147,-0.5,99.9998000004,-0.25,99.99960000160002,-0.25,99.99960000160002,-0.10294117647058823,99.99902858086521,-0.02857142857142857,99.99650012249572,-0.0271889400921659,65.55397497638113,-0.12373271889400922,34.42298115657807,0.0,0.0,-5.756171005520303,44.685876472339054,-20.542898416137852,35.033340566371976,-0.11906593406593391,16.23097180707908,23.605322963421557,23.605322963421557,-0.059523809523809534,-23.80942857180953,0.19560185185185186,30.178524867418776,0.40046296296296297,1081.22080703821,0.0,0.0,44,269,6.113636363636363,0.0,0.022727272727272728,0.25,1,0.022727272727272728,1,0.009523809523809525,0,0.0,8,0.02973977695167286,0.5227272727272727,0.045454545454545456,6.096654275092937,0.22676579925650558,0.022727272727272728,0.0,1.0,64.43130081300812,7.18918428184282,39.91869918699187,0.7021818181818181,-7.448863636363637,54.92249280839601,-0.5,99.9998000004,-0.22727272727272727,90.90872727418183,-0.22727272727272727,90.90872727418183,-0.09341736694677871,90.74741777338382,-0.02857142857142857,99.99650012249572,-0.011734877426207324,28.29341116427514,-0.13268120535178934,36.91248905286801,0.0,0.0,-5.692224818915577,44.18945421651039,-18.719437324384074,31.923656034867165,-0.03138961038961041,4.279006293998681,30.449719014524916,30.449719014524916,0.0,0.0,-0.12542087542087543,-19.350619495407845,-0.014309764309764307,-38.6353204827106,0.0,0.0
sft_len256,231,171,302,0.7402597402597403,14,231,16.5,0.6428571428571429,0.35714285714285715,0.14285714285714285,3,0.21428571428571427,10,0.13333333333333333,0,0.0,4,0.017316017316017316,0.6949152542372882,0.0,6.956709956709957,0.3852813852813853,0.01694915254237288,0.004329004329004329,1.0,25.96976822304333,14.124833792408467,62.59355055424925,0.7816483516483516,22,171,7.7727272727272725,0.09090909090909091,0.045454545454545456,0.22727272727272727,0,0.0,0,0.0,0,0.0,3,0.017543859649122806,1.1470588235294117,0.045454545454545456,5.812865497076023,0.17543859649122806,0.17647058823529413,0.0,1.0,63.4377990430622,6.556763742690059,39.93646996278575,0.6362295081967213,-8.727272727272727,52.892558777861446,-0.551948051948052,85.85845230099338,-0.3116883116883117,87.27248290977514,-0.21428571428571427,99.9995333355111,-0.13333333333333333,99.99925000562496,0.0,0.0,0.00022784233310549004,-1.3157134912300865,-0.20984278879015722,54.464672356329416,-0.004329004329004329,99.97690533486764,-7.568070049718408,53.57988366551333,-22.657080591463497,36.1971481548332,-0.14541884345163025,18.604102100893353,37.46803082001887,37.46803082001887,0.08441558441558442,59.090495457440895,0.4521435692921235,65.06446878097245,0.15952143569292124,941.1209444525125,0.0,0.0,41,302,7.365853658536586,0.024390243902439025,0.07317073170731707,0.4146341463414634,3,0.07317073170731707,2,0.017094017094017096,0,0.0,7,0.023178807947019868,0.5795454545454546,0.024390243902439025,6.056291390728477,0.23841059602649006,0.022727272727272728,0.0,1.0,57.57084349947718,7.640852980132452,40.397699546880446,0.6550197628458498,-9.134146341463413,55.35845932047769,-0.6184668989547039,96.20581240613463,-0.28397212543554007,79.51197248842826,-0.14111498257839722,65.85335122094634,-0.11623931623931624,87.17883333823715,0.0,0.0,0.005862790631002552,-33.855660729632596,-0.14687078925489522,38.12029692134259,-0.004329004329004329,99.97690533486764,-6.483980812276014,45.90482584448276,-22.195851007368802,35.460283777206456,-0.12662858880250172,16.200178319788254,31.601075276433846,31.601075276433846,0.27177700348432055,190.2425707410292,-0.11536979969183359,-16.60197167476803,0.005778120184899847,34.08889784593618,0.0,0.0
sft_len256,270,127,361,0.4703703703703704,20,270,13.5,0.5,0.15,0.15,2,0.1,5,0.053763440860215055,0,0.0,13,0.04814814814814815,0.42168674698795183,0.0,6.381481481481481,0.2962962962962963,0.060240963855421686,0.10740740740740741,1.0,39.0145970394737,11.1856515625,52.926809210526315,0.7921266968325792,15,127,8.466666666666667,0.06666666666666667,0.0,0.06666666666666667,0,0.0,0,0.0,0,0.0,3,0.023622047244094488,0.5,0.0,5.566929133858268,0.2283464566929134,0.047619047619047616,0.023622047244094488,1.0,59.13963254593176,7.06416997375328,37.6005249343832,0.6179487179487178,-5.033333333333333,37.283947855510036,-0.43333333333333335,86.66649333368,-0.15,99.99933333777776,-0.1,99.99900000999989,-0.053763440860215055,99.99814003459535,0.0,0.0,-0.02452610090405366,50.93776701633496,-0.06794983960338288,22.932993467288775,-0.08378536016331292,78.006333196534,-4.12148158874672,36.84614344775935,-15.326284276143113,28.9575060639021,-0.17417797888386144,21.98862375098531,20.12503550645806,20.12503550645806,-0.08333333333333333,-55.5551851876543,0.07831325301204817,18.571384530716678,-0.01262191623637407,-20.95203314863069,0.0,0.0,52,361,6.9423076923076925,0.019230769230769232,0.057692307692307696,0.46153846153846156,0,0.0,1,0.007042253521126761,0,0.0,12,0.0332409972299169,0.8446601941747572,0.019230769230769232,6.1551246537396125,0.22714681440443213,0.06796116504854369,0.0,1.0,55.942049861495846,7.652322504155126,41.015013850415514,0.7206410256410256,-6.5576923076923075,48.57549497731377,-0.4807692307692308,96.15365384653846,-0.0923076923076923,61.5380512847863,-0.1,99.99900000999989,-0.046721187339088296,86.8997921145709,0.0,0.0,-0.014907150918231249,30.96036273033127,-0.06914948189186415,23.33787137318827,-0.10740740740740741,99.9990689741854,-3.533329058344874,31.588045834629185,-11.911795360110801,22.50616523597285,-0.07148567119155358,9.02451353202241,16.927452822022147,16.927452822022147,0.31153846153846154,207.6909230861538,0.4229734471868054,100.30489389555119,0.0077202011931220005,12.815321246249834,0.0,0.0
sft_len256,1826,80,1205,0.04381161007667032,121,1826,15.090909090909092,0.5206611570247934,0.24793388429752067,0.1322314049586777,16,0.1322314049586777,71,0.11525974025974026,4,0.015267175572519083,113,0.061883899233296825,0.4720720720720721,0.11570247933884298,6.872946330777656,0.36801752464403065,0.0036036036036036037,0.007667031763417305,1.0,26.078695706664774,13.446406304593037,60.697859053929605,0.7668317388857626,9,80,8.88888888888889,0.1111111111111111,0.1111111111111111,0.2222222222222222,0,0.0,0,0.0,0,0.0,5,0.0625,0.7692307692307693,0.0,5.9875,0.2375,0.11538461538461539,0.0,1.0,56.30486111111112,7.137222222222222,37.638888888888886,0.6180645161290321,-6.202020202020202,41.09772150691136,-0.4095500459136823,78.65946091683786,-0.13682277318640956,55.184962605836006,-0.1322314049586777,99.99924375571909,-0.11525974025974026,99.99913240189353,-0.015267175572519083,99.99345042899691,0.0006161007667031745,-0.995559133708155,-0.13051752464403066,35.4649333943923,-0.007667031763417305,99.98695884379651,-6.309184082370814,46.92096512810316,-23.05897016504072,37.989758031919074,-0.1487672227567305,19.40021796316299,30.22616540444635,30.22616540444635,0.08999081726354452,68.05504088930881,0.2971586971586972,62.947605940406106,0.11178101178101178,3101.062532070427,0.0,0.0,174,1205,6.925287356321839,0.040229885057471264,0.005747126436781609,0.3390804597701149,13,0.07471264367816093,2,0.00425531914893617,0,0.0,55,0.04564315352697095,0.5877862595419847,0.040229885057471264,5.83402489626556,0.24481327800829875,0.010178117048346057,0.019087136929460582,1.0,59.11159199537791,7.763923893061611,39.90873995482956,0.6846712802768167,-8.165621734587253,54.109538029163005,-0.48043127196732216,92.27313056755236,-0.24218675786073907,97.68159835471806,-0.057518761280516764,43.49823426299419,-0.11100442111080408,96.30722556583919,-0.015267175572519083,99.99345042899691,-0.016240745706325874,26.24347119820085,-0.1232042466357319,33.47772962105709,0.011420105166043276,-148.93137533058206,-5.682482411531426,42.26022819932279,-20.78911909910005,34.25016809592475,-0.08216045860894594,10.714260678062368,33.03289628871313,33.03289628871313,0.20684905481143723,156.42841471126314,0.11571418746991263,24.511922902530305,0.0065745134447424535,182.39213427434194,0.0,0.0
sft_len256,474,118,255,0.2489451476793249,118,474,4.016949152542373,0.06779661016949153,0.00847457627118644,0.03389830508474576,7,0.059322033898305086,12,0.04597701149425287,0,0.0,24,0.05063291139240506,0.12062256809338522,0.00847457627118644,7.2594936708860756,0.3438818565400844,0.0311284046692607,0.008438818565400843,0.9411764705882353,32.22927712740827,13.4092869861935,61.76959420442018,0.7984941176470589,14,118,8.428571428571429,0.07142857142857142,0.07142857142857142,0.14285714285714285,3,0.21428571428571427,2,0.045454545454545456,0,0.0,6,0.05084745762711865,0.5789473684210527,0.0,6.593220338983051,0.3305084745762712,0.18421052631578946,0.0,0.6,51.10108958837775,10.873494430992737,50.80145278450363,0.7904347826086959,4.411622276029056,-109.82516856070245,0.0036319612590798994,-5.357063840451206,0.06295399515738498,-742.7694960566082,0.15496368038740918,-261.2200863716052,-0.0005224660397074171,1.1363389209921007,0.0,0.0,0.00021454623471358486,-0.4237204450805398,-0.013373381963813213,3.8889353480330757,-0.008438818565400843,99.98815140405863,-2.5357925552007625,18.910717390898537,-10.968141419916549,17.75653763573908,-0.00805933503836298,1.0093155061625898,18.87181246096948,18.87181246096948,0.1089588377723971,321.41908956542926,0.4583248003276674,379.9628941276536,0.15308212164652876,491.76051798283345,-0.3411764705882353,-36.24996148441592,33,255,7.7272727272727275,0.06060606060606061,0.0,0.24242424242424243,1,0.030303030303030304,1,0.01,0,0.0,21,0.08235294117647059,0.4782608695652174,0.030303030303030304,6.078431372549019,0.2823529411764706,0.06521739130434782,0.0,0.8666666666666667,53.856546489563584,9.180943074003796,44.69639468690702,0.7220388349514564,3.7103235747303547,-92.36668203069559,-0.0071905495634309174,10.60590416897411,-0.00847457627118644,99.98820139223572,-0.029019003595274782,48.91692431816755,-0.03597701149425287,78.24829809951633,0.0,0.0,0.031720029784065525,-62.64582156855343,-0.06152891536361382,17.892405565859246,-0.008438818565400843,99.98815140405863,-4.228343912189704,31.532948778065627,-17.07319951751316,27.640135022758606,-0.07645528269560253,9.574921750416559,21.627269362155317,21.627269362155317,0.20852593733949668,615.1333687171381,0.3576383014718322,296.49123063160687,0.03408898663508712,109.50735164154591,-0.07450980392156858,-7.916658255217265
sft_len256,4208,104,4665,0.024714828897338403,343,4208,12.268221574344023,0.37026239067055394,0.08746355685131195,0.17784256559766765,19,0.05539358600583091,143,0.09255663430420712,6,0.011194029850746268,142,0.03374524714828897,0.37273991655076494,0.08163265306122448,6.2994296577946765,0.2958650190114068,0.0034770514603616135,0.027328897338403043,0.9619047619047619,45.28486286855596,10.296340718052392,50.96824420601381,0.7746092810771821,12,104,8.666666666666666,0.25,0.16666666666666666,0.3333333333333333,1,0.08333333333333333,4,0.09523809523809523,1,0.07692307692307693,8,0.07692307692307693,0.35135135135135137,0.0,5.826923076923077,0.25,0.02702702702702703,0.04807692307692308,1.0,57.06944444444446,8.031319658119658,41.363247863247864,0.8021818181818179,-3.6015549076773574,29.356778342195433,-0.12026239067055394,32.4802272384414,0.07920310981535471,-90.55452021554109,0.027939747327502422,-50.43768595826575,0.0026814609338881162,-2.897071596574107,0.06572904707233065,-587.1270371641672,0.04317782977478796,-127.94853775904143,-0.04586501901140683,15.501955636763595,0.020748025738520037,-75.9169545410828,-2.2650210599327334,21.998308932982603,-9.604996342765943,18.845059907286426,0.027572537104635808,-3.5595366829230715,11.784581575888495,11.784581575888495,0.15549076773566567,87.43120236772,-0.021388565199413567,-5.738185492845024,0.023549975566665417,677.1025626002935,0.03809523809523807,3.9603919223648303,673,4665,6.931649331352155,0.04457652303120357,0.02526002971768202,0.3640416047548291,5,0.007429420505200594,17,0.009376723662437948,0,0.0,152,0.032583065380493034,0.6736613603473227,0.10549777117384844,5.607931404072883,0.22186495176848875,0.005065123010130246,0.017792068595927118,0.9743589743589743,63.662553024470526,6.645704949956977,35.23187355645125,0.6759228769497401,-5.336572242991869,43.499147579470886,-0.32568586763935037,87.96059125627494,-0.06220352713362993,71.11855290066205,-0.04796416550063031,86.5863777654761,-0.08317991064176916,89.86823320093035,-0.011194029850746268,99.99106746463983,-0.0011621817677959362,3.443884479032692,-0.07400006724291808,25.011343813723023,-0.009536828742475925,34.89522344116199,-3.6506357680954142,35.45565860246091,-15.73637064956256,30.8748527361617,-0.098686404127442,12.740136109503677,18.377690155914564,18.377690155914564,0.18619903915716146,104.69821527217704,0.3009214437965578,80.73206627842109,0.0015880715497686325,45.659806011137064,0.01245421245421241,1.2947435130808063
sft_len256,1376,128,2142,0.09302325581395349,138,1376,9.971014492753623,0.37681159420289856,0.07971014492753623,0.16666666666666666,12,0.08695652173913043,33,0.06653225806451613,0,0.0,43,0.03125,0.4953271028037383,0.07971014492753623,6.332848837209302,0.29941860465116277,0.011682242990654205,0.003633720930232558,1.0,45.493484504008606,9.95436939092976,47.287902357305256,0.7684702336096458,12,128,10.666666666666666,0.4166666666666667,0.25,0.25,2,0.16666666666666666,6,0.12244897959183673,0,0.0,10,0.078125,0.6176470588235294,0.0,6.25,0.3125,0.0,0.0,1.0,49.078480113636374,10.27044375,48.35511363636364,0.7751898734177215,0.695652173913043,-6.976743486344036,0.039855072463768126,-10.576895007470945,0.17028985507246377,-213.63368350469787,0.07971014492753623,-91.66561251212278,0.055916721527320606,-84.04326370594862,0.0,0.0,0.046875,-149.99520015359508,0.013081395348837233,-4.368917447499019,-0.003633720930232558,99.97248757142034,0.3160743590702406,-3.175232050419199,1.0672112790583839,-2.2568378026714018,0.006719639808075661,-0.8744165707429699,3.584995609627768,3.584995609627768,0.08333333333333334,49.999700001799994,0.12231995601979112,24.69473371840108,-0.011682242990654205,-99.99144073267328,0.0,0.0,325,2142,6.590769230769231,0.046153846153846156,0.021538461538461538,0.32,9,0.027692307692307693,11,0.012971698113207548,0,0.0,58,0.02707749766573296,0.6211180124223602,0.07076923076923076,5.548085901027077,0.21101774042950514,0.09627329192546584,0.0014005602240896359,1.0,65.11987856088979,6.354586267166043,34.626376120758145,0.6720496894409937,-3.380245261984392,33.90071216358018,-0.3306577480490524,87.75124641163305,-0.05817168338907469,72.97810543551643,-0.059264214046822736,68.15306239362862,-0.05356055995130858,80.50193468561521,0.0,0.0,-0.004172502334267039,13.351580219087515,-0.08840086422165763,29.52407352372554,-0.0022331607061429224,61.43967443464881,-3.599783123763716,36.1628408667993,-12.661526236547111,26.775402032264346,-0.09642054416865209,12.547059662304816,19.626394056881182,19.626394056881182,0.15333333333333335,91.99944800331198,0.12579090961862188,25.395471992523603,0.08459104893481163,724.0374012804381,0.0,0.0
sft_len256,481,149,673,0.3097713097713098,26,481,18.5,0.7692307692307693,0.07692307692307693,0.07692307692307693,5,0.19230769230769232,14,0.08,0,0.0,28,0.058212058212058215,0.3067484662576687,0.15384615384615385,7.01039501039501,0.34511434511434513,0.0736196319018405,0.02494802494802495,1.0,23.866093366093338,13.525589604989605,63.65157815157815,0.7778703703703704,23,149,6.478260869565218,0.08695652173913043,0.0,0.2608695652173913,0,0.0,2,0.031746031746031744,0,0.0,7,0.04697986577181208,0.5294117647058824,0.08695652173913043,6.798657718120805,0.28187919463087246,0.09803921568627451,0.0,1.0,43.378859060402704,9.77345879194631,49.06073825503356,0.7314,-12.021739130434781,64.9823701654653,-0.6822742474916388,88.69553686971511,-0.07692307692307693,99.99870001689978,-0.19230769230769232,99.99948000270399,-0.04825396825396826,60.31670635863083,0.0,0.0,-0.011232192440246133,19.294970553392957,-0.06323515048347267,18.32290316228081,-0.02494802494802495,99.99599182732759,-3.752130813043296,27.740975774167904,-14.590839896544587,22.922981787770507,-0.046470370370370384,5.97404302825084,19.512765694309365,19.512765694309365,0.18394648829431437,239.12732612736903,0.22266329844821364,72.58799865724203,0.024419583784434012,33.169484088364,0.0,0.0,101,673,6.663366336633663,0.0,0.0,0.25742574257425743,2,0.019801980198019802,3,0.011494252873563218,0,0.0,27,0.04011887072808321,0.49099099099099097,0.0,6.344725111441307,0.2689450222882615,0.25675675675675674,0.017830609212481426,1.0,51.856782834101395,8.94364591013825,44.725806451612904,0.6995192307692307,-11.836633663366337,63.9818001272883,-0.7692307692307693,99.999870000169,-0.07692307692307693,99.99870001689978,-0.17250571210967253,89.70250384400971,-0.06850574712643678,85.63111351912698,0.0,0.0,-0.018093187483975003,31.08097742960907,-0.07616932282608363,22.070685614065315,-0.007117415735543524,28.527831249401043,-4.581943694851356,33.87610810252583,-18.925771699965246,29.733389103977963,-0.07835113960113971,10.072505890509136,27.990689468008057,27.990689468008057,0.1805026656511805,234.65041489114105,0.18424252473332225,60.062867258115794,0.18313712485491623,248.7578823000266,0.0,0.0
sft_len256,316,151,891,0.4778481012658228,19,316,16.63157894736842,0.631578947368421,0.05263157894736842,0.05263157894736842,4,0.21052631578947367,12,0.10084033613445378,1,0.02857142857142857,25,0.07911392405063292,0.3017241379310345,0.0,7.158227848101266,0.3639240506329114,0.06896551724137931,0.0,0.7142857142857143,22.326785714285705,13.9883373015873,65.08432539682539,0.8044943820224719,18,151,8.38888888888889,0.1111111111111111,0.0,0.2777777777777778,0,0.0,1,0.016129032258064516,0,0.0,4,0.026490066225165563,0.5294117647058824,0.0,6.271523178807947,0.23841059602649006,0.2549019607843137,0.0,1.0,52.93333333333334,8.436226136865342,45.16600441501103,0.6645098039215683,-8.242690058479532,49.56047521981671,-0.5204678362573099,82.40727692921892,-0.05263157894736842,99.99810003609932,-0.21052631578947367,99.99952500225623,-0.08471130387638927,84.00454329903164,-0.02857142857142857,99.99650012249572,-0.05262385782546736,66.5157155327464,-0.12551345460642133,34.488819713877255,0.0,0.0,-5.552111164721959,39.69099863771484,-19.91832098181436,30.603867450928885,-0.1399845781009036,17.400296040107463,30.60654761904763,30.60654761904763,0.22514619883040937,427.7696501544249,0.22768762677484788,75.46193477153722,0.1859364435429344,269.6039338802136,0.2857142857142857,39.99994400007839,137,891,6.5036496350364965,0.058394160583941604,0.014598540145985401,0.24087591240875914,8,0.058394160583941604,7,0.01832460732984293,1,0.006802721088435374,60,0.06734006734006734,0.4427710843373494,0.0,6.041526374859708,0.2716049382716049,0.02108433734939759,0.001122334455667789,1.0,55.235599235599224,9.342034743834743,47.420966420966415,0.696627078384798,-10.127929312331926,60.895773849401756,-0.5731847867844794,90.7541142135284,-0.03803303880138302,72.26140075601339,-0.15213215520553208,72.26243047608298,-0.08251572880461086,81.82728627731684,-0.021768707482993196,76.18780961713959,-0.011773856710565578,14.881966774094865,-0.09231911236130647,25.36761682130756,0.001122334455667789,0.0,-4.646302557752557,33.21554324451338,-17.663358975858976,27.13918996128773,-0.10786730363767394,13.408069958897647,32.90881352131352,32.90881352131352,0.18824433346139072,357.65743808531874,0.14104694640631493,46.74683301944638,-0.04788117989198172,-69.42670415616323,0.2857142857142857,39.99994400007839
sft_len256,262,122,556,0.46564885496183206,20,262,13.1,0.4,0.15,0.05,1,0.05,3,0.03409090909090909,0,0.0,10,0.03816793893129771,0.4782608695652174,0.15,6.366412213740458,0.27099236641221375,0.043478260869565216,0.007633587786259542,1.0,41.4895038167939,9.779693893129771,48.43606870229008,0.8179342723004694,21,122,5.809523809523809,0.047619047619047616,0.0,0.38095238095238093,0,0.0,1,0.020833333333333332,0,0.0,5,0.040983606557377046,0.9285714285714286,0.047619047619047616,5.295081967213115,0.19672131147540983,0.21428571428571427,0.0,1.0,68.61617647058823,5.5102352941176465,32.05882352941177,0.6876712328767123,-7.29047619047619,55.65248575535369,-0.3523809523809524,88.09501785769346,-0.15,99.99933333777776,-0.05,99.9980000399992,-0.013257575757575756,38.88774818160889,0.0,0.0,0.002815667626079335,-7.376855906703102,-0.07427105493680392,27.40696420731888,-0.007633587786259542,99.98690171587522,-4.2694585990121245,43.6563578482537,-16.37724517287831,33.81208523635432,-0.13026303942375717,15.925837145693468,27.12667265379433,27.12667265379433,0.33095238095238094,661.8915240742804,0.4503105590062112,94.1556472849453,0.17080745341614906,392.8481073506738,0.0,0.0,79,556,7.037974683544304,0.0379746835443038,0.012658227848101266,0.24050632911392406,1,0.012658227848101266,0,0.0,0,0.0,6,0.01079136690647482,0.6280487804878049,0.06329113924050633,5.528776978417266,0.19784172661870503,0.006097560975609756,0.0017985611510791368,1.0,62.01159072741805,5.840723900879297,32.182653876898485,0.7018934911242602,-6.062025316455696,46.27499888324967,-0.36202531645569624,90.50610284866694,-0.13734177215189872,91.56057103079227,-0.03734177215189874,74.68205066278422,-0.03409090909090909,99.99706675270859,0.0,0.0,-0.02737657202482289,71.72473951686062,-0.07315063979350872,26.993516764627273,-0.005835026635180405,76.42883674324995,-3.938969992250474,40.27702331508929,-16.253414825391594,33.55642793746976,-0.1160407811762092,14.187037178362626,20.522086910624154,20.522086910624154,0.19050632911392407,381.0050381270856,0.14978791092258747,31.319224979979698,-0.03738069989395546,-85.97363236255322,0.0,0.0
sft_len256,1338,108,1602,0.08071748878923767,147,1338,9.10204081632653,0.25170068027210885,0.1360544217687075,0.4013605442176871,11,0.07482993197278912,6,0.012422360248447204,1,0.004081632653061225,24,0.017937219730941704,0.7205882352941176,0.10204081632653061,5.7757847533632285,0.22869955156950672,0.0058823529411764705,0.0037369207772795215,0.9565217391304348,57.662927591595775,7.75269575273485,41.60005209237715,0.747478665632273,11,108,9.818181818181818,0.2727272727272727,0.18181818181818182,0.45454545454545453,0,0.0,0,0.0,0,0.0,4,0.037037037037037035,0.9130434782608695,0.09090909090909091,5.666666666666667,0.2037037037037037,0.043478260869565216,0.009259259259259259,1.0,61.84848484848486,6.646785185185187,36.67003367003367,0.7128813559322035,0.7161410018552878,-7.867915972114413,0.02102659245516386,-8.353775164485395,0.04576376004947433,-33.63611641090801,-0.07482993197278912,99.99866365422207,-0.012422360248447204,99.99195064797284,-0.004081632653061225,99.97550600102974,0.01909981730609533,-106.47554546982153,-0.024995847865803028,10.929509218173566,0.005522338481979737,-147.73824302394456,-1.105910567549663,14.264850062135356,-4.93001842234348,11.850990698006738,-0.03459730970006958,4.628528546098259,4.1855572568890835,4.1855572568890835,0.053184910327767454,13.251122608528105,0.19245524296675187,26.708037469946216,0.037595907928388746,639.0218010764257,0.04347826086956519,4.545449793393395,286,1602,5.601398601398602,0.01048951048951049,0.024475524475524476,0.3916083916083916,1,0.0034965034965034965,4,0.006172839506172839,0,0.0,30,0.018726591760299626,0.7413394919168591,0.06293706293706294,5.521847690387016,0.19225967540574282,0.17782909930715934,0.01435705368289638,1.0,66.9791015898177,5.843676236654389,33.613595039395776,0.7005666452028332,-3.500642214927929,38.459966297328485,-0.24121116978259835,95.83216509394397,-0.11157889729318302,82.00988673782199,-0.07133342847628561,95.326125969171,-0.006249520742274365,50.30459245561597,-0.004081632653061225,99.97550600102974,0.0007893720293579223,-4.400503735587158,-0.0364398761637639,15.933444809681225,0.010620132905616858,-284.118726383127,-1.9090195160804608,24.623941538884946,-7.986457052981372,19.198189567803272,-0.04691202042943987,6.276026303639745,9.316173998221927,9.316173998221927,-0.009752152609295461,-2.4297675623866377,0.020751256622741465,2.8797622287920492,0.17194674636598287,2922.597846587789,0.04347826086956519,4.545449793393395
sft_len256,1098,174,1255,0.15846994535519127,72,1098,15.25,0.5277777777777778,0.16666666666666666,0.25,3,0.041666666666666664,46,0.11138014527845036,0,0.0,89,0.08105646630236794,0.3726027397260274,0.08333333333333333,6.858834244080145,0.33697632058287796,0.049315068493150684,0.02185792349726776,1.0,30.966095380029827,12.153339526411658,56.70922338135453,0.7890562440419447,18,174,9.666666666666666,0.3333333333333333,0.1111111111111111,0.4444444444444444,0,0.0,2,0.029411764705882353,0,0.0,17,0.09770114942528736,0.44,0.0,5.551724137931035,0.21264367816091953,0.08,0.011494252873563218,1.0,61.50608519269775,6.612663015551048,37.24678837052062,0.7305599999999999,-5.583333333333334,36.61201945713534,-0.19444444444444448,36.842035457195976,-0.05555555555555555,33.33313333453333,-0.041666666666666664,99.99760005759862,-0.081968380572568,73.59268964926594,0.0,0.0,0.016644683122919418,-20.5344231471903,-0.12433264242195843,36.89644223145262,-0.010363670623704541,47.41162402164928,-5.54067651086061,45.58974134576089,-19.462435010833914,34.31969881999124,-0.05849624404194487,7.413434764542294,30.539989812667926,30.539989812667926,0.19444444444444442,77.7774666679111,0.06739726027397258,18.08818674861644,0.030684931506849318,62.2209605194117,0.0,0.0,169,1255,7.42603550295858,0.04142011834319527,0.0,0.3254437869822485,4,0.023668639053254437,5,0.00980392156862745,0,0.0,57,0.04541832669322709,0.5788235294117647,0.047337278106508875,5.780876494023905,0.21593625498007968,0.12470588235294118,0.05976095617529881,1.0,59.751034571391855,6.653609330420254,35.98522040868783,0.7160364842454395,-7.82396449704142,51.304681862259685,-0.48635765943458253,92.15180297366263,-0.16666666666666666,99.99940000359999,-0.017998027613412227,43.19422961067869,-0.10157622370982292,91.19696467107124,0.0,0.0,-0.035638139609140855,43.96651071747076,-0.12104006560279829,35.91935071281127,0.03790303267803105,-173.39844152329235,-5.499730195991404,45.25282727032442,-20.724002972666703,36.54432448820542,-0.07301975979650521,9.254051001732345,28.784939191362028,28.784939191362028,0.07544378698224852,30.17739408332308,0.20622078968573732,55.34587222269155,0.07539081385979049,152.87271707447894,0.0,0.0
sft_len256,3210,98,4270,0.030529595015576325,232,3210,13.836206896551724,0.521551724137931,0.23275862068965517,0.2413793103448276,12,0.05172413793103448,92,0.08318264014466546,2,0.0045045045045045045,133,0.041433021806853584,0.4895259095920617,0.09051724137931035,6.0398753894081,0.2722741433021807,0.008820286659316428,0.014641744548286604,1.0,51.679495192307684,9.394902403846155,47.05769230769231,0.787782347358431,18,98,5.444444444444445,0.05555555555555555,0.0,0.2222222222222222,0,0.0,1,0.02631578947368421,0,0.0,5,0.05102040816326531,0.5862068965517241,0.0,5.979591836734694,0.24489795918367346,0.1724137931034483,0.061224489795918366,1.0,60.237048665620094,7.8221654631083215,42.23233908948195,0.7040816326530612,-8.39176245210728,60.65073981866581,-0.46599616858237547,89.34785440007347,-0.23275862068965517,99.99957037221617,-0.05172413793103448,99.99806670404372,-0.05686685067098125,68.36302255116941,-0.0045045045045045045,99.97780492730614,0.009587386356411723,-23.138922890719428,-0.02737618411850723,10.054602776620031,0.046582745247631764,-318.128511318478,-1.5727369407378333,16.74032050285876,-4.82535321821036,10.254121864110967,-0.08370071470536977,10.624839302078703,8.55755347331241,8.55755347331241,-0.019157088122605387,-7.936475056825568,0.09668098695966237,19.74988199121264,0.16359350644413187,1854.531121844406,0.0,0.0,591,4270,7.225042301184433,0.05583756345177665,0.023688663282571912,0.32825719120135366,2,0.00338409475465313,15,0.009259259259259259,1,0.0013020833333333333,101,0.023653395784543327,0.6416040100250626,0.05583756345177665,5.485480093676815,0.19086651053864168,0.12949039264828738,0.01920374707259953,1.0,68.81903504941849,5.760538276505379,33.7478267772794,0.6713006396588486,-6.611164595367291,47.78162228261208,-0.4657141606861544,89.29378356827267,-0.20906995740708326,89.82226246443408,-0.04834004317638135,93.45560999921064,-0.0739233808854062,88.86769172020526,-0.0032024211711711714,71.0779706905067,-0.017779626022310258,42.91069330703817,-0.08140763276353902,29.899032198172392,0.004562002524312927,-31.15537875614133,-3.634364127340776,38.68442251202831,-13.309865530412907,28.284143558386454,-0.11648170769958244,14.786007865000578,17.139539857110805,17.139539857110805,0.08687788085652606,35.99211581608099,0.1520781004330009,31.066341288517197,0.12067010598897095,1367.942236198929,0.0,0.0
sft_len256,769,129,1617,0.16775032509752927,98,769,7.846938775510204,0.15306122448979592,0.030612244897959183,0.12244897959183673,6,0.061224489795918366,21,0.06287425149700598,0,0.0,42,0.054616384915474644,0.35106382978723405,0.061224489795918366,7.215864759427828,0.33940182054616386,0.1347517730496454,0.005201560468140442,0.8947368421052632,36.51147822355719,11.210420606340666,50.38682686118858,0.7240555555555555,18,129,7.166666666666667,0.1111111111111111,0.0,0.2222222222222222,0,0.0,1,0.022727272727272728,0,0.0,4,0.031007751937984496,0.5277777777777778,0.0,6.178294573643411,0.2868217054263566,0.25,0.015503875968992248,1.0,55.41176470588235,8.820497127222982,42.4719562243502,0.624,-0.6802721088435373,8.669266342104764,-0.04195011337868482,27.40722834684888,-0.030612244897959183,99.99673344004096,-0.061224489795918366,99.99836669334401,-0.040146978769733256,63.85179830516461,0.0,0.0,-0.02360863297749015,43.22549132300393,-0.05258011511980726,15.491949959400994,0.010302315500851806,-198.02394540037272,-2.3899234791176838,21.318765368877227,-7.91487063683838,15.708213778893116,-0.10005555555555545,13.818748658215604,18.900286482325157,18.900286482325157,0.09977324263038548,81.48081605481703,0.17671394799054374,50.33655695378053,0.11524822695035461,85.52568109889289,0.10526315789473684,11.764692733578709,231,1617,7.0,0.06060606060606061,0.004329004329004329,0.24675324675324675,3,0.012987012987012988,8,0.012030075187969926,0,0.0,38,0.02350030921459493,0.46950092421441775,0.06493506493506493,5.892393320964749,0.20655534941249226,0.059149722735674676,0.006184291898577613,1.0,60.48197853833173,6.787148624383514,38.181286767790716,0.6690051020408163,-0.8469387755102042,10.793236595920435,-0.09245516388373531,60.40364576688806,-0.026283240568954855,85.8557812363988,-0.048237476808905375,78.78659194021043,-0.05084417630903606,80.86516570268856,0.0,0.0,-0.031116075700879715,56.97100977836025,-0.1328464711336716,39.14123958071306,0.0009827314304371709,-18.889380266798316,-4.423271981957152,39.456785277864384,-12.205540093397865,24.223672359417204,-0.05505045351473914,7.60305988425171,23.97050031477454,23.97050031477454,0.12430426716141002,101.51432248151792,0.1184370944271837,33.73653079944338,-0.07560205031397071,-56.10426309083638,0.10526315789473684,11.764692733578709
sft_len256,493,122,637,0.24746450304259635,51,493,9.666666666666666,0.23529411764705882,0.09803921568627451,0.27450980392156865,1,0.0196078431372549,16,0.09090909090909091,1,0.01282051282051282,34,0.06896551724137931,0.5306122448979592,0.0392156862745098,6.657200811359027,0.3204868154158215,0.034013605442176874,0.0,1.0,41.1275185577943,10.846016295510783,49.9232944503358,0.7405405405405405,11,122,11.090909090909092,0.2727272727272727,0.0,0.36363636363636365,0,0.0,4,0.08888888888888889,1,0.043478260869565216,11,0.09016393442622951,0.6571428571428571,0.18181818181818182,6.434426229508197,0.28688524590163933,0.2571428571428571,0.0,1.0,45.67548435171386,9.54833442622951,45.51713859910581,0.7293150684931508,1.4242424242424256,-14.733540795589839,0.03743315508021389,-15.909023295741894,-0.09803921568627451,99.9989800104039,-0.0196078431372549,99.99490026008672,-0.0020202020202020193,2.2221977780466626,0.030657748049052396,-239.11178406345175,0.021198417184850202,-30.73725922777399,-0.033601569514182195,10.48450764675261,0.0,0.0,-1.2976818692812735,11.964593397969136,-4.40615585122999,8.825851361541783,-0.011225472047389773,1.5158463682126473,4.547965793919559,4.547965793919559,0.089126559714795,32.467414193380755,0.12653061224489792,23.84610890541013,0.22312925170068024,655.9807141670033,0.0,0.0,96,637,6.635416666666667,0.03125,0.010416666666666666,0.34375,0,0.0,2,0.008298755186721992,0,0.0,44,0.06907378335949764,0.5898876404494382,0.08333333333333333,6.342229199372056,0.27001569858712715,0.30337078651685395,0.0,1.0,52.10519022423783,8.507256464523131,41.773145725526675,0.7111224489795918,-3.031249999999999,31.35775537678392,-0.20404411764705882,86.71838144687885,-0.08762254901960784,89.37408838429847,-0.0196078431372549,99.99490026008672,-0.08261033572236892,90.87036972053887,-0.01282051282051282,99.99220060835256,0.00010826611811833031,-0.1569835950094513,-0.05047111682869437,15.748217061921652,0.0,0.0,-2.3387598309876516,21.563305379898992,-8.150148724809128,16.32534200975771,-0.029418091560948767,3.972510649365563,10.977671666443527,10.977671666443527,0.06924019607843135,25.223122401482673,0.05927539555147898,11.171111185299958,0.2693571810746771,791.8868308867225,0.0,0.0
sft_len256,180,107,187,0.5944444444444444,11,180,16.363636363636363,0.7272727272727273,0.0,0.18181818181818182,1,0.09090909090909091,10,0.16393442622950818,0,0.0,6,0.03333333333333333,0.40384615384615385,0.2727272727272727,7.061111111111111,0.37222222222222223,0.0,0.005555555555555556,1.0,29.73636363636362,13.175999999999998,59.6969696969697,0.7441221374045801,14,107,7.642857142857143,0.0,0.0,0.35714285714285715,0,0.0,1,0.025,0,0.0,5,0.04672897196261682,0.625,0.0,6.233644859813084,0.2523364485981308,0.21875,0.009345794392523364,1.0,58.090787716955944,7.54372683578104,38.48397863818425,0.6731034482758622,-8.720779220779221,53.29364753681678,-0.7272727272727273,99.99986250018907,0.0,0.0,-0.09090909090909091,99.99890001209987,-0.1389344262295082,84.74948302815352,0.0,0.0,0.013395638629283488,-40.18571031654097,-0.11988577362409142,32.208031758028795,0.003790238836967808,-68.21202090165825,-5.632273164218958,42.74645367907121,-21.212991058785455,35.534451432159955,-0.0710186891287179,9.543943140435506,28.354424080592324,28.354424080592324,0.17532467532467533,96.42804107434551,0.22115384615384615,54.761769161333504,0.21875,0.0,0.0,0.0,27,187,6.925925925925926,0.0,0.0,0.2222222222222222,0,0.0,0,0.0,0,0.0,4,0.0213903743315508,0.5166666666666667,0.1111111111111111,5.925133689839572,0.2192513368983957,0.25,0.0,1.0,65.50592885375495,6.706119925598699,37.00744013020228,0.6433333333333333,-9.437710437710438,57.67489359476473,-0.7272727272727273,99.99986250018907,0.0,0.0,-0.09090909090909091,99.99890001209987,-0.16393442622950818,99.99939000372098,0.0,0.0,-0.011942959001782532,35.82780217128246,-0.15297088532382652,41.096545350010665,-0.005555555555555556,99.98200323941691,-6.469880074401299,49.103518392274715,-22.68952956676742,38.007840769580575,-0.1007888040712468,13.54464053124152,35.76956521739133,35.76956521739133,0.04040404040404039,22.222100000672206,0.11282051282051286,27.936438760564354,0.25,0.0,0.0,0.0
sft_len256,471,134,643,0.28450106157112526,32,471,14.71875,0.46875,0.03125,0.125,2,0.0625,17,0.09770114942528736,0,0.0,11,0.02335456475583864,0.3,0.0625,6.176220806794055,0.3036093418259023,0.025,0.0021231422505307855,1.0,49.79246284501059,10.174677707006369,49.17675159235669,0.7841232227488151,14,134,9.571428571428571,0.07142857142857142,0.0,0.07142857142857142,2,0.14285714285714285,3,0.058823529411764705,0,0.0,1,0.007462686567164179,0.3125,0.07142857142857142,5.58955223880597,0.21641791044776118,0.041666666666666664,0.007462686567164179,1.0,70.01812366737738,7.414820469083155,42.40724946695096,0.7559999999999999,-5.147321428571429,34.97118355063843,-0.3973214285714286,84.7617239368937,-0.03125,99.99680010239672,0.08035714285714285,-128.56937146148516,-0.03887762001352266,39.79198026063111,0.0,0.0,-0.01589187818867446,68.04321948456271,-0.08719143137814114,28.71820203942159,0.005339544316633393,-251.37414009344877,-2.759857237923214,27.12476056883008,-6.7695021254057295,13.7656550474581,-0.02812322274881518,3.586577474960128,20.22566082236679,20.22566082236679,-0.053571428571428575,-42.85680000274284,0.012500000000000011,4.166652777824078,0.016666666666666663,66.66400010666239,0.0,0.0,95,643,6.768421052631579,0.031578947368421054,0.0,0.23157894736842105,3,0.031578947368421054,2,0.00816326530612245,0,0.0,1,0.0015552099533437014,0.5490196078431373,0.05263157894736842,5.363919129082426,0.2192846034214619,0.10784313725490197,0.0,1.0,69.82396862823795,6.355371792170438,34.2856736734728,0.6861952861952862,-7.950328947368421,54.014970070275815,-0.43717105263157896,93.26295893375779,-0.03125,99.99680010239672,-0.030921052631578946,49.472892644244006,-0.08953788411916491,91.64371986271843,0.0,0.0,-0.02179935480249494,93.33687722984875,-0.08432473840444044,27.774000680383388,-0.0021231422505307855,99.9529221736562,-3.8193059148359314,37.5373613734449,-14.891077918883887,30.280726428443224,-0.09792793655352883,12.488829411522833,20.03150578322736,20.03150578322736,0.10657894736842105,85.26247579493048,0.24901960784313731,83.00625926018158,0.08284313725490197,331.3592946478219,0.0,0.0
sft_len256,1016,155,513,0.15255905511811024,82,1016,12.390243902439025,0.4024390243902439,0.036585365853658534,0.14634146341463414,5,0.06097560975609756,41,0.1,0,0.0,69,0.06791338582677166,0.23622047244094488,0.024390243902439025,6.647637795275591,0.3464566929133858,0.007874015748031496,0.010826771653543307,0.84,35.98101762960377,12.08104862977832,55.52046604992145,0.7276111685625646,15,155,10.333333333333334,0.2,0.0,0.2,2,0.13333333333333333,1,0.017857142857142856,0,0.0,6,0.03870967741935484,0.42857142857142855,0.13333333333333333,5.825806451612904,0.2645161290322581,0.04081632653061224,0.0,1.0,56.06344086021505,8.403959139784948,42.59139784946237,0.6216981132075472,-2.056910569105691,16.601048528917996,-0.20243902439024392,50.302905307932264,-0.036585365853658534,99.99726674137574,0.07235772357723577,-118.6647205652494,-0.08214285714285716,82.14203572249993,0.0,0.0,-0.029203708407416817,43.000769353795434,-0.08194056388112775,23.65095812769637,-0.010826771653543307,99.99076448938898,-3.677089489993371,30.436837879796407,-12.929068200459085,23.28703068876179,-0.10591305535501738,14.556251246354785,20.082423230611283,20.082423230611283,0.053658536585365874,36.66641611282325,0.19235095613048367,81.42822671574498,0.032942310782580746,418.3142210327044,0.16000000000000003,19.047596371909084,76,513,6.75,0.02631578947368421,0.0,0.3026315789473684,3,0.039473684210526314,3,0.013157894736842105,0,0.0,20,0.03898635477582846,0.3645833333333333,0.02631578947368421,5.94541910331384,0.23976608187134502,0.0625,0.003898635477582846,1.0,57.713244378552005,7.772221173434369,40.75361721988853,0.6665086206896551,-5.640243902439025,45.52164986931567,-0.37612323491655975,93.4606928042115,-0.036585365853658534,99.99726674137574,-0.021501925545571246,35.26257958843159,-0.0868421052631579,86.84123685078939,0.0,0.0,-0.0289270310509432,42.59337796962046,-0.1066906110420408,30.794701120610817,-0.006928136175960461,63.98487516767387,-4.30882745634395,35.666002445045955,-14.76684883003292,26.597126455646077,-0.061102547872909474,8.397680868040004,21.732226748948236,21.732226748948236,0.15629011553273428,106.79751583101024,0.12836286089238844,54.34004773824235,0.054625984251968504,693.6619049380729,0.16000000000000003,19.047596371909084
sft_len256,126,126,216,1.0,18,126,7.0,0.16666666666666666,0.0,0.05555555555555555,2,0.1111111111111111,4,0.08,0,0.0,9,0.07142857142857142,0.3125,0.05555555555555555,7.436507936507937,0.3888888888888889,0.0,0.0,1.0,36.129120879120904,12.840315750915751,54.930402930402934,0.6932467532467533,22,126,5.7272727272727275,0.045454545454545456,0.0,0.13636363636363635,0,0.0,0,0.0,0,0.0,7,0.05555555555555555,0.3488372093023256,0.0,6.579365079365079,0.2857142857142857,0.11627906976744186,0.0,1.0,54.0,8.973847619047621,44.714285714285715,0.6379220779220779,-1.2727272727272725,18.181815584415954,-0.1212121212121212,72.72683636625453,0.0,0.0,-0.1111111111111111,99.99910000809993,-0.08,99.99875001562481,0.0,0.0,-0.015873015873015872,22.221911115466604,-0.1031746031746032,26.530544023499047,0.0,0.0,-3.86646813186813,30.111937321113047,-10.216117216117219,18.59829253952162,-0.05532467532467544,7.9805055358013215,17.870879120879096,17.870879120879096,0.0808080808080808,145.45192731985367,0.03633720930232559,11.627869767560933,0.11627906976744186,0.0,0.0,0.0,40,216,5.4,0.0,0.025,0.35,0,0.0,1,0.010638297872340425,0,0.0,9,0.041666666666666664,0.4146341463414634,0.025,6.444444444444445,0.2916666666666667,0.18292682926829268,0.0,1.0,58.23750000000001,8.961154814814815,42.84814814814815,0.6663473053892216,-1.5999999999999996,22.857139591837196,-0.16666666666666666,99.99940000359999,0.025,0.0,-0.1111111111111111,99.99910000809993,-0.06936170212765957,86.70104389652576,0.0,0.0,-0.02976190476190476,41.666083341499885,-0.09722222222222221,24.99993571445102,0.0,0.0,-3.879160936100936,30.2107884980663,-12.082254782254786,21.995568788394596,-0.026899447857531733,3.8802070012561862,22.108379120879107,22.108379120879107,0.2944444444444444,529.9904601717168,0.1021341463414634,32.68282224423711,0.18292682926829268,0.0,0.0,0.0
sft_len256,1751,93,1831,0.05311250713877784,142,1751,12.330985915492958,0.43661971830985913,0.09154929577464789,0.04929577464788732,18,0.1267605633802817,99,0.14820359281437126,1,0.005847953216374269,128,0.07310108509423187,0.2671875,0.0,7.712164477441462,0.3986293546544831,0.01875,0.006853226727584237,0.9719626168224299,23.120103092783495,13.827788636884305,60.54083619702176,0.7410458284371327,14,93,6.642857142857143,0.07142857142857142,0.0,0.0,0,0.0,0,0.0,0,0.0,2,0.021505376344086023,0.4375,0.0,6.67741935483871,0.27956989247311825,0.15625,0.0,1.0,50.846774193548384,8.673488172043012,44.30913978494624,0.7077272727272726,-5.688128772635815,46.12873901835958,-0.36519114688128773,83.64036143198328,-0.09154929577464789,99.99890770423893,-0.1267605633802817,99.99921111733453,-0.14820359281437126,99.99932525707807,-0.005847953216374269,99.98290292360007,-0.051595708750145845,70.58035168714635,-0.11905946218136487,29.86713399800195,-0.006853226727584237,99.98541046219006,-5.154300464841294,37.27494126098571,-16.23169641207552,26.811152873971196,-0.03331855570986009,4.496147130152206,27.72667110076489,27.72667110076489,-0.04929577464788732,-99.99797146972162,0.17031249999999998,63.74245149024003,0.1375,733.294224308037,0.028037383177570097,2.8846124167929945,306,1831,5.983660130718954,0.0032679738562091504,0.0032679738562091504,0.13398692810457516,7,0.02287581699346405,10,0.013550135501355014,0,0.0,54,0.02949208083014746,0.46646341463414637,0.07516339869281045,6.4210813762971055,0.2534134352812671,0.21341463414634146,0.002184598580010923,0.984375,58.85483449523993,7.931088603034878,41.36935993403369,0.6713243546576879,-6.347325784774004,51.474596707251926,-0.43335174445365,99.2513012509202,-0.08828132191843874,96.42931371379098,-0.10388474638681763,81.9528756324706,-0.13465345731301626,90.85646723625628,-0.005847953216374269,99.98290292360007,-0.04360900426408441,59.65493899096098,-0.14521591937321604,36.42871589623009,-0.004668628147573314,68.11312687957677,-5.896700033849427,42.64383671357383,-19.171476262988072,31.66701544049872,-0.06972147377944482,9.40851119037745,35.73473140245643,35.73473140245643,0.08469115345668785,171.79856909830792,0.19927591463414634,74.58251932030994,0.19466463414634147,1038.1560137930855,0.012412383177570097,1.2770419553510655
sft_len256,451,121,570,0.2682926829268293,37,451,12.18918918918919,0.5135135135135135,0.05405405405405406,0.13513513513513514,4,0.10810810810810811,30,0.17751479289940827,0,0.0,39,0.08647450110864745,0.3469387755102041,0.0,6.7073170731707314,0.35476718403547675,0.0,0.008869179600886918,1.0,41.928668646374646,11.413406780499876,51.002289037366985,0.6673631840796019,16,121,7.5625,0.0625,0.0,0.3125,0,0.0,5,0.10638297872340426,0,0.0,8,0.06611570247933884,0.47368421052631576,0.0,6.355371900826446,0.30578512396694213,0.05263157894736842,0.0,1.0,53.9870867768595,8.622094628099173,39.793904958677686,0.6577777777777778,-4.6266891891891895,37.95731395915606,-0.4510135135135135,87.82877633343556,-0.05405405405405406,99.99815003422437,-0.10810810810810811,99.99907500855618,-0.07113181417600402,40.070696254226704,0.0,0.0,-0.020358798629308603,23.542851291176557,-0.048982060068534616,13.806779263959147,-0.008869179600886918,99.98872627111294,-2.791312152400703,24.45643059533663,-11.2083840786893,21.97623689147574,-0.00958540630182414,1.4363081703348963,12.058418130484853,12.058418130484853,0.17736486486486486,131.24902875718718,0.12674543501611168,36.532402440660455,0.05263157894736842,0.0,0.0,0.0,76,570,7.5,0.039473684210526314,0.013157894736842105,0.15789473684210525,0,0.0,12,0.05286343612334802,0,0.0,45,0.07894736842105263,0.4256410256410256,0.039473684210526314,6.180701754385965,0.28421052631578947,0.28205128205128205,0.007017543859649123,1.0,60.72807017543862,8.356140350877192,40.54824561403508,0.6114011516314779,-4.6891891891891895,38.470063362766425,-0.47403982930298716,92.31283962347297,-0.04089615931721195,75.65649509168291,-0.10810810810810811,99.99907500855618,-0.12465135677606026,70.21986874525335,0.0,0.0,-0.00752713268759482,8.70435278326721,-0.07055665771968728,19.888101835149804,-0.001851635741237795,20.87483934432007,-3.0572664296226844,26.78662226408934,-10.454043423331903,20.49720397980702,-0.05596203244812403,8.385531286085468,18.79940152906397,18.79940152906397,0.022759601706970112,16.8419806325012,0.07870225013082155,22.684700828863825,0.28205128205128205,0.0,0.0,0.0
sft_len256,1297,126,1047,0.09714726291441789,172,1297,7.540697674418604,0.20348837209302326,0.023255813953488372,0.040697674418604654,4,0.023255813953488372,16,0.03361344537815126,0,0.0,27,0.02081727062451812,0.2561247216035635,0.06395348837209303,6.043947571318427,0.26676946800308404,0.0467706013363029,0.005397070161912105,0.984375,53.07012491888382,9.189732877537777,46.801381292296284,0.7857051282051282,25,126,5.04,0.0,0.0,0.08,0,0.0,0,0.0,0,0.0,3,0.023809523809523808,0.2857142857142857,0.16,5.857142857142857,0.18253968253968253,0.0,0.0,1.0,64.26127819548873,6.274355555555555,38.37761069340017,0.661038961038961,-2.5006976744186042,33.16267871705417,-0.20348837209302326,99.99950857384357,-0.023255813953488372,99.99570018489204,-0.023255813953488372,99.99570018489204,-0.03361344537815126,99.9970250885036,0.0,0.0,0.002992253185005688,-14.373207260941493,-0.08422978546340151,31.573879258039828,-0.005397070161912105,99.98147486101504,-2.9153773219822217,31.724284520449515,-8.423770598896112,17.99897820599778,-0.12466616716616719,15.866767827171632,11.191153276604908,11.191153276604908,0.03930232558139535,96.56905573177343,0.029589564110722222,11.552749925101839,-0.0467706013363029,-99.99786195047544,0.015625,1.587299974806375,158,1047,6.6265822784810124,0.05063291139240506,0.006329113924050633,0.27848101265822783,0,0.0,2,0.004454342984409799,1,0.007246376811594203,9,0.008595988538681949,0.3699731903485255,0.0379746835443038,5.33810888252149,0.17191977077363896,0.10187667560321716,0.0,1.0,71.61519036919461,5.58834800217133,35.70811431084359,0.7678557114228456,-0.9141153959375918,12.122423072528768,-0.1528554607006182,75.11717153991795,-0.01692670002943774,72.78168051432017,-0.023255813953488372,99.99570018489204,-0.02915910239374146,86.74574893535002,0.007246376811594203,0.0,-0.012221282085836171,58.70459802478938,-0.09484969722944508,35.55479657828863,-0.005397070161912105,99.98147486101504,-3.6013848753664472,39.18921835341954,-11.093266981452693,23.702861834657167,-0.01784941678228258,2.271767540245345,18.545065450310787,18.545065450310787,0.23778333823962317,584.2532751654556,0.11384846874496202,44.450228595618746,0.05510607426691426,117.8195158867532,0.015625,1.587299974806375
sft_len256,279,136,296,0.4874551971326165,21,279,13.285714285714286,0.3333333333333333,0.14285714285714285,0.09523809523809523,1,0.047619047619047616,8,0.09302325581395349,0,0.0,14,0.05017921146953405,0.43209876543209874,0.42857142857142855,6.526881720430108,0.3046594982078853,0.0,0.04659498207885305,1.0,44.081935483870964,9.649446623655916,45.56860215053763,0.770695652173913,19,136,7.157894736842105,0.15789473684210525,0.15789473684210525,0.3684210526315789,0,0.0,0,0.0,0,0.0,2,0.014705882352941176,0.9705882352941176,0.15789473684210525,6.036764705882353,0.22794117647058823,0.3235294117647059,0.0,1.0,64.04738562091504,6.763877124183007,35.49673202614379,0.672183908045977,-6.127819548872181,46.12336947684882,-0.17543859649122806,52.631421053105264,0.015037593984962405,-10.526242105778943,-0.047619047619047616,99.99790004409907,-0.09302325581395349,99.99892501155612,0.0,0.0,-0.03547332911659287,70.69186852297308,-0.07671832173729706,25.181578244826564,-0.04659498207885305,99.99785389221262,-2.8855694994729086,29.903986342169965,-10.07187012439384,22.102652765372312,-0.09851174412793595,12.78216842515959,19.965450137044073,19.965450137044073,0.2731829573934837,286.83909345267665,0.5384894698620188,124.62156032959903,0.3235294117647059,0.0,0.0,0.0,40,296,7.4,0.05,0.075,0.4,0,0.0,1,0.00980392156862745,0,0.0,9,0.030405405405405407,0.9411764705882353,0.325,6.091216216216216,0.24662162162162163,0.0,0.0,1.0,55.80552668052668,7.289140263340263,35.96812196812197,0.6557085020242915,-5.885714285714286,44.30107193432792,-0.2833333333333333,84.999745000765,-0.06785714285714285,47.49966750232748,-0.047619047619047616,99.99790004409907,-0.08321933424532604,89.45982262063232,0.0,0.0,-0.019773806064128645,39.40558535934813,-0.058037876586263665,19.050016962376752,-0.04659498207885305,99.99785389221262,-2.3603063603156524,24.460533414672252,-9.600480182415659,21.068190637093053,-0.11498715014962146,14.91989744931107,11.723591196655718,11.723591196655718,0.3047619047619048,319.99664003527965,0.5090777051561366,117.81485339318807,0.0,0.0,0.0,0.0
sft_len256,208,151,242,0.7259615384615384,20,208,10.4,0.35,0.0,0.3,2,0.1,7,0.0875,0,0.0,18,0.08653846153846154,0.3918918918918919,0.0,7.913461538461538,0.5,0.013513513513513514,0.0,1.0,18.606138107416882,16.37080926399545,64.83347541915317,0.711194968553459,22,151,6.863636363636363,0.045454545454545456,0.0,0.18181818181818182,0,0.0,2,0.037037037037037035,0,0.0,12,0.07947019867549669,0.48,0.0,5.801324503311259,0.304635761589404,0.1,0.0,1.0,62.81092715231787,9.423916291390729,45.298344370860924,0.5629411764705883,-3.536363636363637,34.00349323392985,-0.3045454545454545,87.012738405163,0.0,0.0,-0.1,99.99900000999989,-0.05046296296296296,57.67129857140257,0.0,0.0,-0.007068262862964844,8.167676037391832,-0.19536423841059603,39.07276953658013,0.0,0.0,-6.946892972604722,42.43463127712816,-19.53513104829225,30.131241030476595,-0.1482537920828707,20.845701977812432,44.20478904490099,44.20478904490099,-0.11818181818181817,-39.39380808124579,0.0881081081081081,22.482701251038186,0.08648648648648649,639.9526435043807,0.0,0.0,39,242,6.205128205128205,0.07692307692307693,0.05128205128205128,0.20512820512820512,1,0.02564102564102564,0,0.0,0,0.0,10,0.04132231404958678,0.5357142857142857,0.05128205128205128,6.31404958677686,0.24380165289256198,0.3333333333333333,0.0,0.0,56.88791322314049,7.613706198347108,38.141012396694215,0.6705699481865286,-4.194871794871795,40.3353018415267,-0.27307692307692305,78.02175510267773,0.05128205128205128,0.0,-0.07435897435897437,74.3582307766666,-0.0875,99.99885715591822,0.0,0.0,-0.04521614748887476,52.249166663440505,-0.25619834710743805,51.23956694235372,0.0,0.0,-8.757103065648343,53.492178605893194,-26.69246302245896,41.17080325893714,-0.04062502036693039,5.712211846414129,38.281775115723605,38.281775115723605,-0.09487179487179487,-31.62382621117759,0.1438223938223938,36.69941374238267,0.3198198198198198,2366.491546292241,-1.0,-99.99990000010001
sft_len256,210,129,324,0.6142857142857143,18,210,11.666666666666666,0.5,0.05555555555555555,0.3333333333333333,3,0.16666666666666666,10,0.136986301369863,0,0.0,26,0.12380952380952381,0.5901639344262295,0.3333333333333333,7.319047619047619,0.3619047619047619,0.0,0.0,1.0,32.285714285714306,13.121466666666668,59.23809523809524,0.7760248447204969,19,129,6.7894736842105265,0.0,0.42105263157894735,0.2631578947368421,2,0.10526315789473684,0,0.0,0,0.0,6,0.046511627906976744,0.96875,0.15789473684210525,6.217054263565892,0.2558139534883721,0.53125,0.0,1.0,64.82680538555692,8.237331782945738,43.22358221134231,0.58925,-4.8771929824561395,41.80450769495197,-0.5,99.9998000004,0.36549707602339176,-657.8828949499961,-0.06140350877192982,36.84188421185262,-0.136986301369863,99.99927000532895,0.0,0.0,-0.07729789590254707,62.43241165950153,-0.10609080841638979,29.3144844829269,0.0,0.0,-4.884134883720931,37.222473947243124,-16.01451302675293,27.034145328347346,-0.18677484472049688,24.068121698674613,32.54109109984262,32.54109109984262,-0.07017543859649122,-21.052568421242107,0.3785860655737705,64.14919685830533,0.53125,0.0,0.0,0.0,53,324,6.113207547169812,0.0,0.018867924528301886,0.39622641509433965,0,0.0,0,0.0,0,0.0,22,0.06790123456790123,0.8518518518518519,0.20754716981132076,5.811728395061729,0.19753086419753085,0.0,0.0,1.0,67.08333333333333,5.983383950617283,34.21913580246914,0.6376727272727273,-5.553459119496854,47.60107408702384,-0.5,99.9998000004,-0.03668763102725367,66.03654719120716,-0.16666666666666666,99.99940000359999,-0.136986301369863,99.99927000532895,0.0,0.0,-0.05590828924162258,45.15633043248782,-0.16437389770723104,45.41897781403305,0.0,0.0,-7.138082716049386,54.40003281174658,-25.0189594356261,42.234577112450715,-0.13835211744776965,17.828287342362966,34.79761904761902,34.79761904761902,0.06289308176100633,18.86786792469813,0.26168791742562236,44.34148865181913,0.0,0.0,0.0,0.0
sft_len256,1395,169,1212,0.12114695340501792,85,1395,16.41176470588235,0.5411764705882353,0.023529411764705882,0.1411764705882353,4,0.047058823529411764,64,0.10509031198686371,0,0.0,33,0.023655913978494623,0.24087591240875914,0.011764705882352941,6.10752688172043,0.27813620071684586,0.029197080291970802,0.005017921146953405,0.961038961038961,48.52551294446236,10.294187578604658,52.22143169967856,0.7956463595839525,18,169,9.38888888888889,0.2777777777777778,0.0,0.5,0,0.0,3,0.04054054054054054,0,0.0,0,0.0,0.36666666666666664,0.0,5.094674556213017,0.1242603550295858,0.016666666666666666,0.0,1.0,71.75113122171946,4.520004942568744,33.60981552384267,0.6765000000000001,-7.022875816993462,42.79171384025,-0.26339869281045747,48.67140764824431,-0.023529411764705882,99.99575018061732,-0.047058823529411764,99.9978750451553,-0.06454977144632316,61.42255741786896,0.0,0.0,-0.023655913978494623,99.99577290596352,-0.15387584568726007,55.32371983707116,-0.005017921146953405,99.98007539925972,-5.774182636035914,56.0916733936361,-18.61161617583589,35.639803838530945,-0.11914635958395237,14.974769682671294,23.225618277257098,23.225618277257098,0.3588235294117647,254.16486633219682,0.1257907542579075,52.22200542177545,-0.012530413625304136,-42.91519682117554,0.038961038961038974,4.054049835650848,172,1212,7.046511627906977,0.029069767441860465,0.005813953488372093,0.3430232558139535,8,0.046511627906976744,11,0.020257826887661142,1,0.005208333333333333,11,0.009075907590759076,0.4085106382978723,0.046511627906976744,5.403465346534653,0.19636963696369636,0.06595744680851064,0.0016501650165016502,0.9696969696969697,70.288884411697,6.261320308542483,36.50195717246143,0.6830954428202923,-9.365253077975375,57.064262589482695,-0.5121067031463747,94.62823768139093,-0.01771545827633379,75.28749795575548,-0.0005471956224350205,1.1627659888971547,-0.08483248509920256,80.72264347580561,0.005208333333333333,0.0,-0.014580006387735546,61.631058053428,-0.0817665637531495,29.397924313041084,-0.003367756130451755,67.10119628988505,-4.032867270062176,39.17615496615293,-15.71947452721713,30.101576526286856,-0.11255091676366014,14.145829230491447,21.763371467234634,21.763371467234634,0.2018467852257182,142.9737934705133,0.16763472588911318,69.5935215263152,0.036760366516539834,125.89994324609275,0.008658008658008698,0.9008999634779701
sft_len256,147,151,208,1.0272108843537415,13,147,11.307692307692308,0.3076923076923077,0.0,0.38461538461538464,0,0.0,3,0.05660377358490566,0,0.0,6,0.04081632653061224,0.48,0.0,6.98639455782313,0.3741496598639456,0.0,0.0,0.0,38.015306122449005,12.526397278911563,54.42687074829932,0.7540816326530613,23,151,6.565217391304348,0.0,0.0,0.043478260869565216,0,0.0,1,0.017241379310344827,0,0.0,3,0.019867549668874173,0.7555555555555555,0.0,5.880794701986755,0.2052980132450331,0.1111111111111111,0.0,1.0,66.20921131848283,6.7655139072847685,38.65171583383504,0.6590196078431373,-4.742474916387961,41.94025065361286,-0.3076923076923077,99.99967500105626,0.0,0.0,0.0,0.0,-0.039362394274560834,69.53900136270006,0.0,0.0,-0.02094877686173807,51.323245891733926,-0.1688516466189125,45.12931947796455,0.0,0.0,-5.760883371626795,45.98994254657666,-15.77515491446428,28.98412936061718,-0.09506202480992398,12.60631404219863,28.193905196033825,28.193905196033825,-0.3411371237458194,-88.69542156581697,0.27555555555555555,57.40728780889114,0.1111111111111111,0.0,1.0,0.0,32,208,6.5,0.0,0.03125,0.46875,1,0.03125,1,0.012345679012345678,0,0.0,1,0.004807692307692308,0.6417910447761194,0.0,6.028846153846154,0.27884615384615385,0.208955223880597,0.0,1.0,65.69642857142858,8.55446098901099,42.043956043956044,0.6304402515723271,-4.807692307692308,42.51700304271402,-0.3076923076923077,99.99967500105626,0.03125,0.0,0.03125,0.0,-0.04425809457255998,78.18791909161868,0.0,0.0,-0.03600863422291993,88.21899248083805,-0.09530350601779175,25.47195989242608,0.0,0.0,-3.971936289900574,31.708526277560622,-12.382914704343278,22.75147240063491,-0.12364138108073419,16.39626424570093,27.68112244897958,27.68112244897958,0.08413461538461536,21.87494312514787,0.16179104477611939,33.70639744003021,0.208955223880597,0.0,1.0,0.0
sft_len256,249,68,403,0.27309236947791166,22,249,11.318181818181818,0.3181818181818182,0.0,0.18181818181818182,4,0.18181818181818182,10,0.11235955056179775,0,0.0,18,0.07228915662650602,0.29545454545454547,0.0,7.742971887550201,0.40160642570281124,0.06818181818181818,0.028112449799196786,1.0,23.079772079772084,13.162697499208612,54.613643558088,0.785,6,68,11.333333333333334,0.3333333333333333,0.16666666666666666,0.16666666666666666,2,0.3333333333333333,1,0.047619047619047616,0,0.0,3,0.04411764705882353,0.55,0.0,7.897058823529412,0.3235294117647059,0.35,0.04411764705882353,1.0,17.569117647058846,11.368037647058824,51.83529411764706,0.8052631578947369,0.015151515151515582,-0.1338687967398424,0.015151515151515138,-4.761889795965399,0.16666666666666666,0.0,0.1515151515151515,-83.33287500252081,-0.06474050294275013,57.618534814087774,0.0,0.0,-0.02817150956768249,38.970049149614205,-0.07807701393810534,19.44112806217936,0.016005197259626746,-56.93074800120767,-1.7946598521497883,13.634437135042557,-2.778349440440941,5.087280775568534,0.020263157894736872,-2.581290711061116,-5.510654432713238,-5.510654432713238,-0.015151515151515166,-8.33328750025209,0.2545454545454546,86.15355455719997,0.2818181818181818,413.3272712000224,0.0,0.0,54,403,7.462962962962963,0.05555555555555555,0.0,0.24074074074074073,0,0.0,3,0.018404907975460124,0,0.0,31,0.07692307692307693,0.4253731343283582,0.1111111111111111,6.523573200992556,0.2630272952853598,0.21641791044776118,0.022332506203473945,1.0,48.58227458044941,8.021607509244337,39.16772541955058,0.7435593220338984,-3.8552188552188555,34.06217161491449,-0.26262626262626265,82.53942313006701,0.0,0.0,-0.18181818181818182,99.99945000302498,-0.09395464258633762,83.61888769374,0.0,0.0,0.004633920296570906,-6.410167736269402,-0.13857913041745146,34.506117553712706,-0.005779943595722842,20.55935375063069,-5.141089989964275,39.05802438818587,-15.445918138537422,28.282159638895514,-0.041440677966101624,5.279060531910357,25.502502500677323,25.502502500677323,0.058922558922558904,32.407229167646975,0.12991858887381275,43.972296635671086,0.148236092265943,217.4097466470989,0.0,0.0
sft_len256,279,127,318,0.4551971326164875,17,279,16.41176470588235,0.5882352941176471,0.058823529411764705,0.11764705882352941,2,0.11764705882352941,16,0.17777777777777778,0,0.0,17,0.06093189964157706,0.36470588235294116,0.11764705882352941,7.448028673835125,0.4014336917562724,0.0,0.0,1.0,21.86895161290323,14.37449265232975,64.39090501792114,0.7775652173913044,20,127,6.35,0.0,0.0,0.15,0,0.0,1,0.019230769230769232,0,0.0,2,0.015748031496062992,0.7027027027027027,0.0,6.377952755905512,0.2440944881889764,0.4864864864864865,0.0,1.0,56.405074365704294,7.283980227471567,39.33902012248469,0.6894871794871794,-10.061764705882352,61.308239991971035,-0.5882352941176471,99.999830000289,-0.058823529411764705,99.99830002889951,-0.11764705882352941,99.99915000722494,-0.15854700854700854,89.18219065786985,0.0,0.0,-0.04518386814551407,74.15348426104316,-0.15733920356729603,39.19422182446134,0.0,0.0,-7.090512424858183,49.32704132996703,-25.05188489543645,38.90593632657392,-0.08807803790412494,11.327400282335095,34.53612275280106,34.53612275280106,0.032352941176470584,27.499766251986856,0.3379968203497616,92.67629340283983,0.4864864864864865,0.0,0.0,0.0,47,318,6.76595744680851,0.02127659574468085,0.0,0.2553191489361702,0,0.0,1,0.008130081300813009,0,0.0,7,0.0220125786163522,0.5283018867924528,0.0851063829787234,6.320754716981132,0.3490566037735849,0.16981132075471697,0.0,1.0,48.438005390835556,10.211225876010783,43.42048517520215,0.6977695167286245,-9.645807259073841,58.773732405993115,-0.5669586983729662,96.38281487261897,-0.058823529411764705,99.99830002889951,-0.11764705882352941,99.99915000722494,-0.1696476964769648,95.4262924953974,0.0,0.0,-0.03891932102522486,63.87242565864793,-0.05237708798268753,13.047474236354198,0.0,0.0,-4.163266776318967,28.962876028987665,-20.97041984271899,32.56736259757324,-0.07979570066267982,10.262238620704277,26.569053777932325,26.569053777932325,0.13767209011264078,117.02028192334832,0.16359600443951167,44.8568459646433,0.16981132075471697,0.0,0.0,0.0
sft_len256,343,158,827,0.4606413994169096,43,343,7.976744186046512,0.20930232558139536,0.16279069767441862,0.06976744186046512,2,0.046511627906976744,4,0.03225806451612903,0,0.0,4,0.011661807580174927,0.48936170212765956,0.0,6.096209912536443,0.2594752186588921,0.010638297872340425,0.0058309037900874635,0.0,48.2727068849518,9.27900457501682,47.303094864319355,0.7063945578231292,22,158,7.181818181818182,0.045454545454545456,0.09090909090909091,0.13636363636363635,2,0.09090909090909091,0,0.0,0,0.0,1,0.006329113924050633,0.6666666666666666,0.0,5.639240506329114,0.189873417721519,0.16666666666666666,0.006329113924050633,0.0,63.20003331112591,6.515400000000001,38.69553630912725,0.6957798165137615,-0.7949260042283299,9.965543410097528,-0.16384778012684992,78.28245426665791,-0.0718816067653277,44.15557291446768,0.04439746300211417,-95.4524932259411,-0.03225806451612903,99.99690009609702,0.0,0.0,-0.005332693656124294,45.72392727450204,-0.06960180093737312,26.823961477900127,0.0004982101339631693,-8.542838700631195,-2.763604575016819,29.783413240505674,-8.607558555192107,18.196607215479894,-0.010614741309367681,1.5026625226917767,14.927326426174105,14.927326426174105,0.06659619450317124,95.45317729233759,0.17730496453900707,36.23181001905489,0.15602836879432624,1466.5288129582486,0.0,0.0,122,827,6.778688524590164,0.02459016393442623,0.00819672131147541,0.1885245901639344,5,0.040983606557377046,3,0.009868421052631578,0,0.0,9,0.010882708585247884,0.6666666666666666,0.00819672131147541,5.758162031438936,0.21765417170495768,0.182648401826484,0.0036275695284159614,0.9,62.670243415172706,6.533141830608275,34.76083276378739,0.6873778920308483,-1.1980556614563476,15.019354805918478,-0.18471216164696913,88.2509444768172,-0.1545939763629432,94.9642878423255,-0.005528021349599697,11.8849903743463,-0.022389643463497453,69.40574315880419,0.0,0.0,-0.0007790989949270424,6.680201054258987,-0.04182104695393443,16.11748744069392,-0.002203334261671502,37.780703197067965,-2.7458627444085453,29.592209232006716,-12.542262100531964,26.514674930594918,-0.019016665792280896,2.692070410363818,14.397536530220904,14.397536530220904,0.1187571483034693,170.21613947030693,0.17730496453900707,36.23181001905489,0.1720101039541436,1616.7430033266373,0.9,0.0
sft_len256,120,96,325,0.8,10,120,12.0,0.5,0.2,0.0,1,0.1,4,0.08888888888888889,0,0.0,4,0.03333333333333333,0.37209302325581395,0.0,6.408333333333333,0.31666666666666665,0.046511627906976744,0.025,1.0,36.16806722689077,11.975635294117648,58.1764705882353,0.8008450704225354,9,96,10.666666666666666,0.2222222222222222,0.1111111111111111,0.3333333333333333,1,0.1111111111111111,0,0.0,0,0.0,2,0.020833333333333332,0.64,0.0,5.979166666666667,0.2916666666666667,0.04,0.010416666666666666,1.0,46.124999999999986,9.5985875,46.375,0.7897872340425532,-1.333333333333334,11.111110185185268,-0.2777777777777778,55.55544444466667,-0.0888888888888889,44.444222223333334,0.0111111111111111,-11.111000001111087,-0.08888888888888889,99.99887501265611,0.0,0.0,-0.0125,37.49887503374899,-0.024999999999999967,7.89471191143606,-0.014583333333333335,58.3310000933296,-2.3770477941176473,19.849031280995376,-11.801470588235297,20.285641713998075,-0.011057836379982144,1.3807692624561303,9.956932773109216,9.956932773109216,0.3333333333333333,0.0,0.26790697674418606,71.99980650052004,-0.006511627906976743,-13.999699006471358,0.0,0.0,57,325,5.701754385964913,0.017543859649122806,0.017543859649122806,0.45614035087719296,0,0.0,2,0.014388489208633094,0,0.0,3,0.009230769230769232,0.4146341463414634,0.03508771929824561,5.593846153846154,0.20615384615384616,0.13821138211382114,0.006153846153846154,1.0,69.47363636363637,6.229292307692309,36.00174825174825,0.5843478260869566,-6.298245614035087,52.485375743177755,-0.4824561403508772,96.49103508810526,-0.1824561403508772,91.22761403736841,-0.1,99.99900000999989,-0.07450039968025579,83.81200675521177,0.0,0.0,-0.024102564102564103,72.30552314199805,-0.11051282051282049,34.89867521875842,-0.018846153846153846,75.38160012061054,-5.746342986425339,47.983613106619686,-22.174722336487044,38.11630669772575,-0.21649724433557882,27.03356516706793,33.3055691367456,33.3055691367456,0.45614035087719296,0.0,0.042541123085649446,11.432896103360012,0.0916997542068444,197.15023281470994,0.0,0.0
sft_len500,344,313,998,0.9098837209302325,22,344,15.636363636363637,0.5909090909090909,0.5,0.13636363636363635,0,0.0,12,0.10714285714285714,2,0.043478260869565216,15,0.0436046511627907,0.4842105263157895,0.18181818181818182,6.369186046511628,0.28488372093023256,0.010526315789473684,0.0,1.0,40.86831395348838,10.686334186046512,53.53720930232558,0.819728813559322,33,313,9.484848484848484,0.15151515151515152,0.2727272727272727,0.3939393939393939,0,0.0,0,0.0,0,0.0,9,0.02875399361022364,0.6976744186046512,0.09090909090909091,5.785942492012779,0.18210862619808307,0.18604651162790697,0.0,1.0,63.60780327234001,6.0431669861554855,36.96088682350663,0.645909090909091,-6.151515151515152,39.341082755318354,-0.43939393939393945,74.35884852092302,-0.2272727272727273,45.454454545636366,0.0,0.0,-0.10714285714285714,99.99906667537769,-0.043478260869565216,99.99770005289878,-0.014850657552567058,34.056726952949,-0.10277509473214949,36.07602906767289,0.0,0.0,-4.643167199891026,43.44957479860596,-16.576322478818952,30.962245483491134,-0.17381972265023105,21.2045139477719,22.739489318851625,22.739489318851625,0.25757575757575757,188.88750371386166,0.2134638922888617,44.084843232262585,0.17552019583843328,1667.2834685356054,0.0,0.0,117,998,8.52991452991453,0.15384615384615385,0.02564102564102564,0.358974358974359,1,0.008547008547008548,5,0.013020833333333334,1,0.00546448087431694,43,0.04308617234468938,0.5545454545454546,0.09401709401709402,5.970941883767535,0.23146292585170342,0.00909090909090909,0.012024048096192385,1.0,53.667081531484015,8.044225490981963,42.869992616812574,0.696290832455216,-7.106449106449107,45.44821812304429,-0.4370629370629371,73.96437187094465,-0.47435897435897434,94.8716051285846,0.008547008547008548,0.0,-0.09412202380952381,87.84640232246723,-0.03801377999524828,87.42968310635959,-0.0005184788181013186,1.1890174880446314,-0.05342079507852915,18.751723470495193,0.012024048096192385,0.0,-2.6421086950645485,24.724179515859042,-10.667216685513004,19.924864641386883,-0.12343798110410609,15.058373998638656,12.798767577995633,12.798767577995633,0.22261072261072262,163.24666610564515,0.07033492822966508,14.525661700955581,-0.0014354066985645935,-13.635068304874675,0.0,0.0
sft_len500,504,270,493,0.5357142857142857,23,504,21.91304347826087,0.6956521739130435,0.21739130434782608,0.21739130434782608,2,0.08695652173913043,18,0.10778443113772455,1,0.017543859649122806,18,0.03571428571428571,0.375,0.21739130434782608,6.698412698412699,0.3134920634920635,0.039473684210526314,0.031746031746031744,0.9642857142857143,32.472527472527446,11.783766422466423,57.28144078144078,0.7826813186813187,30,270,9.0,0.16666666666666666,0.16666666666666666,0.26666666666666666,5,0.16666666666666666,3,0.02912621359223301,0,0.0,7,0.025925925925925925,0.5238095238095238,0.06666666666666667,5.896296296296296,0.23333333333333334,0.16666666666666666,0.037037037037037035,0.9,58.88965517241377,7.222578544061303,39.310344827586206,0.7403619909502263,-12.913043478260871,58.92856873937087,-0.5289855072463768,76.04155735692797,-0.050724637681159424,23.333226000493735,0.07971014492753623,-91.66561251212278,-0.07865821754549154,72.9766692169972,-0.017543859649122806,99.99430032488148,-0.009788359788359787,27.406640021486805,-0.08015873015873015,25.56953868957279,0.005291005291005291,-16.666141683203644,-4.56118787840512,38.707382069582906,-17.971095953854572,31.373330340433608,-0.04231932773109248,5.4069610007790985,26.417127699886322,26.417127699886322,0.04927536231884058,22.666562400479627,0.14880952380952384,39.68243386271606,0.12719298245614036,322.2140594660491,-0.06428571428571428,-6.6666597530935885,76,493,6.4868421052631575,0.013157894736842105,0.02631578947368421,0.4342105263157895,2,0.02631578947368421,0,0.0,0,0.0,14,0.028397565922920892,0.6339869281045751,0.06578947368421052,5.959432048681542,0.25963488843813387,0.006535947712418301,0.02636916835699797,1.0,57.02509417560127,8.050740156476383,38.888698927847,0.6763063063063063,-15.426201372997713,70.3973443229282,-0.6824942791762013,98.10841160073727,-0.19107551487414187,87.89433252817564,-0.06064073226544622,69.73604014080153,-0.10778443113772455,99.99907223082985,-0.017543859649122806,99.99430032488148,-0.00731671979136482,20.486241801051065,-0.05385717505392962,17.179702304734757,-0.005376863389033773,16.936586172991934,-3.7330262659900395,31.679395325410216,-18.392741853593776,32.109425464135285,-0.10637501237501246,13.591084126473628,24.552566703073822,24.552566703073822,0.2168192219679634,99.73638331789991,0.25898692810457513,69.06299665989562,-0.032937736498108015,-83.44015197802354,0.0357142857142857,3.70369986282977
sft_len500,492,314,776,0.6382113821138211,39,492,12.615384615384615,0.5128205128205128,0.05128205128205128,0.10256410256410256,7,0.1794871794871795,17,0.09444444444444444,0,0.0,17,0.034552845528455285,0.4171779141104294,0.0,6.719512195121951,0.32723577235772355,0.03067484662576687,0.0,0.8,36.23465608465608,12.115621469723692,57.50711346266902,0.825823927765237,43,314,7.3023255813953485,0.09302325581395349,0.0,0.13953488372093023,0,0.0,1,0.00819672131147541,0,0.0,2,0.006369426751592357,0.5578947368421052,0.0,5.439490445859873,0.18789808917197454,0.14736842105263157,0.006369426751592357,1.0,67.92752625236702,6.271647546909968,38.10432088139095,0.6516226415094339,-5.3130590339892665,42.11570851635266,-0.4197972570065593,81.86030548868337,-0.05128205128205128,99.99805003802426,-0.1794871794871795,99.99944286024693,-0.08624772313296904,91.32015169212578,0.0,0.0,-0.02818341877686293,81.5637690851333,-0.13933768318574902,42.58008113875113,0.006369426751592357,0.0,-5.843973922813724,48.235028265510174,-19.40279258127807,33.739812478112555,-0.1742012862558031,21.09421505684126,31.692870167710936,31.692870167710936,0.03697078115682767,36.046160177845245,0.1407168227316758,33.73056930063999,0.11669357442686469,380.4086513095462,0.19999999999999996,24.999968750039052,121,776,6.413223140495868,0.008264462809917356,0.0,0.2066115702479339,2,0.01652892561983471,5,0.017241379310344827,1,0.006172839506172839,6,0.007731958762886598,0.675,0.024793388429752067,5.841494845360825,0.21778350515463918,0.19583333333333333,0.0,1.0,62.16249270569929,7.032045652596771,38.37745574790897,0.6950756533700139,-6.202161474888747,49.16347120872101,-0.5045560500105954,98.38823789500222,-0.05128205128205128,99.99805003802426,-0.16295825386734478,90.79052132175902,-0.07720306513409961,81.7435563866849,0.006172839506172839,0.0,-0.026820886765568687,77.62055526781103,-0.10945226720308437,33.447422920867545,0.0,0.0,-5.0835758171269205,41.95884965737841,-19.12965771476005,33.26485408545085,-0.13074827439522319,15.832444625889508,25.927836621043213,25.927836621043213,0.10404746768383133,101.44529190013951,0.2578220858895706,61.80132244683004,0.16515848670756647,538.3991148555224,0.19999999999999996,24.999968750039052
sft_len500,900,307,1422,0.3411111111111111,90,900,10.0,0.32222222222222224,0.05555555555555555,0.1,4,0.044444444444444446,44,0.12941176470588237,0,0.0,57,0.06333333333333334,0.2961783439490446,0.022222222222222223,6.383333333333334,0.31333333333333335,0.006369426751592357,0.008888888888888889,0.9807692307692307,42.31173402868319,11.305119426336375,54.63233376792699,0.6995769682726204,46,307,6.673913043478261,0.0,0.0,0.2826086956521739,0,0.0,0,0.0,0,0.0,15,0.048859934853420196,0.5353535353535354,0.10869565217391304,5.726384364820847,0.18566775244299674,0.08080808080808081,0.0,1.0,66.18632614872826,5.791403271189965,35.196410007623534,0.5630232558139535,-3.3260869565217392,33.26086623913077,-0.32222222222222224,99.99968965613556,-0.05555555555555555,99.99820003239942,-0.044444444444444446,99.99775005062386,-0.12941176470588237,99.9992272786983,0.0,0.0,-0.014473398479913142,22.8523736150163,-0.1276655808903366,40.744204292008625,-0.008888888888888889,99.98875126548265,-5.513716155146411,48.77184804066018,-19.435923760303453,35.57586151656419,-0.13655371245866688,19.519441527845956,23.874592120045065,23.874592120045065,0.18260869565217389,182.60686958347804,0.23917519140449078,80.75350165055369,0.07443865405648846,1168.5034136509255,0.019230769230769273,1.960782314496468,192,1422,7.40625,0.041666666666666664,0.015625,0.21875,0,0.0,6,0.010452961672473868,2,0.008928571428571428,88,0.06188466947960619,0.43410852713178294,0.03125,5.755977496483825,0.22292545710267228,0.08139534883720931,0.0,1.0,62.94881024367125,7.243594064292601,39.26412018500057,0.631755280407866,-2.59375,25.93749740625026,-0.28055555555555556,87.06869530404906,-0.03993055555555555,71.87370627328707,-0.044444444444444446,99.99775005062386,-0.1189588030334085,91.9220011285342,0.008928571428571428,0.0,-0.0014486638537271473,2.287327863866066,-0.09040787623066107,28.85348543483193,-0.008888888888888889,99.98875126548265,-4.061525362043774,35.92642279671835,-15.368213582926415,28.13025225483981,-0.0678216878647544,9.694657485028857,20.637076214988056,20.637076214988056,0.11875,118.74881251187486,0.13793018318273836,46.56981859155857,0.07502592208561695,1177.7220743785088,0.019230769230769273,1.960782314496468
sft_len500,862,254,715,0.29466357308584684,73,862,11.808219178082192,0.3561643835616438,0.1506849315068493,0.1232876712328767,3,0.0410958904109589,14,0.0472972972972973,1,0.01,36,0.04176334106728538,0.4329004329004329,0.0821917808219178,6.417633410672853,0.2737819025522042,0.07792207792207792,0.00580046403712297,0.9259259259259259,40.77677782685511,9.5767816401649,47.423457744405184,0.8032964329643297,20,254,12.7,0.35,0.35,0.25,1,0.05,2,0.02531645569620253,0,0.0,6,0.023622047244094488,0.6363636363636364,0.1,5.6299212598425195,0.2204724409448819,0.01818181818181818,0.0,1.0,57.180227471566056,7.701936832895887,42.45756780402449,0.8166829268292684,0.8917808219178074,-7.552203536762339,-0.006164383561643838,1.73076437131542,0.19931506849315067,-132.27184946863534,0.008904109589041101,-21.66613945727322,-0.02198084160109477,46.47279681746765,-0.01,99.99000099990002,-0.018141293823190893,43.437280128432896,-0.053309461607322306,19.471435619379996,-0.00580046403712297,99.98276297166369,-1.874844807269012,19.576979845046687,-4.965889940380691,10.47137866334253,0.01338649386493862,-1.666443003003228,16.403449644710946,16.403449644710946,0.1267123287671233,102.77694414256419,0.20346320346320346,46.9998914302508,-0.05974025974025974,-76.66568279040419,0.07407407407407407,7.99999136000933,114,715,6.271929824561403,0.008771929824561403,0.03508771929824561,0.2982456140350877,0,0.0,0,0.0,2,0.013793103448275862,15,0.02097902097902098,0.7474226804123711,0.06140350877192982,5.520279720279721,0.16923076923076924,0.07731958762886598,0.0013986013986013986,0.8181818181818182,64.11363636363635,4.792354125874126,28.82832167832168,0.7187687687687688,-5.536289353520789,46.88504507899474,-0.3473924537370824,97.536838157366,-0.1155972122086037,76.71400445458926,-0.0410958904109589,99.99756672587633,-0.0472972972972973,99.9978857589868,0.0037931034482758617,-37.92724175858276,-0.0207843200882644,49.76570815466561,-0.10455113332143495,38.187604977085606,-0.004401862638521571,75.87503103276184,-4.7844275142907735,49.95861025627697,-18.595136066083505,39.21083902020808,-0.0845276641955609,10.522586121511274,23.336858536781236,23.336858536781236,0.174957942802211,141.90918034288615,0.31452224751193825,72.65447134342894,-0.000602490293211938,-0.7731859537355809,-0.1077441077441077,-11.636351069104476
sft_len500,834,248,962,0.2973621103117506,101,834,8.257425742574258,0.15841584158415842,0.0297029702970297,0.1782178217821782,9,0.0891089108910891,9,0.02821316614420063,0,0.0,18,0.02158273381294964,0.46564885496183206,0.0594059405940594,5.95083932853717,0.2302158273381295,0.06870229007633588,0.009592326139088728,1.0,58.33629266799326,7.218791050563805,38.128935149752536,0.6842292993630572,38,248,6.526315789473684,0.02631578947368421,0.0,0.2894736842105263,1,0.02631578947368421,0,0.0,0,0.0,7,0.028225806451612902,0.4936708860759494,0.0,5.790322580645161,0.18951612903225806,0.11392405063291139,0.0,1.0,61.382025904203346,5.616613978494624,32.515151515151516,0.70643216080402,-1.7311099531005736,20.96427866777416,-0.1321000521104742,83.38763151031293,-0.0297029702970297,99.99663344667395,-0.0627931214174049,70.46704546046644,-0.02821316614420063,99.99645568118196,0.0,0.0,0.006643072638663261,-30.77814383847526,-0.040699698305871446,17.678854659087982,-0.009592326139088728,99.98957608669296,-1.602177072069181,22.19453145133952,-5.61378363460102,14.723158318796825,0.02220286144096284,-3.24493981947763,3.045733236210083,3.045733236210083,0.11125586242834812,62.4265503024853,0.02802203111411733,6.017833102603289,0.04522176055657551,65.82182673687073,0.0,0.0,127,962,7.574803149606299,0.047244094488188976,0.007874015748031496,0.2204724409448819,11,0.08661417322834646,2,0.00546448087431694,1,0.006578947368421052,17,0.017671517671517672,0.5100671140939598,0.03937007874015748,5.824324324324325,0.22765072765072766,0.06375838926174497,0.006237006237006237,1.0,60.63873873873874,6.956665252945253,36.602945252945254,0.6609419496166483,-0.6826225929679586,8.266771407712794,-0.11117174709596944,70.17672236377078,-0.021828954548998206,73.48833954086274,-0.0024947376627426493,2.7996186258021725,-0.02274868526988369,80.62859328755899,0.006578947368421052,0.0,-0.003911216141431969,18.121128509680506,-0.002565099687401845,1.1142103368640255,-0.003355319902082491,34.97556377668625,-0.2621257976185518,3.6311587282539763,-1.5259898968072818,4.002183252147164,-0.023287349746408892,3.403437375995603,2.302446070745475,2.302446070745475,0.04225461916270368,23.709403271865373,0.04441825913212771,9.53898270531375,-0.00494390081459091,-7.196017554760139,0.0,0.0
sft_len500,217,131,269,0.6036866359447005,16,217,13.5625,0.5,0.25,0.25,4,0.25,7,0.10294117647058823,1,0.02857142857142857,9,0.041474654377880185,0.6481481481481481,0.0625,6.7050691244239635,0.35944700460829493,0.037037037037037035,0.0,1.0,33.981581798483205,12.881409100758397,58.63813651137595,0.7335714285714285,20,131,6.55,0.0,0.25,0.25,1,0.05,0,0.0,0,0.0,2,0.015267175572519083,0.896551724137931,0.05,5.396946564885496,0.17557251908396945,0.20689655172413793,0.0,1.0,74.47794741306193,4.737416963528414,30.178541136556404,0.6929268292682926,-7.0125,51.70506531206892,-0.5,99.9998000004,0.0,0.0,-0.2,79.99968000128,-0.10294117647058823,99.99902858086521,-0.02857142857142857,99.99650012249572,-0.026207478805361104,63.18761981809282,-0.18387448552432548,51.154682503996916,0.0,0.0,-8.143992137229983,63.22283099076632,-28.459595374819543,48.53427578476262,-0.04064459930313591,5.540638895369595,40.49636561457872,40.49636561457872,0.0,0.0,0.2484035759897829,38.32506402261058,0.1698595146871009,458.6083072308772,0.0,0.0,44,269,6.113636363636363,0.0,0.022727272727272728,0.25,1,0.022727272727272728,1,0.009523809523809525,0,0.0,8,0.02973977695167286,0.5227272727272727,0.045454545454545456,6.096654275092937,0.22676579925650558,0.022727272727272728,0.0,1.0,64.43130081300812,7.18918428184282,39.91869918699187,0.7021818181818181,-7.448863636363637,54.92249280839601,-0.5,99.9998000004,-0.22727272727272727,90.90872727418183,-0.22727272727272727,90.90872727418183,-0.09341736694677871,90.74741777338382,-0.02857142857142857,99.99650012249572,-0.011734877426207324,28.29341116427514,-0.13268120535178934,36.91248905286801,0.0,0.0,-5.692224818915577,44.18945421651039,-18.719437324384074,31.923656034867165,-0.03138961038961041,4.279006293998681,30.449719014524916,30.449719014524916,0.0,0.0,-0.12542087542087543,-19.350619495407845,-0.014309764309764307,-38.6353204827106,0.0,0.0
sft_len500,231,94,302,0.4069264069264069,14,231,16.5,0.6428571428571429,0.35714285714285715,0.14285714285714285,3,0.21428571428571427,10,0.13333333333333333,0,0.0,4,0.017316017316017316,0.6949152542372882,0.0,6.956709956709957,0.3852813852813853,0.01694915254237288,0.004329004329004329,1.0,25.96976822304333,14.124833792408467,62.59355055424925,0.7816483516483516,18,94,5.222222222222222,0.05555555555555555,0.0,0.4444444444444444,1,0.05555555555555555,1,0.025,0,0.0,0,0.0,1.0952380952380953,0.0,5.691489361702128,0.20212765957446807,0.2857142857142857,0.0,1.0,67.23835403726706,6.672112422360248,39.18012422360248,0.6675555555555556,-11.277777777777779,68.35016420773415,-0.5873015873015873,91.35788257909623,-0.35714285714285715,99.99972000078401,-0.15873015873015872,74.07372839667488,-0.10833333333333334,81.24939062957029,0.0,0.0,-0.017316017316017316,99.99422533348698,-0.1831537257069172,47.537529018658255,-0.004329004329004329,99.97690533486764,-7.452721370048218,52.7632462933567,-23.413426330646764,37.405492657425846,-0.11409279609279599,14.596416647975941,41.26858581422373,41.26858581422373,0.30158730158730157,211.10963334367773,0.4003228410008072,57.60735031880715,0.2687651331719128,1585.620734090974,0.0,0.0,41,302,7.365853658536586,0.024390243902439025,0.07317073170731707,0.4146341463414634,3,0.07317073170731707,2,0.017094017094017096,0,0.0,7,0.023178807947019868,0.5795454545454546,0.024390243902439025,6.056291390728477,0.23841059602649006,0.022727272727272728,0.0,1.0,57.57084349947718,7.640852980132452,40.397699546880446,0.6550197628458498,-9.134146341463413,55.35845932047769,-0.6184668989547039,96.20581240613463,-0.28397212543554007,79.51197248842826,-0.14111498257839722,65.85335122094634,-0.11623931623931624,87.17883333823715,0.0,0.0,0.005862790631002552,-33.855660729632596,-0.14687078925489522,38.12029692134259,-0.004329004329004329,99.97690533486764,-6.483980812276014,45.90482584448276,-22.195851007368802,35.460283777206456,-0.12662858880250172,16.200178319788254,31.601075276433846,31.601075276433846,0.27177700348432055,190.2425707410292,-0.11536979969183359,-16.60197167476803,0.005778120184899847,34.08889784593618,0.0,0.0
sft_len500,270,327,361,1.211111111111111,20,270,13.5,0.5,0.15,0.15,2,0.1,5,0.053763440860215055,0,0.0,13,0.04814814814814815,0.42168674698795183,0.0,6.381481481481481,0.2962962962962963,0.060240963855421686,0.10740740740740741,1.0,39.0145970394737,11.1856515625,52.926809210526315,0.7921266968325792,41,327,7.975609756097561,0.04878048780487805,0.17073170731707318,0.24390243902439024,2,0.04878048780487805,0,0.0,0,0.0,7,0.021406727828746176,0.96,0.12195121951219512,5.6422018348623855,0.1620795107033639,0.14666666666666667,0.01529051987767584,1.0,68.03281580804516,5.275225735121149,33.766878381557284,0.6566906474820144,-5.524390243902439,40.921406182876865,-0.45121951219512196,90.24372195158048,0.02073170731707319,-13.821046071074985,-0.051219512195121955,51.2190000051219,-0.053763440860215055,99.99814003459535,0.0,0.0,-0.026741420319401972,55.53871947458424,-0.13421678559293237,45.29801225682332,-0.09211688752973157,85.76320024960982,-5.910425827378852,52.83934749764718,-19.15993082896903,36.200804002275625,-0.13543604935056475,17.097754552974546,29.018218768571458,29.018218768571458,0.09390243902439024,62.601208674869,0.5383132530120481,127.65684012806481,0.08642570281124498,143.46428515953303,0.0,0.0,52,361,6.9423076923076925,0.019230769230769232,0.057692307692307696,0.46153846153846156,0,0.0,1,0.007042253521126761,0,0.0,12,0.0332409972299169,0.8446601941747572,0.019230769230769232,6.1551246537396125,0.22714681440443213,0.06796116504854369,0.0,1.0,55.942049861495846,7.652322504155126,41.015013850415514,0.7206410256410256,-6.5576923076923075,48.57549497731377,-0.4807692307692308,96.15365384653846,-0.0923076923076923,61.5380512847863,-0.1,99.99900000999989,-0.046721187339088296,86.8997921145709,0.0,0.0,-0.014907150918231249,30.96036273033127,-0.06914948189186415,23.33787137318827,-0.10740740740740741,99.9990689741854,-3.533329058344874,31.588045834629185,-11.911795360110801,22.50616523597285,-0.07148567119155358,9.02451353202241,16.927452822022147,16.927452822022147,0.31153846153846154,207.6909230861538,0.4229734471868054,100.30489389555119,0.0077202011931220005,12.815321246249834,0.0,0.0
sft_len500,1826,315,1205,0.17250821467688937,121,1826,15.090909090909092,0.5206611570247934,0.24793388429752067,0.1322314049586777,16,0.1322314049586777,71,0.11525974025974026,4,0.015267175572519083,113,0.061883899233296825,0.4720720720720721,0.11570247933884298,6.872946330777656,0.36801752464403065,0.0036036036036036037,0.007667031763417305,1.0,26.078695706664774,13.446406304593037,60.697859053929605,0.7668317388857626,45,315,7.0,0.15555555555555556,0.13333333333333333,0.24444444444444444,1,0.022222222222222223,1,0.008547008547008548,0,0.0,10,0.031746031746031744,0.8409090909090909,0.022222222222222223,6.079365079365079,0.2253968253968254,0.17045454545454544,0.012698412698412698,1.0,54.010714285714286,7.858239682539683,42.79563492063492,0.6877443609022557,-8.090909090909092,53.61445427856027,-0.3651056014692379,70.12332210882226,-0.11460055096418734,46.222035793344524,-0.11000918273645546,83.1938152912163,-0.10671273171273171,92.58376397050236,-0.015267175572519083,99.99345042899691,-0.03013786748726508,48.69987324961106,-0.14262069924720525,38.753673985611584,0.005031380934995393,-65.61502469250502,-5.588166622053354,41.558808204066096,-17.902224133294688,29.49399553359656,-0.07908737798350696,10.313510883536866,27.93201857904951,27.93201857904951,0.11221303948576675,84.86046935381161,0.36883701883701886,78.13134039145278,0.16685094185094185,4628.829136278319,0.0,0.0,174,1205,6.925287356321839,0.040229885057471264,0.005747126436781609,0.3390804597701149,13,0.07471264367816093,2,0.00425531914893617,0,0.0,55,0.04564315352697095,0.5877862595419847,0.040229885057471264,5.83402489626556,0.24481327800829875,0.010178117048346057,0.019087136929460582,1.0,59.11159199537791,7.763923893061611,39.90873995482956,0.6846712802768167,-8.165621734587253,54.109538029163005,-0.48043127196732216,92.27313056755236,-0.24218675786073907,97.68159835471806,-0.057518761280516764,43.49823426299419,-0.11100442111080408,96.30722556583919,-0.015267175572519083,99.99345042899691,-0.016240745706325874,26.24347119820085,-0.1232042466357319,33.47772962105709,0.011420105166043276,-148.93137533058206,-5.682482411531426,42.26022819932279,-20.78911909910005,34.25016809592475,-0.08216045860894594,10.714260678062368,33.03289628871313,33.03289628871313,0.20684905481143723,156.42841471126314,0.11571418746991263,24.511922902530305,0.0065745134447424535,182.39213427434194,0.0,0.0
sft_len500,474,161,255,0.339662447257384,118,474,4.016949152542373,0.06779661016949153,0.00847457627118644,0.03389830508474576,7,0.059322033898305086,12,0.04597701149425287,0,0.0,24,0.05063291139240506,0.12062256809338522,0.00847457627118644,7.2594936708860756,0.3438818565400844,0.0311284046692607,0.008438818565400843,0.9411764705882353,32.22927712740827,13.4092869861935,61.76959420442018,0.7984941176470589,25,161,6.44,0.0,0.0,0.24,0,0.0,0,0.0,0,0.0,2,0.012422360248447204,0.7333333333333333,0.0,5.279503105590062,0.18633540372670807,0.17777777777777778,0.024844720496894408,1.0,70.09912008281573,4.9853289855072465,29.068581780538302,0.5683928571428571,2.4230508474576276,-60.32066008894961,-0.06779661016949153,99.99852502175592,-0.00847457627118644,99.98820139223572,-0.059322033898305086,99.99831431413013,-0.04597701149425287,99.99782504730523,0.0,0.0,-0.038210551143957855,75.46434808844201,-0.15754645281337634,45.81398863511304,0.016405901931493563,-194.38690304018849,-8.423958000686254,62.82181432272726,-32.70101242388188,52.94030552679067,-0.23010126050420177,28.816865052631208,37.869842955407464,37.869842955407464,0.20610169491525424,607.9820645290963,0.612710765239948,507.95277815492506,0.14664937310851708,471.0959771528451,0.05882352941176472,6.249993359382057,33,255,7.7272727272727275,0.06060606060606061,0.0,0.24242424242424243,1,0.030303030303030304,1,0.01,0,0.0,21,0.08235294117647059,0.4782608695652174,0.030303030303030304,6.078431372549019,0.2823529411764706,0.06521739130434782,0.0,0.8666666666666667,53.856546489563584,9.180943074003796,44.69639468690702,0.7220388349514564,3.7103235747303547,-92.36668203069559,-0.0071905495634309174,10.60590416897411,-0.00847457627118644,99.98820139223572,-0.029019003595274782,48.91692431816755,-0.03597701149425287,78.24829809951633,0.0,0.0,0.031720029784065525,-62.64582156855343,-0.06152891536361382,17.892405565859246,-0.008438818565400843,99.98815140405863,-4.228343912189704,31.532948778065627,-17.07319951751316,27.640135022758606,-0.07645528269560253,9.574921750416559,21.627269362155317,21.627269362155317,0.20852593733949668,615.1333687171381,0.3576383014718322,296.49123063160687,0.03408898663508712,109.50735164154591,-0.07450980392156858,-7.916658255217265
sft_len500,4208,183,4665,0.04348859315589353,343,4208,12.268221574344023,0.37026239067055394,0.08746355685131195,0.17784256559766765,19,0.05539358600583091,143,0.09255663430420712,6,0.011194029850746268,142,0.03374524714828897,0.37273991655076494,0.08163265306122448,6.2994296577946765,0.2958650190114068,0.0034770514603616135,0.027328897338403043,0.9619047619047619,45.28486286855596,10.296340718052392,50.96824420601381,0.7746092810771821,24,183,7.625,0.20833333333333334,0.125,0.16666666666666666,1,0.041666666666666664,6,0.08955223880597014,1,0.03125,13,0.07103825136612021,0.6274509803921569,0.08333333333333333,6.469945355191257,0.2677595628415301,0.27450980392156865,0.00546448087431694,1.0,48.35792349726776,8.614538797814207,42.9535519125683,0.7485074626865672,-4.6432215743440235,37.84754919636185,-0.1619290573372206,43.73347768569937,0.03753644314868805,-42.91617599172117,-0.013726919339164242,24.780254405582756,-0.0030043954982369725,3.2459726534955426,0.020055970149253734,-179.15066254081307,0.037293004217831244,-110.51007851023252,-0.028105456169876752,9.499386331619643,-0.021864416464086104,80.0018243513962,-1.6818019202381844,16.333975370004588,-8.014692293445506,15.724873911295347,-0.026101818390614873,3.3696710498494,3.0730606287118007,3.0730606287118007,-0.011175898931000988,-6.284117670179885,0.2547110638413919,68.33461327466097,0.27103275246120706,7792.660791540668,0.03809523809523807,3.9603919223648303,673,4665,6.931649331352155,0.04457652303120357,0.02526002971768202,0.3640416047548291,5,0.007429420505200594,17,0.009376723662437948,0,0.0,152,0.032583065380493034,0.6736613603473227,0.10549777117384844,5.607931404072883,0.22186495176848875,0.005065123010130246,0.017792068595927118,0.9743589743589743,63.662553024470526,6.645704949956977,35.23187355645125,0.6759228769497401,-5.336572242991869,43.499147579470886,-0.32568586763935037,87.96059125627494,-0.06220352713362993,71.11855290066205,-0.04796416550063031,86.5863777654761,-0.08317991064176916,89.86823320093035,-0.011194029850746268,99.99106746463983,-0.0011621817677959362,3.443884479032692,-0.07400006724291808,25.011343813723023,-0.009536828742475925,34.89522344116199,-3.6506357680954142,35.45565860246091,-15.73637064956256,30.8748527361617,-0.098686404127442,12.740136109503677,18.377690155914564,18.377690155914564,0.18619903915716146,104.69821527217704,0.3009214437965578,80.73206627842109,0.0015880715497686325,45.659806011137064,0.01245421245421241,1.2947435130808063
sft_len500,1376,288,2142,0.20930232558139536,138,1376,9.971014492753623,0.37681159420289856,0.07971014492753623,0.16666666666666666,12,0.08695652173913043,33,0.06653225806451613,0,0.0,43,0.03125,0.4953271028037383,0.07971014492753623,6.332848837209302,0.29941860465116277,0.011682242990654205,0.003633720930232558,1.0,45.493484504008606,9.95436939092976,47.287902357305256,0.7684702336096458,32,288,9.0,0.21875,0.25,0.15625,1,0.03125,7,0.0673076923076923,0,0.0,16,0.05555555555555555,0.6219512195121951,0.0625,6.055555555555555,0.2777777777777778,0.024390243902439025,0.0,1.0,55.13155241935485,8.764765546594983,42.276433691756274,0.7692887029288704,-0.9710144927536231,9.738371116355223,-0.15806159420289856,41.94700406371999,0.17028985507246377,-213.63368350469787,-0.05570652173913043,64.06176328972217,0.000775434243176179,-1.165483647928761,0.0,0.0,0.024305555555555552,-77.77528896853077,-0.021640826873384977,7.227591826726747,-0.003633720930232558,99.97248757142034,-1.1896038443347763,11.950568419864322,-5.011468665548982,10.597781482681844,0.0008184693192245796,-0.10650617530341165,9.638067915346241,9.638067915346241,-0.010416666666666657,-6.249962500224993,0.1266241167084568,25.563685159739162,0.01270800091178482,108.77117699212755,0.0,0.0,325,2142,6.590769230769231,0.046153846153846156,0.021538461538461538,0.32,9,0.027692307692307693,11,0.012971698113207548,0,0.0,58,0.02707749766573296,0.6211180124223602,0.07076923076923076,5.548085901027077,0.21101774042950514,0.09627329192546584,0.0014005602240896359,1.0,65.11987856088979,6.354586267166043,34.626376120758145,0.6720496894409937,-3.380245261984392,33.90071216358018,-0.3306577480490524,87.75124641163305,-0.05817168338907469,72.97810543551643,-0.059264214046822736,68.15306239362862,-0.05356055995130858,80.50193468561521,0.0,0.0,-0.004172502334267039,13.351580219087515,-0.08840086422165763,29.52407352372554,-0.0022331607061429224,61.43967443464881,-3.599783123763716,36.1628408667993,-12.661526236547111,26.775402032264346,-0.09642054416865209,12.547059662304816,19.626394056881182,19.626394056881182,0.15333333333333335,91.99944800331198,0.12579090961862188,25.395471992523603,0.08459104893481163,724.0374012804381,0.0,0.0
sft_len500,481,214,673,0.44490644490644493,26,481,18.5,0.7692307692307693,0.07692307692307693,0.07692307692307693,5,0.19230769230769232,14,0.08,0,0.0,28,0.058212058212058215,0.3067484662576687,0.15384615384615385,7.01039501039501,0.34511434511434513,0.0736196319018405,0.02494802494802495,1.0,23.866093366093338,13.525589604989605,63.65157815157815,0.7778703703703704,23,214,9.304347826086957,0.2608695652173913,0.0,0.30434782608695654,0,0.0,4,0.0449438202247191,0,0.0,15,0.07009345794392523,0.30666666666666664,0.08695652173913043,7.014018691588785,0.34579439252336447,0.22666666666666666,0.0,1.0,37.77447708055183,11.492445749888738,52.24655095683133,0.754909090909091,-9.195652173913043,49.70622528027454,-0.508361204013378,66.08687060880735,-0.07692307692307693,99.99870001689978,-0.19230769230769232,99.99948000270399,-0.0350561797752809,43.81967697313896,0.0,0.0,0.011881399731867012,-20.41019677850546,0.0006800474090193354,-0.19704931080187674,-0.02494802494802495,99.99599182732759,-2.0331438551008674,15.03183050913014,-11.405027194746822,17.9179014044368,-0.02296127946127946,2.9518093011119344,13.908383714458495,13.908383714458495,0.2274247491638796,295.6483304847472,-8.179959100207412e-05,-0.026666579733626235,0.15304703476482617,207.88606510317123,0.0,0.0,101,673,6.663366336633663,0.0,0.0,0.25742574257425743,2,0.019801980198019802,3,0.011494252873563218,0,0.0,27,0.04011887072808321,0.49099099099099097,0.0,6.344725111441307,0.2689450222882615,0.25675675675675674,0.017830609212481426,1.0,51.856782834101395,8.94364591013825,44.725806451612904,0.6995192307692307,-11.836633663366337,63.9818001272883,-0.7692307692307693,99.999870000169,-0.07692307692307693,99.99870001689978,-0.17250571210967253,89.70250384400971,-0.06850574712643678,85.63111351912698,0.0,0.0,-0.018093187483975003,31.08097742960907,-0.07616932282608363,22.070685614065315,-0.007117415735543524,28.527831249401043,-4.581943694851356,33.87610810252583,-18.925771699965246,29.733389103977963,-0.07835113960113971,10.072505890509136,27.990689468008057,27.990689468008057,0.1805026656511805,234.65041489114105,0.18424252473332225,60.062867258115794,0.18313712485491623,248.7578823000266,0.0,0.0
sft_len500,316,119,891,0.37658227848101267,19,316,16.63157894736842,0.631578947368421,0.05263157894736842,0.05263157894736842,4,0.21052631578947367,12,0.10084033613445378,1,0.02857142857142857,25,0.07911392405063292,0.3017241379310345,0.0,7.158227848101266,0.3639240506329114,0.06896551724137931,0.0,0.7142857142857143,22.326785714285705,13.9883373015873,65.08432539682539,0.8044943820224719,14,119,8.5,0.14285714285714285,0.0,0.2857142857142857,1,0.07142857142857142,1,0.018867924528301886,0,0.0,7,0.058823529411764705,0.5121951219512195,0.0,6.2521008403361344,0.24369747899159663,0.21951219512195122,0.0,1.0,57.44957983193278,8.653174789915967,47.99579831932773,0.659714285714286,-8.131578947368421,48.8924021235581,-0.48872180451127817,77.3808298613051,-0.05263157894736842,99.99810003609932,-0.13909774436090225,66.07111473363358,-0.0819724116061519,81.28850206512182,-0.02857142857142857,99.99650012249572,-0.02029039463886821,25.646734648803456,-0.12022657164131476,33.036080212732166,0.0,0.0,-5.335162511671333,38.140073514421196,-17.08852707749766,26.255979009919024,-0.1447800963081859,17.996386249503885,35.122794117647075,35.122794117647075,0.23308270676691728,442.84872873129694,0.21047098402018505,69.75586637010423,0.1505466778805719,218.2895177288222,0.2857142857142857,39.99994400007839,137,891,6.5036496350364965,0.058394160583941604,0.014598540145985401,0.24087591240875914,8,0.058394160583941604,7,0.01832460732984293,1,0.006802721088435374,60,0.06734006734006734,0.4427710843373494,0.0,6.041526374859708,0.2716049382716049,0.02108433734939759,0.001122334455667789,1.0,55.235599235599224,9.342034743834743,47.420966420966415,0.696627078384798,-10.127929312331926,60.895773849401756,-0.5731847867844794,90.7541142135284,-0.03803303880138302,72.26140075601339,-0.15213215520553208,72.26243047608298,-0.08251572880461086,81.82728627731684,-0.021768707482993196,76.18780961713959,-0.011773856710565578,14.881966774094865,-0.09231911236130647,25.36761682130756,0.001122334455667789,0.0,-4.646302557752557,33.21554324451338,-17.663358975858976,27.13918996128773,-0.10786730363767394,13.408069958897647,32.90881352131352,32.90881352131352,0.18824433346139072,357.65743808531874,0.14104694640631493,46.74683301944638,-0.04788117989198172,-69.42670415616323,0.2857142857142857,39.99994400007839
sft_len500,262,297,556,1.133587786259542,20,262,13.1,0.4,0.15,0.05,1,0.05,3,0.03409090909090909,0,0.0,10,0.03816793893129771,0.4782608695652174,0.15,6.366412213740458,0.27099236641221375,0.043478260869565216,0.007633587786259542,1.0,41.4895038167939,9.779693893129771,48.43606870229008,0.8179342723004694,41,297,7.2439024390243905,0.14634146341463414,0.24390243902439024,0.17073170731707318,0,0.0,1,0.009708737864077669,0,0.0,1,0.003367003367003367,0.9333333333333333,0.04878048780487805,5.306397306397306,0.11447811447811448,0.15,0.013468013468013467,1.0,72.21273546273547,3.412064414414414,27.888615888615888,0.6567741935483871,-5.856097560975609,44.703031404162566,-0.25365853658536586,63.414475610152444,0.09390243902439024,-62.601208674869,-0.05,99.9980000399992,-0.02438217122683142,71.51893770986601,0.0,0.0,-0.034800935564294345,91.1760623656172,-0.15651425193409926,57.75575026291313,0.005834425681753926,-76.42096528452416,-6.367629478715357,65.11071713687727,-20.54745281367419,42.42180040611904,-0.16116007875208238,19.703280223973522,30.723231645941567,30.723231645941567,0.12073170731707318,241.4585854624371,0.45507246376811594,95.1513161987631,0.10652173913043478,244.994365129602,0.0,0.0,79,556,7.037974683544304,0.0379746835443038,0.012658227848101266,0.24050632911392406,1,0.012658227848101266,0,0.0,0,0.0,6,0.01079136690647482,0.6280487804878049,0.06329113924050633,5.528776978417266,0.19784172661870503,0.006097560975609756,0.0017985611510791368,1.0,62.01159072741805,5.840723900879297,32.182653876898485,0.7018934911242602,-6.062025316455696,46.27499888324967,-0.36202531645569624,90.50610284866694,-0.13734177215189872,91.56057103079227,-0.03734177215189874,74.68205066278422,-0.03409090909090909,99.99706675270859,0.0,0.0,-0.02737657202482289,71.72473951686062,-0.07315063979350872,26.993516764627273,-0.005835026635180405,76.42883674324995,-3.938969992250474,40.27702331508929,-16.253414825391594,33.55642793746976,-0.1160407811762092,14.187037178362626,20.522086910624154,20.522086910624154,0.19050632911392407,381.0050381270856,0.14978791092258747,31.319224979979698,-0.03738069989395546,-85.97363236255322,0.0,0.0
sft_len500,1338,257,1602,0.1920777279521674,147,1338,9.10204081632653,0.25170068027210885,0.1360544217687075,0.4013605442176871,11,0.07482993197278912,6,0.012422360248447204,1,0.004081632653061225,24,0.017937219730941704,0.7205882352941176,0.10204081632653061,5.7757847533632285,0.22869955156950672,0.0058823529411764705,0.0037369207772795215,0.9565217391304348,57.662927591595775,7.75269575273485,41.60005209237715,0.747478665632273,33,257,7.787878787878788,0.09090909090909091,0.12121212121212122,0.45454545454545453,2,0.06060606060606061,0,0.0,1,0.02127659574468085,6,0.023346303501945526,0.7833333333333333,0.12121212121212122,5.867704280155642,0.245136186770428,0.11666666666666667,0.011673151750972763,1.0,59.03458014309025,7.853243102799047,40.19693736663738,0.7511538461538462,-1.3141620284477424,14.438101416876611,-0.16079158936301793,63.88181008135897,-0.01484230055658628,10.909010727862064,-0.014223871366728508,19.00801044667031,-0.012422360248447204,99.99195064797284,0.017194963091619626,-421.1734082596571,0.005409083771003822,-30.1539609400239,0.016436635200921285,-7.18696788797462,0.007936230973693241,-212.3167249004478,0.1005473500641969,-1.2969338705106415,-1.4031147257397691,3.372867632221551,0.003675180521573118,-0.4916763211831831,1.3716525514944777,1.3716525514944777,0.053184910327767454,13.251122608528105,0.06274509803921569,8.707470909360099,0.11078431372549019,1883.0132210857485,0.04347826086956519,4.545449793393395,286,1602,5.601398601398602,0.01048951048951049,0.024475524475524476,0.3916083916083916,1,0.0034965034965034965,4,0.006172839506172839,0,0.0,30,0.018726591760299626,0.7413394919168591,0.06293706293706294,5.521847690387016,0.19225967540574282,0.17782909930715934,0.01435705368289638,1.0,66.9791015898177,5.843676236654389,33.613595039395776,0.7005666452028332,-3.500642214927929,38.459966297328485,-0.24121116978259835,95.83216509394397,-0.11157889729318302,82.00988673782199,-0.07133342847628561,95.326125969171,-0.006249520742274365,50.30459245561597,-0.004081632653061225,99.97550600102974,0.0007893720293579223,-4.400503735587158,-0.0364398761637639,15.933444809681225,0.010620132905616858,-284.118726383127,-1.9090195160804608,24.623941538884946,-7.986457052981372,19.198189567803272,-0.04691202042943987,6.276026303639745,9.316173998221927,9.316173998221927,-0.009752152609295461,-2.4297675623866377,0.020751256622741465,2.8797622287920492,0.17194674636598287,2922.597846587789,0.04347826086956519,4.545449793393395
sft_len500,1098,209,1255,0.19034608378870674,72,1098,15.25,0.5277777777777778,0.16666666666666666,0.25,3,0.041666666666666664,46,0.11138014527845036,0,0.0,89,0.08105646630236794,0.3726027397260274,0.08333333333333333,6.858834244080145,0.33697632058287796,0.049315068493150684,0.02185792349726776,1.0,30.966095380029827,12.153339526411658,56.70922338135453,0.7890562440419447,22,209,9.5,0.22727272727272727,0.22727272727272727,0.4090909090909091,0,0.0,1,0.012658227848101266,0,0.0,8,0.03827751196172249,0.8363636363636363,0.045454545454545456,5.650717703349282,0.1339712918660287,0.2545454545454545,0.0,1.0,65.9854066985646,4.395302200956937,31.9811004784689,0.742,-5.75,37.704915560333404,-0.3005050505050505,56.93769116112105,0.06060606060606061,-36.363418183127266,-0.041666666666666664,99.99760005759862,-0.0987219174303491,88.63431704131479,0.0,0.0,-0.04277895434064546,52.77608133107381,-0.20300502871684925,60.242935152343925,-0.02185792349726776,99.99542520929667,-7.758037325454721,63.83460834159088,-24.728122902885634,43.60511569792517,-0.04705624404194475,5.9636033250134295,35.019311318534776,35.019311318534776,0.15909090909090912,63.63610909192728,0.4637608966376089,124.46490659986628,0.20523038605230384,416.1531774999613,0.0,0.0,169,1255,7.42603550295858,0.04142011834319527,0.0,0.3254437869822485,4,0.023668639053254437,5,0.00980392156862745,0,0.0,57,0.04541832669322709,0.5788235294117647,0.047337278106508875,5.780876494023905,0.21593625498007968,0.12470588235294118,0.05976095617529881,1.0,59.751034571391855,6.653609330420254,35.98522040868783,0.7160364842454395,-7.82396449704142,51.304681862259685,-0.48635765943458253,92.15180297366263,-0.16666666666666666,99.99940000359999,-0.017998027613412227,43.19422961067869,-0.10157622370982292,91.19696467107124,0.0,0.0,-0.035638139609140855,43.96651071747076,-0.12104006560279829,35.91935071281127,0.03790303267803105,-173.39844152329235,-5.499730195991404,45.25282727032442,-20.724002972666703,36.54432448820542,-0.07301975979650521,9.254051001732345,28.784939191362028,28.784939191362028,0.07544378698224852,30.17739408332308,0.20622078968573732,55.34587222269155,0.07539081385979049,152.87271707447894,0.0,0.0
sft_len500,3210,299,4270,0.09314641744548287,232,3210,13.836206896551724,0.521551724137931,0.23275862068965517,0.2413793103448276,12,0.05172413793103448,92,0.08318264014466546,2,0.0045045045045045045,133,0.041433021806853584,0.4895259095920617,0.09051724137931035,6.0398753894081,0.2722741433021807,0.008820286659316428,0.014641744548286604,1.0,51.679495192307684,9.394902403846155,47.05769230769231,0.787782347358431,40,299,7.475,0.175,0.1,0.25,0,0.0,1,0.009259259259259259,0,0.0,20,0.06688963210702341,0.5625,0.025,5.702341137123746,0.2809364548494983,0.05,0.016722408026755852,1.0,60.173796791443834,8.641837472766886,41.395226777579715,0.7548,-6.3612068965517246,45.97507455881081,-0.34655172413793106,66.446153590846,-0.13275862068965516,57.036791990078854,-0.05172413793103448,99.99806670404372,-0.0739233808854062,88.86769172020526,-0.0045045045045045045,99.97780492730614,0.025456610300169824,-61.43890742452391,0.008662311547317614,-3.1814551421257984,0.0020806634784692486,-14.209518383715258,-0.753064931079269,8.015675081565753,-5.662465530112591,12.033028251274217,-0.032982347358430975,4.1867281745706215,8.49430159913615,8.49430159913615,0.008620689655172403,3.571413775571497,0.07297409040793829,14.90706414255141,0.04117971334068357,466.8220740473549,0.0,0.0,591,4270,7.225042301184433,0.05583756345177665,0.023688663282571912,0.32825719120135366,2,0.00338409475465313,15,0.009259259259259259,1,0.0013020833333333333,101,0.023653395784543327,0.6416040100250626,0.05583756345177665,5.485480093676815,0.19086651053864168,0.12949039264828738,0.01920374707259953,1.0,68.81903504941849,5.760538276505379,33.7478267772794,0.6713006396588486,-6.611164595367291,47.78162228261208,-0.4657141606861544,89.29378356827267,-0.20906995740708326,89.82226246443408,-0.04834004317638135,93.45560999921064,-0.0739233808854062,88.86769172020526,-0.0032024211711711714,71.0779706905067,-0.017779626022310258,42.91069330703817,-0.08140763276353902,29.899032198172392,0.004562002524312927,-31.15537875614133,-3.634364127340776,38.68442251202831,-13.309865530412907,28.284143558386454,-0.11648170769958244,14.786007865000578,17.139539857110805,17.139539857110805,0.08687788085652606,35.99211581608099,0.1520781004330009,31.066341288517197,0.12067010598897095,1367.942236198929,0.0,0.0
sft_len500,769,201,1617,0.2613784135240572,98,769,7.846938775510204,0.15306122448979592,0.030612244897959183,0.12244897959183673,6,0.061224489795918366,21,0.06287425149700598,0,0.0,42,0.054616384915474644,0.35106382978723405,0.061224489795918366,7.215864759427828,0.33940182054616386,0.1347517730496454,0.005201560468140442,0.8947368421052632,36.51147822355719,11.210420606340666,50.38682686118858,0.7240555555555555,24,201,8.375,0.16666666666666666,0.0,0.375,0,0.0,1,0.01282051282051282,0,0.0,4,0.01990049751243781,0.49122807017543857,0.0,5.830845771144278,0.208955223880597,0.12280701754385964,0.009950248756218905,1.0,59.48300595894946,6.790556124475833,37.49922754358861,0.6556578947368421,0.5280612244897958,-6.729517998058822,0.013605442176870736,-8.88883081519422,-0.030612244897959183,99.99673344004096,-0.061224489795918366,99.99836669334401,-0.05005373867649317,79.60801346277978,0.0,0.0,-0.034715887403036834,63.56197290800871,-0.13044659666556685,38.43415221348291,0.004748688288078463,-91.2759845302825,-4.419864481864833,39.426389453229284,-12.887599317599971,25.577318248936425,-0.06839766081871335,9.446452807299433,22.97152773539227,22.97152773539227,0.25255102040816324,206.2483156387556,0.14016424038820452,39.92545777745732,-0.011944755505785748,-8.864200146282023,0.10526315789473684,11.764692733578709,231,1617,7.0,0.06060606060606061,0.004329004329004329,0.24675324675324675,3,0.012987012987012988,8,0.012030075187969926,0,0.0,38,0.02350030921459493,0.46950092421441775,0.06493506493506493,5.892393320964749,0.20655534941249226,0.059149722735674676,0.006184291898577613,1.0,60.48197853833173,6.787148624383514,38.181286767790716,0.6690051020408163,-0.8469387755102042,10.793236595920435,-0.09245516388373531,60.40364576688806,-0.026283240568954855,85.8557812363988,-0.048237476808905375,78.78659194021043,-0.05084417630903606,80.86516570268856,0.0,0.0,-0.031116075700879715,56.97100977836025,-0.1328464711336716,39.14123958071306,0.0009827314304371709,-18.889380266798316,-4.423271981957152,39.456785277864384,-12.205540093397865,24.223672359417204,-0.05505045351473914,7.60305988425171,23.97050031477454,23.97050031477454,0.12430426716141002,101.51432248151792,0.1184370944271837,33.73653079944338,-0.07560205031397071,-56.10426309083638,0.10526315789473684,11.764692733578709
sft_len500,493,116,637,0.23529411764705882,51,493,9.666666666666666,0.23529411764705882,0.09803921568627451,0.27450980392156865,1,0.0196078431372549,16,0.09090909090909091,1,0.01282051282051282,34,0.06896551724137931,0.5306122448979592,0.0392156862745098,6.657200811359027,0.3204868154158215,0.034013605442176874,0.0,1.0,41.1275185577943,10.846016295510783,49.9232944503358,0.7405405405405405,19,116,6.105263157894737,0.0,0.0,0.5263157894736842,2,0.10526315789473684,3,0.06976744186046512,0,0.0,7,0.0603448275862069,0.896551724137931,0.0,6.2155172413793105,0.25,0.10344827586206896,0.0,1.0,53.15060851926978,8.334514807302233,42.1683569979716,0.6907462686567163,-3.561403508771929,36.84210145190602,-0.23529411764705882,99.99957500180624,-0.09803921568627451,99.9989800104039,0.08565531475748193,-436.81982745195785,-0.021141649048625796,23.25555814234881,-0.01282051282051282,99.99220060835256,-0.00862068965517241,12.499818752628082,-0.07048681541582152,21.993602260468904,0.0,0.0,-2.51150148820855,23.15597900851654,-7.754937452364203,15.53370502169452,-0.04979427188382424,6.724034933607924,12.023089961475478,12.023089961475478,0.25180598555211553,91.72898915266731,0.36593947923997183,68.96538726814944,0.0694346704198921,204.1319295557538,0.0,0.0,96,637,6.635416666666667,0.03125,0.010416666666666666,0.34375,0,0.0,2,0.008298755186721992,0,0.0,44,0.06907378335949764,0.5898876404494382,0.08333333333333333,6.342229199372056,0.27001569858712715,0.30337078651685395,0.0,1.0,52.10519022423783,8.507256464523131,41.773145725526675,0.7111224489795918,-3.031249999999999,31.35775537678392,-0.20404411764705882,86.71838144687885,-0.08762254901960784,89.37408838429847,-0.0196078431372549,99.99490026008672,-0.08261033572236892,90.87036972053887,-0.01282051282051282,99.99220060835256,0.00010826611811833031,-0.1569835950094513,-0.05047111682869437,15.748217061921652,0.0,0.0,-2.3387598309876516,21.563305379898992,-8.150148724809128,16.32534200975771,-0.029418091560948767,3.972510649365563,10.977671666443527,10.977671666443527,0.06924019607843135,25.223122401482673,0.05927539555147898,11.171111185299958,0.2693571810746771,791.8868308867225,0.0,0.0
sft_len500,180,108,187,0.6,11,180,16.363636363636363,0.7272727272727273,0.0,0.18181818181818182,1,0.09090909090909091,10,0.16393442622950818,0,0.0,6,0.03333333333333333,0.40384615384615385,0.2727272727272727,7.061111111111111,0.37222222222222223,0.0,0.005555555555555556,1.0,29.73636363636362,13.175999999999998,59.6969696969697,0.7441221374045801,19,108,5.684210526315789,0.0,0.10526315789473684,0.2631578947368421,0,0.0,1,0.023255813953488372,0,0.0,0,0.0,0.8888888888888888,0.0,5.398148148148148,0.16666666666666666,0.07407407407407407,0.0,1.0,73.58333333333333,3.850822222222222,26.194444444444443,0.5854237288135593,-10.679425837320574,65.26315390643299,-0.7272727272727273,99.99986250018907,0.10526315789473684,0.0,-0.09090909090909091,99.99890001209987,-0.1406786122760198,85.81343002644893,0.0,0.0,-0.03333333333333333,99.9970000899973,-0.20555555555555557,55.22373223474922,-0.005555555555555556,99.98200323941691,-9.325177777777776,70.77396076228119,-33.50252525252526,56.12098044738122,-0.1586984085910208,21.326901505111564,43.84696969696971,43.84696969696971,0.08133971291866027,44.73659605398485,0.485042735042735,120.10552270166866,0.07407407407407407,0.0,0.0,0.0,27,187,6.925925925925926,0.0,0.0,0.2222222222222222,0,0.0,0,0.0,0,0.0,4,0.0213903743315508,0.5166666666666667,0.1111111111111111,5.925133689839572,0.2192513368983957,0.25,0.0,1.0,65.50592885375495,6.706119925598699,37.00744013020228,0.6433333333333333,-9.437710437710438,57.67489359476473,-0.7272727272727273,99.99986250018907,0.0,0.0,-0.09090909090909091,99.99890001209987,-0.16393442622950818,99.99939000372098,0.0,0.0,-0.011942959001782532,35.82780217128246,-0.15297088532382652,41.096545350010665,-0.005555555555555556,99.98200323941691,-6.469880074401299,49.103518392274715,-22.68952956676742,38.007840769580575,-0.1007888040712468,13.54464053124152,35.76956521739133,35.76956521739133,0.04040404040404039,22.222100000672206,0.11282051282051286,27.936438760564354,0.25,0.0,0.0,0.0
sft_len500,471,247,643,0.524416135881104,32,471,14.71875,0.46875,0.03125,0.125,2,0.0625,17,0.09770114942528736,0,0.0,11,0.02335456475583864,0.3,0.0625,6.176220806794055,0.3036093418259023,0.025,0.0021231422505307855,1.0,49.79246284501059,10.174677707006369,49.17675159235669,0.7841232227488151,34,247,7.264705882352941,0.029411764705882353,0.0,0.3235294117647059,0,0.0,1,0.01,0,0.0,1,0.004048582995951417,0.4318181818181818,0.0,5.421052631578948,0.19433198380566802,0.10227272727272728,0.004048582995951417,1.0,72.17324246771878,5.90014768053563,35.69057867049259,0.6860606060606063,-7.454044117647059,50.64318377046435,-0.43933823529411764,93.72529024879258,-0.03125,99.99680010239672,-0.0625,99.9984000255996,-0.08770114942528737,89.76378712359062,0.0,0.0,-0.019305981759887222,82.66116431657228,-0.1092773580202343,35.99263363792023,0.0019254407454206315,-90.64556504817405,-4.274530026470739,42.01144969351476,-13.486172921864096,27.423878582743566,-0.09806261668820881,12.506005278658764,22.38077962270819,22.38077962270819,0.1985294117647059,158.82225883369406,0.13181818181818183,43.939247475235696,0.07727272727272727,309.0785459490711,0.0,0.0,95,643,6.768421052631579,0.031578947368421054,0.0,0.23157894736842105,3,0.031578947368421054,2,0.00816326530612245,0,0.0,1,0.0015552099533437014,0.5490196078431373,0.05263157894736842,5.363919129082426,0.2192846034214619,0.10784313725490197,0.0,1.0,69.82396862823795,6.355371792170438,34.2856736734728,0.6861952861952862,-7.950328947368421,54.014970070275815,-0.43717105263157896,93.26295893375779,-0.03125,99.99680010239672,-0.030921052631578946,49.472892644244006,-0.08953788411916491,91.64371986271843,0.0,0.0,-0.02179935480249494,93.33687722984875,-0.08432473840444044,27.774000680383388,-0.0021231422505307855,99.9529221736562,-3.8193059148359314,37.5373613734449,-14.891077918883887,30.280726428443224,-0.09792793655352883,12.488829411522833,20.03150578322736,20.03150578322736,0.10657894736842105,85.26247579493048,0.24901960784313731,83.00625926018158,0.08284313725490197,331.3592946478219,0.0,0.0
sft_len500,1016,294,513,0.28937007874015747,82,1016,12.390243902439025,0.4024390243902439,0.036585365853658534,0.14634146341463414,5,0.06097560975609756,41,0.1,0,0.0,69,0.06791338582677166,0.23622047244094488,0.024390243902439025,6.647637795275591,0.3464566929133858,0.007874015748031496,0.010826771653543307,0.84,35.98101762960377,12.08104862977832,55.52046604992145,0.7276111685625646,51,294,5.764705882352941,0.0784313725490196,0.0196078431372549,0.19607843137254902,1,0.0196078431372549,2,0.014388489208633094,0,0.0,12,0.04081632653061224,0.3333333333333333,0.0392156862745098,6.023809523809524,0.2653061224489796,0.07692307692307693,0.003401360544217687,1.0,59.410900945744174,8.134830695204913,40.50406504065041,0.670204081632653,-6.625538020086084,53.473826161271795,-0.3240076518412243,80.5107922185781,-0.016977522716403633,46.40396038325279,-0.04136776661884266,67.84202464569778,-0.08561151079136692,85.61065468482006,0.0,0.0,-0.027097059296159416,39.89885053996591,-0.08115057046440621,23.422937958746324,-0.0074254111093256196,68.577463091362,-3.946217934573406,32.664528790995604,-15.016401009271043,27.04660426535855,-0.05740708692991159,7.889792036233019,23.429883316140405,23.429883316140405,0.04973696795791488,33.98669586215345,0.09711286089238844,41.11093707481082,0.06904906117504543,876.8117218344041,0.16000000000000003,19.047596371909084,76,513,6.75,0.02631578947368421,0.0,0.3026315789473684,3,0.039473684210526314,3,0.013157894736842105,0,0.0,20,0.03898635477582846,0.3645833333333333,0.02631578947368421,5.94541910331384,0.23976608187134502,0.0625,0.003898635477582846,1.0,57.713244378552005,7.772221173434369,40.75361721988853,0.6665086206896551,-5.640243902439025,45.52164986931567,-0.37612323491655975,93.4606928042115,-0.036585365853658534,99.99726674137574,-0.021501925545571246,35.26257958843159,-0.0868421052631579,86.84123685078939,0.0,0.0,-0.0289270310509432,42.59337796962046,-0.1066906110420408,30.794701120610817,-0.006928136175960461,63.98487516767387,-4.30882745634395,35.666002445045955,-14.76684883003292,26.597126455646077,-0.061102547872909474,8.397680868040004,21.732226748948236,21.732226748948236,0.15629011553273428,106.79751583101024,0.12836286089238844,54.34004773824235,0.054625984251968504,693.6619049380729,0.16000000000000003,19.047596371909084
sft_len500,126,133,216,1.0555555555555556,18,126,7.0,0.16666666666666666,0.0,0.05555555555555555,2,0.1111111111111111,4,0.08,0,0.0,9,0.07142857142857142,0.3125,0.05555555555555555,7.436507936507937,0.3888888888888889,0.0,0.0,1.0,36.129120879120904,12.840315750915751,54.930402930402934,0.6932467532467533,23,133,5.782608695652174,0.043478260869565216,0.0,0.13043478260869565,0,0.0,0,0.0,0,0.0,7,0.05263157894736842,0.4090909090909091,0.0,6.443609022556391,0.3007518796992481,0.13636363636363635,0.0,1.0,59.129908103592314,9.579068838763575,46.48663324979114,0.6480952380952382,-1.2173913043478262,17.391301863354393,-0.12318840579710144,73.91260000266085,0.0,0.0,-0.1111111111111111,99.99910000809993,-0.08,99.99875001562481,0.0,0.0,-0.018796992481203006,26.3154210577894,-0.08813700918964079,22.663744084851416,0.0,0.0,-3.261246912152176,25.398492696214745,-8.443769680611794,15.371759674860735,-0.045151515151515165,6.513041685321412,23.00078722447141,23.00078722447141,0.0748792270531401,134.78018265236443,0.09659090909090912,30.90899200031652,0.13636363636363635,0.0,0.0,0.0,40,216,5.4,0.0,0.025,0.35,0,0.0,1,0.010638297872340425,0,0.0,9,0.041666666666666664,0.4146341463414634,0.025,6.444444444444445,0.2916666666666667,0.18292682926829268,0.0,1.0,58.23750000000001,8.961154814814815,42.84814814814815,0.6663473053892216,-1.5999999999999996,22.857139591837196,-0.16666666666666666,99.99940000359999,0.025,0.0,-0.1111111111111111,99.99910000809993,-0.06936170212765957,86.70104389652576,0.0,0.0,-0.02976190476190476,41.666083341499885,-0.09722222222222221,24.99993571445102,0.0,0.0,-3.879160936100936,30.2107884980663,-12.082254782254786,21.995568788394596,-0.026899447857531733,3.8802070012561862,22.108379120879107,22.108379120879107,0.2944444444444444,529.9904601717168,0.1021341463414634,32.68282224423711,0.18292682926829268,0.0,0.0,0.0
sft_len500,1751,113,1831,0.06453455168475157,142,1751,12.330985915492958,0.43661971830985913,0.09154929577464789,0.04929577464788732,18,0.1267605633802817,99,0.14820359281437126,1,0.005847953216374269,128,0.07310108509423187,0.2671875,0.0,7.712164477441462,0.3986293546544831,0.01875,0.006853226727584237,0.9719626168224299,23.120103092783495,13.827788636884305,60.54083619702176,0.7410458284371327,21,113,5.380952380952381,0.0,0.047619047619047616,0.23809523809523808,0,0.0,0,0.0,0,0.0,0,0.0,0.8787878787878788,0.0,6.504424778761062,0.23893805309734514,0.12121212121212122,0.0,1.0,51.32507374631268,7.548467138643069,39.39174041297935,0.6834375,-6.950033534540577,56.36234619475901,-0.43661971830985913,99.9997709682665,-0.043930248155600274,47.98482384342601,-0.1267605633802817,99.99921111733453,-0.14820359281437126,99.99932525707807,-0.005847953216374269,99.98290292360007,-0.07310108509423187,99.99863204996313,-0.15969130155713798,40.059995354732095,-0.006853226727584237,99.98541046219006,-6.279321498241236,45.410883902165736,-21.14909578404241,34.93360310696664,-0.057608328437132705,7.773912015604821,28.204970653529188,28.204970653529188,0.18879946344735077,382.9854281459406,0.6116003787878788,228.90220903514887,0.10246212121212121,546.4355032378071,0.028037383177570097,2.8846124167929945,306,1831,5.983660130718954,0.0032679738562091504,0.0032679738562091504,0.13398692810457516,7,0.02287581699346405,10,0.013550135501355014,0,0.0,54,0.02949208083014746,0.46646341463414637,0.07516339869281045,6.4210813762971055,0.2534134352812671,0.21341463414634146,0.002184598580010923,0.984375,58.85483449523993,7.931088603034878,41.36935993403369,0.6713243546576879,-6.347325784774004,51.474596707251926,-0.43335174445365,99.2513012509202,-0.08828132191843874,96.42931371379098,-0.10388474638681763,81.9528756324706,-0.13465345731301626,90.85646723625628,-0.005847953216374269,99.98290292360007,-0.04360900426408441,59.65493899096098,-0.14521591937321604,36.42871589623009,-0.004668628147573314,68.11312687957677,-5.896700033849427,42.64383671357383,-19.171476262988072,31.66701544049872,-0.06972147377944482,9.40851119037745,35.73473140245643,35.73473140245643,0.08469115345668785,171.79856909830792,0.19927591463414634,74.58251932030994,0.19466463414634147,1038.1560137930855,0.012412383177570097,1.2770419553510655
sft_len500,451,164,570,0.36363636363636365,37,451,12.18918918918919,0.5135135135135135,0.05405405405405406,0.13513513513513514,4,0.10810810810810811,30,0.17751479289940827,0,0.0,39,0.08647450110864745,0.3469387755102041,0.0,6.7073170731707314,0.35476718403547675,0.0,0.008869179600886918,1.0,41.928668646374646,11.413406780499876,51.002289037366985,0.6673631840796019,17,164,9.647058823529411,0.29411764705882354,0.0,0.11764705882352941,1,0.058823529411764705,2,0.03333333333333333,0,0.0,12,0.07317073170731707,0.48,0.0,5.774390243902439,0.2682926829268293,0.02,0.0,1.0,63.34074605451936,7.8898175035868,40.13486370157819,0.554608695652174,-2.5421303656597782,20.855613262269376,-0.21939586645468995,42.72437500423567,-0.05405405405405406,99.99815003422437,-0.04928457869634341,45.587813606841785,-0.14418145956607495,81.2217646729479,0.0,0.0,-0.013303769401330379,15.384437477402507,-0.08647450110864746,24.374931293162422,-0.008869179600886918,99.98872627111294,-3.5235892769130768,30.872368224091908,-10.867425335788795,21.307720354961987,-0.11275448842742797,16.895495910217864,21.41207740814471,21.41207740814471,-0.017488076311605733,-12.941080706591013,0.1330612244897959,38.35283063007642,0.02,0.0,0.0,0.0,76,570,7.5,0.039473684210526314,0.013157894736842105,0.15789473684210525,0,0.0,12,0.05286343612334802,0,0.0,45,0.07894736842105263,0.4256410256410256,0.039473684210526314,6.180701754385965,0.28421052631578947,0.28205128205128205,0.007017543859649123,1.0,60.72807017543862,8.356140350877192,40.54824561403508,0.6114011516314779,-4.6891891891891895,38.470063362766425,-0.47403982930298716,92.31283962347297,-0.04089615931721195,75.65649509168291,-0.10810810810810811,99.99907500855618,-0.12465135677606026,70.21986874525335,0.0,0.0,-0.00752713268759482,8.70435278326721,-0.07055665771968728,19.888101835149804,-0.001851635741237795,20.87483934432007,-3.0572664296226844,26.78662226408934,-10.454043423331903,20.49720397980702,-0.05596203244812403,8.385531286085468,18.79940152906397,18.79940152906397,0.022759601706970112,16.8419806325012,0.07870225013082155,22.684700828863825,0.28205128205128205,0.0,0.0,0.0
sft_len500,1297,170,1047,0.13107170393215112,172,1297,7.540697674418604,0.20348837209302326,0.023255813953488372,0.040697674418604654,4,0.023255813953488372,16,0.03361344537815126,0,0.0,27,0.02081727062451812,0.2561247216035635,0.06395348837209303,6.043947571318427,0.26676946800308404,0.0467706013363029,0.005397070161912105,0.984375,53.07012491888382,9.189732877537777,46.801381292296284,0.7857051282051282,31,170,5.483870967741935,0.0,0.0,0.3225806451612903,0,0.0,0,0.0,0,0.0,1,0.0058823529411764705,0.75,0.12903225806451613,5.3352941176470585,0.1,0.09090909090909091,0.0,1.0,75.5313725490196,3.3360392156862755,28.848039215686274,0.6786776859504131,-2.0568267066766692,27.276341297847345,-0.20348837209302326,99.99950857384357,-0.023255813953488372,99.99570018489204,-0.023255813953488372,99.99570018489204,-0.03361344537815126,99.9970250885036,0.0,0.0,-0.01493491768334165,71.73947323824524,-0.16676946800308404,62.5142165290785,-0.005397070161912105,99.98147486101504,-5.853693661851501,63.6981847337226,-17.95334207661001,38.360709015992484,-0.10702744225471506,13.621815894348336,22.461247630135773,22.461247630135773,0.28188297074268565,692.6097097005892,0.4938752783964365,192.82533409934774,0.044138489572788014,94.37027664590323,0.015625,1.587299974806375,158,1047,6.6265822784810124,0.05063291139240506,0.006329113924050633,0.27848101265822783,0,0.0,2,0.004454342984409799,1,0.007246376811594203,9,0.008595988538681949,0.3699731903485255,0.0379746835443038,5.33810888252149,0.17191977077363896,0.10187667560321716,0.0,1.0,71.61519036919461,5.58834800217133,35.70811431084359,0.7678557114228456,-0.9141153959375918,12.122423072528768,-0.1528554607006182,75.11717153991795,-0.01692670002943774,72.78168051432017,-0.023255813953488372,99.99570018489204,-0.02915910239374146,86.74574893535002,0.007246376811594203,0.0,-0.012221282085836171,58.70459802478938,-0.09484969722944508,35.55479657828863,-0.005397070161912105,99.98147486101504,-3.6013848753664472,39.18921835341954,-11.093266981452693,23.702861834657167,-0.01784941678228258,2.271767540245345,18.545065450310787,18.545065450310787,0.23778333823962317,584.2532751654556,0.11384846874496202,44.450228595618746,0.05510607426691426,117.8195158867532,0.015625,1.587299974806375
sft_len500,279,143,296,0.5125448028673835,21,279,13.285714285714286,0.3333333333333333,0.14285714285714285,0.09523809523809523,1,0.047619047619047616,8,0.09302325581395349,0,0.0,14,0.05017921146953405,0.43209876543209874,0.42857142857142855,6.526881720430108,0.3046594982078853,0.0,0.04659498207885305,1.0,44.081935483870964,9.649446623655916,45.56860215053763,0.770695652173913,11,143,13.0,0.18181818181818182,0.5454545454545454,0.45454545454545453,0,0.0,0,0.0,0,0.0,3,0.02097902097902098,1.1071428571428572,0.36363636363636365,5.958041958041958,0.3076923076923077,0.07142857142857142,0.0,1.0,57.55757575757576,9.58421808857809,44.4983682983683,0.6740425531914893,-0.2857142857142865,2.150537472540196,-0.1515151515151515,45.45440909131818,0.40259740259740256,-281.8162091047181,-0.047619047619047616,99.99790004409907,-0.09302325581395349,99.99892501155612,0.0,0.0,-0.029200190490513072,58.190648535312384,0.0030328094844224163,-0.9954718456322411,-0.04659498207885305,99.99785389221262,-0.065228535077825,0.6759820626199915,-1.0702338521693306,2.348621151791228,-0.09665309898242369,12.541004130456926,13.475640273704798,13.475640273704798,0.3593073593073593,377.26876595068484,0.6750440917107585,156.2241282486502,0.07142857142857142,0.0,0.0,0.0,40,296,7.4,0.05,0.075,0.4,0,0.0,1,0.00980392156862745,0,0.0,9,0.030405405405405407,0.9411764705882353,0.325,6.091216216216216,0.24662162162162163,0.0,0.0,1.0,55.80552668052668,7.289140263340263,35.96812196812197,0.6557085020242915,-5.885714285714286,44.30107193432792,-0.2833333333333333,84.999745000765,-0.06785714285714285,47.49966750232748,-0.047619047619047616,99.99790004409907,-0.08321933424532604,89.45982262063232,0.0,0.0,-0.019773806064128645,39.40558535934813,-0.058037876586263665,19.050016962376752,-0.04659498207885305,99.99785389221262,-2.3603063603156524,24.460533414672252,-9.600480182415659,21.068190637093053,-0.11498715014962146,14.91989744931107,11.723591196655718,11.723591196655718,0.3047619047619048,319.99664003527965,0.5090777051561366,117.81485339318807,0.0,0.0,0.0,0.0
sft_len500,208,172,242,0.8269230769230769,20,208,10.4,0.35,0.0,0.3,2,0.1,7,0.0875,0,0.0,18,0.08653846153846154,0.3918918918918919,0.0,7.913461538461538,0.5,0.013513513513513514,0.0,1.0,18.606138107416882,16.37080926399545,64.83347541915317,0.711194968553459,28,172,6.142857142857143,0.0,0.03571428571428571,0.25,0,0.0,0,0.0,0,0.0,10,0.05813953488372093,0.975609756097561,0.0,5.4186046511627906,0.18604651162790697,0.3170731707317073,0.0,1.0,71.00961538461539,4.889173703041145,29.871198568872984,0.6879674796747967,-4.257142857142857,40.934061998098436,-0.35,99.99971428653062,0.03571428571428571,0.0,-0.1,99.99900000999989,-0.0875,99.99885715591822,0.0,0.0,-0.028398926654740607,32.81615825876038,-0.313953488372093,62.79057209327441,0.0,0.0,-11.481635560954306,70.13480320034022,-34.96227685028019,53.92627201454771,-0.023227488878662328,3.265975892116769,52.403477277198505,52.403477277198505,-0.04999999999999999,-16.666611111296294,0.5837178642056691,148.94831630850155,0.3035596572181938,2246.175246446397,0.0,0.0,39,242,6.205128205128205,0.07692307692307693,0.05128205128205128,0.20512820512820512,1,0.02564102564102564,0,0.0,0,0.0,10,0.04132231404958678,0.5357142857142857,0.05128205128205128,6.31404958677686,0.24380165289256198,0.3333333333333333,0.0,0.0,56.88791322314049,7.613706198347108,38.141012396694215,0.6705699481865286,-4.194871794871795,40.3353018415267,-0.27307692307692305,78.02175510267773,0.05128205128205128,0.0,-0.07435897435897437,74.3582307766666,-0.0875,99.99885715591822,0.0,0.0,-0.04521614748887476,52.249166663440505,-0.25619834710743805,51.23956694235372,0.0,0.0,-8.757103065648343,53.492178605893194,-26.69246302245896,41.17080325893714,-0.04062502036693039,5.712211846414129,38.281775115723605,38.281775115723605,-0.09487179487179487,-31.62382621117759,0.1438223938223938,36.69941374238267,0.3198198198198198,2366.491546292241,-1.0,-99.99990000010001
sft_len500,210,237,324,1.1285714285714286,18,210,11.666666666666666,0.5,0.05555555555555555,0.3333333333333333,3,0.16666666666666666,10,0.136986301369863,0,0.0,26,0.12380952380952381,0.5901639344262295,0.3333333333333333,7.319047619047619,0.3619047619047619,0.0,0.0,1.0,32.285714285714306,13.121466666666668,59.23809523809524,0.7760248447204969,38,237,6.2368421052631575,0.02631578947368421,0.07894736842105263,0.39473684210526316,2,0.05263157894736842,1,0.010869565217391304,0,0.0,12,0.05063291139240506,1.0689655172413792,0.13157894736842105,5.658227848101266,0.21518987341772153,0.25862068965517243,0.0,1.0,68.37118391660462,6.410608935219658,34.8186895011169,0.6232978723404257,-5.4298245614035086,46.54134939420013,-0.4736842105263158,94.7366526319579,0.023391812865497075,-42.104505276799756,-0.11403508771929824,68.42064210772631,-0.1261167361524717,92.06454532012351,0.0,0.0,-0.07317661241711876,59.10370957617241,-0.14671488848704037,40.53952822272265,0.0,0.0,-6.71085773144701,51.14410904273343,-24.41940573697834,41.22246879580601,-0.15272697238007127,19.680655408465075,36.085469630890316,36.085469630890316,0.06140350877192985,18.420997368586853,0.47880158281514973,81.1301307287344,0.25862068965517243,0.0,0.0,0.0,53,324,6.113207547169812,0.0,0.018867924528301886,0.39622641509433965,0,0.0,0,0.0,0,0.0,22,0.06790123456790123,0.8518518518518519,0.20754716981132076,5.811728395061729,0.19753086419753085,0.0,0.0,1.0,67.08333333333333,5.983383950617283,34.21913580246914,0.6376727272727273,-5.553459119496854,47.60107408702384,-0.5,99.9998000004,-0.03668763102725367,66.03654719120716,-0.16666666666666666,99.99940000359999,-0.136986301369863,99.99927000532895,0.0,0.0,-0.05590828924162258,45.15633043248782,-0.16437389770723104,45.41897781403305,0.0,0.0,-7.138082716049386,54.40003281174658,-25.0189594356261,42.234577112450715,-0.13835211744776965,17.828287342362966,34.79761904761902,34.79761904761902,0.06289308176100633,18.86786792469813,0.26168791742562236,44.34148865181913,0.0,0.0,0.0,0.0
sft_len500,1395,110,1212,0.07885304659498207,85,1395,16.41176470588235,0.5411764705882353,0.023529411764705882,0.1411764705882353,4,0.047058823529411764,64,0.10509031198686371,0,0.0,33,0.023655913978494623,0.24087591240875914,0.011764705882352941,6.10752688172043,0.27813620071684586,0.029197080291970802,0.005017921146953405,0.961038961038961,48.52551294446236,10.294187578604658,52.22143169967856,0.7956463595839525,12,110,9.166666666666666,0.25,0.0,0.3333333333333333,1,0.08333333333333333,2,0.044444444444444446,0,0.0,0,0.0,0.35135135135135137,0.0,5.4818181818181815,0.18181818181818182,0.02702702702702703,0.0,1.0,65.00151515151516,6.49030303030303,40.07575757575758,0.7508196721311474,-7.245098039215685,44.14575597200292,-0.29117647058823526,53.80424840519316,-0.023529411764705882,99.99575018061732,0.036274509803921565,-77.08169534730719,-0.06064586754241926,57.707784207699234,0.0,0.0,-0.023655913978494623,99.99577290596352,-0.09631801889866404,34.629678680314115,-0.005017921146953405,99.98007539925972,-3.803884548301628,36.951766710467936,-12.145674123920983,23.258025481165596,-0.04482668745280505,5.633989343752126,16.4760022070528,16.4760022070528,0.19215686274509802,136.11014699756987,0.11047543894259224,45.86385545955502,-0.0021700532649437734,-7.4321778803400225,0.038961038961038974,4.054049835650848,172,1212,7.046511627906977,0.029069767441860465,0.005813953488372093,0.3430232558139535,8,0.046511627906976744,11,0.020257826887661142,1,0.005208333333333333,11,0.009075907590759076,0.4085106382978723,0.046511627906976744,5.403465346534653,0.19636963696369636,0.06595744680851064,0.0016501650165016502,0.9696969696969697,70.288884411697,6.261320308542483,36.50195717246143,0.6830954428202923,-9.365253077975375,57.064262589482695,-0.5121067031463747,94.62823768139093,-0.01771545827633379,75.28749795575548,-0.0005471956224350205,1.1627659888971547,-0.08483248509920256,80.72264347580561,0.005208333333333333,0.0,-0.014580006387735546,61.631058053428,-0.0817665637531495,29.397924313041084,-0.003367756130451755,67.10119628988505,-4.032867270062176,39.17615496615293,-15.71947452721713,30.101576526286856,-0.11255091676366014,14.145829230491447,21.763371467234634,21.763371467234634,0.2018467852257182,142.9737934705133,0.16763472588911318,69.5935215263152,0.036760366516539834,125.89994324609275,0.008658008658008698,0.9008999634779701
sft_len500,147,194,208,1.3197278911564625,13,147,11.307692307692308,0.3076923076923077,0.0,0.38461538461538464,0,0.0,3,0.05660377358490566,0,0.0,6,0.04081632653061224,0.48,0.0,6.98639455782313,0.3741496598639456,0.0,0.0,0.0,38.015306122449005,12.526397278911563,54.42687074829932,0.7540816326530613,31,194,6.258064516129032,0.0,0.06451612903225806,0.25806451612903225,2,0.06451612903225806,0,0.0,0,0.0,0,0.0,1.1818181818181819,0.0,5.371134020618556,0.14432989690721648,0.1590909090909091,0.0,1.0,74.10158194098828,5.027788695343051,35.04017063633132,0.5433103448275861,-5.049627791563276,44.656568357121564,-0.3076923076923077,99.99967500105626,0.06451612903225806,0.0,0.06451612903225806,0.0,-0.05660377358490566,99.99823336454389,0.0,0.0,-0.04081632653061224,99.99755006002353,-0.22981976295672912,61.42439065597257,0.0,0.0,-7.498608583568513,59.862447421878386,-19.386700111968004,35.61972145234267,-0.21077128782547516,27.950688518568086,36.08627581853928,36.08627581853928,-0.12655086848635239,-32.90314025828695,0.7018181818181819,146.21181660416997,0.1590909090909091,0.0,1.0,0.0,32,208,6.5,0.0,0.03125,0.46875,1,0.03125,1,0.012345679012345678,0,0.0,1,0.004807692307692308,0.6417910447761194,0.0,6.028846153846154,0.27884615384615385,0.208955223880597,0.0,1.0,65.69642857142858,8.55446098901099,42.043956043956044,0.6304402515723271,-4.807692307692308,42.51700304271402,-0.3076923076923077,99.99967500105626,0.03125,0.0,0.03125,0.0,-0.04425809457255998,78.18791909161868,0.0,0.0,-0.03600863422291993,88.21899248083805,-0.09530350601779175,25.47195989242608,0.0,0.0,-3.971936289900574,31.708526277560622,-12.382914704343278,22.75147240063491,-0.12364138108073419,16.39626424570093,27.68112244897958,27.68112244897958,0.08413461538461536,21.87494312514787,0.16179104477611939,33.70639744003021,0.208955223880597,0.0,1.0,0.0
sft_len500,249,143,403,0.5742971887550201,22,249,11.318181818181818,0.3181818181818182,0.0,0.18181818181818182,4,0.18181818181818182,10,0.11235955056179775,0,0.0,18,0.07228915662650602,0.29545454545454547,0.0,7.742971887550201,0.40160642570281124,0.06818181818181818,0.028112449799196786,1.0,23.079772079772084,13.162697499208612,54.613643558088,0.785,15,143,9.533333333333333,0.26666666666666666,0.0,0.13333333333333333,0,0.0,4,0.07142857142857142,0,0.0,9,0.06293706293706294,0.26,0.0,7.083916083916084,0.3706293706293706,0.12,0.02097902097902098,1.0,36.30554380025393,11.799228184511216,50.62251375370292,0.8159574468085106,-1.7848484848484851,15.769744255952986,-0.051515151515151514,16.19042530628237,0.0,0.0,-0.18181818181818182,99.99945000302498,-0.040930979133226325,36.4282472171712,0.0,0.0,-0.009352093689443078,12.93688397683458,-0.030977055073440618,7.71326750725062,-0.007133428820175806,25.373722795057375,-1.3634693146973955,10.358585017953365,-3.991129804385082,7.307935291042606,0.030957446808510536,-3.943618773544306,13.225771720481845,13.225771720481845,-0.04848484848484849,-26.666520000806663,-0.03545454545454546,-11.999959384752854,0.05181818181818182,75.99888534968154,0.0,0.0,54,403,7.462962962962963,0.05555555555555555,0.0,0.24074074074074073,0,0.0,3,0.018404907975460124,0,0.0,31,0.07692307692307693,0.4253731343283582,0.1111111111111111,6.523573200992556,0.2630272952853598,0.21641791044776118,0.022332506203473945,1.0,48.58227458044941,8.021607509244337,39.16772541955058,0.7435593220338984,-3.8552188552188555,34.06217161491449,-0.26262626262626265,82.53942313006701,0.0,0.0,-0.18181818181818182,99.99945000302498,-0.09395464258633762,83.61888769374,0.0,0.0,0.004633920296570906,-6.410167736269402,-0.13857913041745146,34.506117553712706,-0.005779943595722842,20.55935375063069,-5.141089989964275,39.05802438818587,-15.445918138537422,28.282159638895514,-0.041440677966101624,5.279060531910357,25.502502500677323,25.502502500677323,0.058922558922558904,32.407229167646975,0.12991858887381275,43.972296635671086,0.148236092265943,217.4097466470989,0.0,0.0
sft_len500,279,103,318,0.36917562724014336,17,279,16.41176470588235,0.5882352941176471,0.058823529411764705,0.11764705882352941,2,0.11764705882352941,16,0.17777777777777778,0,0.0,17,0.06093189964157706,0.36470588235294116,0.11764705882352941,7.448028673835125,0.4014336917562724,0.0,0.0,1.0,21.86895161290323,14.37449265232975,64.39090501792114,0.7775652173913044,14,103,7.357142857142857,0.07142857142857142,0.07142857142857142,0.21428571428571427,0,0.0,0,0.0,0,0.0,1,0.009708737864077669,0.5555555555555556,0.0,7.194174757281553,0.3592233009708738,0.5277777777777778,0.0,1.0,42.581777445855124,10.754981179985062,46.758028379387596,0.672962962962963,-9.054621848739494,55.17152761627659,-0.5168067226890757,87.8569935002539,0.01260504201680672,-21.42820714904989,-0.11764705882352941,99.99915000722494,-0.17777777777777778,99.99943750316405,0.0,0.0,-0.05122316177749939,84.06486820552962,-0.04221039078539862,10.514883654107877,0.0,0.0,-3.619511472344687,25.18009719081864,-17.632876638533546,27.384110162428836,-0.10460225442834137,13.45252045276307,20.712825832951893,20.712825832951893,0.09663865546218486,82.1421589345062,0.19084967320261442,52.32960561954017,0.5277777777777778,0.0,0.0,0.0,47,318,6.76595744680851,0.02127659574468085,0.0,0.2553191489361702,0,0.0,1,0.008130081300813009,0,0.0,7,0.0220125786163522,0.5283018867924528,0.0851063829787234,6.320754716981132,0.3490566037735849,0.16981132075471697,0.0,1.0,48.438005390835556,10.211225876010783,43.42048517520215,0.6977695167286245,-9.645807259073841,58.773732405993115,-0.5669586983729662,96.38281487261897,-0.058823529411764705,99.99830002889951,-0.11764705882352941,99.99915000722494,-0.1696476964769648,95.4262924953974,0.0,0.0,-0.03891932102522486,63.87242565864793,-0.05237708798268753,13.047474236354198,0.0,0.0,-4.163266776318967,28.962876028987665,-20.97041984271899,32.56736259757324,-0.07979570066267982,10.262238620704277,26.569053777932325,26.569053777932325,0.13767209011264078,117.02028192334832,0.16359600443951167,44.8568459646433,0.16981132075471697,0.0,0.0,0.0
sft_len500,343,65,827,0.18950437317784258,43,343,7.976744186046512,0.20930232558139536,0.16279069767441862,0.06976744186046512,2,0.046511627906976744,4,0.03225806451612903,0,0.0,4,0.011661807580174927,0.48936170212765956,0.0,6.096209912536443,0.2594752186588921,0.010638297872340425,0.0058309037900874635,0.0,48.2727068849518,9.27900457501682,47.303094864319355,0.7063945578231292,9,65,7.222222222222222,0.2222222222222222,0.1111111111111111,0.3333333333333333,1,0.1111111111111111,0,0.0,0,0.0,2,0.03076923076923077,0.5882352941176471,0.0,5.6,0.16923076923076924,0.0,0.0,1.0,61.175,6.340269230769231,38.894230769230774,0.67875,-0.7545219638242893,9.459020518094933,0.01291989664082685,-6.172810013858317,-0.05167958656330751,31.745836735891807,0.06459948320413436,-138.88590284197778,-0.03225806451612903,99.99690009609702,0.0,0.0,0.019107423189055846,-163.8321052431293,-0.09024444942812287,34.77946838232539,-0.0058309037900874635,99.98285294072066,-2.938735344247589,31.670800502156848,-8.408864095088582,17.776561853811717,-0.027644557823129245,3.913467110172715,12.902293115048195,12.902293115048195,0.2635658914728682,377.77236304057413,0.09887359198998752,20.204562292978853,-0.010638297872340425,-99.99060088351696,1.0,0.0,122,827,6.778688524590164,0.02459016393442623,0.00819672131147541,0.1885245901639344,5,0.040983606557377046,3,0.009868421052631578,0,0.0,9,0.010882708585247884,0.6666666666666666,0.00819672131147541,5.758162031438936,0.21765417170495768,0.182648401826484,0.0036275695284159614,0.9,62.670243415172706,6.533141830608275,34.76083276378739,0.6873778920308483,-1.1980556614563476,15.019354805918478,-0.18471216164696913,88.2509444768172,-0.1545939763629432,94.9642878423255,-0.005528021349599697,11.8849903743463,-0.022389643463497453,69.40574315880419,0.0,0.0,-0.0007790989949270424,6.680201054258987,-0.04182104695393443,16.11748744069392,-0.002203334261671502,37.780703197067965,-2.7458627444085453,29.592209232006716,-12.542262100531964,26.514674930594918,-0.019016665792280896,2.692070410363818,14.397536530220904,14.397536530220904,0.1187571483034693,170.21613947030693,0.17730496453900707,36.23181001905489,0.1720101039541436,1616.7430033266373,0.9,0.0
sft_len500,120,161,325,1.3416666666666666,10,120,12.0,0.5,0.2,0.0,1,0.1,4,0.08888888888888889,0,0.0,4,0.03333333333333333,0.37209302325581395,0.0,6.408333333333333,0.31666666666666665,0.046511627906976744,0.025,1.0,36.16806722689077,11.975635294117648,58.1764705882353,0.8008450704225354,20,161,8.05,0.05,0.1,0.15,1,0.05,0,0.0,0,0.0,2,0.012422360248447204,0.6086956521739131,0.0,5.608695652173913,0.19254658385093168,0.06521739130434782,0.018633540372670808,1.0,60.232574189095914,7.2740514837819195,43.10593512767426,0.6248214285714285,-3.9499999999999993,32.91666392361133,-0.45,89.99982000036,-0.1,49.99975000124999,-0.05,49.999500004999945,-0.08888888888888889,99.99887501265611,0.0,0.0,-0.02091097308488613,62.73103732353867,-0.12412008281573497,39.19569185015258,-0.0063664596273291935,25.46481991652011,-4.701583810335729,39.25957414592756,-15.07053546056104,25.90486333930343,-0.17602364185110686,21.979709753490432,24.064506962205144,24.064506962205144,0.15,0.0,0.23660262891809913,63.58678563225276,0.01870576339737108,40.21652664902487,0.0,0.0,57,325,5.701754385964913,0.017543859649122806,0.017543859649122806,0.45614035087719296,0,0.0,2,0.014388489208633094,0,0.0,3,0.009230769230769232,0.4146341463414634,0.03508771929824561,5.593846153846154,0.20615384615384616,0.13821138211382114,0.006153846153846154,1.0,69.47363636363637,6.229292307692309,36.00174825174825,0.5843478260869566,-6.298245614035087,52.485375743177755,-0.4824561403508772,96.49103508810526,-0.1824561403508772,91.22761403736841,-0.1,99.99900000999989,-0.07450039968025579,83.81200675521177,0.0,0.0,-0.024102564102564103,72.30552314199805,-0.11051282051282049,34.89867521875842,-0.018846153846153846,75.38160012061054,-5.746342986425339,47.983613106619686,-22.174722336487044,38.11630669772575,-0.21649724433557882,27.03356516706793,33.3055691367456,33.3055691367456,0.45614035087719296,0.0,0.042541123085649446,11.432896103360012,0.0916997542068444,197.15023281470994,0.0,0.0
sft_len1000,344,256,998,0.7441860465116279,22,344,15.636363636363637,0.5909090909090909,0.5,0.13636363636363635,0,0.0,12,0.10714285714285714,2,0.043478260869565216,15,0.0436046511627907,0.4842105263157895,0.18181818181818182,6.369186046511628,0.28488372093023256,0.010526315789473684,0.0,1.0,40.86831395348838,10.686334186046512,53.53720930232558,0.819728813559322,20,256,12.8,0.35,0.4,0.3,0,0.0,3,0.038461538461538464,1,0.02631578947368421,10,0.0390625,0.6129032258064516,0.2,5.9765625,0.26171875,0.04838709677419355,0.0,1.0,52.277698863636374,8.7036859375,45.23011363636364,0.7732367149758455,-2.836363636363636,18.139533723634468,-0.24090909090909096,40.76916177526469,-0.09999999999999998,19.999960000079994,0.0,0.0,-0.06868131868131867,64.1019658175498,-0.017162471395881007,39.47277633667057,-0.004542151162790699,10.416427783256173,-0.023164970930232565,8.131349008325934,0.0,0.0,-1.9826482485465124,18.553116798500945,-8.307095665961938,15.516489594903474,-0.04649209858347658,5.671636899676097,11.409384910147992,11.409384910147992,0.16363636363636364,119.9991200064533,0.12869269949066214,26.577785223297703,0.037860780984719865,359.64325324578044,0.0,0.0,117,998,8.52991452991453,0.15384615384615385,0.02564102564102564,0.358974358974359,1,0.008547008547008548,5,0.013020833333333334,1,0.00546448087431694,43,0.04308617234468938,0.5545454545454546,0.09401709401709402,5.970941883767535,0.23146292585170342,0.00909090909090909,0.012024048096192385,1.0,53.667081531484015,8.044225490981963,42.869992616812574,0.696290832455216,-7.106449106449107,45.44821812304429,-0.4370629370629371,73.96437187094465,-0.47435897435897434,94.8716051285846,0.008547008547008548,0.0,-0.09412202380952381,87.84640232246723,-0.03801377999524828,87.42968310635959,-0.0005184788181013186,1.1890174880446314,-0.05342079507852915,18.751723470495193,0.012024048096192385,0.0,-2.6421086950645485,24.724179515859042,-10.667216685513004,19.924864641386883,-0.12343798110410609,15.058373998638656,12.798767577995633,12.798767577995633,0.22261072261072262,163.24666610564515,0.07033492822966508,14.525661700955581,-0.0014354066985645935,-13.635068304874675,0.0,0.0
sft_len1000,504,334,493,0.6626984126984127,23,504,21.91304347826087,0.6956521739130435,0.21739130434782608,0.21739130434782608,2,0.08695652173913043,18,0.10778443113772455,1,0.017543859649122806,18,0.03571428571428571,0.375,0.21739130434782608,6.698412698412699,0.3134920634920635,0.039473684210526314,0.031746031746031744,0.9642857142857143,32.472527472527446,11.783766422466423,57.28144078144078,0.7826813186813187,37,334,9.027027027027026,0.13513513513513514,0.13513513513513514,0.13513513513513514,3,0.08108108108108109,0,0.0,1,0.014925373134328358,5,0.014970059880239521,0.7701149425287356,0.08108108108108109,5.8982035928143715,0.2155688622754491,0.16091954022988506,0.020958083832335328,1.0,61.16372968349016,7.712751343028231,43.973994867408045,0.6432280701754387,-12.886016451233845,58.80523112166175,-0.5605170387779084,80.57420849889961,-0.08225616921269094,37.83766378458442,-0.005875440658049347,6.756679054947617,-0.10778443113772455,99.99907223082985,-0.002618486514794448,14.92452243654947,-0.02074422583404619,58.082206033560404,-0.09792320121661438,31.236162014504494,-0.010787947913696416,33.98096552772959,-4.071015079438192,34.54765299997835,-13.307445914032733,23.231688135238862,-0.13945324850588003,17.8173500508909,28.691202210962715,28.691202210962715,-0.08225616921269094,-37.83766378458442,0.3951149425287356,105.36370370445296,0.12144585601935874,307.65504132132867,0.0357142857142857,3.70369986282977,76,493,6.4868421052631575,0.013157894736842105,0.02631578947368421,0.4342105263157895,2,0.02631578947368421,0,0.0,0,0.0,14,0.028397565922920892,0.6339869281045751,0.06578947368421052,5.959432048681542,0.25963488843813387,0.006535947712418301,0.02636916835699797,1.0,57.02509417560127,8.050740156476383,38.888698927847,0.6763063063063063,-15.426201372997713,70.3973443229282,-0.6824942791762013,98.10841160073727,-0.19107551487414187,87.89433252817564,-0.06064073226544622,69.73604014080153,-0.10778443113772455,99.99907223082985,-0.017543859649122806,99.99430032488148,-0.00731671979136482,20.486241801051065,-0.05385717505392962,17.179702304734757,-0.005376863389033773,16.936586172991934,-3.7330262659900395,31.679395325410216,-18.392741853593776,32.109425464135285,-0.10637501237501246,13.591084126473628,24.552566703073822,24.552566703073822,0.2168192219679634,99.73638331789991,0.25898692810457513,69.06299665989562,-0.032937736498108015,-83.44015197802354,0.0357142857142857,3.70369986282977
sft_len1000,492,570,776,1.1585365853658536,39,492,12.615384615384615,0.5128205128205128,0.05128205128205128,0.10256410256410256,7,0.1794871794871795,17,0.09444444444444444,0,0.0,17,0.034552845528455285,0.4171779141104294,0.0,6.719512195121951,0.32723577235772355,0.03067484662576687,0.0,0.8,36.23465608465608,12.115621469723692,57.50711346266902,0.825823927765237,70,570,8.142857142857142,0.07142857142857142,0.07142857142857142,0.11428571428571428,3,0.04285714285714286,9,0.04433497536945813,0,0.0,12,0.021052631578947368,0.4853801169590643,0.0,5.782456140350877,0.20701754385964913,0.2046783625730994,0.0,1.0,61.67915027756857,6.9075156693726125,39.43596395793232,0.6928214971209212,-4.472527472527473,35.45295886217835,-0.4413919413919414,86.07126073247015,0.020146520146520144,-39.28494822922381,-0.13663003663003664,76.12202487116755,-0.05010946907498631,53.05652312797592,0.0,0.0,-0.013500213949507917,39.07007669635617,-0.12021822849807443,36.737383647903776,0.0,0.0,-5.208105800351079,42.98669600646491,-18.071149504736695,31.424197985916436,-0.13300243064431583,16.10540275215879,25.444494192912487,25.444494192912487,0.011721611721611722,11.42846000108642,0.06820220284863487,16.348430024097862,0.17400351594733254,567.2329701934758,0.19999999999999996,24.999968750039052,121,776,6.413223140495868,0.008264462809917356,0.0,0.2066115702479339,2,0.01652892561983471,5,0.017241379310344827,1,0.006172839506172839,6,0.007731958762886598,0.675,0.024793388429752067,5.841494845360825,0.21778350515463918,0.19583333333333333,0.0,1.0,62.16249270569929,7.032045652596771,38.37745574790897,0.6950756533700139,-6.202161474888747,49.16347120872101,-0.5045560500105954,98.38823789500222,-0.05128205128205128,99.99805003802426,-0.16295825386734478,90.79052132175902,-0.07720306513409961,81.7435563866849,0.006172839506172839,0.0,-0.026820886765568687,77.62055526781103,-0.10945226720308437,33.447422920867545,0.0,0.0,-5.0835758171269205,41.95884965737841,-19.12965771476005,33.26485408545085,-0.13074827439522319,15.832444625889508,25.927836621043213,25.927836621043213,0.10404746768383133,101.44529190013951,0.2578220858895706,61.80132244683004,0.16515848670756647,538.3991148555224,0.19999999999999996,24.999968750039052
sft_len1000,900,422,1422,0.4688888888888889,90,900,10.0,0.32222222222222224,0.05555555555555555,0.1,4,0.044444444444444446,44,0.12941176470588237,0,0.0,57,0.06333333333333334,0.2961783439490446,0.022222222222222223,6.383333333333334,0.31333333333333335,0.006369426751592357,0.008888888888888889,0.9807692307692307,42.31173402868319,11.305119426336375,54.63233376792699,0.6995769682726204,78,422,5.410256410256411,0.02564102564102564,0.0,0.05128205128205128,0,0.0,1,0.005434782608695652,0,0.0,19,0.045023696682464455,0.15476190476190477,0.02564102564102564,6.741706161137441,0.35308056872037913,0.19047619047619047,0.0,1.0,45.01968329374503,11.03454695803642,49.556326207442595,0.5971045576407508,-4.589743589743589,45.89743130769276,-0.2965811965811966,92.04215467023617,-0.05555555555555555,99.99820003239942,-0.044444444444444446,99.99775005062386,-0.12397698209718672,95.79965498685573,0.0,0.0,-0.018309636650868884,28.909496140906537,0.039747235387045776,-12.685247404650552,-0.008888888888888889,99.98875126548265,-0.27057246829995485,2.3933621058085333,-5.076007560484392,9.291214776096966,-0.10247241063186963,14.647746967345443,2.707949265061842,2.707949265061842,-0.048717948717948725,-48.71746154333329,-0.1414164391871398,-47.74689460162673,0.1841067637245981,2890.022456950449,0.019230769230769273,1.960782314496468,192,1422,7.40625,0.041666666666666664,0.015625,0.21875,0,0.0,6,0.010452961672473868,2,0.008928571428571428,88,0.06188466947960619,0.43410852713178294,0.03125,5.755977496483825,0.22292545710267228,0.08139534883720931,0.0,1.0,62.94881024367125,7.243594064292601,39.26412018500057,0.631755280407866,-2.59375,25.93749740625026,-0.28055555555555556,87.06869530404906,-0.03993055555555555,71.87370627328707,-0.044444444444444446,99.99775005062386,-0.1189588030334085,91.9220011285342,0.008928571428571428,0.0,-0.0014486638537271473,2.287327863866066,-0.09040787623066107,28.85348543483193,-0.008888888888888889,99.98875126548265,-4.061525362043774,35.92642279671835,-15.368213582926415,28.13025225483981,-0.0678216878647544,9.694657485028857,20.637076214988056,20.637076214988056,0.11875,118.74881251187486,0.13793018318273836,46.56981859155857,0.07502592208561695,1177.7220743785088,0.019230769230769273,1.960782314496468
sft_len1000,862,404,715,0.46867749419953597,73,862,11.808219178082192,0.3561643835616438,0.1506849315068493,0.1232876712328767,3,0.0410958904109589,14,0.0472972972972973,1,0.01,36,0.04176334106728538,0.4329004329004329,0.0821917808219178,6.417633410672853,0.2737819025522042,0.07792207792207792,0.00580046403712297,0.9259259259259259,40.77677782685511,9.5767816401649,47.423457744405184,0.8032964329643297,36,404,11.222222222222221,0.3333333333333333,0.19444444444444445,0.16666666666666666,0,0.0,5,0.03937007874015748,0,0.0,15,0.03712871287128713,0.6263736263736264,0.1111111111111111,5.75,0.23514851485148514,0.054945054945054944,0.0,0.6666666666666666,55.96735074626865,7.961246019900498,42.164490049751244,0.8127323943661972,-0.5859969558599705,4.962618811492589,-0.0228310502283105,6.41023841227933,0.04375951293759514,-29.040211319001656,-0.0410958904109589,99.99756672587633,-0.00792721855713982,16.760050594025916,-0.01,99.99000099990002,-0.004634628195998254,11.097094022222288,-0.03863338770071906,14.11095701761455,-0.00580046403712297,99.98276297166369,-1.6155356202644011,16.869294009961823,-5.25896769465394,11.08938030648043,0.009435961401867421,-1.1746534987727792,15.19057291941354,15.19057291941354,0.04337899543378995,35.1848997965535,0.19347319347319347,44.69220445331541,-0.022977022977022976,-29.486801073232378,-0.2592592592592593,-27.999969760032663,114,715,6.271929824561403,0.008771929824561403,0.03508771929824561,0.2982456140350877,0,0.0,0,0.0,2,0.013793103448275862,15,0.02097902097902098,0.7474226804123711,0.06140350877192982,5.520279720279721,0.16923076923076924,0.07731958762886598,0.0013986013986013986,0.8181818181818182,64.11363636363635,4.792354125874126,28.82832167832168,0.7187687687687688,-5.536289353520789,46.88504507899474,-0.3473924537370824,97.536838157366,-0.1155972122086037,76.71400445458926,-0.0410958904109589,99.99756672587633,-0.0472972972972973,99.9978857589868,0.0037931034482758617,-37.92724175858276,-0.0207843200882644,49.76570815466561,-0.10455113332143495,38.187604977085606,-0.004401862638521571,75.87503103276184,-4.7844275142907735,49.95861025627697,-18.595136066083505,39.21083902020808,-0.0845276641955609,10.522586121511274,23.336858536781236,23.336858536781236,0.174957942802211,141.90918034288615,0.31452224751193825,72.65447134342894,-0.000602490293211938,-0.7731859537355809,-0.1077441077441077,-11.636351069104476
sft_len1000,834,500,962,0.5995203836930456,101,834,8.257425742574258,0.15841584158415842,0.0297029702970297,0.1782178217821782,9,0.0891089108910891,9,0.02821316614420063,0,0.0,18,0.02158273381294964,0.46564885496183206,0.0594059405940594,5.95083932853717,0.2302158273381295,0.06870229007633588,0.009592326139088728,1.0,58.33629266799326,7.218791050563805,38.128935149752536,0.6842292993630572,74,500,6.756756756756757,0.02702702702702703,0.013513513513513514,0.3108108108108108,3,0.04054054054054054,2,0.009900990099009901,0,0.0,6,0.012,0.6180555555555556,0.08108108108108109,5.606,0.19,0.09722222222222222,0.0,1.0,64.31669230769232,5.720873846153846,33.09230769230769,0.6447450110864744,-1.5006689858175006,18.173567051830318,-0.1313888145571314,82.93866563886235,-0.016189456783516187,54.50266958129526,-0.04856837035054856,54.50389284970696,-0.018312176045190726,64.9041901561027,0.0,0.0,-0.009582733812949641,44.39794289531251,-0.040215827338129506,17.468674120446792,-0.009592326139088728,99.98957608669296,-1.4979172044099593,20.75024732556146,-5.036627457444844,13.209462329773219,-0.03948428827658279,5.770613828902095,5.980399639699058,5.980399639699058,0.1325929890286326,74.39898193844519,0.15240670059372352,32.7298932813403,0.028519932145886343,41.511741452553416,0.0,0.0,127,962,7.574803149606299,0.047244094488188976,0.007874015748031496,0.2204724409448819,11,0.08661417322834646,2,0.00546448087431694,1,0.006578947368421052,17,0.017671517671517672,0.5100671140939598,0.03937007874015748,5.824324324324325,0.22765072765072766,0.06375838926174497,0.006237006237006237,1.0,60.63873873873874,6.956665252945253,36.602945252945254,0.6609419496166483,-0.6826225929679586,8.266771407712794,-0.11117174709596944,70.17672236377078,-0.021828954548998206,73.48833954086274,-0.0024947376627426493,2.7996186258021725,-0.02274868526988369,80.62859328755899,0.006578947368421052,0.0,-0.003911216141431969,18.121128509680506,-0.002565099687401845,1.1142103368640255,-0.003355319902082491,34.97556377668625,-0.2621257976185518,3.6311587282539763,-1.5259898968072818,4.002183252147164,-0.023287349746408892,3.403437375995603,2.302446070745475,2.302446070745475,0.04225461916270368,23.709403271865373,0.04441825913212771,9.53898270531375,-0.00494390081459091,-7.196017554760139,0.0,0.0
sft_len1000,217,449,269,2.0691244239631335,16,217,13.5625,0.5,0.25,0.25,4,0.25,7,0.10294117647058823,1,0.02857142857142857,9,0.041474654377880185,0.6481481481481481,0.0625,6.7050691244239635,0.35944700460829493,0.037037037037037035,0.0,1.0,33.981581798483205,12.881409100758397,58.63813651137595,0.7335714285714285,70,449,6.414285714285715,0.08571428571428572,0.08571428571428572,0.3142857142857143,0,0.0,1,0.006134969325153374,1,0.012658227848101266,6,0.013363028953229399,0.7669902912621359,0.18571428571428572,5.334075723830735,0.1514476614699332,0.2912621359223301,0.0022271714922048997,1.0,69.81111617312074,4.378642423690206,30.1923006833713,0.6338999999999999,-7.148214285714285,52.705723566134935,-0.41428571428571426,82.85697714318856,-0.16428571428571428,65.71402285819428,-0.25,99.99960000160002,-0.09680620714543485,94.03940198708884,-0.015913200723327303,55.69425323278241,-0.028111625424650788,67.77861819497485,-0.20799934313836174,57.866322937312475,0.0022271714922048997,0.0,-8.502766677068191,66.00804267979628,-28.445835828004647,48.51081060084162,-0.09967142857142863,13.587128508296104,35.82953437463753,35.82953437463753,0.06428571428571428,25.714182857554285,0.11884214311398777,18.33561664834957,0.25422509888529304,686.3892344809602,0.0,0.0,44,269,6.113636363636363,0.0,0.022727272727272728,0.25,1,0.022727272727272728,1,0.009523809523809525,0,0.0,8,0.02973977695167286,0.5227272727272727,0.045454545454545456,6.096654275092937,0.22676579925650558,0.022727272727272728,0.0,1.0,64.43130081300812,7.18918428184282,39.91869918699187,0.7021818181818181,-7.448863636363637,54.92249280839601,-0.5,99.9998000004,-0.22727272727272727,90.90872727418183,-0.22727272727272727,90.90872727418183,-0.09341736694677871,90.74741777338382,-0.02857142857142857,99.99650012249572,-0.011734877426207324,28.29341116427514,-0.13268120535178934,36.91248905286801,0.0,0.0,-5.692224818915577,44.18945421651039,-18.719437324384074,31.923656034867165,-0.03138961038961041,4.279006293998681,30.449719014524916,30.449719014524916,0.0,0.0,-0.12542087542087543,-19.350619495407845,-0.014309764309764307,-38.6353204827106,0.0,0.0
sft_len1000,231,535,302,2.316017316017316,14,231,16.5,0.6428571428571429,0.35714285714285715,0.14285714285714285,3,0.21428571428571427,10,0.13333333333333333,0,0.0,4,0.017316017316017316,0.6949152542372882,0.0,6.956709956709957,0.3852813852813853,0.01694915254237288,0.004329004329004329,1.0,25.96976822304333,14.124833792408467,62.59355055424925,0.7816483516483516,66,535,8.106060606060606,0.12121212121212122,0.09090909090909091,0.3939393939393939,3,0.045454545454545456,6,0.03333333333333333,1,0.00847457627118644,15,0.028037383177570093,1.2421052631578948,0.10606060606060606,6.142056074766355,0.21121495327102804,0.14736842105263157,0.003738317757009346,1.0,57.807565109549415,7.31013946640379,40.92883263904347,0.7253497942386831,-8.393939393939394,50.872356880095914,-0.5216450216450217,81.14465491976239,-0.26623376623376627,74.54524581876628,-0.16883116883116883,78.78751111282693,-0.1,74.99943750421872,0.00847457627118644,0.0,0.010721365861552777,-61.91231241442535,-0.17406643201035724,45.17892295627022,-0.000590686571994983,13.641708578402497,-6.814694326004677,48.246187839784874,-21.664717915205777,34.6117409497513,-0.05629855740966849,7.202533628531184,31.837796886506084,31.837796886506084,0.2510822510822511,175.75634546315752,0.5471900089206067,78.74186358199091,0.13041926851025867,769.4282879415375,0.0,0.0,41,302,7.365853658536586,0.024390243902439025,0.07317073170731707,0.4146341463414634,3,0.07317073170731707,2,0.017094017094017096,0,0.0,7,0.023178807947019868,0.5795454545454546,0.024390243902439025,6.056291390728477,0.23841059602649006,0.022727272727272728,0.0,1.0,57.57084349947718,7.640852980132452,40.397699546880446,0.6550197628458498,-9.134146341463413,55.35845932047769,-0.6184668989547039,96.20581240613463,-0.28397212543554007,79.51197248842826,-0.14111498257839722,65.85335122094634,-0.11623931623931624,87.17883333823715,0.0,0.0,0.005862790631002552,-33.855660729632596,-0.14687078925489522,38.12029692134259,-0.004329004329004329,99.97690533486764,-6.483980812276014,45.90482584448276,-22.195851007368802,35.460283777206456,-0.12662858880250172,16.200178319788254,31.601075276433846,31.601075276433846,0.27177700348432055,190.2425707410292,-0.11536979969183359,-16.60197167476803,0.005778120184899847,34.08889784593618,0.0,0.0
sft_len1000,270,143,361,0.5296296296296297,20,270,13.5,0.5,0.15,0.15,2,0.1,5,0.053763440860215055,0,0.0,13,0.04814814814814815,0.42168674698795183,0.0,6.381481481481481,0.2962962962962963,0.060240963855421686,0.10740740740740741,1.0,39.0145970394737,11.1856515625,52.926809210526315,0.7921266968325792,18,143,7.944444444444445,0.05555555555555555,0.0,0.2222222222222222,0,0.0,0,0.0,0,0.0,1,0.006993006993006993,0.7317073170731707,0.1111111111111111,5.3426573426573425,0.11188811188811189,0.12195121951219512,0.02097902097902098,1.0,72.99732620320856,3.974523981900452,31.488687782805428,0.6295744680851062,-5.555555555555555,41.15226032617002,-0.4444444444444444,88.88871111146666,-0.15,99.99933333777776,-0.1,99.99900000999989,-0.053763440860215055,99.99814003459535,0.0,0.0,-0.041155141155141156,85.47428716394437,-0.1844081844081844,62.23755218602361,-0.08642838642838643,80.46705887794954,-7.211127580599548,64.46765211334132,-21.438121427720887,40.5052209691964,-0.162552228747473,20.52096264244493,33.98272916373486,33.98272916373486,0.07222222222222222,48.147827162633725,0.3100205700852189,73.51898941803414,0.06171025565677343,102.43732393066665,0.0,0.0,52,361,6.9423076923076925,0.019230769230769232,0.057692307692307696,0.46153846153846156,0,0.0,1,0.007042253521126761,0,0.0,12,0.0332409972299169,0.8446601941747572,0.019230769230769232,6.1551246537396125,0.22714681440443213,0.06796116504854369,0.0,1.0,55.942049861495846,7.652322504155126,41.015013850415514,0.7206410256410256,-6.5576923076923075,48.57549497731377,-0.4807692307692308,96.15365384653846,-0.0923076923076923,61.5380512847863,-0.1,99.99900000999989,-0.046721187339088296,86.8997921145709,0.0,0.0,-0.014907150918231249,30.96036273033127,-0.06914948189186415,23.33787137318827,-0.10740740740740741,99.9990689741854,-3.533329058344874,31.588045834629185,-11.911795360110801,22.50616523597285,-0.07148567119155358,9.02451353202241,16.927452822022147,16.927452822022147,0.31153846153846154,207.6909230861538,0.4229734471868054,100.30489389555119,0.0077202011931220005,12.815321246249834,0.0,0.0
sft_len1000,1826,187,1205,0.10240963855421686,121,1826,15.090909090909092,0.5206611570247934,0.24793388429752067,0.1322314049586777,16,0.1322314049586777,71,0.11525974025974026,4,0.015267175572519083,113,0.061883899233296825,0.4720720720720721,0.11570247933884298,6.872946330777656,0.36801752464403065,0.0036036036036036037,0.007667031763417305,1.0,26.078695706664774,13.446406304593037,60.697859053929605,0.7668317388857626,12,187,15.583333333333334,0.4166666666666667,0.0,0.08333333333333333,1,0.08333333333333333,8,0.11428571428571428,0,0.0,9,0.0481283422459893,0.4153846153846154,0.08333333333333333,6.8449197860962565,0.33689839572192515,0.06153846153846154,0.0053475935828877,1.0,36.102015631427406,12.251284162895928,57.16536404771699,0.8081159420289855,0.4924242424242422,-3.263051992609003,-0.10399449035812675,19.97350661173069,-0.24793388429752067,99.99959666829344,-0.04889807162534436,36.97888701383363,-0.0009740259740259744,0.8450630907202272,-0.015267175572519083,99.99345042899691,-0.013755556987307523,22.22764706370633,-0.0311191289221055,8.455859376156614,-0.002319438180529605,30.24815561661071,-1.1951221416971087,8.888040609099189,-3.5324950062126135,5.819801559847444,0.0412842031432229,-5.383729860466107,10.023319924762632,10.023319924762632,-0.04889807162534436,-36.97888701383363,-0.05668745668745667,-12.008195349639033,0.05793485793485794,1607.2462968449333,0.0,0.0,174,1205,6.925287356321839,0.040229885057471264,0.005747126436781609,0.3390804597701149,13,0.07471264367816093,2,0.00425531914893617,0,0.0,55,0.04564315352697095,0.5877862595419847,0.040229885057471264,5.83402489626556,0.24481327800829875,0.010178117048346057,0.019087136929460582,1.0,59.11159199537791,7.763923893061611,39.90873995482956,0.6846712802768167,-8.165621734587253,54.109538029163005,-0.48043127196732216,92.27313056755236,-0.24218675786073907,97.68159835471806,-0.057518761280516764,43.49823426299419,-0.11100442111080408,96.30722556583919,-0.015267175572519083,99.99345042899691,-0.016240745706325874,26.24347119820085,-0.1232042466357319,33.47772962105709,0.011420105166043276,-148.93137533058206,-5.682482411531426,42.26022819932279,-20.78911909910005,34.25016809592475,-0.08216045860894594,10.714260678062368,33.03289628871313,33.03289628871313,0.20684905481143723,156.42841471126314,0.11571418746991263,24.511922902530305,0.0065745134447424535,182.39213427434194,0.0,0.0
sft_len1000,474,191,255,0.4029535864978903,118,474,4.016949152542373,0.06779661016949153,0.00847457627118644,0.03389830508474576,7,0.059322033898305086,12,0.04597701149425287,0,0.0,24,0.05063291139240506,0.12062256809338522,0.00847457627118644,7.2594936708860756,0.3438818565400844,0.0311284046692607,0.008438818565400843,0.9411764705882353,32.22927712740827,13.4092869861935,61.76959420442018,0.7984941176470589,53,191,3.6037735849056602,0.0,0.0,0.07547169811320754,0,0.0,2,0.01834862385321101,0,0.0,9,0.04712041884816754,0.20192307692307693,0.0,6.81151832460733,0.2774869109947644,0.125,0.010471204188481676,0.9545454545454546,46.370762711864415,10.920303389830508,54.83262711864407,0.7461971830985915,-0.4131755676367126,10.285802709680356,-0.06779661016949153,99.99852502175592,-0.00847457627118644,99.98820139223572,-0.059322033898305086,99.99831431413013,-0.027628387641041863,60.090436152279736,0.0,0.0,-0.003512492544237522,6.937035768412681,-0.06639494554532,19.30743108666155,0.002032385623080833,-24.080916044956545,-2.488983596362992,18.56163876057927,-6.936967085776111,11.230391040800779,-0.0522969345484674,6.549436983731571,14.141485584456149,14.141485584456149,0.04157339302846178,122.63789161615956,0.08130050882969171,67.40018564759244,0.0938715953307393,301.5528126158947,0.013368983957219305,1.4204530362232002,33,255,7.7272727272727275,0.06060606060606061,0.0,0.24242424242424243,1,0.030303030303030304,1,0.01,0,0.0,21,0.08235294117647059,0.4782608695652174,0.030303030303030304,6.078431372549019,0.2823529411764706,0.06521739130434782,0.0,0.8666666666666667,53.856546489563584,9.180943074003796,44.69639468690702,0.7220388349514564,3.7103235747303547,-92.36668203069559,-0.0071905495634309174,10.60590416897411,-0.00847457627118644,99.98820139223572,-0.029019003595274782,48.91692431816755,-0.03597701149425287,78.24829809951633,0.0,0.0,0.031720029784065525,-62.64582156855343,-0.06152891536361382,17.892405565859246,-0.008438818565400843,99.98815140405863,-4.228343912189704,31.532948778065627,-17.07319951751316,27.640135022758606,-0.07645528269560253,9.574921750416559,21.627269362155317,21.627269362155317,0.20852593733949668,615.1333687171381,0.3576383014718322,296.49123063160687,0.03408898663508712,109.50735164154591,-0.07450980392156858,-7.916658255217265
sft_len1000,4208,409,4665,0.0971958174904943,343,4208,12.268221574344023,0.37026239067055394,0.08746355685131195,0.17784256559766765,19,0.05539358600583091,143,0.09255663430420712,6,0.011194029850746268,142,0.03374524714828897,0.37273991655076494,0.08163265306122448,6.2994296577946765,0.2958650190114068,0.0034770514603616135,0.027328897338403043,0.9619047619047619,45.28486286855596,10.296340718052392,50.96824420601381,0.7746092810771821,47,409,8.702127659574469,0.23404255319148937,0.0851063829787234,0.3191489361702128,1,0.02127659574468085,6,0.041666666666666664,0,0.0,21,0.05134474327628362,0.6818181818181818,0.44680851063829785,6.251833740831296,0.25183374083129584,0.24545454545454545,0.004889975550122249,1.0,53.631403877864344,7.794415090691988,39.09597998521635,0.7156111111111111,-3.5660939147695547,29.067730823755717,-0.13621983747906458,36.789982728880624,-0.002357173872588547,2.695004648106429,-0.03411699026115006,61.58903373257246,-0.05088996763754045,54.981923447050875,-0.011194029850746268,99.99106746463983,0.01759949612799465,-52.15245431783365,-0.04403127818011099,14.882168059459849,-0.022438921788280795,82.10393734904515,-2.5019256273604036,24.299170480849742,-11.872264220797454,23.29345295842485,-0.05899816996607099,7.616497147962901,8.346541009308382,8.346541009308382,0.14130637057254514,79.45543044960088,0.30907826526741683,82.92040169014349,0.24197749399418383,6957.271815898474,0.03809523809523807,3.9603919223648303,673,4665,6.931649331352155,0.04457652303120357,0.02526002971768202,0.3640416047548291,5,0.007429420505200594,17,0.009376723662437948,0,0.0,152,0.032583065380493034,0.6736613603473227,0.10549777117384844,5.607931404072883,0.22186495176848875,0.005065123010130246,0.017792068595927118,0.9743589743589743,63.662553024470526,6.645704949956977,35.23187355645125,0.6759228769497401,-5.336572242991869,43.499147579470886,-0.32568586763935037,87.96059125627494,-0.06220352713362993,71.11855290066205,-0.04796416550063031,86.5863777654761,-0.08317991064176916,89.86823320093035,-0.011194029850746268,99.99106746463983,-0.0011621817677959362,3.443884479032692,-0.07400006724291808,25.011343813723023,-0.009536828742475925,34.89522344116199,-3.6506357680954142,35.45565860246091,-15.73637064956256,30.8748527361617,-0.098686404127442,12.740136109503677,18.377690155914564,18.377690155914564,0.18619903915716146,104.69821527217704,0.3009214437965578,80.73206627842109,0.0015880715497686325,45.659806011137064,0.01245421245421241,1.2947435130808063
sft_len1000,1376,436,2142,0.3168604651162791,138,1376,9.971014492753623,0.37681159420289856,0.07971014492753623,0.16666666666666666,12,0.08695652173913043,33,0.06653225806451613,0,0.0,43,0.03125,0.4953271028037383,0.07971014492753623,6.332848837209302,0.29941860465116277,0.011682242990654205,0.003633720930232558,1.0,45.493484504008606,9.95436939092976,47.287902357305256,0.7684702336096458,54,436,8.074074074074074,0.2037037037037037,0.09259259259259259,0.18518518518518517,3,0.05555555555555555,7,0.04430379746835443,0,0.0,13,0.02981651376146789,0.5853658536585366,0.09259259259259259,5.844036697247707,0.24311926605504589,0.0975609756097561,0.0022935779816513763,1.0,59.35003840245777,7.612319662058372,39.45641321044547,0.753953488372093,-1.8969404186795487,19.02454589563259,-0.17310789049919487,45.940049022348546,0.012882447665056362,-16.16141340933885,-0.03140096618357488,36.110695838108974,-0.022228460596161695,33.409547710119874,0.0,0.0,-0.0014334862385321084,4.587009179009018,-0.05629933859611688,18.802823102284215,-0.0013401429485811818,36.870587159367865,-2.3420497288713875,23.527853966589596,-7.831489146859788,16.56129494193348,-0.014516745237552864,1.889042114089962,13.856553898449164,13.856553898449164,0.018518518518518517,11.111044444844442,0.09003875085479823,18.177597908365374,0.0858787326191019,735.0590301665301,0.0,0.0,325,2142,6.590769230769231,0.046153846153846156,0.021538461538461538,0.32,9,0.027692307692307693,11,0.012971698113207548,0,0.0,58,0.02707749766573296,0.6211180124223602,0.07076923076923076,5.548085901027077,0.21101774042950514,0.09627329192546584,0.0014005602240896359,1.0,65.11987856088979,6.354586267166043,34.626376120758145,0.6720496894409937,-3.380245261984392,33.90071216358018,-0.3306577480490524,87.75124641163305,-0.05817168338907469,72.97810543551643,-0.059264214046822736,68.15306239362862,-0.05356055995130858,80.50193468561521,0.0,0.0,-0.004172502334267039,13.351580219087515,-0.08840086422165763,29.52407352372554,-0.0022331607061429224,61.43967443464881,-3.599783123763716,36.1628408667993,-12.661526236547111,26.775402032264346,-0.09642054416865209,12.547059662304816,19.626394056881182,19.626394056881182,0.15333333333333335,91.99944800331198,0.12579090961862188,25.395471992523603,0.08459104893481163,724.0374012804381,0.0,0.0
sft_len1000,481,99,673,0.20582120582120583,26,481,18.5,0.7692307692307693,0.07692307692307693,0.07692307692307693,5,0.19230769230769232,14,0.08,0,0.0,28,0.058212058212058215,0.3067484662576687,0.15384615384615385,7.01039501039501,0.34511434511434513,0.0736196319018405,0.02494802494802495,1.0,23.866093366093338,13.525589604989605,63.65157815157815,0.7778703703703704,9,99,11.0,0.2222222222222222,0.0,0.3333333333333333,0,0.0,0,0.0,0,0.0,2,0.020202020202020204,0.2857142857142857,0.2222222222222222,6.848484848484849,0.32323232323232326,0.22857142857142856,0.0,1.0,39.59090909090909,11.33278585858586,54.43434343434343,0.7831999999999999,-7.5,40.54053834916009,-0.5470085470085471,71.11101866678683,-0.07692307692307693,99.99870001689978,-0.19230769230769232,99.99948000270399,-0.08,99.99875001562481,0.0,0.0,-0.03801003801003801,65.29469362625693,-0.021882021882021874,6.340495197271459,-0.02494802494802495,99.99599182732759,-2.1928037464037455,16.21225875042246,-9.217234717234717,14.480763619838942,0.005329629629629462,-0.6851556481750765,15.724815724815755,15.724815724815755,0.2564102564102564,333.3290000563326,-0.02103418054338302,-6.857120502930025,0.15495179666958808,210.4733315467703,0.0,0.0,101,673,6.663366336633663,0.0,0.0,0.25742574257425743,2,0.019801980198019802,3,0.011494252873563218,0,0.0,27,0.04011887072808321,0.49099099099099097,0.0,6.344725111441307,0.2689450222882615,0.25675675675675674,0.017830609212481426,1.0,51.856782834101395,8.94364591013825,44.725806451612904,0.6995192307692307,-11.836633663366337,63.9818001272883,-0.7692307692307693,99.999870000169,-0.07692307692307693,99.99870001689978,-0.17250571210967253,89.70250384400971,-0.06850574712643678,85.63111351912698,0.0,0.0,-0.018093187483975003,31.08097742960907,-0.07616932282608363,22.070685614065315,-0.007117415735543524,28.527831249401043,-4.581943694851356,33.87610810252583,-18.925771699965246,29.733389103977963,-0.07835113960113971,10.072505890509136,27.990689468008057,27.990689468008057,0.1805026656511805,234.65041489114105,0.18424252473332225,60.062867258115794,0.18313712485491623,248.7578823000266,0.0,0.0
sft_len1000,316,224,891,0.7088607594936709,19,316,16.63157894736842,0.631578947368421,0.05263157894736842,0.05263157894736842,4,0.21052631578947367,12,0.10084033613445378,1,0.02857142857142857,25,0.07911392405063292,0.3017241379310345,0.0,7.158227848101266,0.3639240506329114,0.06896551724137931,0.0,0.7142857142857143,22.326785714285705,13.9883373015873,65.08432539682539,0.8044943820224719,16,224,14.0,0.625,0.0,0.375,1,0.0625,0,0.0,0,0.0,11,0.049107142857142856,0.39759036144578314,0.0,6.21875,0.24553571428571427,0.13253012048192772,0.0,1.0,48.21651785714285,10.156067857142858,55.964285714285715,0.7114285714285713,-2.6315789473684212,15.822783858756667,-0.006578947368421018,1.041665017363717,-0.05263157894736842,99.99810003609932,-0.14802631578947367,70.31216601721142,-0.10084033613445378,99.99900834316726,-0.02857142857142857,99.99650012249572,-0.03000678119349006,37.92809201748833,-0.11838833634719712,32.530966511182704,0.0,0.0,-3.8322694444444423,27.396173597042495,-9.120039682539677,14.012651259435211,-0.09306581059390062,11.568221853547074,25.88973214285714,25.88973214285714,0.3223684210526316,612.4883627211084,0.09586622351474866,31.772700203938886,0.06356460324054841,92.16733827239024,0.2857142857142857,39.99994400007839,137,891,6.5036496350364965,0.058394160583941604,0.014598540145985401,0.24087591240875914,8,0.058394160583941604,7,0.01832460732984293,1,0.006802721088435374,60,0.06734006734006734,0.4427710843373494,0.0,6.041526374859708,0.2716049382716049,0.02108433734939759,0.001122334455667789,1.0,55.235599235599224,9.342034743834743,47.420966420966415,0.696627078384798,-10.127929312331926,60.895773849401756,-0.5731847867844794,90.7541142135284,-0.03803303880138302,72.26140075601339,-0.15213215520553208,72.26243047608298,-0.08251572880461086,81.82728627731684,-0.021768707482993196,76.18780961713959,-0.011773856710565578,14.881966774094865,-0.09231911236130647,25.36761682130756,0.001122334455667789,0.0,-4.646302557752557,33.21554324451338,-17.663358975858976,27.13918996128773,-0.10786730363767394,13.408069958897647,32.90881352131352,32.90881352131352,0.18824433346139072,357.65743808531874,0.14104694640631493,46.74683301944638,-0.04788117989198172,-69.42670415616323,0.2857142857142857,39.99994400007839
sft_len1000,262,212,556,0.8091603053435115,20,262,13.1,0.4,0.15,0.05,1,0.05,3,0.03409090909090909,0,0.0,10,0.03816793893129771,0.4782608695652174,0.15,6.366412213740458,0.27099236641221375,0.043478260869565216,0.007633587786259542,1.0,41.4895038167939,9.779693893129771,48.43606870229008,0.8179342723004694,23,212,9.217391304347826,0.21739130434782608,0.17391304347826086,0.17391304347826086,0,0.0,1,0.013513513513513514,0,0.0,6,0.02830188679245283,0.6730769230769231,0.08695652173913043,6.0424528301886795,0.19811320754716982,0.17307692307692307,0.0047169811320754715,1.0,55.77701421800947,6.263794123222748,34.72061611374407,0.7606134969325152,-3.8826086956521735,29.638232055495063,-0.18260869565217394,45.65205978289403,0.02391304347826087,-15.94192270602254,-0.05,99.9980000399992,-0.020577395577395574,60.358589841725,0.0,0.0,-0.00986605213884488,25.848379376233925,-0.07287915886504392,26.893336848026717,-0.00291660665418407,38.20254263672591,-3.5158997699070227,35.95101696247129,-13.715452588546007,28.316609239451846,-0.05732077536795421,7.007984287893304,14.28751040121557,14.28751040121557,0.12391304347826086,247.82113053391103,0.19481605351170572,40.73418056279729,0.12959866220735786,298.0700674653713,0.0,0.0,79,556,7.037974683544304,0.0379746835443038,0.012658227848101266,0.24050632911392406,1,0.012658227848101266,0,0.0,0,0.0,6,0.01079136690647482,0.6280487804878049,0.06329113924050633,5.528776978417266,0.19784172661870503,0.006097560975609756,0.0017985611510791368,1.0,62.01159072741805,5.840723900879297,32.182653876898485,0.7018934911242602,-6.062025316455696,46.27499888324967,-0.36202531645569624,90.50610284866694,-0.13734177215189872,91.56057103079227,-0.03734177215189874,74.68205066278422,-0.03409090909090909,99.99706675270859,0.0,0.0,-0.02737657202482289,71.72473951686062,-0.07315063979350872,26.993516764627273,-0.005835026635180405,76.42883674324995,-3.938969992250474,40.27702331508929,-16.253414825391594,33.55642793746976,-0.1160407811762092,14.187037178362626,20.522086910624154,20.522086910624154,0.19050632911392407,381.0050381270856,0.14978791092258747,31.319224979979698,-0.03738069989395546,-85.97363236255322,0.0,0.0
sft_len1000,1338,352,1602,0.26307922272047835,147,1338,9.10204081632653,0.25170068027210885,0.1360544217687075,0.4013605442176871,11,0.07482993197278912,6,0.012422360248447204,1,0.004081632653061225,24,0.017937219730941704,0.7205882352941176,0.10204081632653061,5.7757847533632285,0.22869955156950672,0.0058823529411764705,0.0037369207772795215,0.9565217391304348,57.662927591595775,7.75269575273485,41.60005209237715,0.747478665632273,40,352,8.8,0.225,0.15,0.45,5,0.125,0,0.0,1,0.014925373134328358,4,0.011363636363636364,0.9178082191780822,0.15,5.869318181818182,0.22727272727272727,0.0547945205479452,0.002840909090909091,1.0,58.42723214285715,7.732946331168831,42.159415584415584,0.756963696369637,-0.3020408163265298,3.3183852856482448,-0.02670068027210884,10.608065962548743,0.0139455782312925,-10.249924663053713,0.050170068027210885,-67.04455858635343,-0.012422360248447204,99.99195064797284,0.010843740481267133,-265.60656818184015,-0.00657358336730534,36.64568427582889,-0.0014268242967794553,0.6238831900437348,-0.0008960116863704305,23.9708581256383,-0.019749421566018555,0.25474260371465873,0.559363492038436,-1.3446220628524501,0.009485030737363953,-1.2689349521422524,0.7643045512613753,0.7643045512613753,0.048639455782312935,12.118613873962046,0.19721998388396456,27.36926590409954,0.04891216760676873,831.3655171771483,0.04347826086956519,4.545449793393395,286,1602,5.601398601398602,0.01048951048951049,0.024475524475524476,0.3916083916083916,1,0.0034965034965034965,4,0.006172839506172839,0,0.0,30,0.018726591760299626,0.7413394919168591,0.06293706293706294,5.521847690387016,0.19225967540574282,0.17782909930715934,0.01435705368289638,1.0,66.9791015898177,5.843676236654389,33.613595039395776,0.7005666452028332,-3.500642214927929,38.459966297328485,-0.24121116978259835,95.83216509394397,-0.11157889729318302,82.00988673782199,-0.07133342847628561,95.326125969171,-0.006249520742274365,50.30459245561597,-0.004081632653061225,99.97550600102974,0.0007893720293579223,-4.400503735587158,-0.0364398761637639,15.933444809681225,0.010620132905616858,-284.118726383127,-1.9090195160804608,24.623941538884946,-7.986457052981372,19.198189567803272,-0.04691202042943987,6.276026303639745,9.316173998221927,9.316173998221927,-0.009752152609295461,-2.4297675623866377,0.020751256622741465,2.8797622287920492,0.17194674636598287,2922.597846587789,0.04347826086956519,4.545449793393395
sft_len1000,1098,321,1255,0.2923497267759563,72,1098,15.25,0.5277777777777778,0.16666666666666666,0.25,3,0.041666666666666664,46,0.11138014527845036,0,0.0,89,0.08105646630236794,0.3726027397260274,0.08333333333333333,6.858834244080145,0.33697632058287796,0.049315068493150684,0.02185792349726776,1.0,30.966095380029827,12.153339526411658,56.70922338135453,0.7890562440419447,30,321,10.7,0.26666666666666666,0.3333333333333333,0.43333333333333335,1,0.03333333333333333,5,0.045871559633027525,0,0.0,18,0.056074766355140186,0.6962025316455697,0.03333333333333333,5.834890965732087,0.2087227414330218,0.13924050632911392,0.003115264797507788,1.0,59.03851111827265,6.634983370931358,38.171769255559134,0.7523529411764707,-4.550000000000001,29.836063617307314,-0.2611111111111111,49.47359047109174,0.16666666666666666,-99.99940000359999,-0.008333333333333331,19.99952001151972,-0.06550858564542283,58.814789057567005,0.0,0.0,-0.024981699947227758,30.81973948462532,-0.12825357914985616,38.060003245326065,-0.01874265869975997,85.74374077526139,-5.5183561554803005,45.4060852116157,-18.5374541257954,32.68860459303045,-0.036703302865474075,4.651538673856088,28.072415738242825,28.072415738242825,0.18333333333333335,73.33304000117334,0.32359979191954225,86.84824048129056,0.08992543783596324,182.3451069471457,0.0,0.0,169,1255,7.42603550295858,0.04142011834319527,0.0,0.3254437869822485,4,0.023668639053254437,5,0.00980392156862745,0,0.0,57,0.04541832669322709,0.5788235294117647,0.047337278106508875,5.780876494023905,0.21593625498007968,0.12470588235294118,0.05976095617529881,1.0,59.751034571391855,6.653609330420254,35.98522040868783,0.7160364842454395,-7.82396449704142,51.304681862259685,-0.48635765943458253,92.15180297366263,-0.16666666666666666,99.99940000359999,-0.017998027613412227,43.19422961067869,-0.10157622370982292,91.19696467107124,0.0,0.0,-0.035638139609140855,43.96651071747076,-0.12104006560279829,35.91935071281127,0.03790303267803105,-173.39844152329235,-5.499730195991404,45.25282727032442,-20.724002972666703,36.54432448820542,-0.07301975979650521,9.254051001732345,28.784939191362028,28.784939191362028,0.07544378698224852,30.17739408332308,0.20622078968573732,55.34587222269155,0.07539081385979049,152.87271707447894,0.0,0.0
sft_len1000,3210,86,4270,0.02679127725856698,232,3210,13.836206896551724,0.521551724137931,0.23275862068965517,0.2413793103448276,12,0.05172413793103448,92,0.08318264014466546,2,0.0045045045045045045,133,0.041433021806853584,0.4895259095920617,0.09051724137931035,6.0398753894081,0.2722741433021807,0.008820286659316428,0.014641744548286604,1.0,51.679495192307684,9.394902403846155,47.05769230769231,0.787782347358431,9,86,9.555555555555555,0.2222222222222222,0.0,0.4444444444444444,0,0.0,0,0.0,0,0.0,6,0.06976744186046512,0.5416666666666666,0.0,6.023255813953488,0.29069767441860467,0.25,0.011627906976744186,1.0,52.76421188630492,8.707340051679587,42.11369509043928,0.6529729729729731,-4.280651340996169,30.938038608562668,-0.29932950191570884,57.391992805802595,-0.23275862068965517,99.99957037221617,-0.05172413793103448,99.99806670404372,-0.08318264014466546,99.998797840539,-0.0045045045045045045,99.97780492730614,0.02833442005361153,-68.38443100139689,0.018423531116423975,-6.766512320214586,-0.0030138375715424177,20.58246363312455,-0.6875623521665677,7.318461112490931,-4.9439972172530275,10.506246417405366,-0.13480937438545793,17.112493534865422,1.0847166939972368,1.0847166939972368,0.20306513409961682,84.1266356023509,0.052140757074604915,10.651254517970312,0.24117971334068358,2734.0650253777485,0.0,0.0,591,4270,7.225042301184433,0.05583756345177665,0.023688663282571912,0.32825719120135366,2,0.00338409475465313,15,0.009259259259259259,1,0.0013020833333333333,101,0.023653395784543327,0.6416040100250626,0.05583756345177665,5.485480093676815,0.19086651053864168,0.12949039264828738,0.01920374707259953,1.0,68.81903504941849,5.760538276505379,33.7478267772794,0.6713006396588486,-6.611164595367291,47.78162228261208,-0.4657141606861544,89.29378356827267,-0.20906995740708326,89.82226246443408,-0.04834004317638135,93.45560999921064,-0.0739233808854062,88.86769172020526,-0.0032024211711711714,71.0779706905067,-0.017779626022310258,42.91069330703817,-0.08140763276353902,29.899032198172392,0.004562002524312927,-31.15537875614133,-3.634364127340776,38.68442251202831,-13.309865530412907,28.284143558386454,-0.11648170769958244,14.786007865000578,17.139539857110805,17.139539857110805,0.08687788085652606,35.99211581608099,0.1520781004330009,31.066341288517197,0.12067010598897095,1367.942236198929,0.0,0.0
sft_len1000,769,98,1617,0.12743823146944083,98,769,7.846938775510204,0.15306122448979592,0.030612244897959183,0.12244897959183673,6,0.061224489795918366,21,0.06287425149700598,0,0.0,42,0.054616384915474644,0.35106382978723405,0.061224489795918366,7.215864759427828,0.33940182054616386,0.1347517730496454,0.005201560468140442,0.8947368421052632,36.51147822355719,11.210420606340666,50.38682686118858,0.7240555555555555,7,98,14.0,0.42857142857142855,0.2857142857142857,0.0,1,0.14285714285714285,2,0.06060606060606061,0,0.0,4,0.04081632653061224,0.6538461538461539,0.0,6.612244897959184,0.2857142857142857,0.15384615384615385,0.0,1.0,43.71502209131074,10.022945213549338,48.90868924889544,0.7902040816326532,6.153061224489796,-78.4135140643376,0.2755102040816326,-179.9988240076831,0.25510204081632654,-833.3061120003414,0.08163265306122448,-133.33115559112534,-0.0022681908909453763,3.6074462319301954,0.0,0.0,-0.013800058384862403,25.26678713420506,-0.05368753483187816,15.818234729306221,-0.005201560468140442,99.98077869529583,-1.1874753927913275,10.592602441639537,-1.4781376122931391,2.933579419536555,0.06614852607709776,-9.135823102429228,7.203543867753552,7.203543867753552,-0.12244897959183673,-99.99918334000272,0.3027823240589198,86.24684057426765,0.019094380796508464,14.169935329994097,0.10526315789473684,11.764692733578709,231,1617,7.0,0.06060606060606061,0.004329004329004329,0.24675324675324675,3,0.012987012987012988,8,0.012030075187969926,0,0.0,38,0.02350030921459493,0.46950092421441775,0.06493506493506493,5.892393320964749,0.20655534941249226,0.059149722735674676,0.006184291898577613,1.0,60.48197853833173,6.787148624383514,38.181286767790716,0.6690051020408163,-0.8469387755102042,10.793236595920435,-0.09245516388373531,60.40364576688806,-0.026283240568954855,85.8557812363988,-0.048237476808905375,78.78659194021043,-0.05084417630903606,80.86516570268856,0.0,0.0,-0.031116075700879715,56.97100977836025,-0.1328464711336716,39.14123958071306,0.0009827314304371709,-18.889380266798316,-4.423271981957152,39.456785277864384,-12.205540093397865,24.223672359417204,-0.05505045351473914,7.60305988425171,23.97050031477454,23.97050031477454,0.12430426716141002,101.51432248151792,0.1184370944271837,33.73653079944338,-0.07560205031397071,-56.10426309083638,0.10526315789473684,11.764692733578709
sft_len1000,493,118,637,0.23935091277890466,51,493,9.666666666666666,0.23529411764705882,0.09803921568627451,0.27450980392156865,1,0.0196078431372549,16,0.09090909090909091,1,0.01282051282051282,34,0.06896551724137931,0.5306122448979592,0.0392156862745098,6.657200811359027,0.3204868154158215,0.034013605442176874,0.0,1.0,41.1275185577943,10.846016295510783,49.9232944503358,0.7405405405405405,15,118,7.866666666666666,0.2,0.0,0.4,1,0.06666666666666667,1,0.02127659574468085,0,0.0,7,0.059322033898305086,0.5555555555555556,0.0,6.516949152542373,0.2457627118644068,0.3611111111111111,0.0,1.0,48.96544980443285,8.243847979139504,42.127770534550194,0.712463768115942,-1.7999999999999998,18.62068772889437,-0.03529411764705881,14.999936250270931,-0.09803921568627451,99.9989800104039,0.047058823529411764,-239.98776062420814,-0.06963249516441006,76.59490213692756,-0.01282051282051282,99.99220060835256,-0.009643483343074223,13.98284809616023,-0.07472410355141473,23.31573930648904,0.0,0.0,-2.6021683163712783,23.991924828004176,-7.795523915785608,15.615002666522035,-0.028076772424598495,3.7913838572923986,7.837931246638547,7.837931246638547,0.12549019607843137,45.714119184280115,0.024943310657596363,4.700845841568305,0.32709750566893425,961.6383944978683,0.0,0.0,96,637,6.635416666666667,0.03125,0.010416666666666666,0.34375,0,0.0,2,0.008298755186721992,0,0.0,44,0.06907378335949764,0.5898876404494382,0.08333333333333333,6.342229199372056,0.27001569858712715,0.30337078651685395,0.0,1.0,52.10519022423783,8.507256464523131,41.773145725526675,0.7111224489795918,-3.031249999999999,31.35775537678392,-0.20404411764705882,86.71838144687885,-0.08762254901960784,89.37408838429847,-0.0196078431372549,99.99490026008672,-0.08261033572236892,90.87036972053887,-0.01282051282051282,99.99220060835256,0.00010826611811833031,-0.1569835950094513,-0.05047111682869437,15.748217061921652,0.0,0.0,-2.3387598309876516,21.563305379898992,-8.150148724809128,16.32534200975771,-0.029418091560948767,3.972510649365563,10.977671666443527,10.977671666443527,0.06924019607843135,25.223122401482673,0.05927539555147898,11.171111185299958,0.2693571810746771,791.8868308867225,0.0,0.0
sft_len1000,180,89,187,0.49444444444444446,11,180,16.363636363636363,0.7272727272727273,0.0,0.18181818181818182,1,0.09090909090909091,10,0.16393442622950818,0,0.0,6,0.03333333333333333,0.40384615384615385,0.2727272727272727,7.061111111111111,0.37222222222222223,0.0,0.005555555555555556,1.0,29.73636363636362,13.175999999999998,59.6969696969697,0.7441221374045801,9,89,9.88888888888889,0.2222222222222222,0.0,0.5555555555555556,0,0.0,1,0.027777777777777776,0,0.0,2,0.02247191011235955,0.42857142857142855,0.2222222222222222,6.853932584269663,0.34831460674157305,0.32142857142857145,0.0,1.0,43.908863920099876,11.07448963795256,50.33832709113608,0.781,-6.474747474747474,39.567898816529635,-0.5050505050505051,69.44434895846463,0.0,0.0,-0.09090909090909091,99.99890001209987,-0.13615664845173042,83.05504891975716,0.0,0.0,-0.010861423220973783,32.583292164156425,-0.02390761548064918,6.422924216795914,-0.005555555555555556,99.98200323941691,-2.1015103620474385,15.949530984761148,-9.358642605833623,15.676913747163859,0.03687786259541992,-4.955881727323499,14.172500283736255,14.172500283736255,0.37373737373737376,205.55442500621803,0.024725274725274693,6.1224338192795145,0.32142857142857145,0.0,0.0,0.0,27,187,6.925925925925926,0.0,0.0,0.2222222222222222,0,0.0,0,0.0,0,0.0,4,0.0213903743315508,0.5166666666666667,0.1111111111111111,5.925133689839572,0.2192513368983957,0.25,0.0,1.0,65.50592885375495,6.706119925598699,37.00744013020228,0.6433333333333333,-9.437710437710438,57.67489359476473,-0.7272727272727273,99.99986250018907,0.0,0.0,-0.09090909090909091,99.99890001209987,-0.16393442622950818,99.99939000372098,0.0,0.0,-0.011942959001782532,35.82780217128246,-0.15297088532382652,41.096545350010665,-0.005555555555555556,99.98200323941691,-6.469880074401299,49.103518392274715,-22.68952956676742,38.007840769580575,-0.1007888040712468,13.54464053124152,35.76956521739133,35.76956521739133,0.04040404040404039,22.222100000672206,0.11282051282051286,27.936438760564354,0.25,0.0,0.0,0.0
sft_len1000,471,354,643,0.7515923566878981,32,471,14.71875,0.46875,0.03125,0.125,2,0.0625,17,0.09770114942528736,0,0.0,11,0.02335456475583864,0.3,0.0625,6.176220806794055,0.3036093418259023,0.025,0.0021231422505307855,1.0,49.79246284501059,10.174677707006369,49.17675159235669,0.7841232227488151,40,354,8.85,0.15,0.0,0.25,4,0.1,7,0.05384615384615385,0,0.0,4,0.011299435028248588,0.43859649122807015,0.025,5.437853107344632,0.2231638418079096,0.19298245614035087,0.002824858757062147,1.0,68.46544980443286,6.2723225554106925,34.5006518904824,0.7032786885245902,-5.86875,39.87260875600111,-0.31875,67.99985493364281,-0.03125,99.99680010239672,0.037500000000000006,-59.99904001535976,-0.04385499557913351,44.886418402360064,0.0,0.0,-0.012055129727590052,51.61566356290484,-0.08044550001799272,26.496297699938747,0.0007017165065313614,-33.03528783705587,-3.9023551515956765,38.35359586252569,-14.676099701874286,29.84357227393523,-0.08084453422422488,10.310169215384954,18.672986959422275,18.672986959422275,0.125,99.99920000639995,0.13859649122807016,46.19867641376868,0.16798245614035087,671.9029484434657,0.0,0.0,95,643,6.768421052631579,0.031578947368421054,0.0,0.23157894736842105,3,0.031578947368421054,2,0.00816326530612245,0,0.0,1,0.0015552099533437014,0.5490196078431373,0.05263157894736842,5.363919129082426,0.2192846034214619,0.10784313725490197,0.0,1.0,69.82396862823795,6.355371792170438,34.2856736734728,0.6861952861952862,-7.950328947368421,54.014970070275815,-0.43717105263157896,93.26295893375779,-0.03125,99.99680010239672,-0.030921052631578946,49.472892644244006,-0.08953788411916491,91.64371986271843,0.0,0.0,-0.02179935480249494,93.33687722984875,-0.08432473840444044,27.774000680383388,-0.0021231422505307855,99.9529221736562,-3.8193059148359314,37.5373613734449,-14.891077918883887,30.280726428443224,-0.09792793655352883,12.488829411522833,20.03150578322736,20.03150578322736,0.10657894736842105,85.26247579493048,0.24901960784313731,83.00625926018158,0.08284313725490197,331.3592946478219,0.0,0.0
sft_len1000,1016,184,513,0.18110236220472442,82,1016,12.390243902439025,0.4024390243902439,0.036585365853658534,0.14634146341463414,5,0.06097560975609756,41,0.1,0,0.0,69,0.06791338582677166,0.23622047244094488,0.024390243902439025,6.647637795275591,0.3464566929133858,0.007874015748031496,0.010826771653543307,0.84,35.98101762960377,12.08104862977832,55.52046604992145,0.7276111685625646,21,184,8.761904761904763,0.19047619047619047,0.0,0.3333333333333333,0,0.0,1,0.013157894736842105,0,0.0,9,0.04891304347826087,0.359375,0.09523809523809523,5.788043478260869,0.2608695652173913,0.140625,0.005434782608695652,1.0,58.37124741200829,8.002327432712216,40.28364389233954,0.7176296296296296,-3.628339140534262,29.28383715660069,-0.21196283391405346,52.66942179401973,-0.036585365853658534,99.99726674137574,-0.06097560975609756,99.99836002689555,-0.0868421052631579,86.84123685078939,0.0,0.0,-0.019000342348510786,27.97690374021008,-0.08558712769599452,24.70348600900926,-0.005391989044847655,49.79777203819373,-4.078721197066104,33.7613148034137,-15.236822157581912,27.443613080346864,-0.009981538932934964,1.37182133067593,22.390229782404518,22.390229782404518,0.18699186991869918,127.7769046355961,0.12315452755905512,52.13519596100377,0.13275098425196852,1685.7234131265334,0.16000000000000003,19.047596371909084,76,513,6.75,0.02631578947368421,0.0,0.3026315789473684,3,0.039473684210526314,3,0.013157894736842105,0,0.0,20,0.03898635477582846,0.3645833333333333,0.02631578947368421,5.94541910331384,0.23976608187134502,0.0625,0.003898635477582846,1.0,57.713244378552005,7.772221173434369,40.75361721988853,0.6665086206896551,-5.640243902439025,45.52164986931567,-0.37612323491655975,93.4606928042115,-0.036585365853658534,99.99726674137574,-0.021501925545571246,35.26257958843159,-0.0868421052631579,86.84123685078939,0.0,0.0,-0.0289270310509432,42.59337796962046,-0.1066906110420408,30.794701120610817,-0.006928136175960461,63.98487516767387,-4.30882745634395,35.666002445045955,-14.76684883003292,26.597126455646077,-0.061102547872909474,8.397680868040004,21.732226748948236,21.732226748948236,0.15629011553273428,106.79751583101024,0.12836286089238844,54.34004773824235,0.054625984251968504,693.6619049380729,0.16000000000000003,19.047596371909084
sft_len1000,126,79,216,0.626984126984127,18,126,7.0,0.16666666666666666,0.0,0.05555555555555555,2,0.1111111111111111,4,0.08,0,0.0,9,0.07142857142857142,0.3125,0.05555555555555555,7.436507936507937,0.3888888888888889,0.0,0.0,1.0,36.129120879120904,12.840315750915751,54.930402930402934,0.6932467532467533,11,79,7.181818181818182,0.09090909090909091,0.0,0.2727272727272727,1,0.09090909090909091,0,0.0,0,0.0,5,0.06329113924050633,0.26666666666666666,0.09090909090909091,6.949367088607595,0.31645569620253167,0.23333333333333334,0.0,1.0,53.61898734177214,9.67334835443038,45.8746835443038,0.7086666666666664,0.18181818181818166,-2.597402226345134,-0.07575757575757575,45.45427272890908,0.0,0.0,-0.020202020202020193,18.181654546927252,-0.08,99.99875001562481,0.0,0.0,-0.008137432188065091,11.392245571853122,-0.07243319268635723,18.62563022487128,0.0,0.0,-3.1669673964853704,24.664246668677446,-9.055719386099135,16.48580519737807,0.015419913419913112,-2.224300525706078,17.489866462651236,17.489866462651236,0.21717171717171715,390.9020546721068,-0.04583333333333334,-14.666619733483522,0.23333333333333334,0.0,0.0,0.0,40,216,5.4,0.0,0.025,0.35,0,0.0,1,0.010638297872340425,0,0.0,9,0.041666666666666664,0.4146341463414634,0.025,6.444444444444445,0.2916666666666667,0.18292682926829268,0.0,1.0,58.23750000000001,8.961154814814815,42.84814814814815,0.6663473053892216,-1.5999999999999996,22.857139591837196,-0.16666666666666666,99.99940000359999,0.025,0.0,-0.1111111111111111,99.99910000809993,-0.06936170212765957,86.70104389652576,0.0,0.0,-0.02976190476190476,41.666083341499885,-0.09722222222222221,24.99993571445102,0.0,0.0,-3.879160936100936,30.2107884980663,-12.082254782254786,21.995568788394596,-0.026899447857531733,3.8802070012561862,22.108379120879107,22.108379120879107,0.2944444444444444,529.9904601717168,0.1021341463414634,32.68282224423711,0.18292682926829268,0.0,0.0,0.0
sft_len1000,1751,191,1831,0.10908052541404911,142,1751,12.330985915492958,0.43661971830985913,0.09154929577464789,0.04929577464788732,18,0.1267605633802817,99,0.14820359281437126,1,0.005847953216374269,128,0.07310108509423187,0.2671875,0.0,7.712164477441462,0.3986293546544831,0.01875,0.006853226727584237,0.9719626168224299,23.120103092783495,13.827788636884305,60.54083619702176,0.7410458284371327,25,191,7.64,0.08,0.16,0.12,1,0.04,1,0.015873015873015872,0,0.0,7,0.03664921465968586,0.7916666666666666,0.08,5.994764397905759,0.225130890052356,0.22916666666666666,0.0,1.0,63.61719693918647,6.373381635118809,35.61840515505437,0.6714084507042254,-4.690985915492958,38.042258479725476,-0.3566197183098591,81.67723228762928,0.06845070422535211,-74.76841406809248,-0.08676056338028168,68.44390449808672,-0.1323305769413554,89.28912014697255,-0.005847953216374269,99.98290292360007,-0.03645187043454601,49.86433750495339,-0.17349846460212712,43.52364604860778,-0.006853226727584237,99.98541046219006,-7.454407001765496,53.908883469571876,-24.922431041967393,41.166313840128765,-0.06963737773290735,9.39716291341163,40.497093846402976,40.497093846402976,0.07070422535211268,143.42566193657217,0.5244791666666666,196.29556162284928,0.21041666666666667,1122.1623735622989,0.028037383177570097,2.8846124167929945,306,1831,5.983660130718954,0.0032679738562091504,0.0032679738562091504,0.13398692810457516,7,0.02287581699346405,10,0.013550135501355014,0,0.0,54,0.02949208083014746,0.46646341463414637,0.07516339869281045,6.4210813762971055,0.2534134352812671,0.21341463414634146,0.002184598580010923,0.984375,58.85483449523993,7.931088603034878,41.36935993403369,0.6713243546576879,-6.347325784774004,51.474596707251926,-0.43335174445365,99.2513012509202,-0.08828132191843874,96.42931371379098,-0.10388474638681763,81.9528756324706,-0.13465345731301626,90.85646723625628,-0.005847953216374269,99.98290292360007,-0.04360900426408441,59.65493899096098,-0.14521591937321604,36.42871589623009,-0.004668628147573314,68.11312687957677,-5.896700033849427,42.64383671357383,-19.171476262988072,31.66701544049872,-0.06972147377944482,9.40851119037745,35.73473140245643,35.73473140245643,0.08469115345668785,171.79856909830792,0.19927591463414634,74.58251932030994,0.19466463414634147,1038.1560137930855,0.012412383177570097,1.2770419553510655
sft_len1000,451,210,570,0.4656319290465632,37,451,12.18918918918919,0.5135135135135135,0.05405405405405406,0.13513513513513514,4,0.10810810810810811,30,0.17751479289940827,0,0.0,39,0.08647450110864745,0.3469387755102041,0.0,6.7073170731707314,0.35476718403547675,0.0,0.008869179600886918,1.0,41.928668646374646,11.413406780499876,51.002289037366985,0.6673631840796019,26,210,8.076923076923077,0.11538461538461539,0.0,0.15384615384615385,2,0.07692307692307693,7,0.0875,0,0.0,9,0.04285714285714286,0.391304347826087,0.0,6.190476190476191,0.2904761904761905,0.10144927536231885,0.01904761904761905,1.0,54.97935495303916,8.270017402091087,38.84121920964026,0.7029813664596274,-4.112266112266113,33.736991944824645,-0.39812889812889807,77.53021339258038,-0.05405405405405406,99.99815003422437,-0.031185031185031187,28.845887021698896,-0.09001479289940828,50.70804767799808,0.0,0.0,-0.04361735825150459,50.43897715805535,-0.06429099355928625,18.121972728213184,0.010178439446732131,-114.7489668158963,-3.1433893784087896,27.541199253209527,-12.161069827726728,23.844164289126788,0.035618182380025454,-5.3371432314948715,13.050686306664517,13.050686306664517,0.018711018711018712,13.846051385373595,0.044365572315882895,12.787686926539225,0.10144927536231885,0.0,0.0,0.0,76,570,7.5,0.039473684210526314,0.013157894736842105,0.15789473684210525,0,0.0,12,0.05286343612334802,0,0.0,45,0.07894736842105263,0.4256410256410256,0.039473684210526314,6.180701754385965,0.28421052631578947,0.28205128205128205,0.007017543859649123,1.0,60.72807017543862,8.356140350877192,40.54824561403508,0.6114011516314779,-4.6891891891891895,38.470063362766425,-0.47403982930298716,92.31283962347297,-0.04089615931721195,75.65649509168291,-0.10810810810810811,99.99907500855618,-0.12465135677606026,70.21986874525335,0.0,0.0,-0.00752713268759482,8.70435278326721,-0.07055665771968728,19.888101835149804,-0.001851635741237795,20.87483934432007,-3.0572664296226844,26.78662226408934,-10.454043423331903,20.49720397980702,-0.05596203244812403,8.385531286085468,18.79940152906397,18.79940152906397,0.022759601706970112,16.8419806325012,0.07870225013082155,22.684700828863825,0.28205128205128205,0.0,0.0,0.0
sft_len1000,1297,341,1047,0.2629144178874325,172,1297,7.540697674418604,0.20348837209302326,0.023255813953488372,0.040697674418604654,4,0.023255813953488372,16,0.03361344537815126,0,0.0,27,0.02081727062451812,0.2561247216035635,0.06395348837209303,6.043947571318427,0.26676946800308404,0.0467706013363029,0.005397070161912105,0.984375,53.07012491888382,9.189732877537777,46.801381292296284,0.7857051282051282,56,341,6.089285714285714,0.03571428571428571,0.03571428571428571,0.17857142857142858,0,0.0,0,0.0,0,0.0,1,0.002932551319648094,0.49504950495049505,0.125,5.436950146627566,0.17302052785923755,0.10891089108910891,0.0,1.0,65.87768533042353,5.439703212166678,33.15017390711314,0.6747945205479452,-1.4514119601328899,19.247711953492097,-0.16777408637873753,82.4485744159853,0.01245847176079734,-53.56912509904931,-0.023255813953488372,99.99570018489204,-0.03361344537815126,99.9970250885036,0.0,0.0,-0.017884719304870025,85.90876556195215,-0.0937489401438465,35.14217328687323,-0.005397070161912105,99.98147486101504,-3.750029665371099,40.80672754340795,-13.651207385183142,29.168385027444355,-0.11091060765718297,14.116042076768299,12.807560411539711,12.807560411539711,0.13787375415282394,338.7671862103633,0.23892478334693157,93.28418163199717,0.06214028975280601,132.85901696201782,0.015625,1.587299974806375,158,1047,6.6265822784810124,0.05063291139240506,0.006329113924050633,0.27848101265822783,0,0.0,2,0.004454342984409799,1,0.007246376811594203,9,0.008595988538681949,0.3699731903485255,0.0379746835443038,5.33810888252149,0.17191977077363896,0.10187667560321716,0.0,1.0,71.61519036919461,5.58834800217133,35.70811431084359,0.7678557114228456,-0.9141153959375918,12.122423072528768,-0.1528554607006182,75.11717153991795,-0.01692670002943774,72.78168051432017,-0.023255813953488372,99.99570018489204,-0.02915910239374146,86.74574893535002,0.007246376811594203,0.0,-0.012221282085836171,58.70459802478938,-0.09484969722944508,35.55479657828863,-0.005397070161912105,99.98147486101504,-3.6013848753664472,39.18921835341954,-11.093266981452693,23.702861834657167,-0.01784941678228258,2.271767540245345,18.545065450310787,18.545065450310787,0.23778333823962317,584.2532751654556,0.11384846874496202,44.450228595618746,0.05510607426691426,117.8195158867532,0.015625,1.587299974806375
sft_len1000,279,155,296,0.5555555555555556,21,279,13.285714285714286,0.3333333333333333,0.14285714285714285,0.09523809523809523,1,0.047619047619047616,8,0.09302325581395349,0,0.0,14,0.05017921146953405,0.43209876543209874,0.42857142857142855,6.526881720430108,0.3046594982078853,0.0,0.04659498207885305,1.0,44.081935483870964,9.649446623655916,45.56860215053763,0.770695652173913,19,155,8.157894736842104,0.15789473684210525,0.10526315789473684,0.3157894736842105,0,0.0,2,0.03636363636363636,0,0.0,1,0.0064516129032258064,0.8378378378378378,0.6842105263157895,6.296774193548387,0.25161290322580643,0.40540540540540543,0.012903225806451613,1.0,55.97436332767401,7.225193548387097,36.544991511035654,0.6081132075471699,-5.127819548872182,38.59648832295816,-0.17543859649122806,52.631421053105264,-0.03759398496240601,26.315605264447363,-0.047619047619047616,99.99790004409907,-0.056659619450317125,60.90843614340237,0.0,0.0,-0.04372759856630824,87.14112054481198,-0.053046594982078865,17.411707554512855,-0.03369175627240144,72.30614050667683,-2.424253075268819,25.123231606809167,-9.023610639501975,19.802254218089878,-0.1625824446267431,21.095517175031823,11.892427843803048,11.892427843803048,0.22055137844611528,231.57651581500497,0.4057390724057391,93.89939658958181,0.40540540540540543,0.0,0.0,0.0,40,296,7.4,0.05,0.075,0.4,0,0.0,1,0.00980392156862745,0,0.0,9,0.030405405405405407,0.9411764705882353,0.325,6.091216216216216,0.24662162162162163,0.0,0.0,1.0,55.80552668052668,7.289140263340263,35.96812196812197,0.6557085020242915,-5.885714285714286,44.30107193432792,-0.2833333333333333,84.999745000765,-0.06785714285714285,47.49966750232748,-0.047619047619047616,99.99790004409907,-0.08321933424532604,89.45982262063232,0.0,0.0,-0.019773806064128645,39.40558535934813,-0.058037876586263665,19.050016962376752,-0.04659498207885305,99.99785389221262,-2.3603063603156524,24.460533414672252,-9.600480182415659,21.068190637093053,-0.11498715014962146,14.91989744931107,11.723591196655718,11.723591196655718,0.3047619047619048,319.99664003527965,0.5090777051561366,117.81485339318807,0.0,0.0,0.0,0.0
sft_len1000,208,83,242,0.39903846153846156,20,208,10.4,0.35,0.0,0.3,2,0.1,7,0.0875,0,0.0,18,0.08653846153846154,0.3918918918918919,0.0,7.913461538461538,0.5,0.013513513513513514,0.0,1.0,18.606138107416882,16.37080926399545,64.83347541915317,0.711194968553459,13,83,6.384615384615385,0.07692307692307693,0.0,0.0,0,0.0,0,0.0,0,0.0,7,0.08433734939759036,0.3235294117647059,0.0,6.759036144578313,0.30120481927710846,0.38235294117647056,0.0,1.0,50.44477911646588,8.713635341365462,39.446787148594375,0.5947058823529413,-4.015384615384615,38.60946374317287,-0.27307692307692305,78.02175510267773,0.0,0.0,-0.1,99.99900000999989,-0.0875,99.99885715591822,0.0,0.0,-0.002201112140871181,2.543477971483472,-0.19879518072289154,39.758956626665054,0.0,0.0,-7.657173922629989,46.77333497334898,-25.3866882705588,39.15675924337606,-0.11648908620051768,16.379323189563532,31.838641009049,31.838641009049,-0.3,-99.99966666777779,-0.06836248012718599,-17.444174554215838,0.3688394276629571,2729.209803180447,0.0,0.0,39,242,6.205128205128205,0.07692307692307693,0.05128205128205128,0.20512820512820512,1,0.02564102564102564,0,0.0,0,0.0,10,0.04132231404958678,0.5357142857142857,0.05128205128205128,6.31404958677686,0.24380165289256198,0.3333333333333333,0.0,0.0,56.88791322314049,7.613706198347108,38.141012396694215,0.6705699481865286,-4.194871794871795,40.3353018415267,-0.27307692307692305,78.02175510267773,0.05128205128205128,0.0,-0.07435897435897437,74.3582307766666,-0.0875,99.99885715591822,0.0,0.0,-0.04521614748887476,52.249166663440505,-0.25619834710743805,51.23956694235372,0.0,0.0,-8.757103065648343,53.492178605893194,-26.69246302245896,41.17080325893714,-0.04062502036693039,5.712211846414129,38.281775115723605,38.281775115723605,-0.09487179487179487,-31.62382621117759,0.1438223938223938,36.69941374238267,0.3198198198198198,2366.491546292241,-1.0,-99.99990000010001
sft_len1000,210,427,324,2.033333333333333,18,210,11.666666666666666,0.5,0.05555555555555555,0.3333333333333333,3,0.16666666666666666,10,0.136986301369863,0,0.0,26,0.12380952380952381,0.5901639344262295,0.3333333333333333,7.319047619047619,0.3619047619047619,0.0,0.0,1.0,32.285714285714306,13.121466666666668,59.23809523809524,0.7760248447204969,60,427,7.116666666666666,0.11666666666666667,0.016666666666666666,0.43333333333333335,3,0.05,1,0.006289308176100629,0,0.0,20,0.0468384074941452,0.839622641509434,0.16666666666666666,6.313817330210773,0.2693208430913349,0.3584905660377358,0.0,1.0,56.45042198753923,8.244476328929345,39.90672086960364,0.6684656084656084,-4.55,38.99999665714315,-0.3833333333333333,76.66651333363998,-0.03888888888888889,69.9987400226796,-0.11666666666666665,69.99958000251998,-0.13069699319376238,95.4081085522541,0.0,0.0,-0.07697111631537862,62.16847643241924,-0.09258391881342698,25.582327931488173,0.0,0.0,-4.876990337737324,37.168024657231484,-19.331374368491602,32.6333484634502,-0.1075592362548885,13.860264704666939,24.164707701824923,24.164707701824923,0.10000000000000003,29.999910000270013,0.2494587070832045,42.26932041052785,0.3584905660377358,0.0,0.0,0.0,53,324,6.113207547169812,0.0,0.018867924528301886,0.39622641509433965,0,0.0,0,0.0,0,0.0,22,0.06790123456790123,0.8518518518518519,0.20754716981132076,5.811728395061729,0.19753086419753085,0.0,0.0,1.0,67.08333333333333,5.983383950617283,34.21913580246914,0.6376727272727273,-5.553459119496854,47.60107408702384,-0.5,99.9998000004,-0.03668763102725367,66.03654719120716,-0.16666666666666666,99.99940000359999,-0.136986301369863,99.99927000532895,0.0,0.0,-0.05590828924162258,45.15633043248782,-0.16437389770723104,45.41897781403305,0.0,0.0,-7.138082716049386,54.40003281174658,-25.0189594356261,42.234577112450715,-0.13835211744776965,17.828287342362966,34.79761904761902,34.79761904761902,0.06289308176100633,18.86786792469813,0.26168791742562236,44.34148865181913,0.0,0.0,0.0,0.0
sft_len1000,1395,130,1212,0.0931899641577061,85,1395,16.41176470588235,0.5411764705882353,0.023529411764705882,0.1411764705882353,4,0.047058823529411764,64,0.10509031198686371,0,0.0,33,0.023655913978494623,0.24087591240875914,0.011764705882352941,6.10752688172043,0.27813620071684586,0.029197080291970802,0.005017921146953405,0.961038961038961,48.52551294446236,10.294187578604658,52.22143169967856,0.7956463595839525,7,130,18.571428571428573,0.5714285714285714,0.0,0.14285714285714285,0,0.0,4,0.07547169811320754,0,0.0,1,0.007692307692307693,0.23404255319148937,0.0,5.769230769230769,0.2,0.0,0.0,1.0,52.52857142857141,8.705758241758243,50.879120879120876,0.7834567901234568,2.1596638655462215,-13.1592413896827,0.030252100840336138,-5.590051782357732,-0.023529411764705882,99.99575018061732,-0.047058823529411764,99.9978750451553,-0.029618613873656163,28.183694078686976,0.0,0.0,-0.01596360628618693,67.4796649330453,-0.07813620071684585,28.092682501824505,-0.005017921146953405,99.98007539925972,-1.5884293368464153,15.430350092359795,-1.3423108205576852,2.570421283301842,-0.012189569460495653,1.5320316612210756,4.003058484109047,4.003058484109047,0.001680672268907557,1.1904677579962337,-0.006833359217269769,-2.836867655325062,-0.029197080291970802,-99.99657511730223,0.038961038961038974,4.054049835650848,172,1212,7.046511627906977,0.029069767441860465,0.005813953488372093,0.3430232558139535,8,0.046511627906976744,11,0.020257826887661142,1,0.005208333333333333,11,0.009075907590759076,0.4085106382978723,0.046511627906976744,5.403465346534653,0.19636963696369636,0.06595744680851064,0.0016501650165016502,0.9696969696969697,70.288884411697,6.261320308542483,36.50195717246143,0.6830954428202923,-9.365253077975375,57.064262589482695,-0.5121067031463747,94.62823768139093,-0.01771545827633379,75.28749795575548,-0.0005471956224350205,1.1627659888971547,-0.08483248509920256,80.72264347580561,0.005208333333333333,0.0,-0.014580006387735546,61.631058053428,-0.0817665637531495,29.397924313041084,-0.003367756130451755,67.10119628988505,-4.032867270062176,39.17615496615293,-15.71947452721713,30.101576526286856,-0.11255091676366014,14.145829230491447,21.763371467234634,21.763371467234634,0.2018467852257182,142.9737934705133,0.16763472588911318,69.5935215263152,0.036760366516539834,125.89994324609275,0.008658008658008698,0.9008999634779701
sft_len1000,147,108,208,0.7346938775510204,13,147,11.307692307692308,0.3076923076923077,0.0,0.38461538461538464,0,0.0,3,0.05660377358490566,0,0.0,6,0.04081632653061224,0.48,0.0,6.98639455782313,0.3741496598639456,0.0,0.0,0.0,38.015306122449005,12.526397278911563,54.42687074829932,0.7540816326530613,10,108,10.8,0.3,0.4,0.4,0,0.0,0,0.0,0,0.0,1,0.009259259259259259,1.3181818181818181,0.0,5.555555555555555,0.16666666666666666,0.2727272727272727,0.0,1.0,66.82499999999999,6.0044637037037045,36.72592592592593,0.6569491525423728,-0.5076923076923077,4.4897955213106,-0.0076923076923077205,2.4999918750264154,0.4,0.0,0.0,0.0,-0.05660377358490566,99.99823336454389,0.0,0.0,-0.03155706727135298,77.31292064825894,-0.20748299319727895,55.45439724006557,0.0,0.0,-6.521933575207859,52.06551340609744,-17.700944822373394,32.52243653508617,-0.09713248011068842,12.880880145581761,28.809693877550984,28.809693877550984,0.015384615384615385,3.9999896000270403,0.8381818181818181,174.6208483277781,0.2727272727272727,0.0,1.0,0.0,32,208,6.5,0.0,0.03125,0.46875,1,0.03125,1,0.012345679012345678,0,0.0,1,0.004807692307692308,0.6417910447761194,0.0,6.028846153846154,0.27884615384615385,0.208955223880597,0.0,1.0,65.69642857142858,8.55446098901099,42.043956043956044,0.6304402515723271,-4.807692307692308,42.51700304271402,-0.3076923076923077,99.99967500105626,0.03125,0.0,0.03125,0.0,-0.04425809457255998,78.18791909161868,0.0,0.0,-0.03600863422291993,88.21899248083805,-0.09530350601779175,25.47195989242608,0.0,0.0,-3.971936289900574,31.708526277560622,-12.382914704343278,22.75147240063491,-0.12364138108073419,16.39626424570093,27.68112244897958,27.68112244897958,0.08413461538461536,21.87494312514787,0.16179104477611939,33.70639744003021,0.208955223880597,0.0,1.0,0.0
sft_len1000,249,171,403,0.6867469879518072,22,249,11.318181818181818,0.3181818181818182,0.0,0.18181818181818182,4,0.18181818181818182,10,0.11235955056179775,0,0.0,18,0.07228915662650602,0.29545454545454547,0.0,7.742971887550201,0.40160642570281124,0.06818181818181818,0.028112449799196786,1.0,23.079772079772084,13.162697499208612,54.613643558088,0.785,21,171,8.142857142857142,0.09523809523809523,0.0,0.3333333333333333,1,0.047619047619047616,2,0.03125,0,0.0,10,0.05847953216374269,0.6170212765957447,0.0,6.830409356725146,0.2982456140350877,0.2553191489361702,0.023391812865497075,1.0,41.74230769230769,9.337248284023671,43.95295857988165,0.7390163934426229,-3.175324675324676,28.055074973906173,-0.22294372294372294,70.06780699777664,0.0,0.0,-0.1341991341991342,73.80911785937559,-0.08110955056179775,72.18685753696792,0.0,0.0,-0.013809624462763334,19.103049581303406,-0.10336081166772354,25.73677802068589,-0.004720636933699712,16.791382656405908,-3.825449215184941,29.062803614433168,-10.660684978206348,19.52018596171047,-0.0459836065573771,5.85777681268904,18.662535612535606,18.662535612535606,0.1515151515151515,83.33287500252081,0.3215667311411992,108.83760216667548,0.18713733075435202,274.4640596335083,0.0,0.0,54,403,7.462962962962963,0.05555555555555555,0.0,0.24074074074074073,0,0.0,3,0.018404907975460124,0,0.0,31,0.07692307692307693,0.4253731343283582,0.1111111111111111,6.523573200992556,0.2630272952853598,0.21641791044776118,0.022332506203473945,1.0,48.58227458044941,8.021607509244337,39.16772541955058,0.7435593220338984,-3.8552188552188555,34.06217161491449,-0.26262626262626265,82.53942313006701,0.0,0.0,-0.18181818181818182,99.99945000302498,-0.09395464258633762,83.61888769374,0.0,0.0,0.004633920296570906,-6.410167736269402,-0.13857913041745146,34.506117553712706,-0.005779943595722842,20.55935375063069,-5.141089989964275,39.05802438818587,-15.445918138537422,28.282159638895514,-0.041440677966101624,5.279060531910357,25.502502500677323,25.502502500677323,0.058922558922558904,32.407229167646975,0.12991858887381275,43.972296635671086,0.148236092265943,217.4097466470989,0.0,0.0
sft_len1000,279,61,318,0.21863799283154123,17,279,16.41176470588235,0.5882352941176471,0.058823529411764705,0.11764705882352941,2,0.11764705882352941,16,0.17777777777777778,0,0.0,17,0.06093189964157706,0.36470588235294116,0.11764705882352941,7.448028673835125,0.4014336917562724,0.0,0.0,1.0,21.86895161290323,14.37449265232975,64.39090501792114,0.7775652173913044,7,61,8.714285714285714,0.2857142857142857,0.0,0.14285714285714285,0,0.0,0,0.0,0,0.0,0,0.0,0.43478260869565216,0.14285714285714285,7.262295081967213,0.3114754098360656,0.5217391304347826,0.0,1.0,36.414754098360675,10.793856393442624,51.544262295081964,0.7183333333333334,-7.697478991596638,46.902198883071335,-0.3025210084033614,51.428484000148636,-0.058823529411764705,99.99830002889951,-0.11764705882352941,99.99915000722494,-0.17777777777777778,99.99943750316405,0.0,0.0,-0.06093189964157706,99.99835885046357,-0.08995828192020683,22.409194762575286,0.0,0.0,-3.5806362588871252,24.9096513970549,-12.846642722839178,19.95102028734264,-0.059231884057970974,7.61759998482071,14.545802485457443,14.545802485457443,0.02521008403361344,21.42838928726248,0.070076726342711,19.21453357024807,0.5217391304347826,0.0,0.0,0.0,47,318,6.76595744680851,0.02127659574468085,0.0,0.2553191489361702,0,0.0,1,0.008130081300813009,0,0.0,7,0.0220125786163522,0.5283018867924528,0.0851063829787234,6.320754716981132,0.3490566037735849,0.16981132075471697,0.0,1.0,48.438005390835556,10.211225876010783,43.42048517520215,0.6977695167286245,-9.645807259073841,58.773732405993115,-0.5669586983729662,96.38281487261897,-0.058823529411764705,99.99830002889951,-0.11764705882352941,99.99915000722494,-0.1696476964769648,95.4262924953974,0.0,0.0,-0.03891932102522486,63.87242565864793,-0.05237708798268753,13.047474236354198,0.0,0.0,-4.163266776318967,28.962876028987665,-20.97041984271899,32.56736259757324,-0.07979570066267982,10.262238620704277,26.569053777932325,26.569053777932325,0.13767209011264078,117.02028192334832,0.16359600443951167,44.8568459646433,0.16981132075471697,0.0,0.0,0.0
sft_len1000,343,142,827,0.4139941690962099,43,343,7.976744186046512,0.20930232558139536,0.16279069767441862,0.06976744186046512,2,0.046511627906976744,4,0.03225806451612903,0,0.0,4,0.011661807580174927,0.48936170212765956,0.0,6.096209912536443,0.2594752186588921,0.010638297872340425,0.0058309037900874635,0.0,48.2727068849518,9.27900457501682,47.303094864319355,0.7063945578231292,25,142,5.68,0.12,0.04,0.16,1,0.04,2,0.03773584905660377,0,0.0,1,0.007042253521126761,0.5,0.0,5.774647887323944,0.22535211267605634,0.025,0.0,1.0,55.7846695557963,7.514648320693391,39.09209100758397,0.7133333333333335,-2.296744186046512,28.79299930583391,-0.08930232558139536,42.666462815788776,-0.12279069767441861,75.42810808447891,-0.006511627906976743,13.999699006471358,0.005477784540474741,-16.980605676695717,0.0,0.0,-0.004619554059048166,39.609279560615704,-0.03412310598283577,13.150764320214666,-0.0058309037900874635,99.98285294072066,-1.7643562543234292,19.014497190020613,-8.211003856735388,17.35828005906255,0.006938775510204276,-0.9822790408800448,7.511962670844497,7.511962670844497,0.09023255813953489,129.33147958212598,0.010638297872340441,2.173908601143297,0.014361702127659576,134.9873111927479,1.0,0.0,122,827,6.778688524590164,0.02459016393442623,0.00819672131147541,0.1885245901639344,5,0.040983606557377046,3,0.009868421052631578,0,0.0,9,0.010882708585247884,0.6666666666666666,0.00819672131147541,5.758162031438936,0.21765417170495768,0.182648401826484,0.0036275695284159614,0.9,62.670243415172706,6.533141830608275,34.76083276378739,0.6873778920308483,-1.1980556614563476,15.019354805918478,-0.18471216164696913,88.2509444768172,-0.1545939763629432,94.9642878423255,-0.005528021349599697,11.8849903743463,-0.022389643463497453,69.40574315880419,0.0,0.0,-0.0007790989949270424,6.680201054258987,-0.04182104695393443,16.11748744069392,-0.002203334261671502,37.780703197067965,-2.7458627444085453,29.592209232006716,-12.542262100531964,26.514674930594918,-0.019016665792280896,2.692070410363818,14.397536530220904,14.397536530220904,0.1187571483034693,170.21613947030693,0.17730496453900707,36.23181001905489,0.1720101039541436,1616.7430033266373,0.9,0.0
sft_len1000,120,78,325,0.65,10,120,12.0,0.5,0.2,0.0,1,0.1,4,0.08888888888888889,0,0.0,4,0.03333333333333333,0.37209302325581395,0.0,6.408333333333333,0.31666666666666665,0.046511627906976744,0.025,1.0,36.16806722689077,11.975635294117648,58.1764705882353,0.8008450704225354,5,78,15.6,0.6,0.2,0.0,1,0.2,2,0.08,0,0.0,2,0.02564102564102564,0.44,0.0,6.064102564102564,0.32051282051282054,0.08,0.01282051282051282,1.0,41.400000000000006,11.496909743589741,55.343589743589746,0.7586206896551727,3.5999999999999996,-29.99999750000021,0.09999999999999998,-19.999960000079994,0.0,0.0,0.1,-99.99900000999989,-0.00888888888888889,9.999887501265613,0.0,0.0,-0.007692307692307693,23.07623078999938,0.003846153846153888,-1.2145710632978701,-0.012179487179487181,48.7160000779456,-0.47872555052790666,3.997495738602662,-2.832880844645551,4.869461428833764,-0.04222438076736268,5.272471493190274,5.231932773109236,5.231932773109236,0.0,0.0,0.06790697674418605,18.249950953256818,0.03348837209302326,71.9984520332813,0.0,0.0,57,325,5.701754385964913,0.017543859649122806,0.017543859649122806,0.45614035087719296,0,0.0,2,0.014388489208633094,0,0.0,3,0.009230769230769232,0.4146341463414634,0.03508771929824561,5.593846153846154,0.20615384615384616,0.13821138211382114,0.006153846153846154,1.0,69.47363636363637,6.229292307692309,36.00174825174825,0.5843478260869566,-6.298245614035087,52.485375743177755,-0.4824561403508772,96.49103508810526,-0.1824561403508772,91.22761403736841,-0.1,99.99900000999989,-0.07450039968025579,83.81200675521177,0.0,0.0,-0.024102564102564103,72.30552314199805,-0.11051282051282049,34.89867521875842,-0.018846153846153846,75.38160012061054,-5.746342986425339,47.983613106619686,-22.174722336487044,38.11630669772575,-0.21649724433557882,27.03356516706793,33.3055691367456,33.3055691367456,0.45614035087719296,0.0,0.042541123085649446,11.432896103360012,0.0916997542068444,197.15023281470994,0.0,0.0
dpo_len256,344,147,998,0.4273255813953488,22,344,15.636363636363637,0.5909090909090909,0.5,0.13636363636363635,0,0.0,12,0.10714285714285714,2,0.043478260869565216,15,0.0436046511627907,0.4842105263157895,0.18181818181818182,6.369186046511628,0.28488372093023256,0.010526315789473684,0.0,1.0,40.86831395348838,10.686334186046512,53.53720930232558,0.819728813559322,11,147,13.363636363636363,0.45454545454545453,0.36363636363636365,0.18181818181818182,0,0.0,5,0.10204081632653061,1,0.045454545454545456,5,0.034013605442176874,0.5789473684210527,0.09090909090909091,6.136054421768708,0.24489795918367346,0.0,0.0,1.0,46.66666666666666,9.316409523809524,49.66666666666667,0.8295918367346938,-2.2727272727272734,14.534882791373779,-0.1363636363636364,23.076884023734735,-0.13636363636363635,27.272672727381813,0.0,0.0,-0.005102040816326522,4.761860317875121,0.0019762845849802396,-4.545350002404496,-0.009591045720613825,21.994960434848398,-0.0399857617465591,14.03576914058213,0.0,0.0,-1.369924662236988,12.819405702581202,-3.870542635658907,7.229630781659867,0.009863023175371799,-1.2032041548599883,5.798352713178275,5.798352713178275,0.04545454545454547,33.33308889068148,0.09473684210526317,19.565176984960576,-0.010526315789473684,-99.99050090241428,0.0,0.0,117,998,8.52991452991453,0.15384615384615385,0.02564102564102564,0.358974358974359,1,0.008547008547008548,5,0.013020833333333334,1,0.00546448087431694,43,0.04308617234468938,0.5545454545454546,0.09401709401709402,5.970941883767535,0.23146292585170342,0.00909090909090909,0.012024048096192385,1.0,53.667081531484015,8.044225490981963,42.869992616812574,0.696290832455216,-7.106449106449107,45.44821812304429,-0.4370629370629371,73.96437187094465,-0.47435897435897434,94.8716051285846,0.008547008547008548,0.0,-0.09412202380952381,87.84640232246723,-0.03801377999524828,87.42968310635959,-0.0005184788181013186,1.1890174880446314,-0.05342079507852915,18.751723470495193,0.012024048096192385,0.0,-2.6421086950645485,24.724179515859042,-10.667216685513004,19.924864641386883,-0.12343798110410609,15.058373998638656,12.798767577995633,12.798767577995633,0.22261072261072262,163.24666610564515,0.07033492822966508,14.525661700955581,-0.0014354066985645935,-13.635068304874675,0.0,0.0
dpo_len256,504,21,493,0.041666666666666664,23,504,21.91304347826087,0.6956521739130435,0.21739130434782608,0.21739130434782608,2,0.08695652173913043,18,0.10778443113772455,1,0.017543859649122806,18,0.03571428571428571,0.375,0.21739130434782608,6.698412698412699,0.3134920634920635,0.039473684210526314,0.031746031746031744,0.9642857142857143,32.472527472527446,11.783766422466423,57.28144078144078,0.7826813186813187,3,21,7.0,0.3333333333333333,0.0,0.3333333333333333,0,0.0,0,0.0,0,0.0,0,0.0,0.5,0.0,7.380952380952381,0.3333333333333333,0.125,0.14285714285714285,1.0,30.928571428571445,9.200161904761906,40.333333333333336,0.8571428571428571,-14.913043478260871,68.05555244984582,-0.36231884057971014,52.083258463649294,-0.21739130434782608,99.99954000211599,-0.08695652173913043,99.99885001322485,-0.10778443113772455,99.99907223082985,-0.017543859649122806,99.99430032488148,-0.03571428571428571,99.9972000783978,0.019841269841269826,-6.329093735042765,0.1111111111111111,-349.98897534727655,-2.583604517704517,21.925114652031642,-16.948107448107443,29.587431672501374,0.07446153846153836,-9.5136349300688,-1.5439560439560012,-1.5439560439560012,0.11594202898550723,53.33308800112852,0.125,33.33324444468148,0.08552631578947369,216.66117791682612,0.0357142857142857,3.70369986282977,76,493,6.4868421052631575,0.013157894736842105,0.02631578947368421,0.4342105263157895,2,0.02631578947368421,0,0.0,0,0.0,14,0.028397565922920892,0.6339869281045751,0.06578947368421052,5.959432048681542,0.25963488843813387,0.006535947712418301,0.02636916835699797,1.0,57.02509417560127,8.050740156476383,38.888698927847,0.6763063063063063,-15.426201372997713,70.3973443229282,-0.6824942791762013,98.10841160073727,-0.19107551487414187,87.89433252817564,-0.06064073226544622,69.73604014080153,-0.10778443113772455,99.99907223082985,-0.017543859649122806,99.99430032488148,-0.00731671979136482,20.486241801051065,-0.05385717505392962,17.179702304734757,-0.005376863389033773,16.936586172991934,-3.7330262659900395,31.679395325410216,-18.392741853593776,32.109425464135285,-0.10637501237501246,13.591084126473628,24.552566703073822,24.552566703073822,0.2168192219679634,99.73638331789991,0.25898692810457513,69.06299665989562,-0.032937736498108015,-83.44015197802354,0.0357142857142857,3.70369986282977
dpo_len256,492,17,776,0.034552845528455285,39,492,12.615384615384615,0.5128205128205128,0.05128205128205128,0.10256410256410256,7,0.1794871794871795,17,0.09444444444444444,0,0.0,17,0.034552845528455285,0.4171779141104294,0.0,6.719512195121951,0.32723577235772355,0.03067484662576687,0.0,0.8,36.23465608465608,12.115621469723692,57.50711346266902,0.825823927765237,1,17,17.0,1.0,0.0,0.0,0,0.0,1,0.14285714285714285,0,0.0,0,0.0,0.16666666666666666,0.0,5.176470588235294,0.17647058823529413,0.0,0.0,1.0,61.625,9.662075000000002,53.5,0.8235294117647058,4.384615384615385,-34.75609480591932,0.4871794871794872,-94.99981475036124,-0.05128205128205128,99.99805003802426,-0.1794871794871795,99.99944286024693,0.04841269841269841,-51.259961449147674,0.0,0.0,-0.034552845528455285,99.99710596610967,-0.15076518412242942,46.072201188202136,0.0,0.0,-2.4535464697236904,20.25109709265847,-4.007113462669018,6.96803082559507,-0.0022945160005312104,0.277845330576348,25.39034391534392,25.39034391534392,-0.10256410256410256,-99.99902500950616,-0.25051124744376274,-60.048875667155876,-0.03067484662576687,-99.99674010627253,0.19999999999999996,24.999968750039052,121,776,6.413223140495868,0.008264462809917356,0.0,0.2066115702479339,2,0.01652892561983471,5,0.017241379310344827,1,0.006172839506172839,6,0.007731958762886598,0.675,0.024793388429752067,5.841494845360825,0.21778350515463918,0.19583333333333333,0.0,1.0,62.16249270569929,7.032045652596771,38.37745574790897,0.6950756533700139,-6.202161474888747,49.16347120872101,-0.5045560500105954,98.38823789500222,-0.05128205128205128,99.99805003802426,-0.16295825386734478,90.79052132175902,-0.07720306513409961,81.7435563866849,0.006172839506172839,0.0,-0.026820886765568687,77.62055526781103,-0.10945226720308437,33.447422920867545,0.0,0.0,-5.0835758171269205,41.95884965737841,-19.12965771476005,33.26485408545085,-0.13074827439522319,15.832444625889508,25.927836621043213,25.927836621043213,0.10404746768383133,101.44529190013951,0.2578220858895706,61.80132244683004,0.16515848670756647,538.3991148555224,0.19999999999999996,24.999968750039052
dpo_len256,900,11,1422,0.012222222222222223,90,900,10.0,0.32222222222222224,0.05555555555555555,0.1,4,0.044444444444444446,44,0.12941176470588237,0,0.0,57,0.06333333333333334,0.2961783439490446,0.022222222222222223,6.383333333333334,0.31333333333333335,0.006369426751592357,0.008888888888888889,0.9807692307692307,42.31173402868319,11.305119426336375,54.63233376792699,0.6995769682726204,1,11,11.0,0.0,0.0,0.0,0,0.0,1,0.16666666666666666,0,0.0,1,0.09090909090909091,0.0,0.0,5.7272727272727275,0.18181818181818182,0.0,0.0,1.0,62.63636363636364,7.415109090909093,47.36363636363637,0.8181818181818182,1.0,-9.9999990000001,-0.32222222222222224,99.99968965613556,-0.05555555555555555,99.99820003239942,-0.044444444444444446,99.99775005062386,0.03725490196078429,-28.787656337807064,0.0,0.0,0.027575757575757573,-43.53998238305327,-0.13151515151515153,41.972786740622595,-0.008888888888888889,99.98875126548265,-3.8900103354272826,34.40927817420791,-7.26869740429062,13.304753375756981,0.11860484990919784,-16.953771457676666,20.32462960768045,20.32462960768045,-0.1,-99.99900000999989,-0.2961783439490446,-99.99966236673137,-0.006369426751592357,-99.98430246451306,0.019230769230769273,1.960782314496468,192,1422,7.40625,0.041666666666666664,0.015625,0.21875,0,0.0,6,0.010452961672473868,2,0.008928571428571428,88,0.06188466947960619,0.43410852713178294,0.03125,5.755977496483825,0.22292545710267228,0.08139534883720931,0.0,1.0,62.94881024367125,7.243594064292601,39.26412018500057,0.631755280407866,-2.59375,25.93749740625026,-0.28055555555555556,87.06869530404906,-0.03993055555555555,71.87370627328707,-0.044444444444444446,99.99775005062386,-0.1189588030334085,91.9220011285342,0.008928571428571428,0.0,-0.0014486638537271473,2.287327863866066,-0.09040787623066107,28.85348543483193,-0.008888888888888889,99.98875126548265,-4.061525362043774,35.92642279671835,-15.368213582926415,28.13025225483981,-0.0678216878647544,9.694657485028857,20.637076214988056,20.637076214988056,0.11875,118.74881251187486,0.13793018318273836,46.56981859155857,0.07502592208561695,1177.7220743785088,0.019230769230769273,1.960782314496468
dpo_len256,862,34,715,0.03944315545243619,73,862,11.808219178082192,0.3561643835616438,0.1506849315068493,0.1232876712328767,3,0.0410958904109589,14,0.0472972972972973,1,0.01,36,0.04176334106728538,0.4329004329004329,0.0821917808219178,6.417633410672853,0.2737819025522042,0.07792207792207792,0.00580046403712297,0.9259259259259259,40.77677782685511,9.5767816401649,47.423457744405184,0.8032964329643297,7,34,4.857142857142857,0.0,0.0,0.0,0,0.0,1,0.058823529411764705,0,0.0,2,0.058823529411764705,0.058823529411764705,0.0,5.970588235294118,0.29411764705882354,0.058823529411764705,0.0,1.0,45.859375,9.1285375,42.375,0.9117647058823529,-6.951076320939335,58.86641861439512,-0.3561643835616438,99.99971923155755,-0.1506849315068493,99.99933636804047,-0.0410958904109589,99.99756672587633,0.011526232114467405,-24.369232663954758,-0.01,99.99000099990002,0.017060188344479324,-40.848695103303854,0.020335744506619347,-7.42768971950021,-0.00580046403712297,99.98276297166369,-0.4482441401648991,4.680529536975906,-5.048457744405184,10.645486175132216,0.10846827291802319,-13.502878070673443,5.08259717314489,5.08259717314489,-0.1232876712328767,-99.99918889546785,-0.3740769034886682,-86.41156509516699,-0.019098548510313215,-24.509489383121544,0.07407407407407407,7.99999136000933,114,715,6.271929824561403,0.008771929824561403,0.03508771929824561,0.2982456140350877,0,0.0,0,0.0,2,0.013793103448275862,15,0.02097902097902098,0.7474226804123711,0.06140350877192982,5.520279720279721,0.16923076923076924,0.07731958762886598,0.0013986013986013986,0.8181818181818182,64.11363636363635,4.792354125874126,28.82832167832168,0.7187687687687688,-5.536289353520789,46.88504507899474,-0.3473924537370824,97.536838157366,-0.1155972122086037,76.71400445458926,-0.0410958904109589,99.99756672587633,-0.0472972972972973,99.9978857589868,0.0037931034482758617,-37.92724175858276,-0.0207843200882644,49.76570815466561,-0.10455113332143495,38.187604977085606,-0.004401862638521571,75.87503103276184,-4.7844275142907735,49.95861025627697,-18.595136066083505,39.21083902020808,-0.0845276641955609,10.522586121511274,23.336858536781236,23.336858536781236,0.174957942802211,141.90918034288615,0.31452224751193825,72.65447134342894,-0.000602490293211938,-0.7731859537355809,-0.1077441077441077,-11.636351069104476
dpo_len256,834,21,962,0.025179856115107913,101,834,8.257425742574258,0.15841584158415842,0.0297029702970297,0.1782178217821782,9,0.0891089108910891,9,0.02821316614420063,0,0.0,18,0.02158273381294964,0.46564885496183206,0.0594059405940594,5.95083932853717,0.2302158273381295,0.06870229007633588,0.009592326139088728,1.0,58.33629266799326,7.218791050563805,38.128935149752536,0.6842292993630572,4,21,5.25,0.0,0.0,0.0,0,0.0,1,0.08333333333333333,0,0.0,2,0.09523809523809523,0.1,0.0,6.761904761904762,0.3333333333333333,0.1,0.0,1.0,42.071428571428555,9.355876190476192,40.333333333333336,0.9047619047619048,-3.0074257425742577,36.42085889867297,-0.15841584158415842,99.99936875398474,-0.0297029702970297,99.99663344667395,-0.0891089108910891,99.99887779037147,0.0551201671891327,-195.36344582156843,0.0,0.0,0.07365536142514559,-341.2540298331256,0.1031175059952038,-44.7914721037097,-0.009592326139088728,99.98957608669296,2.1370851399123865,-29.604470179266002,2.2043981835807998,-5.781431128639309,0.22053260539884756,-32.23075704249564,-16.264864096564708,-16.264864096564708,-0.1782178217821782,-99.99943889203733,-0.3656488549618321,-78.52442152952098,0.031297709923664124,45.55489247878725,0.0,0.0,127,962,7.574803149606299,0.047244094488188976,0.007874015748031496,0.2204724409448819,11,0.08661417322834646,2,0.00546448087431694,1,0.006578947368421052,17,0.017671517671517672,0.5100671140939598,0.03937007874015748,5.824324324324325,0.22765072765072766,0.06375838926174497,0.006237006237006237,1.0,60.63873873873874,6.956665252945253,36.602945252945254,0.6609419496166483,-0.6826225929679586,8.266771407712794,-0.11117174709596944,70.17672236377078,-0.021828954548998206,73.48833954086274,-0.0024947376627426493,2.7996186258021725,-0.02274868526988369,80.62859328755899,0.006578947368421052,0.0,-0.003911216141431969,18.121128509680506,-0.002565099687401845,1.1142103368640255,-0.003355319902082491,34.97556377668625,-0.2621257976185518,3.6311587282539763,-1.5259898968072818,4.002183252147164,-0.023287349746408892,3.403437375995603,2.302446070745475,2.302446070745475,0.04225461916270368,23.709403271865373,0.04441825913212771,9.53898270531375,-0.00494390081459091,-7.196017554760139,0.0,0.0
dpo_len256,217,9,269,0.041474654377880185,16,217,13.5625,0.5,0.25,0.25,4,0.25,7,0.10294117647058823,1,0.02857142857142857,9,0.041474654377880185,0.6481481481481481,0.0625,6.7050691244239635,0.35944700460829493,0.037037037037037035,0.0,1.0,33.981581798483205,12.881409100758397,58.63813651137595,0.7335714285714285,1,9,9.0,0.0,0.0,0.0,0,0.0,1,0.2,0,0.0,0,0.0,0.0,0.0,8.11111111111111,0.4444444444444444,0.2,0.0,1.0,21.5,13.540911111111111,53.44444444444444,0.8888888888888888,-4.5625,33.64055051498245,-0.5,99.9998000004,-0.25,99.99960000160002,-0.25,99.99960000160002,0.09705882352941178,-94.28479837624437,-0.02857142857142857,99.99650012249572,-0.041474654377880185,99.99758894702205,0.08499743983614949,-23.646657860508824,0.0,0.0,0.659502010352714,-5.119796708544244,-5.193692066931504,8.857191390029936,0.1553174603174603,-21.17275053806591,-12.481581798483205,-12.481581798483205,-0.25,-99.99960000160002,-0.6481481481481481,-99.99984571452374,0.16296296296296298,439.98812032075136,0.0,0.0,44,269,6.113636363636363,0.0,0.022727272727272728,0.25,1,0.022727272727272728,1,0.009523809523809525,0,0.0,8,0.02973977695167286,0.5227272727272727,0.045454545454545456,6.096654275092937,0.22676579925650558,0.022727272727272728,0.0,1.0,64.43130081300812,7.18918428184282,39.91869918699187,0.7021818181818181,-7.448863636363637,54.92249280839601,-0.5,99.9998000004,-0.22727272727272727,90.90872727418183,-0.22727272727272727,90.90872727418183,-0.09341736694677871,90.74741777338382,-0.02857142857142857,99.99650012249572,-0.011734877426207324,28.29341116427514,-0.13268120535178934,36.91248905286801,0.0,0.0,-5.692224818915577,44.18945421651039,-18.719437324384074,31.923656034867165,-0.03138961038961041,4.279006293998681,30.449719014524916,30.449719014524916,0.0,0.0,-0.12542087542087543,-19.350619495407845,-0.014309764309764307,-38.6353204827106,0.0,0.0
dpo_len256,231,8,302,0.03463203463203463,14,231,16.5,0.6428571428571429,0.35714285714285715,0.14285714285714285,3,0.21428571428571427,10,0.13333333333333333,0,0.0,4,0.017316017316017316,0.6949152542372882,0.0,6.956709956709957,0.3852813852813853,0.01694915254237288,0.004329004329004329,1.0,25.96976822304333,14.124833792408467,62.59355055424925,0.7816483516483516,1,8,8.0,0.0,0.0,0.0,0,0.0,1,0.25,0,0.0,0,0.0,0.0,0.0,7.75,0.5,0.0,0.0,1.0,18.4375,14.987600000000002,58.0,0.875,-8.5,51.515148393021306,-0.6428571428571429,99.99984444468642,-0.35714285714285715,99.99972000078401,-0.21428571428571427,99.9995333355111,0.11666666666666667,-87.49934375492184,0.0,0.0,-0.017316017316017316,99.99422533348698,0.11471861471861472,-29.775203617168145,-0.004329004329004329,99.97690533486764,0.8627662075915357,-6.1081507874006284,-4.593550554249248,7.338696143911982,0.09335164835164844,-11.94290613237091,-7.5322682230433315,-7.5322682230433315,-0.14285714285714285,-99.99930000489996,-0.6949152542372882,-99.99985609776805,-0.01694915254237288,-99.99410034807946,0.0,0.0,41,302,7.365853658536586,0.024390243902439025,0.07317073170731707,0.4146341463414634,3,0.07317073170731707,2,0.017094017094017096,0,0.0,7,0.023178807947019868,0.5795454545454546,0.024390243902439025,6.056291390728477,0.23841059602649006,0.022727272727272728,0.0,1.0,57.57084349947718,7.640852980132452,40.397699546880446,0.6550197628458498,-9.134146341463413,55.35845932047769,-0.6184668989547039,96.20581240613463,-0.28397212543554007,79.51197248842826,-0.14111498257839722,65.85335122094634,-0.11623931623931624,87.17883333823715,0.0,0.0,0.005862790631002552,-33.855660729632596,-0.14687078925489522,38.12029692134259,-0.004329004329004329,99.97690533486764,-6.483980812276014,45.90482584448276,-22.195851007368802,35.460283777206456,-0.12662858880250172,16.200178319788254,31.601075276433846,31.601075276433846,0.27177700348432055,190.2425707410292,-0.11536979969183359,-16.60197167476803,0.005778120184899847,34.08889784593618,0.0,0.0
dpo_len256,270,4,361,0.014814814814814815,20,270,13.5,0.5,0.15,0.15,2,0.1,5,0.053763440860215055,0,0.0,13,0.04814814814814815,0.42168674698795183,0.0,6.381481481481481,0.2962962962962963,0.060240963855421686,0.10740740740740741,1.0,39.0145970394737,11.1856515625,52.926809210526315,0.7921266968325792,1,4,4.0,0.0,0.0,0.0,0,0.0,0,0.0,0,0.0,0,0.0,0.0,0.0,9.0,0.25,0.5,0.0,1.0,44.375,9.481300000000001,54.0,1.0,-9.5,70.37036515775074,-0.5,99.9998000004,-0.15,99.99933333777776,-0.1,99.99900000999989,-0.053763440860215055,99.99814003459535,0.0,0.0,-0.04814814814814815,99.99792312005827,-0.04629629629629628,15.624947265802975,-0.10740740740740741,99.9990689741854,-1.7043515624999994,15.236943512923451,1.073190789473685,-2.027688396872714,0.2078733031674208,-26.24239803741593,5.360402960526301,5.360402960526301,-0.15,-99.99933333777776,-0.42168674698795183,-99.99976285770524,0.43975903614457834,729.9878822011556,0.0,0.0,52,361,6.9423076923076925,0.019230769230769232,0.057692307692307696,0.46153846153846156,0,0.0,1,0.007042253521126761,0,0.0,12,0.0332409972299169,0.8446601941747572,0.019230769230769232,6.1551246537396125,0.22714681440443213,0.06796116504854369,0.0,1.0,55.942049861495846,7.652322504155126,41.015013850415514,0.7206410256410256,-6.5576923076923075,48.57549497731377,-0.4807692307692308,96.15365384653846,-0.0923076923076923,61.5380512847863,-0.1,99.99900000999989,-0.046721187339088296,86.8997921145709,0.0,0.0,-0.014907150918231249,30.96036273033127,-0.06914948189186415,23.33787137318827,-0.10740740740740741,99.9990689741854,-3.533329058344874,31.588045834629185,-11.911795360110801,22.50616523597285,-0.07148567119155358,9.02451353202241,16.927452822022147,16.927452822022147,0.31153846153846154,207.6909230861538,0.4229734471868054,100.30489389555119,0.0077202011931220005,12.815321246249834,0.0,0.0
dpo_len256,1826,26,1205,0.014238773274917854,121,1826,15.090909090909092,0.5206611570247934,0.24793388429752067,0.1322314049586777,16,0.1322314049586777,71,0.11525974025974026,4,0.015267175572519083,113,0.061883899233296825,0.4720720720720721,0.11570247933884298,6.872946330777656,0.36801752464403065,0.0036036036036036037,0.007667031763417305,1.0,26.078695706664774,13.446406304593037,60.697859053929605,0.7668317388857626,1,26,26.0,1.0,0.0,1.0,0,0.0,1,0.06666666666666667,0,0.0,3,0.11538461538461539,0.06666666666666667,0.0,8.23076923076923,0.4230769230769231,0.0,0.0,1.0,10.0,16.13566153846154,72.15384615384616,0.8076923076923077,10.909090909090908,-72.28915183626101,0.47933884297520657,-92.06331524347388,-0.24793388429752067,99.99959666829344,-0.1322314049586777,99.99924375571909,-0.04859307359307359,42.159258637042434,-0.015267175572519083,99.99345042899691,0.053500716151318566,-86.45197263653748,0.055059398432892426,-14.961039933016727,-0.007667031763417305,99.98695884379651,2.6892552338685043,-19.99980495124453,11.455987099916555,-18.873790755947564,0.040860568806545094,-5.328485174735375,-16.078695706664774,-16.078695706664774,0.8677685950413223,656.2450371469065,-0.40540540540540543,-85.87768067895888,-0.0036036036036036037,-99.97225769848866,0.0,0.0,174,1205,6.925287356321839,0.040229885057471264,0.005747126436781609,0.3390804597701149,13,0.07471264367816093,2,0.00425531914893617,0,0.0,55,0.04564315352697095,0.5877862595419847,0.040229885057471264,5.83402489626556,0.24481327800829875,0.010178117048346057,0.019087136929460582,1.0,59.11159199537791,7.763923893061611,39.90873995482956,0.6846712802768167,-8.165621734587253,54.109538029163005,-0.48043127196732216,92.27313056755236,-0.24218675786073907,97.68159835471806,-0.057518761280516764,43.49823426299419,-0.11100442111080408,96.30722556583919,-0.015267175572519083,99.99345042899691,-0.016240745706325874,26.24347119820085,-0.1232042466357319,33.47772962105709,0.011420105166043276,-148.93137533058206,-5.682482411531426,42.26022819932279,-20.78911909910005,34.25016809592475,-0.08216045860894594,10.714260678062368,33.03289628871313,33.03289628871313,0.20684905481143723,156.42841471126314,0.11571418746991263,24.511922902530305,0.0065745134447424535,182.39213427434194,0.0,0.0
dpo_len256,474,22,255,0.046413502109704644,118,474,4.016949152542373,0.06779661016949153,0.00847457627118644,0.03389830508474576,7,0.059322033898305086,12,0.04597701149425287,0,0.0,24,0.05063291139240506,0.12062256809338522,0.00847457627118644,7.2594936708860756,0.3438818565400844,0.0311284046692607,0.008438818565400843,0.9411764705882353,32.22927712740827,13.4092869861935,61.76959420442018,0.7984941176470589,2,22,11.0,0.5,0.0,0.0,0,0.0,0,0.0,0,0.0,2,0.09090909090909091,0.2222222222222222,0.0,6.318181818181818,0.3181818181818182,0.1111111111111111,0.045454545454545456,0.75,35.68181818181819,12.482490909090908,62.90909090909091,0.9545454545454546,6.983050847457627,-173.83961917072773,0.4322033898305085,-637.490597013694,-0.00847457627118644,99.98820139223572,-0.059322033898305086,99.99831431413013,-0.04597701149425287,99.99782504730523,0.0,0.0,0.04027617951668585,-79.54388355375437,-0.02570003835826623,7.473486354290107,0.03701572688914461,-438.58439138598453,-0.9267960771025923,6.911597976393989,1.1394967046707265,-1.8447533950962092,0.15605133689839568,-19.543179845386554,3.45254105440992,3.45254105440992,-0.03389830508474576,-99.99705008702243,0.101599654128837,84.22869239797305,0.0799827064418504,256.9361903693288,-0.19117647058823528,-20.312478417991677,33,255,7.7272727272727275,0.06060606060606061,0.0,0.24242424242424243,1,0.030303030303030304,1,0.01,0,0.0,21,0.08235294117647059,0.4782608695652174,0.030303030303030304,6.078431372549019,0.2823529411764706,0.06521739130434782,0.0,0.8666666666666667,53.856546489563584,9.180943074003796,44.69639468690702,0.7220388349514564,3.7103235747303547,-92.36668203069559,-0.0071905495634309174,10.60590416897411,-0.00847457627118644,99.98820139223572,-0.029019003595274782,48.91692431816755,-0.03597701149425287,78.24829809951633,0.0,0.0,0.031720029784065525,-62.64582156855343,-0.06152891536361382,17.892405565859246,-0.008438818565400843,99.98815140405863,-4.228343912189704,31.532948778065627,-17.07319951751316,27.640135022758606,-0.07645528269560253,9.574921750416559,21.627269362155317,21.627269362155317,0.20852593733949668,615.1333687171381,0.3576383014718322,296.49123063160687,0.03408898663508712,109.50735164154591,-0.07450980392156858,-7.916658255217265
dpo_len256,4208,114,4665,0.02709125475285171,343,4208,12.268221574344023,0.37026239067055394,0.08746355685131195,0.17784256559766765,19,0.05539358600583091,143,0.09255663430420712,6,0.011194029850746268,142,0.03374524714828897,0.37273991655076494,0.08163265306122448,6.2994296577946765,0.2958650190114068,0.0034770514603616135,0.027328897338403043,0.9619047619047619,45.28486286855596,10.296340718052392,50.96824420601381,0.7746092810771821,16,114,7.125,0.1875,0.125,0.25,1,0.0625,5,0.10204081632653061,1,0.09090909090909091,7,0.06140350877192982,0.2391304347826087,0.0,6.052631578947368,0.2543859649122807,0.021739130434782608,0.12280701754385964,1.0,57.20722713864308,8.14698879056047,42.16002949852507,0.8307692307692308,-5.1432215743440235,41.92311920636172,-0.18276239067055394,49.36010290932837,0.03753644314868805,-42.91617599172117,0.007106413994169093,-12.828715776341504,0.009484182022323498,-10.246785252907447,0.07971506105834464,-712.0576016421322,0.02765826162364085,-81.95951834911872,-0.04147905409912611,14.019539735493222,0.0954781202054566,-349.3541121769747,-2.149351927491921,20.874908645694042,-8.808214707488737,17.281769603575533,0.05615994969204874,-7.250090924942547,11.922364270087115,11.922364270087115,0.07215743440233235,40.57354234877006,-0.13360948176815624,-35.845134203279635,0.018262078974420996,525.0663822128234,0.03809523809523807,3.9603919223648303,673,4665,6.931649331352155,0.04457652303120357,0.02526002971768202,0.3640416047548291,5,0.007429420505200594,17,0.009376723662437948,0,0.0,152,0.032583065380493034,0.6736613603473227,0.10549777117384844,5.607931404072883,0.22186495176848875,0.005065123010130246,0.017792068595927118,0.9743589743589743,63.662553024470526,6.645704949956977,35.23187355645125,0.6759228769497401,-5.336572242991869,43.499147579470886,-0.32568586763935037,87.96059125627494,-0.06220352713362993,71.11855290066205,-0.04796416550063031,86.5863777654761,-0.08317991064176916,89.86823320093035,-0.011194029850746268,99.99106746463983,-0.0011621817677959362,3.443884479032692,-0.07400006724291808,25.011343813723023,-0.009536828742475925,34.89522344116199,-3.6506357680954142,35.45565860246091,-15.73637064956256,30.8748527361617,-0.098686404127442,12.740136109503677,18.377690155914564,18.377690155914564,0.18619903915716146,104.69821527217704,0.3009214437965578,80.73206627842109,0.0015880715497686325,45.659806011137064,0.01245421245421241,1.2947435130808063
dpo_len256,1376,4,2142,0.0029069767441860465,138,1376,9.971014492753623,0.37681159420289856,0.07971014492753623,0.16666666666666666,12,0.08695652173913043,33,0.06653225806451613,0,0.0,43,0.03125,0.4953271028037383,0.07971014492753623,6.332848837209302,0.29941860465116277,0.011682242990654205,0.003633720930232558,1.0,45.493484504008606,9.95436939092976,47.287902357305256,0.7684702336096458,2,4,2.0,0.0,0.0,0.0,0,0.0,0,0.0,0,0.0,1,0.25,0.0,0.0,6.5,0.25,0.3333333333333333,0.0,1.0,73.625,9.481300000000001,54.0,1.0,-7.971014492753623,79.94185244769213,-0.37681159420289856,99.99973461608892,-0.07971014492753623,99.9987454702841,-0.08695652173913043,99.99885001322485,-0.06653225806451613,99.99849699228763,0.0,0.0,0.21875,-699.977600716777,-0.04941860465116277,16.504799246107368,-0.003633720930232558,99.97248757142034,-0.4730693909297585,4.7523788281056,6.712097642694744,-14.194111318445307,0.23152976639035416,-30.128618517419024,28.131515495991394,28.131515495991394,-0.16666666666666666,-99.99940000359999,-0.4953271028037383,-99.99979811361513,0.32165109034267914,2753.097668172938,0.0,0.0,325,2142,6.590769230769231,0.046153846153846156,0.021538461538461538,0.32,9,0.027692307692307693,11,0.012971698113207548,0,0.0,58,0.02707749766573296,0.6211180124223602,0.07076923076923076,5.548085901027077,0.21101774042950514,0.09627329192546584,0.0014005602240896359,1.0,65.11987856088979,6.354586267166043,34.626376120758145,0.6720496894409937,-3.380245261984392,33.90071216358018,-0.3306577480490524,87.75124641163305,-0.05817168338907469,72.97810543551643,-0.059264214046822736,68.15306239362862,-0.05356055995130858,80.50193468561521,0.0,0.0,-0.004172502334267039,13.351580219087515,-0.08840086422165763,29.52407352372554,-0.0022331607061429224,61.43967443464881,-3.599783123763716,36.1628408667993,-12.661526236547111,26.775402032264346,-0.09642054416865209,12.547059662304816,19.626394056881182,19.626394056881182,0.15333333333333335,91.99944800331198,0.12579090961862188,25.395471992523603,0.08459104893481163,724.0374012804381,0.0,0.0
dpo_len256,481,11,673,0.02286902286902287,26,481,18.5,0.7692307692307693,0.07692307692307693,0.07692307692307693,5,0.19230769230769232,14,0.08,0,0.0,28,0.058212058212058215,0.3067484662576687,0.15384615384615385,7.01039501039501,0.34511434511434513,0.0736196319018405,0.02494802494802495,1.0,23.866093366093338,13.525589604989605,63.65157815157815,0.7778703703703704,3,11,3.6666666666666665,0.0,0.0,0.0,0,0.0,0,0.0,0,0.0,1,0.09090909090909091,0.0,0.0,7.7272727272727275,0.5454545454545454,0.16666666666666666,0.0,1.0,14.954545454545467,17.960963636363637,69.13636363636363,1.0,-14.833333333333334,80.18017584611663,-0.7692307692307693,99.999870000169,-0.07692307692307693,99.99870001689978,-0.19230769230769232,99.99948000270399,-0.08,99.99875001562481,0.0,0.0,0.032697032697032696,-56.1678662851282,0.20034020034020028,-58.05021514584426,-0.02494802494802495,99.99599182732759,4.435374031374032,-32.79246105332966,5.484785484785476,-8.61688831273794,0.22212962962962957,-28.55608756032071,-8.91154791154787,-8.91154791154787,-0.07692307692307693,-99.99870001689978,-0.3067484662576687,-99.99967400106277,0.09304703476482616,126.38717212980075,0.0,0.0,101,673,6.663366336633663,0.0,0.0,0.25742574257425743,2,0.019801980198019802,3,0.011494252873563218,0,0.0,27,0.04011887072808321,0.49099099099099097,0.0,6.344725111441307,0.2689450222882615,0.25675675675675674,0.017830609212481426,1.0,51.856782834101395,8.94364591013825,44.725806451612904,0.6995192307692307,-11.836633663366337,63.9818001272883,-0.7692307692307693,99.999870000169,-0.07692307692307693,99.99870001689978,-0.17250571210967253,89.70250384400971,-0.06850574712643678,85.63111351912698,0.0,0.0,-0.018093187483975003,31.08097742960907,-0.07616932282608363,22.070685614065315,-0.007117415735543524,28.527831249401043,-4.581943694851356,33.87610810252583,-18.925771699965246,29.733389103977963,-0.07835113960113971,10.072505890509136,27.990689468008057,27.990689468008057,0.1805026656511805,234.65041489114105,0.18424252473332225,60.062867258115794,0.18313712485491623,248.7578823000266,0.0,0.0
dpo_len256,316,5,891,0.015822784810126583,19,316,16.63157894736842,0.631578947368421,0.05263157894736842,0.05263157894736842,4,0.21052631578947367,12,0.10084033613445378,1,0.02857142857142857,25,0.07911392405063292,0.3017241379310345,0.0,7.158227848101266,0.3639240506329114,0.06896551724137931,0.0,0.7142857142857143,22.326785714285705,13.9883373015873,65.08432539682539,0.8044943820224719,2,5,2.5,0.0,0.0,0.0,0,0.0,0,0.0,0,0.0,1,0.2,0.0,0.0,8.0,0.4,0.3333333333333333,0.0,1.0,22.900000000000006,17.423000000000002,85.0,1.0,-14.131578947368421,84.96834932152329,-0.631578947368421,99.99984166691735,-0.05263157894736842,99.99810003609932,-0.21052631578947367,99.99952500225623,-0.10084033613445378,99.99900834316726,-0.02857142857142857,99.99650012249572,0.1208860759493671,-152.79806863241248,0.03607594936708863,-9.913016239016255,0.0,0.0,3.4346626984127013,-24.553757739923686,19.915674603174608,-30.599801374215396,0.19550561797752808,-24.301645770300645,0.5732142857143003,0.5732142857143003,-0.05263157894736842,-99.99810003609932,-0.3017241379310345,-99.99966857252703,0.26436781609195403,383.3277750805947,0.2857142857142857,39.99994400007839,137,891,6.5036496350364965,0.058394160583941604,0.014598540145985401,0.24087591240875914,8,0.058394160583941604,7,0.01832460732984293,1,0.006802721088435374,60,0.06734006734006734,0.4427710843373494,0.0,6.041526374859708,0.2716049382716049,0.02108433734939759,0.001122334455667789,1.0,55.235599235599224,9.342034743834743,47.420966420966415,0.696627078384798,-10.127929312331926,60.895773849401756,-0.5731847867844794,90.7541142135284,-0.03803303880138302,72.26140075601339,-0.15213215520553208,72.26243047608298,-0.08251572880461086,81.82728627731684,-0.021768707482993196,76.18780961713959,-0.011773856710565578,14.881966774094865,-0.09231911236130647,25.36761682130756,0.001122334455667789,0.0,-4.646302557752557,33.21554324451338,-17.663358975858976,27.13918996128773,-0.10786730363767394,13.408069958897647,32.90881352131352,32.90881352131352,0.18824433346139072,357.65743808531874,0.14104694640631493,46.74683301944638,-0.04788117989198172,-69.42670415616323,0.2857142857142857,39.99994400007839
dpo_len256,262,138,556,0.5267175572519084,20,262,13.1,0.4,0.15,0.05,1,0.05,3,0.03409090909090909,0,0.0,10,0.03816793893129771,0.4782608695652174,0.15,6.366412213740458,0.27099236641221375,0.043478260869565216,0.007633587786259542,1.0,41.4895038167939,9.779693893129771,48.43606870229008,0.8179342723004694,9,138,15.333333333333334,0.4444444444444444,0.1111111111111111,0.0,0,0.0,2,0.047619047619047616,0,0.0,7,0.050724637681159424,0.5161290322580645,0.1111111111111111,6.688405797101449,0.30434782608695654,0.0967741935483871,0.014492753623188406,1.0,29.82608695652175,11.972991304347826,57.78260869565217,0.8146067415730339,2.2333333333333343,-17.04834475457929,0.0444444444444444,-11.111083333402766,-0.03888888888888889,25.925753087572012,-0.05,99.9980000399992,0.013528138528138528,-39.681375695519286,0.0,0.0,0.012556698749861712,-32.89768880519099,0.03335545967474279,-12.308588994759784,0.006859165836928864,-89.84330299107629,2.1932974112180545,-22.427053555206967,9.346539993362093,-19.296652372519368,-0.0033275307274355237,0.4068207888965022,-11.66341686027215,-11.66341686027215,-0.05,-99.9980000399992,0.037868162692847096,7.9178720074992865,0.05329593267882188,122.57782587129529,0.0,0.0,79,556,7.037974683544304,0.0379746835443038,0.012658227848101266,0.24050632911392406,1,0.012658227848101266,0,0.0,0,0.0,6,0.01079136690647482,0.6280487804878049,0.06329113924050633,5.528776978417266,0.19784172661870503,0.006097560975609756,0.0017985611510791368,1.0,62.01159072741805,5.840723900879297,32.182653876898485,0.7018934911242602,-6.062025316455696,46.27499888324967,-0.36202531645569624,90.50610284866694,-0.13734177215189872,91.56057103079227,-0.03734177215189874,74.68205066278422,-0.03409090909090909,99.99706675270859,0.0,0.0,-0.02737657202482289,71.72473951686062,-0.07315063979350872,26.993516764627273,-0.005835026635180405,76.42883674324995,-3.938969992250474,40.27702331508929,-16.253414825391594,33.55642793746976,-0.1160407811762092,14.187037178362626,20.522086910624154,20.522086910624154,0.19050632911392407,381.0050381270856,0.14978791092258747,31.319224979979698,-0.03738069989395546,-85.97363236255322,0.0,0.0
dpo_len256,1338,32,1602,0.02391629297458894,147,1338,9.10204081632653,0.25170068027210885,0.1360544217687075,0.4013605442176871,11,0.07482993197278912,6,0.012422360248447204,1,0.004081632653061225,24,0.017937219730941704,0.7205882352941176,0.10204081632653061,5.7757847533632285,0.22869955156950672,0.0058823529411764705,0.0037369207772795215,0.9565217391304348,57.662927591595775,7.75269575273485,41.60005209237715,0.747478665632273,5,32,6.4,0.2,0.2,0.2,0,0.0,0,0.0,0,0.0,2,0.0625,0.36363636363636365,0.0,6.5,0.28125,0.0,0.03125,1.0,50.65625,11.38395,59.75,0.875,-2.70204081632653,29.68609539323167,-0.051700680272108834,20.540458933852342,0.06394557823129252,-46.999654552539035,-0.07482993197278912,99.99866365422207,-0.012422360248447204,99.99195064797284,-0.004081632653061225,99.97550600102974,0.0445627802690583,-248.42365038149126,0.05255044843049328,-22.977840704735744,0.027513079222720477,-736.0530322085809,3.631254247265151,-46.838595176371186,18.149947907622852,-43.62962678754051,0.12752133436772695,-17.060174374089502,-7.006677591595775,-7.006677591595775,-0.20136054421768707,-50.16936652717153,-0.356951871657754,-49.536109363618166,-0.0058823529411764705,-99.98300288950878,0.04347826086956519,4.545449793393395,286,1602,5.601398601398602,0.01048951048951049,0.024475524475524476,0.3916083916083916,1,0.0034965034965034965,4,0.006172839506172839,0,0.0,30,0.018726591760299626,0.7413394919168591,0.06293706293706294,5.521847690387016,0.19225967540574282,0.17782909930715934,0.01435705368289638,1.0,66.9791015898177,5.843676236654389,33.613595039395776,0.7005666452028332,-3.500642214927929,38.459966297328485,-0.24121116978259835,95.83216509394397,-0.11157889729318302,82.00988673782199,-0.07133342847628561,95.326125969171,-0.006249520742274365,50.30459245561597,-0.004081632653061225,99.97550600102974,0.0007893720293579223,-4.400503735587158,-0.0364398761637639,15.933444809681225,0.010620132905616858,-284.118726383127,-1.9090195160804608,24.623941538884946,-7.986457052981372,19.198189567803272,-0.04691202042943987,6.276026303639745,9.316173998221927,9.316173998221927,-0.009752152609295461,-2.4297675623866377,0.020751256622741465,2.8797622287920492,0.17194674636598287,2922.597846587789,0.04347826086956519,4.545449793393395
dpo_len256,1098,12,1255,0.01092896174863388,72,1098,15.25,0.5277777777777778,0.16666666666666666,0.25,3,0.041666666666666664,46,0.11138014527845036,0,0.0,89,0.08105646630236794,0.3726027397260274,0.08333333333333333,6.858834244080145,0.33697632058287796,0.049315068493150684,0.02185792349726776,1.0,30.966095380029827,12.153339526411658,56.70922338135453,0.7890562440419447,2,12,6.0,0.0,0.0,0.0,0,0.0,0,0.0,0,0.0,2,0.16666666666666666,0.0,0.0,5.583333333333333,0.3333333333333333,0.16666666666666666,0.08333333333333333,1.0,63.875,8.659633333333334,37.333333333333336,1.0,-9.25,60.65573372749288,-0.5277777777777778,99.99981052667478,-0.16666666666666666,99.99940000359999,-0.041666666666666664,99.99760005759862,-0.11138014527845036,99.99910218197388,0.0,0.0,0.08561020036429871,-105.61667452686929,-0.003642987249544649,1.0810778729094541,0.06147540983606557,-281.2371334011469,-3.4937061930783244,28.74687980218934,-19.375890048021198,34.1670870293049,0.21094375595805526,-26.7336441748505,32.90890461997017,32.90890461997017,-0.25,-99.99960000160002,-0.3726027397260274,-99.99973161836736,0.11735159817351598,237.95813770072627,0.0,0.0,169,1255,7.42603550295858,0.04142011834319527,0.0,0.3254437869822485,4,0.023668639053254437,5,0.00980392156862745,0,0.0,57,0.04541832669322709,0.5788235294117647,0.047337278106508875,5.780876494023905,0.21593625498007968,0.12470588235294118,0.05976095617529881,1.0,59.751034571391855,6.653609330420254,35.98522040868783,0.7160364842454395,-7.82396449704142,51.304681862259685,-0.48635765943458253,92.15180297366263,-0.16666666666666666,99.99940000359999,-0.017998027613412227,43.19422961067869,-0.10157622370982292,91.19696467107124,0.0,0.0,-0.035638139609140855,43.96651071747076,-0.12104006560279829,35.91935071281127,0.03790303267803105,-173.39844152329235,-5.499730195991404,45.25282727032442,-20.724002972666703,36.54432448820542,-0.07301975979650521,9.254051001732345,28.784939191362028,28.784939191362028,0.07544378698224852,30.17739408332308,0.20622078968573732,55.34587222269155,0.07539081385979049,152.87271707447894,0.0,0.0
dpo_len256,3210,13,4270,0.004049844236760125,232,3210,13.836206896551724,0.521551724137931,0.23275862068965517,0.2413793103448276,12,0.05172413793103448,92,0.08318264014466546,2,0.0045045045045045045,133,0.041433021806853584,0.4895259095920617,0.09051724137931035,6.0398753894081,0.2722741433021807,0.008820286659316428,0.014641744548286604,1.0,51.679495192307684,9.394902403846155,47.05769230769231,0.787782347358431,1,13,13.0,1.0,0.0,0.0,0,0.0,2,0.3333333333333333,0,0.0,1,0.07692307692307693,0.0,0.0,4.153846153846154,0.23076923076923078,0.0,0.15384615384615385,1.0,83.5,5.406415384615385,29.576923076923077,0.9230769230769231,-0.8362068965517242,6.043613270368138,0.47844827586206895,-91.73536130079485,-0.23275862068965517,99.99957037221617,-0.05172413793103448,99.99806670404372,0.25015069318866784,-300.72102249147594,-0.0045045045045045045,99.97780492730614,0.03549005511622334,-85.65438151686485,-0.04150491253294991,15.243739119764701,0.13920440929786726,-950.6715686995717,-3.98848701923077,42.45373100481197,-17.48076923076923,37.147526795393794,0.13529457571849213,-17.174084241835956,31.820504807692316,31.820504807692316,-0.2413793103448276,-99.99958571600203,-0.4895259095920617,-99.99979572113803,-0.008820286659316428,-99.98866378524336,0.0,0.0,591,4270,7.225042301184433,0.05583756345177665,0.023688663282571912,0.32825719120135366,2,0.00338409475465313,15,0.009259259259259259,1,0.0013020833333333333,101,0.023653395784543327,0.6416040100250626,0.05583756345177665,5.485480093676815,0.19086651053864168,0.12949039264828738,0.01920374707259953,1.0,68.81903504941849,5.760538276505379,33.7478267772794,0.6713006396588486,-6.611164595367291,47.78162228261208,-0.4657141606861544,89.29378356827267,-0.20906995740708326,89.82226246443408,-0.04834004317638135,93.45560999921064,-0.0739233808854062,88.86769172020526,-0.0032024211711711714,71.0779706905067,-0.017779626022310258,42.91069330703817,-0.08140763276353902,29.899032198172392,0.004562002524312927,-31.15537875614133,-3.634364127340776,38.68442251202831,-13.309865530412907,28.284143558386454,-0.11648170769958244,14.786007865000578,17.139539857110805,17.139539857110805,0.08687788085652606,35.99211581608099,0.1520781004330009,31.066341288517197,0.12067010598897095,1367.942236198929,0.0,0.0
dpo_len256,769,9,1617,0.011703511053315995,98,769,7.846938775510204,0.15306122448979592,0.030612244897959183,0.12244897959183673,6,0.061224489795918366,21,0.06287425149700598,0,0.0,42,0.054616384915474644,0.35106382978723405,0.061224489795918366,7.215864759427828,0.33940182054616386,0.1347517730496454,0.005201560468140442,0.8947368421052632,36.51147822355719,11.210420606340666,50.38682686118858,0.7240555555555555,2,9,4.5,0.0,0.0,0.0,0,0.0,0,0.0,0,0.0,0,0.0,0.3333333333333333,0.0,7.333333333333333,0.3333333333333333,0.3333333333333333,0.0,1.0,45.5,9.197400000000002,37.833333333333336,1.0,-3.3469387755102042,42.65279040315545,-0.15306122448979592,99.99934667093508,-0.030612244897959183,99.99673344004096,-0.061224489795918366,99.99836669334401,-0.06287425149700598,99.99840954910526,0.0,0.0,-0.054616384915474644,99.9981690811423,-0.006068487212830542,1.7879896233817942,-0.005201560468140442,99.98077869529583,-2.013020606340664,17.95668956109635,-12.553493527855245,24.914236638271912,0.27594444444444455,-38.11089649381289,8.98852177644281,8.98852177644281,-0.12244897959183673,-99.99918334000272,-0.017730496453900735,-5.050490664258923,0.19858156028368792,147.36732743193852,0.10526315789473684,11.764692733578709,231,1617,7.0,0.06060606060606061,0.004329004329004329,0.24675324675324675,3,0.012987012987012988,8,0.012030075187969926,0,0.0,38,0.02350030921459493,0.46950092421441775,0.06493506493506493,5.892393320964749,0.20655534941249226,0.059149722735674676,0.006184291898577613,1.0,60.48197853833173,6.787148624383514,38.181286767790716,0.6690051020408163,-0.8469387755102042,10.793236595920435,-0.09245516388373531,60.40364576688806,-0.026283240568954855,85.8557812363988,-0.048237476808905375,78.78659194021043,-0.05084417630903606,80.86516570268856,0.0,0.0,-0.031116075700879715,56.97100977836025,-0.1328464711336716,39.14123958071306,0.0009827314304371709,-18.889380266798316,-4.423271981957152,39.456785277864384,-12.205540093397865,24.223672359417204,-0.05505045351473914,7.60305988425171,23.97050031477454,23.97050031477454,0.12430426716141002,101.51432248151792,0.1184370944271837,33.73653079944338,-0.07560205031397071,-56.10426309083638,0.10526315789473684,11.764692733578709
dpo_len256,493,10,637,0.02028397565922921,51,493,9.666666666666666,0.23529411764705882,0.09803921568627451,0.27450980392156865,1,0.0196078431372549,16,0.09090909090909091,1,0.01282051282051282,34,0.06896551724137931,0.5306122448979592,0.0392156862745098,6.657200811359027,0.3204868154158215,0.034013605442176874,0.0,1.0,41.1275185577943,10.846016295510783,49.9232944503358,0.7405405405405405,2,10,5.0,0.0,0.0,0.0,0,0.0,0,0.0,0,0.0,1,0.1,1.0,0.0,7.1,0.4,0.0,0.0,1.0,22.900000000000006,11.581000000000001,45.0,1.0,-4.666666666666666,48.275857074911336,-0.23529411764705882,99.99957500180624,-0.09803921568627451,99.9989800104039,-0.0196078431372549,99.99490026008672,-0.09090909090909091,99.99890001209987,-0.01282051282051282,99.99220060835256,0.031034482758620696,-44.999347509461124,0.0795131845841785,-24.81004916864405,0.0,0.0,0.7349837044892187,-6.776530817385217,-4.923294450335803,9.861717672931961,0.2594594594594595,-35.036449038371735,-18.227518557794298,-18.227518557794298,-0.27450980392156865,-99.99963571561275,0.4693877551020408,88.4613717458763,-0.034013605442176874,-99.99706008643345,0.0,0.0,96,637,6.635416666666667,0.03125,0.010416666666666666,0.34375,0,0.0,2,0.008298755186721992,0,0.0,44,0.06907378335949764,0.5898876404494382,0.08333333333333333,6.342229199372056,0.27001569858712715,0.30337078651685395,0.0,1.0,52.10519022423783,8.507256464523131,41.773145725526675,0.7111224489795918,-3.031249999999999,31.35775537678392,-0.20404411764705882,86.71838144687885,-0.08762254901960784,89.37408838429847,-0.0196078431372549,99.99490026008672,-0.08261033572236892,90.87036972053887,-0.01282051282051282,99.99220060835256,0.00010826611811833031,-0.1569835950094513,-0.05047111682869437,15.748217061921652,0.0,0.0,-2.3387598309876516,21.563305379898992,-8.150148724809128,16.32534200975771,-0.029418091560948767,3.972510649365563,10.977671666443527,10.977671666443527,0.06924019607843135,25.223122401482673,0.05927539555147898,11.171111185299958,0.2693571810746771,791.8868308867225,0.0,0.0
dpo_len256,180,7,187,0.03888888888888889,11,180,16.363636363636363,0.7272727272727273,0.0,0.18181818181818182,1,0.09090909090909091,10,0.16393442622950818,0,0.0,6,0.03333333333333333,0.40384615384615385,0.2727272727272727,7.061111111111111,0.37222222222222223,0.0,0.005555555555555556,1.0,29.73636363636362,13.175999999999998,59.6969696969697,0.7441221374045801,1,7,7.0,0.0,0.0,0.0,0,0.0,1,0.3333333333333333,0,0.0,0,0.0,0.3333333333333333,0.0,8.0,0.42857142857142855,0.0,0.14285714285714285,1.0,22.571428571428555,14.598257142857143,64.14285714285714,0.8571428571428571,-9.363636363636363,57.22221872530885,-0.7272727272727273,99.99986250018907,0.0,0.0,-0.09090909090909091,99.99890001209987,0.16939890710382513,-103.33270300384501,0.0,0.0,-0.03333333333333333,99.9970000899973,0.056349206349206316,-15.138552079796112,0.13730158730158729,-2470.9837943455886,1.4222571428571449,-10.794300507848664,4.445887445887436,-7.44742554602208,0.11302071973827699,-15.188443156394902,-7.164935064935065,-7.164935064935065,-0.18181818181818182,-99.99945000302498,-0.07051282051282054,-17.46027422535272,0.0,0.0,0.0,0.0,27,187,6.925925925925926,0.0,0.0,0.2222222222222222,0,0.0,0,0.0,0,0.0,4,0.0213903743315508,0.5166666666666667,0.1111111111111111,5.925133689839572,0.2192513368983957,0.25,0.0,1.0,65.50592885375495,6.706119925598699,37.00744013020228,0.6433333333333333,-9.437710437710438,57.67489359476473,-0.7272727272727273,99.99986250018907,0.0,0.0,-0.09090909090909091,99.99890001209987,-0.16393442622950818,99.99939000372098,0.0,0.0,-0.011942959001782532,35.82780217128246,-0.15297088532382652,41.096545350010665,-0.005555555555555556,99.98200323941691,-6.469880074401299,49.103518392274715,-22.68952956676742,38.007840769580575,-0.1007888040712468,13.54464053124152,35.76956521739133,35.76956521739133,0.04040404040404039,22.222100000672206,0.11282051282051286,27.936438760564354,0.25,0.0,0.0,0.0
dpo_len256,471,60,643,0.12738853503184713,32,471,14.71875,0.46875,0.03125,0.125,2,0.0625,17,0.09770114942528736,0,0.0,11,0.02335456475583864,0.3,0.0625,6.176220806794055,0.3036093418259023,0.025,0.0021231422505307855,1.0,49.79246284501059,10.174677707006369,49.17675159235669,0.7841232227488151,5,60,12.0,0.2,0.2,0.0,0,0.0,4,0.19047619047619047,0,0.0,2,0.03333333333333333,0.21052631578947367,0.0,6.066666666666666,0.2833333333333333,0.0,0.0,1.0,61.724999999999994,9.9489,52.0,0.7836363636363637,-2.71875,18.47133632466505,-0.26875,57.333211022483155,0.16875,-539.9827205529423,-0.0625,99.9984000255996,0.0927750410509031,-94.95701128033829,0.0,0.0,0.009978768577494693,-42.725443301473184,-0.020276008492568998,6.678299681963984,-0.0021231422505307855,99.9529221736562,-0.2257777070063689,2.219015592609293,2.8232484076433124,-5.741022452308322,-0.0004868591124513877,0.06208953866323133,11.932537154989404,11.932537154989404,-0.125,-99.99920000639995,-0.08947368421052632,-29.82446198863548,-0.025,-99.9960001599936,0.0,0.0,95,643,6.768421052631579,0.031578947368421054,0.0,0.23157894736842105,3,0.031578947368421054,2,0.00816326530612245,0,0.0,1,0.0015552099533437014,0.5490196078431373,0.05263157894736842,5.363919129082426,0.2192846034214619,0.10784313725490197,0.0,1.0,69.82396862823795,6.355371792170438,34.2856736734728,0.6861952861952862,-7.950328947368421,54.014970070275815,-0.43717105263157896,93.26295893375779,-0.03125,99.99680010239672,-0.030921052631578946,49.472892644244006,-0.08953788411916491,91.64371986271843,0.0,0.0,-0.02179935480249494,93.33687722984875,-0.08432473840444044,27.774000680383388,-0.0021231422505307855,99.9529221736562,-3.8193059148359314,37.5373613734449,-14.891077918883887,30.280726428443224,-0.09792793655352883,12.488829411522833,20.03150578322736,20.03150578322736,0.10657894736842105,85.26247579493048,0.24901960784313731,83.00625926018158,0.08284313725490197,331.3592946478219,0.0,0.0
dpo_len256,1016,51,513,0.05019685039370079,82,1016,12.390243902439025,0.4024390243902439,0.036585365853658534,0.14634146341463414,5,0.06097560975609756,41,0.1,0,0.0,69,0.06791338582677166,0.23622047244094488,0.024390243902439025,6.647637795275591,0.3464566929133858,0.007874015748031496,0.010826771653543307,0.84,35.98101762960377,12.08104862977832,55.52046604992145,0.7276111685625646,4,51,12.75,0.5,0.0,0.25,0,0.0,0,0.0,0,0.0,3,0.058823529411764705,0.5333333333333333,0.5,6.313725490196078,0.3137254901960784,0.0,0.0,1.0,37.970588235294116,11.52347843137255,54.254901960784316,0.78,0.35975609756097526,-2.9035430727455367,0.09756097560975607,-24.24236400382277,-0.036585365853658534,99.99726674137574,-0.06097560975609756,99.99836002689555,-0.1,99.99900000999989,0.0,0.0,-0.009089856415006953,13.384287149695103,-0.032731202717307395,9.447388061170914,-0.010826771653543307,99.99076448938898,-0.5575701984057702,4.615246319586565,-1.2655640891371362,2.2794550485304805,0.052388831437435446,-7.200103805428693,1.9895706056903464,1.9895706056903464,0.10365853658536586,70.83284930886306,0.2971128608923884,125.77724532077256,-0.007874015748031496,-99.9873016126952,0.16000000000000003,19.047596371909084,76,513,6.75,0.02631578947368421,0.0,0.3026315789473684,3,0.039473684210526314,3,0.013157894736842105,0,0.0,20,0.03898635477582846,0.3645833333333333,0.02631578947368421,5.94541910331384,0.23976608187134502,0.0625,0.003898635477582846,1.0,57.713244378552005,7.772221173434369,40.75361721988853,0.6665086206896551,-5.640243902439025,45.52164986931567,-0.37612323491655975,93.4606928042115,-0.036585365853658534,99.99726674137574,-0.021501925545571246,35.26257958843159,-0.0868421052631579,86.84123685078939,0.0,0.0,-0.0289270310509432,42.59337796962046,-0.1066906110420408,30.794701120610817,-0.006928136175960461,63.98487516767387,-4.30882745634395,35.666002445045955,-14.76684883003292,26.597126455646077,-0.061102547872909474,8.397680868040004,21.732226748948236,21.732226748948236,0.15629011553273428,106.79751583101024,0.12836286089238844,54.34004773824235,0.054625984251968504,693.6619049380729,0.16000000000000003,19.047596371909084
dpo_len256,126,15,216,0.11904761904761904,18,126,7.0,0.16666666666666666,0.0,0.05555555555555555,2,0.1111111111111111,4,0.08,0,0.0,9,0.07142857142857142,0.3125,0.05555555555555555,7.436507936507937,0.3888888888888889,0.0,0.0,1.0,36.129120879120904,12.840315750915751,54.930402930402934,0.6932467532467533,2,15,7.5,0.5,0.0,0.0,0,0.0,2,0.2857142857142857,0,0.0,4,0.26666666666666666,0.2857142857142857,0.0,7.533333333333333,0.4666666666666667,0.0,0.0,1.0,32.400000000000006,15.407666666666668,61.666666666666664,0.8666666666666667,0.5,-7.142856122449125,0.33333333333333337,-199.99880000719997,0.0,0.0,-0.1111111111111111,99.99910000809993,0.20571428571428568,-257.13964289732087,0.0,0.0,0.19523809523809524,-273.32950672023924,0.07777777777777778,-19.999948571560815,0.0,0.0,2.5673509157509162,-19.99445158210616,6.73626373626373,-12.263269982137045,0.17341991341991336,-25.015575255414724,-3.7291208791208987,-3.7291208791208987,-0.05555555555555555,-99.99820003239942,-0.0267857142857143,-8.57140114294492,0.0,0.0,0.0,0.0,40,216,5.4,0.0,0.025,0.35,0,0.0,1,0.010638297872340425,0,0.0,9,0.041666666666666664,0.4146341463414634,0.025,6.444444444444445,0.2916666666666667,0.18292682926829268,0.0,1.0,58.23750000000001,8.961154814814815,42.84814814814815,0.6663473053892216,-1.5999999999999996,22.857139591837196,-0.16666666666666666,99.99940000359999,0.025,0.0,-0.1111111111111111,99.99910000809993,-0.06936170212765957,86.70104389652576,0.0,0.0,-0.02976190476190476,41.666083341499885,-0.09722222222222221,24.99993571445102,0.0,0.0,-3.879160936100936,30.2107884980663,-12.082254782254786,21.995568788394596,-0.026899447857531733,3.8802070012561862,22.108379120879107,22.108379120879107,0.2944444444444444,529.9904601717168,0.1021341463414634,32.68282224423711,0.18292682926829268,0.0,0.0,0.0
dpo_len256,1751,38,1831,0.021701884637350087,142,1751,12.330985915492958,0.43661971830985913,0.09154929577464789,0.04929577464788732,18,0.1267605633802817,99,0.14820359281437126,1,0.005847953216374269,128,0.07310108509423187,0.2671875,0.0,7.712164477441462,0.3986293546544831,0.01875,0.006853226727584237,0.9719626168224299,23.120103092783495,13.827788636884305,60.54083619702176,0.7410458284371327,5,38,7.6,0.2,0.2,0.0,0,0.0,3,0.21428571428571427,0,0.0,3,0.07894736842105263,0.38461538461538464,0.0,7.657894736842105,0.4473684210526316,0.07692307692307693,0.0,1.0,16.464912280701753,14.752340350877194,60.03508771929825,0.8421052631578947,-4.730985915492958,38.36664451852455,-0.23661971830985912,54.19342426667345,0.10845070422535212,-118.46024451117533,-0.1267605633802817,99.99921111733453,0.06608212147134301,-44.58844372934648,-0.005847953216374269,99.98290292360007,0.005846283326820759,-7.997423492482652,0.048739066398148456,-12.226631973471648,-0.006853226727584237,99.98541046219006,0.9245517139928889,-6.686185849448677,-0.5057484777235146,0.8353840170356851,0.10105943472076195,-13.637388467594716,-6.655190812081742,-6.655190812081742,-0.04929577464788732,-99.99797146972162,0.11742788461538461,43.949453144646796,0.058173076923076925,310.2398641303233,0.028037383177570097,2.8846124167929945,306,1831,5.983660130718954,0.0032679738562091504,0.0032679738562091504,0.13398692810457516,7,0.02287581699346405,10,0.013550135501355014,0,0.0,54,0.02949208083014746,0.46646341463414637,0.07516339869281045,6.4210813762971055,0.2534134352812671,0.21341463414634146,0.002184598580010923,0.984375,58.85483449523993,7.931088603034878,41.36935993403369,0.6713243546576879,-6.347325784774004,51.474596707251926,-0.43335174445365,99.2513012509202,-0.08828132191843874,96.42931371379098,-0.10388474638681763,81.9528756324706,-0.13465345731301626,90.85646723625628,-0.005847953216374269,99.98290292360007,-0.04360900426408441,59.65493899096098,-0.14521591937321604,36.42871589623009,-0.004668628147573314,68.11312687957677,-5.896700033849427,42.64383671357383,-19.171476262988072,31.66701544049872,-0.06972147377944482,9.40851119037745,35.73473140245643,35.73473140245643,0.08469115345668785,171.79856909830792,0.19927591463414634,74.58251932030994,0.19466463414634147,1038.1560137930855,0.012412383177570097,1.2770419553510655
dpo_len256,451,43,570,0.09534368070953436,37,451,12.18918918918919,0.5135135135135135,0.05405405405405406,0.13513513513513514,4,0.10810810810810811,30,0.17751479289940827,0,0.0,39,0.08647450110864745,0.3469387755102041,0.0,6.7073170731707314,0.35476718403547675,0.0,0.008869179600886918,1.0,41.928668646374646,11.413406780499876,51.002289037366985,0.6673631840796019,4,43,10.75,0.5,0.0,0.0,1,0.25,1,0.058823529411764705,0,0.0,5,0.11627906976744186,0.29411764705882354,0.0,6.883720930232558,0.32558139534883723,0.0,0.0,1.0,43.224806201550365,11.580370542635661,53.86821705426357,0.7906976744186046,-1.4391891891891895,11.807094375027736,-0.013513513513513487,2.6315738227246555,-0.05405405405405406,99.99815003422437,0.14189189189189189,-131.24878594872996,-0.11869126348764357,66.86236844003034,0.0,0.0,0.02980456865879441,-34.46591031759166,-0.029185788686639513,8.226720996976702,-0.008869179600886918,99.98872627111294,0.16696376213578468,-1.4628738878588645,2.865928016896582,-5.619214381936284,0.12333449033900268,-18.480837491916045,1.2961375551757186,1.2961375551757186,-0.13513513513513514,-99.99926000547596,-0.05282112845138054,-15.224869611361983,0.0,0.0,0.0,0.0,76,570,7.5,0.039473684210526314,0.013157894736842105,0.15789473684210525,0,0.0,12,0.05286343612334802,0,0.0,45,0.07894736842105263,0.4256410256410256,0.039473684210526314,6.180701754385965,0.28421052631578947,0.28205128205128205,0.007017543859649123,1.0,60.72807017543862,8.356140350877192,40.54824561403508,0.6114011516314779,-4.6891891891891895,38.470063362766425,-0.47403982930298716,92.31283962347297,-0.04089615931721195,75.65649509168291,-0.10810810810810811,99.99907500855618,-0.12465135677606026,70.21986874525335,0.0,0.0,-0.00752713268759482,8.70435278326721,-0.07055665771968728,19.888101835149804,-0.001851635741237795,20.87483934432007,-3.0572664296226844,26.78662226408934,-10.454043423331903,20.49720397980702,-0.05596203244812403,8.385531286085468,18.79940152906397,18.79940152906397,0.022759601706970112,16.8419806325012,0.07870225013082155,22.684700828863825,0.28205128205128205,0.0,0.0,0.0
dpo_len256,1297,78,1047,0.06013878180416345,172,1297,7.540697674418604,0.20348837209302326,0.023255813953488372,0.040697674418604654,4,0.023255813953488372,16,0.03361344537815126,0,0.0,27,0.02081727062451812,0.2561247216035635,0.06395348837209303,6.043947571318427,0.26676946800308404,0.0467706013363029,0.005397070161912105,0.984375,53.07012491888382,9.189732877537777,46.801381292296284,0.7857051282051282,11,78,7.090909090909091,0.09090909090909091,0.0,0.0,0,0.0,0,0.0,0,0.0,1,0.01282051282051282,0.05714285714285714,0.09090909090909091,6.628205128205129,0.3076923076923077,0.0,0.0,1.0,45.0,10.021994871794874,46.92948717948718,0.8075862068965518,-0.44978858350951345,5.964813115201061,-0.11257928118393234,55.32440344474983,-0.023255813953488372,99.99570018489204,-0.023255813953488372,99.99570018489204,-0.03361344537815126,99.9970250885036,0.0,0.0,-0.0079967578040053,38.41220987197346,0.04092283968922367,-15.340093675117958,-0.005397070161912105,99.98147486101504,0.832261994257097,-9.056431941858218,0.12810588719089822,-0.2737224434757454,0.02188107869142364,-2.7848934742826694,-8.07012491888382,-8.07012491888382,-0.040697674418604654,-99.99754291751688,-0.19898186446070634,-77.68913766837306,-0.0467706013363029,-99.99786195047544,0.015625,1.587299974806375,158,1047,6.6265822784810124,0.05063291139240506,0.006329113924050633,0.27848101265822783,0,0.0,2,0.004454342984409799,1,0.007246376811594203,9,0.008595988538681949,0.3699731903485255,0.0379746835443038,5.33810888252149,0.17191977077363896,0.10187667560321716,0.0,1.0,71.61519036919461,5.58834800217133,35.70811431084359,0.7678557114228456,-0.9141153959375918,12.122423072528768,-0.1528554607006182,75.11717153991795,-0.01692670002943774,72.78168051432017,-0.023255813953488372,99.99570018489204,-0.02915910239374146,86.74574893535002,0.007246376811594203,0.0,-0.012221282085836171,58.70459802478938,-0.09484969722944508,35.55479657828863,-0.005397070161912105,99.98147486101504,-3.6013848753664472,39.18921835341954,-11.093266981452693,23.702861834657167,-0.01784941678228258,2.271767540245345,18.545065450310787,18.545065450310787,0.23778333823962317,584.2532751654556,0.11384846874496202,44.450228595618746,0.05510607426691426,117.8195158867532,0.015625,1.587299974806375
dpo_len256,279,32,296,0.11469534050179211,21,279,13.285714285714286,0.3333333333333333,0.14285714285714285,0.09523809523809523,1,0.047619047619047616,8,0.09302325581395349,0,0.0,14,0.05017921146953405,0.43209876543209874,0.42857142857142855,6.526881720430108,0.3046594982078853,0.0,0.04659498207885305,1.0,44.081935483870964,9.649446623655916,45.56860215053763,0.770695652173913,3,32,10.666666666666666,0.3333333333333333,0.3333333333333333,0.0,0,0.0,2,0.18181818181818182,0,0.0,4,0.125,0.4,0.3333333333333333,6.6875,0.3125,0.0,0.0,1.0,21.859375,13.8532125,69.5,0.75,-2.6190476190476204,19.713260164951755,0.0,0.0,0.19047619047619047,-133.33240000653328,-0.047619047619047616,99.99790004409907,0.08879492600422834,-95.45351932921268,0.0,0.0,0.07482078853046595,-149.10417142401232,0.007840501792114707,-2.5735209645606028,-0.04659498207885305,99.99785389221262,4.203765876344084,-43.56483438532195,23.93139784946237,-52.51729523155249,-0.020695652173913004,2.685317513127446,-22.222560483870964,-22.222560483870964,-0.09523809523809523,-99.99895001102487,-0.03209876543209872,-7.42855423677447,0.0,0.0,0.0,0.0,40,296,7.4,0.05,0.075,0.4,0,0.0,1,0.00980392156862745,0,0.0,9,0.030405405405405407,0.9411764705882353,0.325,6.091216216216216,0.24662162162162163,0.0,0.0,1.0,55.80552668052668,7.289140263340263,35.96812196812197,0.6557085020242915,-5.885714285714286,44.30107193432792,-0.2833333333333333,84.999745000765,-0.06785714285714285,47.49966750232748,-0.047619047619047616,99.99790004409907,-0.08321933424532604,89.45982262063232,0.0,0.0,-0.019773806064128645,39.40558535934813,-0.058037876586263665,19.050016962376752,-0.04659498207885305,99.99785389221262,-2.3603063603156524,24.460533414672252,-9.600480182415659,21.068190637093053,-0.11498715014962146,14.91989744931107,11.723591196655718,11.723591196655718,0.3047619047619048,319.99664003527965,0.5090777051561366,117.81485339318807,0.0,0.0,0.0,0.0
dpo_len256,208,20,242,0.09615384615384616,20,208,10.4,0.35,0.0,0.3,2,0.1,7,0.0875,0,0.0,18,0.08653846153846154,0.3918918918918919,0.0,7.913461538461538,0.5,0.013513513513513514,0.0,1.0,18.606138107416882,16.37080926399545,64.83347541915317,0.711194968553459,2,20,10.0,0.5,0.0,0.0,0,0.0,3,0.375,0,0.0,3,0.15,0.2857142857142857,0.0,6.45,0.4,0.0,0.0,1.0,47.14999999999999,12.902,55.0,0.8,-0.40000000000000036,3.8461534763314003,0.15000000000000002,-42.85702040851313,0.0,0.0,-0.1,99.99900000999989,0.2875,-328.5676735123027,0.0,0.0,0.06346153846153846,-73.33248593571807,-0.09999999999999998,19.999960000079994,0.0,0.0,-3.4688092639954515,21.188989476131496,-9.833475419153174,15.167280797313776,0.08880503144654106,-12.486717497452432,28.54386189258311,28.54386189258311,-0.3,-99.99966666777779,-0.10617760617760619,-27.093526923906673,-0.013513513513513514,-99.99260054755949,0.0,0.0,39,242,6.205128205128205,0.07692307692307693,0.05128205128205128,0.20512820512820512,1,0.02564102564102564,0,0.0,0,0.0,10,0.04132231404958678,0.5357142857142857,0.05128205128205128,6.31404958677686,0.24380165289256198,0.3333333333333333,0.0,0.0,56.88791322314049,7.613706198347108,38.141012396694215,0.6705699481865286,-4.194871794871795,40.3353018415267,-0.27307692307692305,78.02175510267773,0.05128205128205128,0.0,-0.07435897435897437,74.3582307766666,-0.0875,99.99885715591822,0.0,0.0,-0.04521614748887476,52.249166663440505,-0.25619834710743805,51.23956694235372,0.0,0.0,-8.757103065648343,53.492178605893194,-26.69246302245896,41.17080325893714,-0.04062502036693039,5.712211846414129,38.281775115723605,38.281775115723605,-0.09487179487179487,-31.62382621117759,0.1438223938223938,36.69941374238267,0.3198198198198198,2366.491546292241,-1.0,-99.99990000010001
dpo_len256,210,36,324,0.17142857142857143,18,210,11.666666666666666,0.5,0.05555555555555555,0.3333333333333333,3,0.16666666666666666,10,0.136986301369863,0,0.0,26,0.12380952380952381,0.5901639344262295,0.3333333333333333,7.319047619047619,0.3619047619047619,0.0,0.0,1.0,32.285714285714306,13.121466666666668,59.23809523809524,0.7760248447204969,4,36,9.0,0.25,0.25,0.0,1,0.25,0,0.0,0,0.0,5,0.1388888888888889,0.6,0.25,7.305555555555555,0.3611111111111111,0.0,0.0,1.0,42.625,12.200911111111111,53.44444444444444,0.8611111111111112,-2.666666666666666,22.85714089795935,-0.25,49.9999000002,0.19444444444444445,-349.99370011339795,0.08333333333333334,-49.999700001799994,-0.136986301369863,99.99927000532895,0.0,0.0,0.015079365079365081,-12.17938880750066,-0.0007936507936507908,0.21929763966003,0.0,0.0,-0.9205555555555573,7.015644735337843,-5.793650793650798,9.780278505852754,0.08508626639061423,-10.964359881758828,10.339285714285694,10.339285714285694,-0.3333333333333333,-99.9997000009,0.00983606557377048,1.6666638425973757,0.0,0.0,0.0,0.0,53,324,6.113207547169812,0.0,0.018867924528301886,0.39622641509433965,0,0.0,0,0.0,0,0.0,22,0.06790123456790123,0.8518518518518519,0.20754716981132076,5.811728395061729,0.19753086419753085,0.0,0.0,1.0,67.08333333333333,5.983383950617283,34.21913580246914,0.6376727272727273,-5.553459119496854,47.60107408702384,-0.5,99.9998000004,-0.03668763102725367,66.03654719120716,-0.16666666666666666,99.99940000359999,-0.136986301369863,99.99927000532895,0.0,0.0,-0.05590828924162258,45.15633043248782,-0.16437389770723104,45.41897781403305,0.0,0.0,-7.138082716049386,54.40003281174658,-25.0189594356261,42.234577112450715,-0.13835211744776965,17.828287342362966,34.79761904761902,34.79761904761902,0.06289308176100633,18.86786792469813,0.26168791742562236,44.34148865181913,0.0,0.0,0.0,0.0
dpo_len256,1395,23,1212,0.016487455197132617,85,1395,16.41176470588235,0.5411764705882353,0.023529411764705882,0.1411764705882353,4,0.047058823529411764,64,0.10509031198686371,0,0.0,33,0.023655913978494623,0.24087591240875914,0.011764705882352941,6.10752688172043,0.27813620071684586,0.029197080291970802,0.005017921146953405,0.961038961038961,48.52551294446236,10.294187578604658,52.22143169967856,0.7956463595839525,2,23,11.5,0.5,0.0,0.0,0,0.0,1,0.14285714285714285,0,0.0,0,0.0,0.2857142857142857,0.0,5.826086956521739,0.30434782608695654,0.0,0.0,1.0,56.586956521739125,10.590408695652172,50.630434782608695,0.782608695652174,-4.9117647058823515,29.928313588597373,-0.04117647058823526,7.608681592653572,-0.023529411764705882,99.99575018061732,-0.047058823529411764,99.9978750451553,0.03776683087027914,-35.937158035480564,0.0,0.0,-0.023655913978494623,99.99577290596352,0.02621162537011068,-9.423991218202813,-0.005017921146953405,99.98007539925972,0.29622111704751397,-2.8775567378197935,-1.590996917069866,3.046635901813661,-0.01303766393177852,1.638623414598645,8.061443577276762,8.061443577276762,-0.1411764705882353,-99.99929167168399,0.04483837330552656,18.614641335753056,-0.029197080291970802,-99.99657511730223,0.038961038961038974,4.054049835650848,172,1212,7.046511627906977,0.029069767441860465,0.005813953488372093,0.3430232558139535,8,0.046511627906976744,11,0.020257826887661142,1,0.005208333333333333,11,0.009075907590759076,0.4085106382978723,0.046511627906976744,5.403465346534653,0.19636963696369636,0.06595744680851064,0.0016501650165016502,0.9696969696969697,70.288884411697,6.261320308542483,36.50195717246143,0.6830954428202923,-9.365253077975375,57.064262589482695,-0.5121067031463747,94.62823768139093,-0.01771545827633379,75.28749795575548,-0.0005471956224350205,1.1627659888971547,-0.08483248509920256,80.72264347580561,0.005208333333333333,0.0,-0.014580006387735546,61.631058053428,-0.0817665637531495,29.397924313041084,-0.003367756130451755,67.10119628988505,-4.032867270062176,39.17615496615293,-15.71947452721713,30.101576526286856,-0.11255091676366014,14.145829230491447,21.763371467234634,21.763371467234634,0.2018467852257182,142.9737934705133,0.16763472588911318,69.5935215263152,0.036760366516539834,125.89994324609275,0.008658008658008698,0.9008999634779701
dpo_len256,147,6,208,0.04081632653061224,13,147,11.307692307692308,0.3076923076923077,0.0,0.38461538461538464,0,0.0,3,0.05660377358490566,0,0.0,6,0.04081632653061224,0.48,0.0,6.98639455782313,0.3741496598639456,0.0,0.0,0.0,38.015306122449005,12.526397278911563,54.42687074829932,0.7540816326530613,1,6,6.0,0.0,0.0,0.0,0,0.0,0,0.0,0,0.0,0,0.0,0.0,0.0,6.0,0.3333333333333333,0.0,0.0,1.0,66.75,8.721533333333335,39.333333333333336,1.0,-5.307692307692308,46.93877135915628,-0.3076923076923077,99.99967500105626,0.0,0.0,0.0,0.0,-0.05660377358490566,99.99823336454389,0.0,0.0,-0.04081632653061224,99.99755006002353,-0.04081632653061229,10.909061752144055,0.0,0.0,-3.8048639455782283,30.37476424475335,-15.093537414965986,27.731774636556466,0.24591836734693873,-32.611594100998346,28.734693877550995,28.734693877550995,-0.38461538461538464,-99.99974000067601,-0.48,-99.9997916671007,0.0,0.0,1.0,0.0,32,208,6.5,0.0,0.03125,0.46875,1,0.03125,1,0.012345679012345678,0,0.0,1,0.004807692307692308,0.6417910447761194,0.0,6.028846153846154,0.27884615384615385,0.208955223880597,0.0,1.0,65.69642857142858,8.55446098901099,42.043956043956044,0.6304402515723271,-4.807692307692308,42.51700304271402,-0.3076923076923077,99.99967500105626,0.03125,0.0,0.03125,0.0,-0.04425809457255998,78.18791909161868,0.0,0.0,-0.03600863422291993,88.21899248083805,-0.09530350601779175,25.47195989242608,0.0,0.0,-3.971936289900574,31.708526277560622,-12.382914704343278,22.75147240063491,-0.12364138108073419,16.39626424570093,27.68112244897958,27.68112244897958,0.08413461538461536,21.87494312514787,0.16179104477611939,33.70639744003021,0.208955223880597,0.0,1.0,0.0
dpo_len256,249,6,403,0.024096385542168676,22,249,11.318181818181818,0.3181818181818182,0.0,0.18181818181818182,4,0.18181818181818182,10,0.11235955056179775,0,0.0,18,0.07228915662650602,0.29545454545454547,0.0,7.742971887550201,0.40160642570281124,0.06818181818181818,0.028112449799196786,1.0,23.079772079772084,13.162697499208612,54.613643558088,0.785,1,6,6.0,0.0,0.0,0.0,0,0.0,0,0.0,0,0.0,2,0.3333333333333333,0.0,0.0,15.166666666666666,0.6666666666666666,0.6666666666666666,0.0,1.0,-99.0,20.58486666666667,72.66666666666667,1.0,-5.318181818181818,46.98794765568334,-0.3181818181818182,99.99968571527347,0.0,0.0,-0.18181818181818182,99.99945000302498,-0.11235955056179775,99.99911000792093,0.0,0.0,0.2610441767068273,-361.1061158098424,0.2650602409638554,-65.9998356604092,-0.028112449799196786,99.996442983671,7.422169167458058,-56.387899243489514,18.05302310857867,-33.05588421109155,0.21499999999999997,-27.38850014203803,-122.07977207977208,-122.07977207977208,-0.18181818181818182,-99.99945000302498,-0.29545454545454547,-99.9996615396071,0.5984848484848484,877.7649038925207,0.0,0.0,54,403,7.462962962962963,0.05555555555555555,0.0,0.24074074074074073,0,0.0,3,0.018404907975460124,0,0.0,31,0.07692307692307693,0.4253731343283582,0.1111111111111111,6.523573200992556,0.2630272952853598,0.21641791044776118,0.022332506203473945,1.0,48.58227458044941,8.021607509244337,39.16772541955058,0.7435593220338984,-3.8552188552188555,34.06217161491449,-0.26262626262626265,82.53942313006701,0.0,0.0,-0.18181818181818182,99.99945000302498,-0.09395464258633762,83.61888769374,0.0,0.0,0.004633920296570906,-6.410167736269402,-0.13857913041745146,34.506117553712706,-0.005779943595722842,20.55935375063069,-5.141089989964275,39.05802438818587,-15.445918138537422,28.282159638895514,-0.041440677966101624,5.279060531910357,25.502502500677323,25.502502500677323,0.058922558922558904,32.407229167646975,0.12991858887381275,43.972296635671086,0.148236092265943,217.4097466470989,0.0,0.0
dpo_len256,279,14,318,0.05017921146953405,17,279,16.41176470588235,0.5882352941176471,0.058823529411764705,0.11764705882352941,2,0.11764705882352941,16,0.17777777777777778,0,0.0,17,0.06093189964157706,0.36470588235294116,0.11764705882352941,7.448028673835125,0.4014336917562724,0.0,0.0,1.0,21.86895161290323,14.37449265232975,64.39090501792114,0.7775652173913044,2,14,7.0,0.0,0.0,0.5,0,0.0,1,0.16666666666666666,0,0.0,1,0.07142857142857142,0.3333333333333333,0.0,8.642857142857142,0.5,0.0,0.0,1.0,-6.678571428571445,17.1404,71.28571428571429,0.9285714285714286,-9.411764705882351,57.347666756593775,-0.5882352941176471,99.999830000289,-0.058823529411764705,99.99830002889951,-0.11764705882352941,99.99915000722494,-0.011111111111111127,6.249964843947761,0.0,0.0,0.010496671786994365,-17.22660803726473,0.09856630824372759,-24.553510264023537,0.0,0.0,2.7659073476702503,-19.24177236825288,6.89480926779315,-10.707737620393477,0.15100621118012425,-19.42036675496815,-28.547523041474676,-28.547523041474676,0.38235294117647056,324.99723752348103,-0.03137254901960784,-8.602126951157285,0.0,0.0,0.0,0.0,47,318,6.76595744680851,0.02127659574468085,0.0,0.2553191489361702,0,0.0,1,0.008130081300813009,0,0.0,7,0.0220125786163522,0.5283018867924528,0.0851063829787234,6.320754716981132,0.3490566037735849,0.16981132075471697,0.0,1.0,48.438005390835556,10.211225876010783,43.42048517520215,0.6977695167286245,-9.645807259073841,58.773732405993115,-0.5669586983729662,96.38281487261897,-0.058823529411764705,99.99830002889951,-0.11764705882352941,99.99915000722494,-0.1696476964769648,95.4262924953974,0.0,0.0,-0.03891932102522486,63.87242565864793,-0.05237708798268753,13.047474236354198,0.0,0.0,-4.163266776318967,28.962876028987665,-20.97041984271899,32.56736259757324,-0.07979570066267982,10.262238620704277,26.569053777932325,26.569053777932325,0.13767209011264078,117.02028192334832,0.16359600443951167,44.8568459646433,0.16981132075471697,0.0,0.0,0.0
dpo_len256,343,70,827,0.20408163265306123,43,343,7.976744186046512,0.20930232558139536,0.16279069767441862,0.06976744186046512,2,0.046511627906976744,4,0.03225806451612903,0,0.0,4,0.011661807580174927,0.48936170212765956,0.0,6.096209912536443,0.2594752186588921,0.010638297872340425,0.0058309037900874635,0.0,48.2727068849518,9.27900457501682,47.303094864319355,0.7063945578231292,9,70,7.777777777777778,0.2222222222222222,0.2222222222222222,0.1111111111111111,1,0.1111111111111111,0,0.0,0,0.0,3,0.04285714285714286,0.7058823529411765,0.0,5.757142857142857,0.22857142857142856,0.0,0.0,1.0,55.51190476190477,8.358666666666668,44.52380952380952,0.7123809523809524,-0.1989664082687339,2.494330753059281,0.01291989664082685,-6.172810013858317,0.059431524547803594,-36.507712246275545,0.06459948320413436,-138.88590284197778,-0.03225806451612903,99.99690009609702,0.0,0.0,0.031195335276967932,-267.4770638417756,-0.03090379008746355,11.910066458957354,-0.0058309037900874635,99.98285294072066,-0.9203379083501524,9.918497202201369,-2.779285340509837,5.875482967291888,0.005986394557823238,-0.8474564274259127,7.2391978769529715,7.2391978769529715,0.04134366925064599,59.25840988871751,0.21652065081351696,44.245433882092925,-0.010638297872340425,-99.99060088351696,1.0,0.0,122,827,6.778688524590164,0.02459016393442623,0.00819672131147541,0.1885245901639344,5,0.040983606557377046,3,0.009868421052631578,0,0.0,9,0.010882708585247884,0.6666666666666666,0.00819672131147541,5.758162031438936,0.21765417170495768,0.182648401826484,0.0036275695284159614,0.9,62.670243415172706,6.533141830608275,34.76083276378739,0.6873778920308483,-1.1980556614563476,15.019354805918478,-0.18471216164696913,88.2509444768172,-0.1545939763629432,94.9642878423255,-0.005528021349599697,11.8849903743463,-0.022389643463497453,69.40574315880419,0.0,0.0,-0.0007790989949270424,6.680201054258987,-0.04182104695393443,16.11748744069392,-0.002203334261671502,37.780703197067965,-2.7458627444085453,29.592209232006716,-12.542262100531964,26.514674930594918,-0.019016665792280896,2.692070410363818,14.397536530220904,14.397536530220904,0.1187571483034693,170.21613947030693,0.17730496453900707,36.23181001905489,0.1720101039541436,1616.7430033266373,0.9,0.0
dpo_len256,120,13,325,0.10833333333333334,10,120,12.0,0.5,0.2,0.0,1,0.1,4,0.08888888888888889,0,0.0,4,0.03333333333333333,0.37209302325581395,0.0,6.408333333333333,0.31666666666666665,0.046511627906976744,0.025,1.0,36.16806722689077,11.975635294117648,58.1764705882353,0.8008450704225354,1,13,13.0,1.0,0.0,0.0,0,0.0,0,0.0,0,0.0,0,0.0,0.75,0.0,6.384615384615385,0.3076923076923077,0.0,0.0,1.0,45.499999999999986,11.729369230769233,59.15384615384615,0.9230769230769231,1.0,-8.333332638888947,0.5,-99.9998000004,-0.2,99.99950000249999,-0.1,99.99900000999989,-0.08888888888888889,99.99887501265611,0.0,0.0,-0.03333333333333333,99.9970000899973,-0.008974358974358942,2.8339991476949895,-0.025,99.9960001599936,-0.24626606334841483,2.0563923060136613,0.9773755656108563,-1.6800186379960957,0.12223185265438774,-15.262839785165811,9.331932773109216,9.331932773109216,0.0,0.0,0.37790697674418605,101.56222705151481,-0.046511627906976744,-99.997850046224,0.0,0.0,57,325,5.701754385964913,0.017543859649122806,0.017543859649122806,0.45614035087719296,0,0.0,2,0.014388489208633094,0,0.0,3,0.009230769230769232,0.4146341463414634,0.03508771929824561,5.593846153846154,0.20615384615384616,0.13821138211382114,0.006153846153846154,1.0,69.47363636363637,6.229292307692309,36.00174825174825,0.5843478260869566,-6.298245614035087,52.485375743177755,-0.4824561403508772,96.49103508810526,-0.1824561403508772,91.22761403736841,-0.1,99.99900000999989,-0.07450039968025579,83.81200675521177,0.0,0.0,-0.024102564102564103,72.30552314199805,-0.11051282051282049,34.89867521875842,-0.018846153846153846,75.38160012061054,-5.746342986425339,47.983613106619686,-22.174722336487044,38.11630669772575,-0.21649724433557882,27.03356516706793,33.3055691367456,33.3055691367456,0.45614035087719296,0.0,0.042541123085649446,11.432896103360012,0.0916997542068444,197.15023281470994,0.0,0.0
dpo_len500,344,99,998,0.2877906976744186,22,344,15.636363636363637,0.5909090909090909,0.5,0.13636363636363635,0,0.0,12,0.10714285714285714,2,0.043478260869565216,15,0.0436046511627907,0.4842105263157895,0.18181818181818182,6.369186046511628,0.28488372093023256,0.010526315789473684,0.0,1.0,40.86831395348838,10.686334186046512,53.53720930232558,0.819728813559322,7,99,14.142857142857142,0.42857142857142855,0.42857142857142855,0.14285714285714285,0,0.0,3,0.08571428571428572,1,0.0625,3,0.030303030303030304,0.5925925925925926,0.0,5.959595959595959,0.21212121212121213,0.0,0.0,1.0,47.92727272727272,9.146974141414141,52.12323232323233,0.8112,-1.4935064935064943,9.551494405759914,-0.1623376623376624,27.472480980636586,-0.07142857142857145,14.285685714342861,0.0,0.0,-0.021428571428571422,19.999813335075533,0.019021739130434784,-43.74899377314322,-0.013301620859760395,30.504350938602315,-0.07276250880902044,25.541035886877122,0.0,0.0,-1.539360044632371,14.404938810476043,-1.413976979093249,2.6411106800457027,-0.008528813559322002,1.0404420356860413,7.05895877378434,7.05895877378434,0.006493506493506496,4.761869841525926,0.10838206627680308,22.383206591847895,-0.010526315789473684,-99.99050090241428,0.0,0.0,117,998,8.52991452991453,0.15384615384615385,0.02564102564102564,0.358974358974359,1,0.008547008547008548,5,0.013020833333333334,1,0.00546448087431694,43,0.04308617234468938,0.5545454545454546,0.09401709401709402,5.970941883767535,0.23146292585170342,0.00909090909090909,0.012024048096192385,1.0,53.667081531484015,8.044225490981963,42.869992616812574,0.696290832455216,-7.106449106449107,45.44821812304429,-0.4370629370629371,73.96437187094465,-0.47435897435897434,94.8716051285846,0.008547008547008548,0.0,-0.09412202380952381,87.84640232246723,-0.03801377999524828,87.42968310635959,-0.0005184788181013186,1.1890174880446314,-0.05342079507852915,18.751723470495193,0.012024048096192385,0.0,-2.6421086950645485,24.724179515859042,-10.667216685513004,19.924864641386883,-0.12343798110410609,15.058373998638656,12.798767577995633,12.798767577995633,0.22261072261072262,163.24666610564515,0.07033492822966508,14.525661700955581,-0.0014354066985645935,-13.635068304874675,0.0,0.0
dpo_len500,504,21,493,0.041666666666666664,23,504,21.91304347826087,0.6956521739130435,0.21739130434782608,0.21739130434782608,2,0.08695652173913043,18,0.10778443113772455,1,0.017543859649122806,18,0.03571428571428571,0.375,0.21739130434782608,6.698412698412699,0.3134920634920635,0.039473684210526314,0.031746031746031744,0.9642857142857143,32.472527472527446,11.783766422466423,57.28144078144078,0.7826813186813187,3,21,7.0,0.3333333333333333,0.0,0.3333333333333333,0,0.0,0,0.0,0,0.0,0,0.0,0.2857142857142857,0.0,6.095238095238095,0.23809523809523808,0.14285714285714285,0.14285714285714285,1.0,58.78571428571429,5.966352380952381,30.80952380952381,0.8095238095238095,-14.913043478260871,68.05555244984582,-0.36231884057971014,52.083258463649294,-0.21739130434782608,99.99954000211599,-0.08695652173913043,99.99885001322485,-0.10778443113772455,99.99907223082985,-0.017543859649122806,99.99430032488148,-0.03571428571428571,99.9972000783978,-0.0753968253968254,24.050556193162528,0.1111111111111111,-349.98897534727655,-5.817414041514041,49.36803174189276,-26.47191697191697,46.21377561151731,0.026842490842490796,-3.429551198718229,26.313186813186846,26.313186813186846,0.11594202898550723,53.33308800112852,-0.0892857142857143,-23.809460317629636,0.10338345864661654,261.8981271522074,0.0357142857142857,3.70369986282977,76,493,6.4868421052631575,0.013157894736842105,0.02631578947368421,0.4342105263157895,2,0.02631578947368421,0,0.0,0,0.0,14,0.028397565922920892,0.6339869281045751,0.06578947368421052,5.959432048681542,0.25963488843813387,0.006535947712418301,0.02636916835699797,1.0,57.02509417560127,8.050740156476383,38.888698927847,0.6763063063063063,-15.426201372997713,70.3973443229282,-0.6824942791762013,98.10841160073727,-0.19107551487414187,87.89433252817564,-0.06064073226544622,69.73604014080153,-0.10778443113772455,99.99907223082985,-0.017543859649122806,99.99430032488148,-0.00731671979136482,20.486241801051065,-0.05385717505392962,17.179702304734757,-0.005376863389033773,16.936586172991934,-3.7330262659900395,31.679395325410216,-18.392741853593776,32.109425464135285,-0.10637501237501246,13.591084126473628,24.552566703073822,24.552566703073822,0.2168192219679634,99.73638331789991,0.25898692810457513,69.06299665989562,-0.032937736498108015,-83.44015197802354,0.0357142857142857,3.70369986282977
dpo_len500,492,15,776,0.03048780487804878,39,492,12.615384615384615,0.5128205128205128,0.05128205128205128,0.10256410256410256,7,0.1794871794871795,17,0.09444444444444444,0,0.0,17,0.034552845528455285,0.4171779141104294,0.0,6.719512195121951,0.32723577235772355,0.03067484662576687,0.0,0.8,36.23465608465608,12.115621469723692,57.50711346266902,0.825823927765237,1,15,15.0,1.0,0.0,0.0,0,0.0,0,0.0,0,0.0,0,0.0,0.2,0.0,5.4,0.2,0.0,0.0,1.0,61.53571428571428,10.68437142857143,56.857142857142854,0.8666666666666667,2.384615384615385,-18.9024375260263,0.4871794871794872,-94.99981475036124,-0.05128205128205128,99.99805003802426,-0.1794871794871795,99.99944286024693,-0.09444444444444444,99.99894118768154,0.0,0.0,-0.034552845528455285,99.99710596610967,-0.12723577235772354,38.88186875851286,0.0,0.0,-1.4312500411522624,11.813260480250863,-0.649970605526164,1.1302438169595437,0.04084273890142964,-4.945689761624669,25.301058201058197,25.301058201058197,-0.10256410256410256,-99.99902500950616,-0.21717791411042942,-52.0586987416486,-0.03067484662576687,-99.99674010627253,0.19999999999999996,24.999968750039052,121,776,6.413223140495868,0.008264462809917356,0.0,0.2066115702479339,2,0.01652892561983471,5,0.017241379310344827,1,0.006172839506172839,6,0.007731958762886598,0.675,0.024793388429752067,5.841494845360825,0.21778350515463918,0.19583333333333333,0.0,1.0,62.16249270569929,7.032045652596771,38.37745574790897,0.6950756533700139,-6.202161474888747,49.16347120872101,-0.5045560500105954,98.38823789500222,-0.05128205128205128,99.99805003802426,-0.16295825386734478,90.79052132175902,-0.07720306513409961,81.7435563866849,0.006172839506172839,0.0,-0.026820886765568687,77.62055526781103,-0.10945226720308437,33.447422920867545,0.0,0.0,-5.0835758171269205,41.95884965737841,-19.12965771476005,33.26485408545085,-0.13074827439522319,15.832444625889508,25.927836621043213,25.927836621043213,0.10404746768383133,101.44529190013951,0.2578220858895706,61.80132244683004,0.16515848670756647,538.3991148555224,0.19999999999999996,24.999968750039052
dpo_len500,900,11,1422,0.012222222222222223,90,900,10.0,0.32222222222222224,0.05555555555555555,0.1,4,0.044444444444444446,44,0.12941176470588237,0,0.0,57,0.06333333333333334,0.2961783439490446,0.022222222222222223,6.383333333333334,0.31333333333333335,0.006369426751592357,0.008888888888888889,0.9807692307692307,42.31173402868319,11.305119426336375,54.63233376792699,0.6995769682726204,1,11,11.0,0.0,0.0,0.0,0,0.0,1,0.16666666666666666,0,0.0,1,0.09090909090909091,0.0,0.0,5.7272727272727275,0.18181818181818182,0.0,0.0,1.0,62.63636363636364,7.415109090909093,47.36363636363637,0.8181818181818182,1.0,-9.9999990000001,-0.32222222222222224,99.99968965613556,-0.05555555555555555,99.99820003239942,-0.044444444444444446,99.99775005062386,0.03725490196078429,-28.787656337807064,0.0,0.0,0.027575757575757573,-43.53998238305327,-0.13151515151515153,41.972786740622595,-0.008888888888888889,99.98875126548265,-3.8900103354272826,34.40927817420791,-7.26869740429062,13.304753375756981,0.11860484990919784,-16.953771457676666,20.32462960768045,20.32462960768045,-0.1,-99.99900000999989,-0.2961783439490446,-99.99966236673137,-0.006369426751592357,-99.98430246451306,0.019230769230769273,1.960782314496468,192,1422,7.40625,0.041666666666666664,0.015625,0.21875,0,0.0,6,0.010452961672473868,2,0.008928571428571428,88,0.06188466947960619,0.43410852713178294,0.03125,5.755977496483825,0.22292545710267228,0.08139534883720931,0.0,1.0,62.94881024367125,7.243594064292601,39.26412018500057,0.631755280407866,-2.59375,25.93749740625026,-0.28055555555555556,87.06869530404906,-0.03993055555555555,71.87370627328707,-0.044444444444444446,99.99775005062386,-0.1189588030334085,91.9220011285342,0.008928571428571428,0.0,-0.0014486638537271473,2.287327863866066,-0.09040787623066107,28.85348543483193,-0.008888888888888889,99.98875126548265,-4.061525362043774,35.92642279671835,-15.368213582926415,28.13025225483981,-0.0678216878647544,9.694657485028857,20.637076214988056,20.637076214988056,0.11875,118.74881251187486,0.13793018318273836,46.56981859155857,0.07502592208561695,1177.7220743785088,0.019230769230769273,1.960782314496468
dpo_len500,862,34,715,0.03944315545243619,73,862,11.808219178082192,0.3561643835616438,0.1506849315068493,0.1232876712328767,3,0.0410958904109589,14,0.0472972972972973,1,0.01,36,0.04176334106728538,0.4329004329004329,0.0821917808219178,6.417633410672853,0.2737819025522042,0.07792207792207792,0.00580046403712297,0.9259259259259259,40.77677782685511,9.5767816401649,47.423457744405184,0.8032964329643297,7,34,4.857142857142857,0.0,0.0,0.0,0,0.0,1,0.058823529411764705,0,0.0,2,0.058823529411764705,0.058823529411764705,0.0,5.970588235294118,0.29411764705882354,0.058823529411764705,0.0,1.0,45.859375,9.1285375,42.375,0.9117647058823529,-6.951076320939335,58.86641861439512,-0.3561643835616438,99.99971923155755,-0.1506849315068493,99.99933636804047,-0.0410958904109589,99.99756672587633,0.011526232114467405,-24.369232663954758,-0.01,99.99000099990002,0.017060188344479324,-40.848695103303854,0.020335744506619347,-7.42768971950021,-0.00580046403712297,99.98276297166369,-0.4482441401648991,4.680529536975906,-5.048457744405184,10.645486175132216,0.10846827291802319,-13.502878070673443,5.08259717314489,5.08259717314489,-0.1232876712328767,-99.99918889546785,-0.3740769034886682,-86.41156509516699,-0.019098548510313215,-24.509489383121544,0.07407407407407407,7.99999136000933,114,715,6.271929824561403,0.008771929824561403,0.03508771929824561,0.2982456140350877,0,0.0,0,0.0,2,0.013793103448275862,15,0.02097902097902098,0.7474226804123711,0.06140350877192982,5.520279720279721,0.16923076923076924,0.07731958762886598,0.0013986013986013986,0.8181818181818182,64.11363636363635,4.792354125874126,28.82832167832168,0.7187687687687688,-5.536289353520789,46.88504507899474,-0.3473924537370824,97.536838157366,-0.1155972122086037,76.71400445458926,-0.0410958904109589,99.99756672587633,-0.0472972972972973,99.9978857589868,0.0037931034482758617,-37.92724175858276,-0.0207843200882644,49.76570815466561,-0.10455113332143495,38.187604977085606,-0.004401862638521571,75.87503103276184,-4.7844275142907735,49.95861025627697,-18.595136066083505,39.21083902020808,-0.0845276641955609,10.522586121511274,23.336858536781236,23.336858536781236,0.174957942802211,141.90918034288615,0.31452224751193825,72.65447134342894,-0.000602490293211938,-0.7731859537355809,-0.1077441077441077,-11.636351069104476
dpo_len500,834,23,962,0.027577937649880094,101,834,8.257425742574258,0.15841584158415842,0.0297029702970297,0.1782178217821782,9,0.0891089108910891,9,0.02821316614420063,0,0.0,18,0.02158273381294964,0.46564885496183206,0.0594059405940594,5.95083932853717,0.2302158273381295,0.06870229007633588,0.009592326139088728,1.0,58.33629266799326,7.218791050563805,38.128935149752536,0.6842292993630572,5,23,4.6,0.0,0.0,0.0,0,0.0,1,0.07142857142857142,0,0.0,2,0.08695652173913043,0.08333333333333333,0.0,6.826086956521739,0.34782608695652173,0.08333333333333333,0.0,1.0,40.072463768115966,10.08469275362319,42.449275362318836,0.9130434782608695,-3.657425742574258,44.29256058327505,-0.15841584158415842,99.99936875398474,-0.0297029702970297,99.99663344667395,-0.0891089108910891,99.99887779037147,0.043215405284370796,-153.16917417831837,0.0,0.0,0.06537378792618079,-302.8845170753465,0.11761025961839222,-51.08673461373564,-0.009592326139088728,99.98957608669296,2.865901703059384,-39.700571549717246,4.3203402125663,-11.330870065710817,0.2288141788978123,-33.441105883620324,-18.263828899877296,-18.263828899877296,-0.1782178217821782,-99.99943889203733,-0.38231552162849874,-82.10364881566129,0.014631043256997447,21.295986321384273,0.0,0.0,127,962,7.574803149606299,0.047244094488188976,0.007874015748031496,0.2204724409448819,11,0.08661417322834646,2,0.00546448087431694,1,0.006578947368421052,17,0.017671517671517672,0.5100671140939598,0.03937007874015748,5.824324324324325,0.22765072765072766,0.06375838926174497,0.006237006237006237,1.0,60.63873873873874,6.956665252945253,36.602945252945254,0.6609419496166483,-0.6826225929679586,8.266771407712794,-0.11117174709596944,70.17672236377078,-0.021828954548998206,73.48833954086274,-0.0024947376627426493,2.7996186258021725,-0.02274868526988369,80.62859328755899,0.006578947368421052,0.0,-0.003911216141431969,18.121128509680506,-0.002565099687401845,1.1142103368640255,-0.003355319902082491,34.97556377668625,-0.2621257976185518,3.6311587282539763,-1.5259898968072818,4.002183252147164,-0.023287349746408892,3.403437375995603,2.302446070745475,2.302446070745475,0.04225461916270368,23.709403271865373,0.04441825913212771,9.53898270531375,-0.00494390081459091,-7.196017554760139,0.0,0.0
dpo_len500,217,6,269,0.027649769585253458,16,217,13.5625,0.5,0.25,0.25,4,0.25,7,0.10294117647058823,1,0.02857142857142857,9,0.041474654377880185,0.6481481481481481,0.0625,6.7050691244239635,0.35944700460829493,0.037037037037037035,0.0,1.0,33.981581798483205,12.881409100758397,58.63813651137595,0.7335714285714285,1,6,6.0,0.0,0.0,0.0,0,0.0,1,0.25,0,0.0,0,0.0,0.0,0.0,9.666666666666666,0.5,0.25,0.0,1.0,-1.5,15.1982,56.0,1.0,-7.5625,55.76036455223119,-0.5,99.9998000004,-0.25,99.99960000160002,-0.25,99.99960000160002,0.14705882352941177,-142.85575511552176,-0.02857142857142857,99.99650012249572,-0.041474654377880185,99.99758894702205,0.14055299539170507,-39.102455317528154,0.0,0.0,2.316790899241603,-17.985537927289506,-2.638136511375947,4.499011434092943,0.26642857142857146,-36.319327315425284,-35.481581798483205,-35.481581798483205,-0.25,-99.99960000160002,-0.6481481481481481,-99.99984571452374,0.21296296296296297,574.9844754191637,0.0,0.0,44,269,6.113636363636363,0.0,0.022727272727272728,0.25,1,0.022727272727272728,1,0.009523809523809525,0,0.0,8,0.02973977695167286,0.5227272727272727,0.045454545454545456,6.096654275092937,0.22676579925650558,0.022727272727272728,0.0,1.0,64.43130081300812,7.18918428184282,39.91869918699187,0.7021818181818181,-7.448863636363637,54.92249280839601,-0.5,99.9998000004,-0.22727272727272727,90.90872727418183,-0.22727272727272727,90.90872727418183,-0.09341736694677871,90.74741777338382,-0.02857142857142857,99.99650012249572,-0.011734877426207324,28.29341116427514,-0.13268120535178934,36.91248905286801,0.0,0.0,-5.692224818915577,44.18945421651039,-18.719437324384074,31.923656034867165,-0.03138961038961041,4.279006293998681,30.449719014524916,30.449719014524916,0.0,0.0,-0.12542087542087543,-19.350619495407845,-0.014309764309764307,-38.6353204827106,0.0,0.0
dpo_len500,231,8,302,0.03463203463203463,14,231,16.5,0.6428571428571429,0.35714285714285715,0.14285714285714285,3,0.21428571428571427,10,0.13333333333333333,0,0.0,4,0.017316017316017316,0.6949152542372882,0.0,6.956709956709957,0.3852813852813853,0.01694915254237288,0.004329004329004329,1.0,25.96976822304333,14.124833792408467,62.59355055424925,0.7816483516483516,2,8,4.0,0.0,0.0,0.0,0,0.0,0,0.0,0,0.0,0,0.0,0.0,0.0,9.0,0.5,0.2,0.0,1.0,7.8125,14.72755,54.0,1.0,-12.5,75.75757116620781,-0.6428571428571429,99.99984444468642,-0.35714285714285715,99.99972000078401,-0.21428571428571427,99.9995333355111,-0.13333333333333333,99.99925000562496,0.0,0.0,-0.017316017316017316,99.99422533348698,0.11471861471861472,-29.775203617168145,-0.004329004329004329,99.97690533486764,0.6027162075915342,-4.267067306978133,-8.593550554249248,13.7291307824278,0.21835164835164844,-27.934731589194804,-18.15726822304333,-18.15726822304333,-0.14285714285714285,-99.99930000489996,-0.6949152542372882,-99.99985609776805,0.18305084745762712,1079.9362837592582,0.0,0.0,41,302,7.365853658536586,0.024390243902439025,0.07317073170731707,0.4146341463414634,3,0.07317073170731707,2,0.017094017094017096,0,0.0,7,0.023178807947019868,0.5795454545454546,0.024390243902439025,6.056291390728477,0.23841059602649006,0.022727272727272728,0.0,1.0,57.57084349947718,7.640852980132452,40.397699546880446,0.6550197628458498,-9.134146341463413,55.35845932047769,-0.6184668989547039,96.20581240613463,-0.28397212543554007,79.51197248842826,-0.14111498257839722,65.85335122094634,-0.11623931623931624,87.17883333823715,0.0,0.0,0.005862790631002552,-33.855660729632596,-0.14687078925489522,38.12029692134259,-0.004329004329004329,99.97690533486764,-6.483980812276014,45.90482584448276,-22.195851007368802,35.460283777206456,-0.12662858880250172,16.200178319788254,31.601075276433846,31.601075276433846,0.27177700348432055,190.2425707410292,-0.11536979969183359,-16.60197167476803,0.005778120184899847,34.08889784593618,0.0,0.0
dpo_len500,270,4,361,0.014814814814814815,20,270,13.5,0.5,0.15,0.15,2,0.1,5,0.053763440860215055,0,0.0,13,0.04814814814814815,0.42168674698795183,0.0,6.381481481481481,0.2962962962962963,0.060240963855421686,0.10740740740740741,1.0,39.0145970394737,11.1856515625,52.926809210526315,0.7921266968325792,1,4,4.0,0.0,0.0,0.0,0,0.0,0,0.0,0,0.0,0,0.0,0.0,0.0,9.0,0.25,0.5,0.0,1.0,44.375,9.481300000000001,54.0,1.0,-9.5,70.37036515775074,-0.5,99.9998000004,-0.15,99.99933333777776,-0.1,99.99900000999989,-0.053763440860215055,99.99814003459535,0.0,0.0,-0.04814814814814815,99.99792312005827,-0.04629629629629628,15.624947265802975,-0.10740740740740741,99.9990689741854,-1.7043515624999994,15.236943512923451,1.073190789473685,-2.027688396872714,0.2078733031674208,-26.24239803741593,5.360402960526301,5.360402960526301,-0.15,-99.99933333777776,-0.42168674698795183,-99.99976285770524,0.43975903614457834,729.9878822011556,0.0,0.0,52,361,6.9423076923076925,0.019230769230769232,0.057692307692307696,0.46153846153846156,0,0.0,1,0.007042253521126761,0,0.0,12,0.0332409972299169,0.8446601941747572,0.019230769230769232,6.1551246537396125,0.22714681440443213,0.06796116504854369,0.0,1.0,55.942049861495846,7.652322504155126,41.015013850415514,0.7206410256410256,-6.5576923076923075,48.57549497731377,-0.4807692307692308,96.15365384653846,-0.0923076923076923,61.5380512847863,-0.1,99.99900000999989,-0.046721187339088296,86.8997921145709,0.0,0.0,-0.014907150918231249,30.96036273033127,-0.06914948189186415,23.33787137318827,-0.10740740740740741,99.9990689741854,-3.533329058344874,31.588045834629185,-11.911795360110801,22.50616523597285,-0.07148567119155358,9.02451353202241,16.927452822022147,16.927452822022147,0.31153846153846154,207.6909230861538,0.4229734471868054,100.30489389555119,0.0077202011931220005,12.815321246249834,0.0,0.0
dpo_len500,1826,39,1205,0.02135815991237678,121,1826,15.090909090909092,0.5206611570247934,0.24793388429752067,0.1322314049586777,16,0.1322314049586777,71,0.11525974025974026,4,0.015267175572519083,113,0.061883899233296825,0.4720720720720721,0.11570247933884298,6.872946330777656,0.36801752464403065,0.0036036036036036037,0.007667031763417305,1.0,26.078695706664774,13.446406304593037,60.697859053929605,0.7668317388857626,6,39,6.5,0.16666666666666666,0.0,0.16666666666666666,0,0.0,3,0.14285714285714285,0,0.0,3,0.07692307692307693,0.047619047619047616,0.0,7.410256410256411,0.3333333333333333,0.0,0.0,1.0,36.75,10.43289230769231,48.21153846153846,0.8205128205128205,-8.590909090909092,56.92770707105556,-0.3539944903581268,67.98928740681838,-0.24793388429752067,99.99959666829344,-0.1322314049586777,99.99924375571909,0.027597402597402593,-23.943454237073095,-0.015267175572519083,99.99345042899691,0.015039177689780102,-24.301853725388884,-0.03468419131069733,9.424577565557588,-0.007667031763417305,99.98695884379651,-3.013513996900727,22.411294917947103,-12.486320592391145,20.571269862392416,0.05368108162705787,-7.00036382184967,10.671304293335226,10.671304293335226,0.03443526170798897,26.041469728051837,-0.42445302445302446,-89.91256853308138,-0.0036036036036036037,-99.97225769848866,0.0,0.0,174,1205,6.925287356321839,0.040229885057471264,0.005747126436781609,0.3390804597701149,13,0.07471264367816093,2,0.00425531914893617,0,0.0,55,0.04564315352697095,0.5877862595419847,0.040229885057471264,5.83402489626556,0.24481327800829875,0.010178117048346057,0.019087136929460582,1.0,59.11159199537791,7.763923893061611,39.90873995482956,0.6846712802768167,-8.165621734587253,54.109538029163005,-0.48043127196732216,92.27313056755236,-0.24218675786073907,97.68159835471806,-0.057518761280516764,43.49823426299419,-0.11100442111080408,96.30722556583919,-0.015267175572519083,99.99345042899691,-0.016240745706325874,26.24347119820085,-0.1232042466357319,33.47772962105709,0.011420105166043276,-148.93137533058206,-5.682482411531426,42.26022819932279,-20.78911909910005,34.25016809592475,-0.08216045860894594,10.714260678062368,33.03289628871313,33.03289628871313,0.20684905481143723,156.42841471126314,0.11571418746991263,24.511922902530305,0.0065745134447424535,182.39213427434194,0.0,0.0
dpo_len500,474,21,255,0.04430379746835443,118,474,4.016949152542373,0.06779661016949153,0.00847457627118644,0.03389830508474576,7,0.059322033898305086,12,0.04597701149425287,0,0.0,24,0.05063291139240506,0.12062256809338522,0.00847457627118644,7.2594936708860756,0.3438818565400844,0.0311284046692607,0.008438818565400843,0.9411764705882353,32.22927712740827,13.4092869861935,61.76959420442018,0.7984941176470589,1,21,21.0,1.0,0.0,0.0,0,0.0,0,0.0,0,0.0,2,0.09523809523809523,0.25,0.0,6.428571428571429,0.3333333333333333,0.125,0.0,0.75,33.64285714285715,12.931914285714289,63.857142857142854,0.9523809523809523,16.983050847457626,-422.7847048763815,0.9322033898305084,-1374.9797190491438,-0.00847457627118644,99.98820139223572,-0.059322033898305086,99.99831431413013,-0.04597701149425287,99.99782504730523,0.0,0.0,0.04460518384569017,-88.09349824864768,-0.010548523206751093,3.0674757424325145,-0.008438818565400843,99.98815140405863,-0.47737270047921143,3.5600152742690363,2.087548652722674,-3.3795731472970556,0.15388683473389342,-19.27210715919651,1.4135800154488862,1.4135800154488862,-0.03389830508474576,-99.99705008702243,0.12937743190661477,107.25717531954653,0.0938715953307393,301.5528126158947,-0.19117647058823528,-20.312478417991677,33,255,7.7272727272727275,0.06060606060606061,0.0,0.24242424242424243,1,0.030303030303030304,1,0.01,0,0.0,21,0.08235294117647059,0.4782608695652174,0.030303030303030304,6.078431372549019,0.2823529411764706,0.06521739130434782,0.0,0.8666666666666667,53.856546489563584,9.180943074003796,44.69639468690702,0.7220388349514564,3.7103235747303547,-92.36668203069559,-0.0071905495634309174,10.60590416897411,-0.00847457627118644,99.98820139223572,-0.029019003595274782,48.91692431816755,-0.03597701149425287,78.24829809951633,0.0,0.0,0.031720029784065525,-62.64582156855343,-0.06152891536361382,17.892405565859246,-0.008438818565400843,99.98815140405863,-4.228343912189704,31.532948778065627,-17.07319951751316,27.640135022758606,-0.07645528269560253,9.574921750416559,21.627269362155317,21.627269362155317,0.20852593733949668,615.1333687171381,0.3576383014718322,296.49123063160687,0.03408898663508712,109.50735164154591,-0.07450980392156858,-7.916658255217265
dpo_len500,4208,128,4665,0.030418250950570342,343,4208,12.268221574344023,0.37026239067055394,0.08746355685131195,0.17784256559766765,19,0.05539358600583091,143,0.09255663430420712,6,0.011194029850746268,142,0.03374524714828897,0.37273991655076494,0.08163265306122448,6.2994296577946765,0.2958650190114068,0.0034770514603616135,0.027328897338403043,0.9619047619047619,45.28486286855596,10.296340718052392,50.96824420601381,0.7746092810771821,16,128,8.0,0.1875,0.125,0.25,1,0.0625,3,0.061224489795918366,1,0.09090909090909091,7,0.0546875,0.2391304347826087,0.0,5.2265625,0.203125,0.0,0.1796875,1.0,70.72391732283464,5.442386220472441,32.34694881889764,0.8017721518987342,-4.2682215743440235,34.790871688861934,-0.18276239067055394,49.36010290932837,0.03753644314868805,-42.91617599172117,0.007106413994169093,-12.828715776341504,-0.03133214450828875,33.85149668509254,0.07971506105834464,-712.0576016421322,0.02094225285171103,-62.05802013979756,-0.09274001901140683,31.34527558159064,0.15235860266159695,-557.4796010942487,-4.8539544975799505,47.142515570065044,-18.62129538711617,36.53509221643562,0.02716287082155211,-3.506649922562234,25.439054454278676,25.439054454278676,0.07215743440233235,40.57354234877006,-0.13360948176815624,-35.845134203279635,-0.0034770514603616135,-99.97124826899784,0.03809523809523807,3.9603919223648303,673,4665,6.931649331352155,0.04457652303120357,0.02526002971768202,0.3640416047548291,5,0.007429420505200594,17,0.009376723662437948,0,0.0,152,0.032583065380493034,0.6736613603473227,0.10549777117384844,5.607931404072883,0.22186495176848875,0.005065123010130246,0.017792068595927118,0.9743589743589743,63.662553024470526,6.645704949956977,35.23187355645125,0.6759228769497401,-5.336572242991869,43.499147579470886,-0.32568586763935037,87.96059125627494,-0.06220352713362993,71.11855290066205,-0.04796416550063031,86.5863777654761,-0.08317991064176916,89.86823320093035,-0.011194029850746268,99.99106746463983,-0.0011621817677959362,3.443884479032692,-0.07400006724291808,25.011343813723023,-0.009536828742475925,34.89522344116199,-3.6506357680954142,35.45565860246091,-15.73637064956256,30.8748527361617,-0.098686404127442,12.740136109503677,18.377690155914564,18.377690155914564,0.18619903915716146,104.69821527217704,0.3009214437965578,80.73206627842109,0.0015880715497686325,45.659806011137064,0.01245421245421241,1.2947435130808063
dpo_len500,1376,6,2142,0.00436046511627907,138,1376,9.971014492753623,0.37681159420289856,0.07971014492753623,0.16666666666666666,12,0.08695652173913043,33,0.06653225806451613,0,0.0,43,0.03125,0.4953271028037383,0.07971014492753623,6.332848837209302,0.29941860465116277,0.011682242990654205,0.003633720930232558,1.0,45.493484504008606,9.95436939092976,47.287902357305256,0.7684702336096458,3,6,2.0,0.0,0.0,0.0,0,0.0,0,0.0,0,0.0,1,0.16666666666666666,0.0,0.0,8.0,0.3333333333333333,0.2,0.0,1.0,47.250000000000014,14.134866666666671,72.66666666666667,1.0,-7.971014492753623,79.94185244769213,-0.37681159420289856,99.99973461608892,-0.07971014492753623,99.9987454702841,-0.08695652173913043,99.99885001322485,-0.06653225806451613,99.99849699228763,0.0,0.0,0.13541666666666666,-433.31946711038574,0.03391472868217055,-11.326823012034474,-0.003633720930232558,99.97248757142034,4.180497275736911,-41.99660160873765,25.378764309361415,-53.66861820368863,0.23152976639035416,-30.128618517419024,1.7565154959914082,1.7565154959914082,-0.16666666666666666,-99.99940000359999,-0.4953271028037383,-99.99979811361513,0.1883177570093458,1611.8620246106937,0.0,0.0,325,2142,6.590769230769231,0.046153846153846156,0.021538461538461538,0.32,9,0.027692307692307693,11,0.012971698113207548,0,0.0,58,0.02707749766573296,0.6211180124223602,0.07076923076923076,5.548085901027077,0.21101774042950514,0.09627329192546584,0.0014005602240896359,1.0,65.11987856088979,6.354586267166043,34.626376120758145,0.6720496894409937,-3.380245261984392,33.90071216358018,-0.3306577480490524,87.75124641163305,-0.05817168338907469,72.97810543551643,-0.059264214046822736,68.15306239362862,-0.05356055995130858,80.50193468561521,0.0,0.0,-0.004172502334267039,13.351580219087515,-0.08840086422165763,29.52407352372554,-0.0022331607061429224,61.43967443464881,-3.599783123763716,36.1628408667993,-12.661526236547111,26.775402032264346,-0.09642054416865209,12.547059662304816,19.626394056881182,19.626394056881182,0.15333333333333335,91.99944800331198,0.12579090961862188,25.395471992523603,0.08459104893481163,724.0374012804381,0.0,0.0
dpo_len500,481,25,673,0.05197505197505198,26,481,18.5,0.7692307692307693,0.07692307692307693,0.07692307692307693,5,0.19230769230769232,14,0.08,0,0.0,28,0.058212058212058215,0.3067484662576687,0.15384615384615385,7.01039501039501,0.34511434511434513,0.0736196319018405,0.02494802494802495,1.0,23.866093366093338,13.525589604989605,63.65157815157815,0.7778703703703704,2,25,12.5,0.5,0.0,0.0,0,0.0,0,0.0,0,0.0,0,0.0,0.3333333333333333,0.0,7.6,0.48,0.0,0.0,1.0,10.719999999999999,17.1122,68.5,0.92,-6.0,32.432430679328064,-0.2692307692307693,34.999954500059154,-0.07692307692307693,99.99870001689978,-0.19230769230769232,99.99948000270399,-0.08,99.99875001562481,0.0,0.0,-0.058212058212058215,99.99828217236697,0.13488565488565485,-39.08422409932655,-0.02494802494802495,99.99599182732759,3.5866103950103962,-26.51721835856315,4.84842184842185,-7.617127356535727,0.1421296296296296,-18.271610839971775,-13.14609336609334,-13.14609336609334,-0.07692307692307693,-99.99870001689978,0.026584867075664598,8.666638413425432,-0.0736196319018405,-99.99864168511711,0.0,0.0,101,673,6.663366336633663,0.0,0.0,0.25742574257425743,2,0.019801980198019802,3,0.011494252873563218,0,0.0,27,0.04011887072808321,0.49099099099099097,0.0,6.344725111441307,0.2689450222882615,0.25675675675675674,0.017830609212481426,1.0,51.856782834101395,8.94364591013825,44.725806451612904,0.6995192307692307,-11.836633663366337,63.9818001272883,-0.7692307692307693,99.999870000169,-0.07692307692307693,99.99870001689978,-0.17250571210967253,89.70250384400971,-0.06850574712643678,85.63111351912698,0.0,0.0,-0.018093187483975003,31.08097742960907,-0.07616932282608363,22.070685614065315,-0.007117415735543524,28.527831249401043,-4.581943694851356,33.87610810252583,-18.925771699965246,29.733389103977963,-0.07835113960113971,10.072505890509136,27.990689468008057,27.990689468008057,0.1805026656511805,234.65041489114105,0.18424252473332225,60.062867258115794,0.18313712485491623,248.7578823000266,0.0,0.0
dpo_len500,316,18,891,0.056962025316455694,19,316,16.63157894736842,0.631578947368421,0.05263157894736842,0.05263157894736842,4,0.21052631578947367,12,0.10084033613445378,1,0.02857142857142857,25,0.07911392405063292,0.3017241379310345,0.0,7.158227848101266,0.3639240506329114,0.06896551724137931,0.0,0.7142857142857143,22.326785714285705,13.9883373015873,65.08432539682539,0.8044943820224719,2,18,9.0,0.5,0.0,0.0,0,0.0,2,0.25,0,0.0,3,0.16666666666666666,0.0,0.0,7.777777777777778,0.3888888888888889,0.125,0.0,1.0,15.75,14.691266666666667,68.0,0.8333333333333334,-7.631578947368421,45.886073190394335,-0.13157894736842102,20.833300347274445,-0.05263157894736842,99.99810003609932,-0.21052631578947367,99.99952500225623,0.14915966386554622,-147.91519984093492,-0.02857142857142857,99.99650012249572,0.08755274261603374,-110.66526785768092,0.024964838255977506,-6.859884531872845,0.0,0.0,0.7029293650793669,-5.025109844531022,2.915674603174608,-4.479841406665962,0.02883895131086145,-3.5847255255041217,-6.576785714285705,-6.576785714285705,-0.05263157894736842,-99.99810003609932,-0.3017241379310345,-99.99966857252703,0.05603448275862069,81.24882189208257,0.2857142857142857,39.99994400007839,137,891,6.5036496350364965,0.058394160583941604,0.014598540145985401,0.24087591240875914,8,0.058394160583941604,7,0.01832460732984293,1,0.006802721088435374,60,0.06734006734006734,0.4427710843373494,0.0,6.041526374859708,0.2716049382716049,0.02108433734939759,0.001122334455667789,1.0,55.235599235599224,9.342034743834743,47.420966420966415,0.696627078384798,-10.127929312331926,60.895773849401756,-0.5731847867844794,90.7541142135284,-0.03803303880138302,72.26140075601339,-0.15213215520553208,72.26243047608298,-0.08251572880461086,81.82728627731684,-0.021768707482993196,76.18780961713959,-0.011773856710565578,14.881966774094865,-0.09231911236130647,25.36761682130756,0.001122334455667789,0.0,-4.646302557752557,33.21554324451338,-17.663358975858976,27.13918996128773,-0.10786730363767394,13.408069958897647,32.90881352131352,32.90881352131352,0.18824433346139072,357.65743808531874,0.14104694640631493,46.74683301944638,-0.04788117989198172,-69.42670415616323,0.2857142857142857,39.99994400007839
dpo_len500,262,263,556,1.0038167938931297,20,262,13.1,0.4,0.15,0.05,1,0.05,3,0.03409090909090909,0,0.0,10,0.03816793893129771,0.4782608695652174,0.15,6.366412213740458,0.27099236641221375,0.043478260869565216,0.007633587786259542,1.0,41.4895038167939,9.779693893129771,48.43606870229008,0.8179342723004694,19,263,13.842105263157896,0.47368421052631576,0.15789473684210525,0.05263157894736842,1,0.05263157894736842,4,0.04597701149425287,0,0.0,10,0.03802281368821293,0.4852941176470588,0.15789473684210525,6.346007604562738,0.26996197718631176,0.04411764705882353,0.0076045627376425855,1.0,41.4895038167939,9.779693893129771,48.43606870229008,0.8231775700934579,0.7421052631578959,-5.664925240523997,0.07368421052631574,-18.42100657906249,0.00789473684210526,-5.263122807251459,0.0026315789473684154,-5.263052633684157,0.011886102403343785,-34.86487768006315,0.0,0.0,-0.00014512524308478436,0.38021817516594564,-0.0010303892259019842,0.38022673379193994,-2.902504861695618e-05,0.3801783335204348,0.0,0.0,0.0,0.0,0.005243297792988488,-0.6410406752898115,0.0,0.0,0.0026315789473684154,5.263052633684157,0.0070332480818414145,1.470585160434233,0.0006393861892583161,1.4705544125426386,0.0,0.0,79,556,7.037974683544304,0.0379746835443038,0.012658227848101266,0.24050632911392406,1,0.012658227848101266,0,0.0,0,0.0,6,0.01079136690647482,0.6280487804878049,0.06329113924050633,5.528776978417266,0.19784172661870503,0.006097560975609756,0.0017985611510791368,1.0,62.01159072741805,5.840723900879297,32.182653876898485,0.7018934911242602,-6.062025316455696,46.27499888324967,-0.36202531645569624,90.50610284866694,-0.13734177215189872,91.56057103079227,-0.03734177215189874,74.68205066278422,-0.03409090909090909,99.99706675270859,0.0,0.0,-0.02737657202482289,71.72473951686062,-0.07315063979350872,26.993516764627273,-0.005835026635180405,76.42883674324995,-3.938969992250474,40.27702331508929,-16.253414825391594,33.55642793746976,-0.1160407811762092,14.187037178362626,20.522086910624154,20.522086910624154,0.19050632911392407,381.0050381270856,0.14978791092258747,31.319224979979698,-0.03738069989395546,-85.97363236255322,0.0,0.0
dpo_len500,1338,29,1602,0.021674140508221227,147,1338,9.10204081632653,0.25170068027210885,0.1360544217687075,0.4013605442176871,11,0.07482993197278912,6,0.012422360248447204,1,0.004081632653061225,24,0.017937219730941704,0.7205882352941176,0.10204081632653061,5.7757847533632285,0.22869955156950672,0.0058823529411764705,0.0037369207772795215,0.9565217391304348,57.662927591595775,7.75269575273485,41.60005209237715,0.747478665632273,6,29,4.833333333333333,0.0,0.16666666666666666,0.3333333333333333,0,0.0,0,0.0,0,0.0,1,0.034482758620689655,0.4444444444444444,0.0,7.344827586206897,0.3793103448275862,0.0,0.0,1.0,37.19540229885058,12.65092183908046,57.94252873563218,0.8620689655172413,-4.2687074829931975,46.89835060234863,-0.25170068027210885,99.99960270428116,0.030612244897959162,-22.499834626215478,-0.07482993197278912,99.99866365422207,-0.012422360248447204,99.99195064797284,-0.004081632653061225,99.97550600102974,0.01654553888974795,-92.23623714012426,0.15061079325807947,-65.85501968599573,-0.0037369207772795215,99.97324715906024,4.898226086345611,-63.18093229452973,16.342476643255033,-39.28474948569153,0.11459029988496827,-15.330223035303495,-20.467525292745194,-20.467525292745194,-0.06802721088435376,-16.949110313233632,-0.2761437908496732,-38.32194228338168,-0.0058823529411764705,-99.98300288950878,0.04347826086956519,4.545449793393395,286,1602,5.601398601398602,0.01048951048951049,0.024475524475524476,0.3916083916083916,1,0.0034965034965034965,4,0.006172839506172839,0,0.0,30,0.018726591760299626,0.7413394919168591,0.06293706293706294,5.521847690387016,0.19225967540574282,0.17782909930715934,0.01435705368289638,1.0,66.9791015898177,5.843676236654389,33.613595039395776,0.7005666452028332,-3.500642214927929,38.459966297328485,-0.24121116978259835,95.83216509394397,-0.11157889729318302,82.00988673782199,-0.07133342847628561,95.326125969171,-0.006249520742274365,50.30459245561597,-0.004081632653061225,99.97550600102974,0.0007893720293579223,-4.400503735587158,-0.0364398761637639,15.933444809681225,0.010620132905616858,-284.118726383127,-1.9090195160804608,24.623941538884946,-7.986457052981372,19.198189567803272,-0.04691202042943987,6.276026303639745,9.316173998221927,9.316173998221927,-0.009752152609295461,-2.4297675623866377,0.020751256622741465,2.8797622287920492,0.17194674636598287,2922.597846587789,0.04347826086956519,4.545449793393395
dpo_len500,1098,31,1255,0.028233151183970857,72,1098,15.25,0.5277777777777778,0.16666666666666666,0.25,3,0.041666666666666664,46,0.11138014527845036,0,0.0,89,0.08105646630236794,0.3726027397260274,0.08333333333333333,6.858834244080145,0.33697632058287796,0.049315068493150684,0.02185792349726776,1.0,30.966095380029827,12.153339526411658,56.70922338135453,0.7890562440419447,2,31,15.5,0.5,0.0,0.5,0,0.0,4,0.3333333333333333,0,0.0,5,0.16129032258064516,0.2,0.0,5.548387096774194,0.2903225806451613,0.0,0.0,1.0,43.322580645161295,12.105619354838709,63.25806451612903,0.7096774193548387,0.25,-1.6393441547971046,-0.02777777777777779,5.26314792245657,-0.16666666666666666,99.99940000359999,-0.041666666666666664,99.99760005759862,0.22195318805488295,-199.27357318871609,0.0,0.0,0.08023385627827721,-98.98391837092659,-0.046653739937716654,13.844771469195177,-0.02185792349726776,99.99542520929667,-0.04772017157294961,0.3926506582222728,6.548841134774499,-11.548105632225322,-0.079378824687106,10.059957662955867,12.356485265131468,12.356485265131468,0.25,99.99960000160002,-0.1726027397260274,-46.32340508792017,-0.049315068493150684,-99.99797226334022,0.0,0.0,169,1255,7.42603550295858,0.04142011834319527,0.0,0.3254437869822485,4,0.023668639053254437,5,0.00980392156862745,0,0.0,57,0.04541832669322709,0.5788235294117647,0.047337278106508875,5.780876494023905,0.21593625498007968,0.12470588235294118,0.05976095617529881,1.0,59.751034571391855,6.653609330420254,35.98522040868783,0.7160364842454395,-7.82396449704142,51.304681862259685,-0.48635765943458253,92.15180297366263,-0.16666666666666666,99.99940000359999,-0.017998027613412227,43.19422961067869,-0.10157622370982292,91.19696467107124,0.0,0.0,-0.035638139609140855,43.96651071747076,-0.12104006560279829,35.91935071281127,0.03790303267803105,-173.39844152329235,-5.499730195991404,45.25282727032442,-20.724002972666703,36.54432448820542,-0.07301975979650521,9.254051001732345,28.784939191362028,28.784939191362028,0.07544378698224852,30.17739408332308,0.20622078968573732,55.34587222269155,0.07539081385979049,152.87271707447894,0.0,0.0
dpo_len500,3210,19,4270,0.005919003115264798,232,3210,13.836206896551724,0.521551724137931,0.23275862068965517,0.2413793103448276,12,0.05172413793103448,92,0.08318264014466546,2,0.0045045045045045045,133,0.041433021806853584,0.4895259095920617,0.09051724137931035,6.0398753894081,0.2722741433021807,0.008820286659316428,0.014641744548286604,1.0,51.679495192307684,9.394902403846155,47.05769230769231,0.787782347358431,4,19,4.75,0.25,0.0,0.0,0,0.0,2,0.2,0,0.0,2,0.10526315789473684,0.0,0.0,5.315789473684211,0.21052631578947367,0.0,0.10526315789473684,1.0,71.97368421052632,6.817610526315789,41.078947368421055,0.8947368421052632,-9.086206896551724,65.6697771852373,-0.27155172413793105,52.06601587342411,-0.23275862068965517,99.99957037221617,-0.05172413793103448,99.99806670404372,0.11681735985533455,-140.43309435867,-0.0045045045045045045,99.97780492730614,0.06383013608788325,-154.05247500575754,-0.06174782751270702,22.6784666289486,0.09062141334645023,-618.8827036325929,-2.5772918775303655,27.43287255593554,-5.978744939271252,12.705138137941695,0.10695449474683216,-13.576638184275971,20.29418901821863,20.29418901821863,-0.2413793103448276,-99.99958571600203,-0.4895259095920617,-99.99979572113803,-0.008820286659316428,-99.98866378524336,0.0,0.0,591,4270,7.225042301184433,0.05583756345177665,0.023688663282571912,0.32825719120135366,2,0.00338409475465313,15,0.009259259259259259,1,0.0013020833333333333,101,0.023653395784543327,0.6416040100250626,0.05583756345177665,5.485480093676815,0.19086651053864168,0.12949039264828738,0.01920374707259953,1.0,68.81903504941849,5.760538276505379,33.7478267772794,0.6713006396588486,-6.611164595367291,47.78162228261208,-0.4657141606861544,89.29378356827267,-0.20906995740708326,89.82226246443408,-0.04834004317638135,93.45560999921064,-0.0739233808854062,88.86769172020526,-0.0032024211711711714,71.0779706905067,-0.017779626022310258,42.91069330703817,-0.08140763276353902,29.899032198172392,0.004562002524312927,-31.15537875614133,-3.634364127340776,38.68442251202831,-13.309865530412907,28.284143558386454,-0.11648170769958244,14.786007865000578,17.139539857110805,17.139539857110805,0.08687788085652606,35.99211581608099,0.1520781004330009,31.066341288517197,0.12067010598897095,1367.942236198929,0.0,0.0
dpo_len500,769,10,1617,0.013003901170351105,98,769,7.846938775510204,0.15306122448979592,0.030612244897959183,0.12244897959183673,6,0.061224489795918366,21,0.06287425149700598,0,0.0,42,0.054616384915474644,0.35106382978723405,0.061224489795918366,7.215864759427828,0.33940182054616386,0.1347517730496454,0.005201560468140442,0.8947368421052632,36.51147822355719,11.210420606340666,50.38682686118858,0.7240555555555555,2,10,5.0,0.0,0.0,0.0,0,0.0,0,0.0,0,0.0,0,0.0,0.25,0.0,7.9,0.4,0.25,0.0,1.0,22.900000000000006,11.581000000000001,45.0,1.0,-2.8469387755102042,36.280879641708445,-0.15306122448979592,99.99934667093508,-0.030612244897959183,99.99673344004096,-0.061224489795918366,99.99836669334401,-0.06287425149700598,99.99840954910526,0.0,0.0,-0.054616384915474644,99.9981690811423,0.060598179453836165,-17.854353524912415,-0.005201560468140442,99.98077869529583,0.37057939365933557,-3.3056686596847897,-5.386826861188581,10.690942632921505,0.27594444444444455,-38.11089649381289,-13.611478223557185,-13.611478223557185,-0.12244897959183673,-99.99918334000272,-0.10106382978723405,-28.787796786275827,0.11524822695035461,85.52568109889289,0.10526315789473684,11.764692733578709,231,1617,7.0,0.06060606060606061,0.004329004329004329,0.24675324675324675,3,0.012987012987012988,8,0.012030075187969926,0,0.0,38,0.02350030921459493,0.46950092421441775,0.06493506493506493,5.892393320964749,0.20655534941249226,0.059149722735674676,0.006184291898577613,1.0,60.48197853833173,6.787148624383514,38.181286767790716,0.6690051020408163,-0.8469387755102042,10.793236595920435,-0.09245516388373531,60.40364576688806,-0.026283240568954855,85.8557812363988,-0.048237476808905375,78.78659194021043,-0.05084417630903606,80.86516570268856,0.0,0.0,-0.031116075700879715,56.97100977836025,-0.1328464711336716,39.14123958071306,0.0009827314304371709,-18.889380266798316,-4.423271981957152,39.456785277864384,-12.205540093397865,24.223672359417204,-0.05505045351473914,7.60305988425171,23.97050031477454,23.97050031477454,0.12430426716141002,101.51432248151792,0.1184370944271837,33.73653079944338,-0.07560205031397071,-56.10426309083638,0.10526315789473684,11.764692733578709
dpo_len500,493,7,637,0.014198782961460446,51,493,9.666666666666666,0.23529411764705882,0.09803921568627451,0.27450980392156865,1,0.0196078431372549,16,0.09090909090909091,1,0.01282051282051282,34,0.06896551724137931,0.5306122448979592,0.0392156862745098,6.657200811359027,0.3204868154158215,0.034013605442176874,0.0,1.0,41.1275185577943,10.846016295510783,49.9232944503358,0.7405405405405405,2,7,3.5,0.0,0.0,0.5,0,0.0,0,0.0,0,0.0,1,0.14285714285714285,0.5,0.0,9.285714285714286,0.5714285714285714,0.5,0.0,1.0,1.0,16.77734285714286,60.642857142857146,1.0,-6.166666666666666,63.79309684898998,-0.23529411764705882,99.99957500180624,-0.09803921568627451,99.9989800104039,-0.0196078431372549,99.99490026008672,-0.09090909090909091,99.99890001209987,-0.01282051282051282,99.99220060835256,0.07389162561576354,-107.14130359395502,0.2509417560127499,-78.29993651620168,0.0,0.0,5.931326561632076,-54.686678068336484,10.719562692521343,-21.47206548731398,0.2594594594594595,-35.036449038371735,-40.1275185577943,-40.1275185577943,0.22549019607843135,82.14255790925333,-0.030612244897959218,-5.769219896470201,0.46598639455782315,1369.9597231841383,0.0,0.0,96,637,6.635416666666667,0.03125,0.010416666666666666,0.34375,0,0.0,2,0.008298755186721992,0,0.0,44,0.06907378335949764,0.5898876404494382,0.08333333333333333,6.342229199372056,0.27001569858712715,0.30337078651685395,0.0,1.0,52.10519022423783,8.507256464523131,41.773145725526675,0.7111224489795918,-3.031249999999999,31.35775537678392,-0.20404411764705882,86.71838144687885,-0.08762254901960784,89.37408838429847,-0.0196078431372549,99.99490026008672,-0.08261033572236892,90.87036972053887,-0.01282051282051282,99.99220060835256,0.00010826611811833031,-0.1569835950094513,-0.05047111682869437,15.748217061921652,0.0,0.0,-2.3387598309876516,21.563305379898992,-8.150148724809128,16.32534200975771,-0.029418091560948767,3.972510649365563,10.977671666443527,10.977671666443527,0.06924019607843135,25.223122401482673,0.05927539555147898,11.171111185299958,0.2693571810746771,791.8868308867225,0.0,0.0
dpo_len500,180,12,187,0.06666666666666667,11,180,16.363636363636363,0.7272727272727273,0.0,0.18181818181818182,1,0.09090909090909091,10,0.16393442622950818,0,0.0,6,0.03333333333333333,0.40384615384615385,0.2727272727272727,7.061111111111111,0.37222222222222223,0.0,0.005555555555555556,1.0,29.73636363636362,13.175999999999998,59.6969696969697,0.7441221374045801,1,12,12.0,0.0,0.0,0.0,0,0.0,1,0.25,0,0.0,1,0.08333333333333333,0.5,0.0,6.916666666666667,0.3333333333333333,0.0,0.08333333333333333,1.0,41.250000000000014,12.431400000000002,62.0,0.8333333333333334,-4.363636363636363,26.666665037037134,-0.7272727272727273,99.99986250018907,0.0,0.0,-0.09090909090909091,99.99890001209987,0.08606557377049182,-52.49967975195352,0.0,0.0,0.049999999999999996,-149.99550013499595,-0.03888888888888892,10.447733125493103,0.07777777777777778,-1399.7480453518365,-0.7445999999999966,5.651183541956295,2.3030303030302974,-3.8578679556803745,0.08921119592875326,-11.98876791278284,11.513636363636394,11.513636363636394,-0.18181818181818182,-99.99945000302498,0.09615384615384615,23.8094648527537,0.0,0.0,0.0,0.0,27,187,6.925925925925926,0.0,0.0,0.2222222222222222,0,0.0,0,0.0,0,0.0,4,0.0213903743315508,0.5166666666666667,0.1111111111111111,5.925133689839572,0.2192513368983957,0.25,0.0,1.0,65.50592885375495,6.706119925598699,37.00744013020228,0.6433333333333333,-9.437710437710438,57.67489359476473,-0.7272727272727273,99.99986250018907,0.0,0.0,-0.09090909090909091,99.99890001209987,-0.16393442622950818,99.99939000372098,0.0,0.0,-0.011942959001782532,35.82780217128246,-0.15297088532382652,41.096545350010665,-0.005555555555555556,99.98200323941691,-6.469880074401299,49.103518392274715,-22.68952956676742,38.007840769580575,-0.1007888040712468,13.54464053124152,35.76956521739133,35.76956521739133,0.04040404040404039,22.222100000672206,0.11282051282051286,27.936438760564354,0.25,0.0,0.0,0.0
dpo_len500,471,5,643,0.010615711252653927,32,471,14.71875,0.46875,0.03125,0.125,2,0.0625,17,0.09770114942528736,0,0.0,11,0.02335456475583864,0.3,0.0625,6.176220806794055,0.3036093418259023,0.025,0.0021231422505307855,1.0,49.79246284501059,10.174677707006369,49.17675159235669,0.7841232227488151,1,5,5.0,0.0,0.0,0.0,0,0.0,1,0.3333333333333333,0,0.0,0,0.0,0.0,0.0,6.4,0.4,0.0,0.0,1.0,69.7,10.927000000000001,45.0,0.8,-9.71875,66.02971950541185,-0.46875,99.99978666712178,-0.03125,99.99680010239672,-0.0625,99.9984000255996,0.23563218390804597,-241.17400210139022,0.0,0.0,-0.02335456475583864,99.99571836515,0.0963906581740977,-31.748147179179586,-0.0021231422505307855,99.9529221736562,0.7523222929936324,-7.394064369576378,-4.176751592356688,8.493345680995334,0.01587677725118497,-2.0247783183546555,19.907537154989413,19.907537154989413,-0.125,-99.99920000639995,-0.3,-99.99966666777779,-0.025,-99.9960001599936,0.0,0.0,95,643,6.768421052631579,0.031578947368421054,0.0,0.23157894736842105,3,0.031578947368421054,2,0.00816326530612245,0,0.0,1,0.0015552099533437014,0.5490196078431373,0.05263157894736842,5.363919129082426,0.2192846034214619,0.10784313725490197,0.0,1.0,69.82396862823795,6.355371792170438,34.2856736734728,0.6861952861952862,-7.950328947368421,54.014970070275815,-0.43717105263157896,93.26295893375779,-0.03125,99.99680010239672,-0.030921052631578946,49.472892644244006,-0.08953788411916491,91.64371986271843,0.0,0.0,-0.02179935480249494,93.33687722984875,-0.08432473840444044,27.774000680383388,-0.0021231422505307855,99.9529221736562,-3.8193059148359314,37.5373613734449,-14.891077918883887,30.280726428443224,-0.09792793655352883,12.488829411522833,20.03150578322736,20.03150578322736,0.10657894736842105,85.26247579493048,0.24901960784313731,83.00625926018158,0.08284313725490197,331.3592946478219,0.0,0.0
dpo_len500,1016,55,513,0.054133858267716536,82,1016,12.390243902439025,0.4024390243902439,0.036585365853658534,0.14634146341463414,5,0.06097560975609756,41,0.1,0,0.0,69,0.06791338582677166,0.23622047244094488,0.024390243902439025,6.647637795275591,0.3464566929133858,0.007874015748031496,0.010826771653543307,0.84,35.98101762960377,12.08104862977832,55.52046604992145,0.7276111685625646,7,55,7.857142857142857,0.14285714285714285,0.0,0.2857142857142857,0,0.0,0,0.0,0,0.0,5,0.09090909090909091,0.35,0.2857142857142857,6.4363636363636365,0.3090909090909091,0.0,0.09090909090909091,1.0,41.80454545454545,10.870727272727274,51.93181818181818,0.8233333333333334,-4.533101045296168,36.586048790721044,-0.2595818815331011,64.50200422445704,-0.036585365853658534,99.99726674137574,-0.06097560975609756,99.99836002689555,-0.1,99.99900000999989,0.0,0.0,0.022995705082319254,-33.85984398206015,-0.03736578382247674,10.78509283724237,0.08008231925554761,-739.6011092396955,-1.2103213570510452,10.018346038971234,-3.5886478681032727,6.463648558425357,0.09572216477076878,-13.155657492627268,5.823527824941678,5.823527824941678,0.13937282229965156,95.23744444889151,0.1137795275590551,48.1664627619743,-0.007874015748031496,-99.9873016126952,0.16000000000000003,19.047596371909084,76,513,6.75,0.02631578947368421,0.0,0.3026315789473684,3,0.039473684210526314,3,0.013157894736842105,0,0.0,20,0.03898635477582846,0.3645833333333333,0.02631578947368421,5.94541910331384,0.23976608187134502,0.0625,0.003898635477582846,1.0,57.713244378552005,7.772221173434369,40.75361721988853,0.6665086206896551,-5.640243902439025,45.52164986931567,-0.37612323491655975,93.4606928042115,-0.036585365853658534,99.99726674137574,-0.021501925545571246,35.26257958843159,-0.0868421052631579,86.84123685078939,0.0,0.0,-0.0289270310509432,42.59337796962046,-0.1066906110420408,30.794701120610817,-0.006928136175960461,63.98487516767387,-4.30882745634395,35.666002445045955,-14.76684883003292,26.597126455646077,-0.061102547872909474,8.397680868040004,21.732226748948236,21.732226748948236,0.15629011553273428,106.79751583101024,0.12836286089238844,54.34004773824235,0.054625984251968504,693.6619049380729,0.16000000000000003,19.047596371909084
dpo_len500,126,15,216,0.11904761904761904,18,126,7.0,0.16666666666666666,0.0,0.05555555555555555,2,0.1111111111111111,4,0.08,0,0.0,9,0.07142857142857142,0.3125,0.05555555555555555,7.436507936507937,0.3888888888888889,0.0,0.0,1.0,36.129120879120904,12.840315750915751,54.930402930402934,0.6932467532467533,2,15,7.5,0.5,0.0,0.0,0,0.0,2,0.2857142857142857,0,0.0,4,0.26666666666666666,0.2857142857142857,0.0,7.533333333333333,0.4666666666666667,0.0,0.0,1.0,32.400000000000006,15.407666666666668,61.666666666666664,0.8666666666666667,0.5,-7.142856122449125,0.33333333333333337,-199.99880000719997,0.0,0.0,-0.1111111111111111,99.99910000809993,0.20571428571428568,-257.13964289732087,0.0,0.0,0.19523809523809524,-273.32950672023924,0.07777777777777778,-19.999948571560815,0.0,0.0,2.5673509157509162,-19.99445158210616,6.73626373626373,-12.263269982137045,0.17341991341991336,-25.015575255414724,-3.7291208791208987,-3.7291208791208987,-0.05555555555555555,-99.99820003239942,-0.0267857142857143,-8.57140114294492,0.0,0.0,0.0,0.0,40,216,5.4,0.0,0.025,0.35,0,0.0,1,0.010638297872340425,0,0.0,9,0.041666666666666664,0.4146341463414634,0.025,6.444444444444445,0.2916666666666667,0.18292682926829268,0.0,1.0,58.23750000000001,8.961154814814815,42.84814814814815,0.6663473053892216,-1.5999999999999996,22.857139591837196,-0.16666666666666666,99.99940000359999,0.025,0.0,-0.1111111111111111,99.99910000809993,-0.06936170212765957,86.70104389652576,0.0,0.0,-0.02976190476190476,41.666083341499885,-0.09722222222222221,24.99993571445102,0.0,0.0,-3.879160936100936,30.2107884980663,-12.082254782254786,21.995568788394596,-0.026899447857531733,3.8802070012561862,22.108379120879107,22.108379120879107,0.2944444444444444,529.9904601717168,0.1021341463414634,32.68282224423711,0.18292682926829268,0.0,0.0,0.0
dpo_len500,1751,28,1831,0.01599086236436322,142,1751,12.330985915492958,0.43661971830985913,0.09154929577464789,0.04929577464788732,18,0.1267605633802817,99,0.14820359281437126,1,0.005847953216374269,128,0.07310108509423187,0.2671875,0.0,7.712164477441462,0.3986293546544831,0.01875,0.006853226727584237,0.9719626168224299,23.120103092783495,13.827788636884305,60.54083619702176,0.7410458284371327,4,28,7.0,0.25,0.25,0.0,0,0.0,1,0.1,0,0.0,1,0.03571428571428571,0.4,0.0,7.928571428571429,0.4642857142857143,0.0,0.0,1.0,15.571428571428555,15.650085714285716,64.0,0.8928571428571429,-5.330985915492958,43.23243510051069,-0.18661971830985913,42.74183759127519,0.15845070422535212,-173.07503256502892,-0.1267605633802817,99.99921111733453,-0.048203592814371254,32.52503306341327,-0.005847953216374269,99.98290292360007,-0.037386799379946156,51.143273590285276,0.06565635963123118,-16.470486721499043,-0.006853226727584237,99.98541046219006,1.8222970774014104,-13.178513162657666,3.4591638029782388,-5.713769354924627,0.15181131442001017,-20.486062229046997,-7.54867452135494,-7.54867452135494,-0.04929577464788732,-99.99797146972162,0.1328125,49.70741629972847,-0.01875,-99.99466695109594,0.028037383177570097,2.8846124167929945,306,1831,5.983660130718954,0.0032679738562091504,0.0032679738562091504,0.13398692810457516,7,0.02287581699346405,10,0.013550135501355014,0,0.0,54,0.02949208083014746,0.46646341463414637,0.07516339869281045,6.4210813762971055,0.2534134352812671,0.21341463414634146,0.002184598580010923,0.984375,58.85483449523993,7.931088603034878,41.36935993403369,0.6713243546576879,-6.347325784774004,51.474596707251926,-0.43335174445365,99.2513012509202,-0.08828132191843874,96.42931371379098,-0.10388474638681763,81.9528756324706,-0.13465345731301626,90.85646723625628,-0.005847953216374269,99.98290292360007,-0.04360900426408441,59.65493899096098,-0.14521591937321604,36.42871589623009,-0.004668628147573314,68.11312687957677,-5.896700033849427,42.64383671357383,-19.171476262988072,31.66701544049872,-0.06972147377944482,9.40851119037745,35.73473140245643,35.73473140245643,0.08469115345668785,171.79856909830792,0.19927591463414634,74.58251932030994,0.19466463414634147,1038.1560137930855,0.012412383177570097,1.2770419553510655
dpo_len500,451,23,570,0.050997782705099776,37,451,12.18918918918919,0.5135135135135135,0.05405405405405406,0.13513513513513514,4,0.10810810810810811,30,0.17751479289940827,0,0.0,39,0.08647450110864745,0.3469387755102041,0.0,6.7073170731707314,0.35476718403547675,0.0,0.008869179600886918,1.0,41.928668646374646,11.413406780499876,51.002289037366985,0.6673631840796019,2,23,11.5,0.5,0.0,0.0,0,0.0,1,0.1,0,0.0,2,0.08695652173913043,0.2222222222222222,0.0,7.739130434782608,0.4782608695652174,0.0,0.0,1.0,13.34782608695653,15.083452173913045,59.32608695652174,0.782608695652174,-0.6891891891891895,5.654101531703424,-0.013513513513513487,2.6315738227246555,-0.05405405405405406,99.99815003422437,-0.10810810810810811,99.99907500855618,-0.07751479289940827,43.6664206791635,0.0,0.0,0.00048202063048298494,-0.557407154978352,0.12349368552974066,-34.809684488897496,-0.008869179600886918,99.98872627111294,3.6700453934131687,-32.155561809362,8.323797919154757,-16.320439558804715,0.11524551157257201,-17.268758845893615,-28.580842559418116,-28.580842559418116,-0.13513513513513514,-99.99926000547596,-0.12471655328798187,-35.94760880460469,0.0,0.0,0.0,0.0,76,570,7.5,0.039473684210526314,0.013157894736842105,0.15789473684210525,0,0.0,12,0.05286343612334802,0,0.0,45,0.07894736842105263,0.4256410256410256,0.039473684210526314,6.180701754385965,0.28421052631578947,0.28205128205128205,0.007017543859649123,1.0,60.72807017543862,8.356140350877192,40.54824561403508,0.6114011516314779,-4.6891891891891895,38.470063362766425,-0.47403982930298716,92.31283962347297,-0.04089615931721195,75.65649509168291,-0.10810810810810811,99.99907500855618,-0.12465135677606026,70.21986874525335,0.0,0.0,-0.00752713268759482,8.70435278326721,-0.07055665771968728,19.888101835149804,-0.001851635741237795,20.87483934432007,-3.0572664296226844,26.78662226408934,-10.454043423331903,20.49720397980702,-0.05596203244812403,8.385531286085468,18.79940152906397,18.79940152906397,0.022759601706970112,16.8419806325012,0.07870225013082155,22.684700828863825,0.28205128205128205,0.0,0.0,0.0
dpo_len500,1297,11,1047,0.008481110254433308,172,1297,7.540697674418604,0.20348837209302326,0.023255813953488372,0.040697674418604654,4,0.023255813953488372,16,0.03361344537815126,0,0.0,27,0.02081727062451812,0.2561247216035635,0.06395348837209303,6.043947571318427,0.26676946800308404,0.0467706013363029,0.005397070161912105,0.984375,53.07012491888382,9.189732877537777,46.801381292296284,0.7857051282051282,2,11,5.5,0.0,0.0,0.5,0,0.0,0,0.0,0,0.0,0,0.0,0.2,0.0,9.545454545454545,0.5454545454545454,0.0,0.0,1.0,-17.136363636363626,17.998745454545457,65.54545454545455,1.0,-2.0406976744186043,27.062448223021512,-0.20348837209302326,99.99950857384357,-0.023255813953488372,99.99570018489204,-0.023255813953488372,99.99570018489204,-0.03361344537815126,99.9970250885036,0.0,0.0,-0.02081727062451812,99.9951965270409,0.27868507745146137,-104.46624003682432,-0.005397070161912105,99.98147486101504,8.80901257700768,-95.85710200530742,18.744073253158263,-40.05025564435865,0.21429487179487183,-27.274175942143703,-70.20648855524745,-70.20648855524745,0.45930232558139533,1128.5436986405475,-0.056124721603563466,-21.91295792245124,-0.0467706013363029,-99.99786195047544,0.015625,1.587299974806375,158,1047,6.6265822784810124,0.05063291139240506,0.006329113924050633,0.27848101265822783,0,0.0,2,0.004454342984409799,1,0.007246376811594203,9,0.008595988538681949,0.3699731903485255,0.0379746835443038,5.33810888252149,0.17191977077363896,0.10187667560321716,0.0,1.0,71.61519036919461,5.58834800217133,35.70811431084359,0.7678557114228456,-0.9141153959375918,12.122423072528768,-0.1528554607006182,75.11717153991795,-0.01692670002943774,72.78168051432017,-0.023255813953488372,99.99570018489204,-0.02915910239374146,86.74574893535002,0.007246376811594203,0.0,-0.012221282085836171,58.70459802478938,-0.09484969722944508,35.55479657828863,-0.005397070161912105,99.98147486101504,-3.6013848753664472,39.18921835341954,-11.093266981452693,23.702861834657167,-0.01784941678228258,2.271767540245345,18.545065450310787,18.545065450310787,0.23778333823962317,584.2532751654556,0.11384846874496202,44.450228595618746,0.05510607426691426,117.8195158867532,0.015625,1.587299974806375
dpo_len500,279,79,296,0.2831541218637993,21,279,13.285714285714286,0.3333333333333333,0.14285714285714285,0.09523809523809523,1,0.047619047619047616,8,0.09302325581395349,0,0.0,14,0.05017921146953405,0.43209876543209874,0.42857142857142855,6.526881720430108,0.3046594982078853,0.0,0.04659498207885305,1.0,44.081935483870964,9.649446623655916,45.56860215053763,0.770695652173913,4,79,19.75,0.25,0.25,0.0,1,0.25,1,0.047619047619047616,0,0.0,4,0.05063291139240506,0.7222222222222222,0.75,7.0,0.3924050632911392,0.0,0.0,1.0,35.02320675105486,13.135580590717302,56.20464135021097,0.7713333333333334,6.4642857142857135,-48.6559103162218,-0.08333333333333331,24.999925000224998,0.10714285714285715,-74.99947500367499,0.20238095238095238,-424.9910751874211,-0.04540420819490587,48.80899911278335,0.0,0.0,0.00045369992287101063,-0.9041411137664611,0.08774556508325393,-28.801096827256117,-0.04659498207885305,99.99785389221262,3.4861339670613862,-36.127808585799485,10.636039199673341,-23.34071809165793,0.0006376811594204224,-0.08274087575464453,-9.058728732816107,-9.058728732816107,-0.09523809523809523,-99.99895001102487,0.29012345679012347,67.14270175546166,0.0,0.0,0.0,0.0,40,296,7.4,0.05,0.075,0.4,0,0.0,1,0.00980392156862745,0,0.0,9,0.030405405405405407,0.9411764705882353,0.325,6.091216216216216,0.24662162162162163,0.0,0.0,1.0,55.80552668052668,7.289140263340263,35.96812196812197,0.6557085020242915,-5.885714285714286,44.30107193432792,-0.2833333333333333,84.999745000765,-0.06785714285714285,47.49966750232748,-0.047619047619047616,99.99790004409907,-0.08321933424532604,89.45982262063232,0.0,0.0,-0.019773806064128645,39.40558535934813,-0.058037876586263665,19.050016962376752,-0.04659498207885305,99.99785389221262,-2.3603063603156524,24.460533414672252,-9.600480182415659,21.068190637093053,-0.11498715014962146,14.91989744931107,11.723591196655718,11.723591196655718,0.3047619047619048,319.99664003527965,0.5090777051561366,117.81485339318807,0.0,0.0,0.0,0.0
dpo_len500,208,17,242,0.08173076923076923,20,208,10.4,0.35,0.0,0.3,2,0.1,7,0.0875,0,0.0,18,0.08653846153846154,0.3918918918918919,0.0,7.913461538461538,0.5,0.013513513513513514,0.0,1.0,18.606138107416882,16.37080926399545,64.83347541915317,0.711194968553459,1,17,17.0,1.0,0.0,0.0,0,0.0,3,0.5,0,0.0,3,0.17647058823529413,0.16666666666666666,0.0,6.470588235294118,0.4117647058823529,0.0,0.0,1.0,39.11764705882352,14.69210588235294,64.05882352941177,0.7647058823529411,6.6,-63.461532359468045,0.65,-185.71375510355688,0.0,0.0,-0.1,99.99900000999989,0.4125,-471.42318373504304,0.0,0.0,0.08993212669683259,-103.92036776986788,-0.08823529411764708,17.647023529482357,0.0,0.0,-1.67870338164251,10.2542473742702,-0.7746518897414063,1.1948331826805416,0.05351091379948214,-7.524074399398096,20.51150895140664,20.51150895140664,-0.3,-99.99966666777779,-0.22522522522522523,-57.47111771737779,-0.013513513513513514,-99.99260054755949,0.0,0.0,39,242,6.205128205128205,0.07692307692307693,0.05128205128205128,0.20512820512820512,1,0.02564102564102564,0,0.0,0,0.0,10,0.04132231404958678,0.5357142857142857,0.05128205128205128,6.31404958677686,0.24380165289256198,0.3333333333333333,0.0,0.0,56.88791322314049,7.613706198347108,38.141012396694215,0.6705699481865286,-4.194871794871795,40.3353018415267,-0.27307692307692305,78.02175510267773,0.05128205128205128,0.0,-0.07435897435897437,74.3582307766666,-0.0875,99.99885715591822,0.0,0.0,-0.04521614748887476,52.249166663440505,-0.25619834710743805,51.23956694235372,0.0,0.0,-8.757103065648343,53.492178605893194,-26.69246302245896,41.17080325893714,-0.04062502036693039,5.712211846414129,38.281775115723605,38.281775115723605,-0.09487179487179487,-31.62382621117759,0.1438223938223938,36.69941374238267,0.3198198198198198,2366.491546292241,-1.0,-99.99990000010001
dpo_len500,210,24,324,0.11428571428571428,18,210,11.666666666666666,0.5,0.05555555555555555,0.3333333333333333,3,0.16666666666666666,10,0.136986301369863,0,0.0,26,0.12380952380952381,0.5901639344262295,0.3333333333333333,7.319047619047619,0.3619047619047619,0.0,0.0,1.0,32.285714285714306,13.121466666666668,59.23809523809524,0.7760248447204969,2,24,12.0,0.5,0.0,0.5,0,0.0,0,0.0,0,0.0,3,0.125,1.0,0.5,7.916666666666667,0.375,0.0,0.0,1.0,7.3125,15.248633333333334,69.83333333333334,0.9583333333333334,0.3333333333333339,-2.857142612244924,0.0,0.0,-0.05555555555555555,99.99820003239942,-0.16666666666666666,99.99940000359999,-0.136986301369863,99.99927000532895,0.0,0.0,0.0011904761904761862,-0.9615306953289958,0.013095238095238104,-3.618411054390511,0.0,0.0,2.1271666666666658,-16.21134708939952,10.595238095238102,-17.885851788100585,0.18230848861283644,-23.492579513057184,-24.973214285714306,-24.973214285714306,0.16666666666666669,49.99985000045001,0.4098360655737705,69.44432677489074,0.0,0.0,0.0,0.0,53,324,6.113207547169812,0.0,0.018867924528301886,0.39622641509433965,0,0.0,0,0.0,0,0.0,22,0.06790123456790123,0.8518518518518519,0.20754716981132076,5.811728395061729,0.19753086419753085,0.0,0.0,1.0,67.08333333333333,5.983383950617283,34.21913580246914,0.6376727272727273,-5.553459119496854,47.60107408702384,-0.5,99.9998000004,-0.03668763102725367,66.03654719120716,-0.16666666666666666,99.99940000359999,-0.136986301369863,99.99927000532895,0.0,0.0,-0.05590828924162258,45.15633043248782,-0.16437389770723104,45.41897781403305,0.0,0.0,-7.138082716049386,54.40003281174658,-25.0189594356261,42.234577112450715,-0.13835211744776965,17.828287342362966,34.79761904761902,34.79761904761902,0.06289308176100633,18.86786792469813,0.26168791742562236,44.34148865181913,0.0,0.0,0.0,0.0
dpo_len500,1395,148,1212,0.1060931899641577,85,1395,16.41176470588235,0.5411764705882353,0.023529411764705882,0.1411764705882353,4,0.047058823529411764,64,0.10509031198686371,0,0.0,33,0.023655913978494623,0.24087591240875914,0.011764705882352941,6.10752688172043,0.27813620071684586,0.029197080291970802,0.005017921146953405,0.961038961038961,48.52551294446236,10.294187578604658,52.22143169967856,0.7956463595839525,8,148,18.5,0.75,0.0,0.0,0,0.0,6,0.0967741935483871,0,0.0,1,0.006756756756756757,0.24074074074074073,0.0,5.891891891891892,0.22297297297297297,0.018518518518518517,0.0,1.0,50.42905405405405,9.302321621621623,51.608108108108105,0.8036363636363638,2.0882352941176485,-12.724013561619255,0.20882352941176474,-38.586885219886014,-0.023529411764705882,99.99575018061732,-0.047058823529411764,99.9978750451553,-0.008316118438476613,7.9132311522727194,0.0,0.0,-0.016899157221737866,71.43432671353536,-0.05516322774387289,19.83309949251669,-0.005017921146953405,99.98007539925972,-0.9918659569830357,9.635202905108232,-0.613323591570456,1.1744671868687189,0.007990004052411348,-1.0042142358882904,1.9035411095916857,1.9035411095916857,-0.1411764705882353,-99.99929167168399,-0.00013517166801840785,-0.056116489814941904,-0.010678561773452284,-36.572821454939245,0.038961038961038974,4.054049835650848,172,1212,7.046511627906977,0.029069767441860465,0.005813953488372093,0.3430232558139535,8,0.046511627906976744,11,0.020257826887661142,1,0.005208333333333333,11,0.009075907590759076,0.4085106382978723,0.046511627906976744,5.403465346534653,0.19636963696369636,0.06595744680851064,0.0016501650165016502,0.9696969696969697,70.288884411697,6.261320308542483,36.50195717246143,0.6830954428202923,-9.365253077975375,57.064262589482695,-0.5121067031463747,94.62823768139093,-0.01771545827633379,75.28749795575548,-0.0005471956224350205,1.1627659888971547,-0.08483248509920256,80.72264347580561,0.005208333333333333,0.0,-0.014580006387735546,61.631058053428,-0.0817665637531495,29.397924313041084,-0.003367756130451755,67.10119628988505,-4.032867270062176,39.17615496615293,-15.71947452721713,30.101576526286856,-0.11255091676366014,14.145829230491447,21.763371467234634,21.763371467234634,0.2018467852257182,142.9737934705133,0.16763472588911318,69.5935215263152,0.036760366516539834,125.89994324609275,0.008658008658008698,0.9008999634779701
dpo_len500,147,6,208,0.04081632653061224,13,147,11.307692307692308,0.3076923076923077,0.0,0.38461538461538464,0,0.0,3,0.05660377358490566,0,0.0,6,0.04081632653061224,0.48,0.0,6.98639455782313,0.3741496598639456,0.0,0.0,0.0,38.015306122449005,12.526397278911563,54.42687074829932,0.7540816326530613,1,6,6.0,0.0,0.0,0.0,0,0.0,0,0.0,0,0.0,0,0.0,0.0,0.0,6.0,0.3333333333333333,0.0,0.0,1.0,66.75,8.721533333333335,39.333333333333336,1.0,-5.307692307692308,46.93877135915628,-0.3076923076923077,99.99967500105626,0.0,0.0,0.0,0.0,-0.05660377358490566,99.99823336454389,0.0,0.0,-0.04081632653061224,99.99755006002353,-0.04081632653061229,10.909061752144055,0.0,0.0,-3.8048639455782283,30.37476424475335,-15.093537414965986,27.731774636556466,0.24591836734693873,-32.611594100998346,28.734693877550995,28.734693877550995,-0.38461538461538464,-99.99974000067601,-0.48,-99.9997916671007,0.0,0.0,1.0,0.0,32,208,6.5,0.0,0.03125,0.46875,1,0.03125,1,0.012345679012345678,0,0.0,1,0.004807692307692308,0.6417910447761194,0.0,6.028846153846154,0.27884615384615385,0.208955223880597,0.0,1.0,65.69642857142858,8.55446098901099,42.043956043956044,0.6304402515723271,-4.807692307692308,42.51700304271402,-0.3076923076923077,99.99967500105626,0.03125,0.0,0.03125,0.0,-0.04425809457255998,78.18791909161868,0.0,0.0,-0.03600863422291993,88.21899248083805,-0.09530350601779175,25.47195989242608,0.0,0.0,-3.971936289900574,31.708526277560622,-12.382914704343278,22.75147240063491,-0.12364138108073419,16.39626424570093,27.68112244897958,27.68112244897958,0.08413461538461536,21.87494312514787,0.16179104477611939,33.70639744003021,0.208955223880597,0.0,1.0,0.0
dpo_len500,249,8,403,0.0321285140562249,22,249,11.318181818181818,0.3181818181818182,0.0,0.18181818181818182,4,0.18181818181818182,10,0.11235955056179775,0,0.0,18,0.07228915662650602,0.29545454545454547,0.0,7.742971887550201,0.40160642570281124,0.06818181818181818,0.028112449799196786,1.0,23.079772079772084,13.162697499208612,54.613643558088,0.785,1,8,8.0,0.0,0.0,0.0,0,0.0,0,0.0,0,0.0,2,0.25,0.0,0.0,12.625,0.5,0.75,0.25,1.0,-47.375,14.987600000000002,58.0,1.0,-3.3181818181818183,29.31726648602465,-0.3181818181818182,99.99968571527347,0.0,0.0,-0.18181818181818182,99.99945000302498,-0.11235955056179775,99.99911000792093,0.0,0.0,0.17771084337349397,-245.8299326859312,0.09839357429718876,-24.499938995151904,0.22188755020080322,-789.2576392639749,1.8249025007913904,-13.864197382482857,3.3863564419119996,-6.2005685013572265,0.21499999999999997,-27.38850014203803,-70.45477207977208,-70.45477207977208,-0.18181818181818182,-99.99945000302498,-0.29545454545454547,-99.9996615396071,0.6818181818181819,999.9853335484415,0.0,0.0,54,403,7.462962962962963,0.05555555555555555,0.0,0.24074074074074073,0,0.0,3,0.018404907975460124,0,0.0,31,0.07692307692307693,0.4253731343283582,0.1111111111111111,6.523573200992556,0.2630272952853598,0.21641791044776118,0.022332506203473945,1.0,48.58227458044941,8.021607509244337,39.16772541955058,0.7435593220338984,-3.8552188552188555,34.06217161491449,-0.26262626262626265,82.53942313006701,0.0,0.0,-0.18181818181818182,99.99945000302498,-0.09395464258633762,83.61888769374,0.0,0.0,0.004633920296570906,-6.410167736269402,-0.13857913041745146,34.506117553712706,-0.005779943595722842,20.55935375063069,-5.141089989964275,39.05802438818587,-15.445918138537422,28.282159638895514,-0.041440677966101624,5.279060531910357,25.502502500677323,25.502502500677323,0.058922558922558904,32.407229167646975,0.12991858887381275,43.972296635671086,0.148236092265943,217.4097466470989,0.0,0.0
dpo_len500,279,27,318,0.0967741935483871,17,279,16.41176470588235,0.5882352941176471,0.058823529411764705,0.11764705882352941,2,0.11764705882352941,16,0.17777777777777778,0,0.0,17,0.06093189964157706,0.36470588235294116,0.11764705882352941,7.448028673835125,0.4014336917562724,0.0,0.0,1.0,21.86895161290323,14.37449265232975,64.39090501792114,0.7775652173913044,2,27,13.5,0.5,0.0,0.0,0,0.0,0,0.0,0,0.0,2,0.07407407407407407,0.5714285714285714,0.0,7.62962962962963,0.4074074074074074,0.0,0.0,1.0,7.833333333333343,16.314214814814815,75.14814814814815,0.8148148148148148,-2.9117647058823515,17.741934402821194,-0.08823529411764708,14.999974500043352,-0.058823529411764705,99.99830002889951,-0.11764705882352941,99.99915000722494,-0.17777777777777778,99.99943750316405,0.0,0.0,0.01314217443249701,-21.56827347755096,0.00597371565113497,-1.4880915311529328,0.0,0.0,1.9397221624850651,-13.494194713221669,10.75724313022701,-16.706152771375944,0.03724959742351042,-4.790537010273022,-14.035618279569889,-14.035618279569889,-0.11764705882352941,-99.99915000722494,0.20672268907563024,56.681872231732825,0.0,0.0,0.0,0.0,47,318,6.76595744680851,0.02127659574468085,0.0,0.2553191489361702,0,0.0,1,0.008130081300813009,0,0.0,7,0.0220125786163522,0.5283018867924528,0.0851063829787234,6.320754716981132,0.3490566037735849,0.16981132075471697,0.0,1.0,48.438005390835556,10.211225876010783,43.42048517520215,0.6977695167286245,-9.645807259073841,58.773732405993115,-0.5669586983729662,96.38281487261897,-0.058823529411764705,99.99830002889951,-0.11764705882352941,99.99915000722494,-0.1696476964769648,95.4262924953974,0.0,0.0,-0.03891932102522486,63.87242565864793,-0.05237708798268753,13.047474236354198,0.0,0.0,-4.163266776318967,28.962876028987665,-20.97041984271899,32.56736259757324,-0.07979570066267982,10.262238620704277,26.569053777932325,26.569053777932325,0.13767209011264078,117.02028192334832,0.16359600443951167,44.8568459646433,0.16981132075471697,0.0,0.0,0.0
dpo_len500,343,70,827,0.20408163265306123,43,343,7.976744186046512,0.20930232558139536,0.16279069767441862,0.06976744186046512,2,0.046511627906976744,4,0.03225806451612903,0,0.0,4,0.011661807580174927,0.48936170212765956,0.0,6.096209912536443,0.2594752186588921,0.010638297872340425,0.0058309037900874635,0.0,48.2727068849518,9.27900457501682,47.303094864319355,0.7063945578231292,9,70,7.777777777777778,0.2222222222222222,0.2222222222222222,0.1111111111111111,1,0.1111111111111111,0,0.0,0,0.0,3,0.04285714285714286,0.7058823529411765,0.0,5.757142857142857,0.22857142857142856,0.0,0.0,1.0,55.51190476190477,8.358666666666668,44.52380952380952,0.7123809523809524,-0.1989664082687339,2.494330753059281,0.01291989664082685,-6.172810013858317,0.059431524547803594,-36.507712246275545,0.06459948320413436,-138.88590284197778,-0.03225806451612903,99.99690009609702,0.0,0.0,0.031195335276967932,-267.4770638417756,-0.03090379008746355,11.910066458957354,-0.0058309037900874635,99.98285294072066,-0.9203379083501524,9.918497202201369,-2.779285340509837,5.875482967291888,0.005986394557823238,-0.8474564274259127,7.2391978769529715,7.2391978769529715,0.04134366925064599,59.25840988871751,0.21652065081351696,44.245433882092925,-0.010638297872340425,-99.99060088351696,1.0,0.0,122,827,6.778688524590164,0.02459016393442623,0.00819672131147541,0.1885245901639344,5,0.040983606557377046,3,0.009868421052631578,0,0.0,9,0.010882708585247884,0.6666666666666666,0.00819672131147541,5.758162031438936,0.21765417170495768,0.182648401826484,0.0036275695284159614,0.9,62.670243415172706,6.533141830608275,34.76083276378739,0.6873778920308483,-1.1980556614563476,15.019354805918478,-0.18471216164696913,88.2509444768172,-0.1545939763629432,94.9642878423255,-0.005528021349599697,11.8849903743463,-0.022389643463497453,69.40574315880419,0.0,0.0,-0.0007790989949270424,6.680201054258987,-0.04182104695393443,16.11748744069392,-0.002203334261671502,37.780703197067965,-2.7458627444085453,29.592209232006716,-12.542262100531964,26.514674930594918,-0.019016665792280896,2.692070410363818,14.397536530220904,14.397536530220904,0.1187571483034693,170.21613947030693,0.17730496453900707,36.23181001905489,0.1720101039541436,1616.7430033266373,0.9,0.0
dpo_len500,120,13,325,0.10833333333333334,10,120,12.0,0.5,0.2,0.0,1,0.1,4,0.08888888888888889,0,0.0,4,0.03333333333333333,0.37209302325581395,0.0,6.408333333333333,0.31666666666666665,0.046511627906976744,0.025,1.0,36.16806722689077,11.975635294117648,58.1764705882353,0.8008450704225354,1,13,13.0,1.0,0.0,0.0,0,0.0,0,0.0,0,0.0,0,0.0,0.75,0.0,6.384615384615385,0.3076923076923077,0.0,0.0,1.0,45.499999999999986,11.729369230769233,59.15384615384615,0.9230769230769231,1.0,-8.333332638888947,0.5,-99.9998000004,-0.2,99.99950000249999,-0.1,99.99900000999989,-0.08888888888888889,99.99887501265611,0.0,0.0,-0.03333333333333333,99.9970000899973,-0.008974358974358942,2.8339991476949895,-0.025,99.9960001599936,-0.24626606334841483,2.0563923060136613,0.9773755656108563,-1.6800186379960957,0.12223185265438774,-15.262839785165811,9.331932773109216,9.331932773109216,0.0,0.0,0.37790697674418605,101.56222705151481,-0.046511627906976744,-99.997850046224,0.0,0.0,57,325,5.701754385964913,0.017543859649122806,0.017543859649122806,0.45614035087719296,0,0.0,2,0.014388489208633094,0,0.0,3,0.009230769230769232,0.4146341463414634,0.03508771929824561,5.593846153846154,0.20615384615384616,0.13821138211382114,0.006153846153846154,1.0,69.47363636363637,6.229292307692309,36.00174825174825,0.5843478260869566,-6.298245614035087,52.485375743177755,-0.4824561403508772,96.49103508810526,-0.1824561403508772,91.22761403736841,-0.1,99.99900000999989,-0.07450039968025579,83.81200675521177,0.0,0.0,-0.024102564102564103,72.30552314199805,-0.11051282051282049,34.89867521875842,-0.018846153846153846,75.38160012061054,-5.746342986425339,47.983613106619686,-22.174722336487044,38.11630669772575,-0.21649724433557882,27.03356516706793,33.3055691367456,33.3055691367456,0.45614035087719296,0.0,0.042541123085649446,11.432896103360012,0.0916997542068444,197.15023281470994,0.0,0.0
dpo_len1000,344,223,998,0.6482558139534884,22,344,15.636363636363637,0.5909090909090909,0.5,0.13636363636363635,0,0.0,12,0.10714285714285714,2,0.043478260869565216,15,0.0436046511627907,0.4842105263157895,0.18181818181818182,6.369186046511628,0.28488372093023256,0.010526315789473684,0.0,1.0,40.86831395348838,10.686334186046512,53.53720930232558,0.819728813559322,14,223,15.928571428571429,0.5,0.6428571428571429,0.21428571428571427,0,0.0,8,0.10526315789473684,2,0.06666666666666667,12,0.053811659192825115,0.5084745762711864,0.07142857142857142,6.188340807174888,0.273542600896861,0.0,0.0,1.0,43.2228354605036,10.151598413245948,51.682994135908935,0.8235632183908047,0.29220779220779214,-1.8687706446051993,-0.09090909090909094,15.384589349156489,0.1428571428571429,-28.571371428685723,0.0,0.0,-0.0018796992481203006,1.7543695907960999,0.02318840579710145,-53.33210669487936,0.010207008030034416,-23.407534936077727,-0.011341120033371566,3.980950609193595,0.0,0.0,-0.5347357728005644,5.003921021481583,-1.854215166416644,3.463413868496058,0.003834404831482674,-0.4677644716657834,2.354521507015221,2.354521507015221,0.07792207792207792,57.14243809831109,0.024264049955396938,5.01104344624225,-0.010526315789473684,-99.99050090241428,0.0,0.0,117,998,8.52991452991453,0.15384615384615385,0.02564102564102564,0.358974358974359,1,0.008547008547008548,5,0.013020833333333334,1,0.00546448087431694,43,0.04308617234468938,0.5545454545454546,0.09401709401709402,5.970941883767535,0.23146292585170342,0.00909090909090909,0.012024048096192385,1.0,53.667081531484015,8.044225490981963,42.869992616812574,0.696290832455216,-7.106449106449107,45.44821812304429,-0.4370629370629371,73.96437187094465,-0.47435897435897434,94.8716051285846,0.008547008547008548,0.0,-0.09412202380952381,87.84640232246723,-0.03801377999524828,87.42968310635959,-0.0005184788181013186,1.1890174880446314,-0.05342079507852915,18.751723470495193,0.012024048096192385,0.0,-2.6421086950645485,24.724179515859042,-10.667216685513004,19.924864641386883,-0.12343798110410609,15.058373998638656,12.798767577995633,12.798767577995633,0.22261072261072262,163.24666610564515,0.07033492822966508,14.525661700955581,-0.0014354066985645935,-13.635068304874675,0.0,0.0
dpo_len1000,504,22,493,0.04365079365079365,23,504,21.91304347826087,0.6956521739130435,0.21739130434782608,0.21739130434782608,2,0.08695652173913043,18,0.10778443113772455,1,0.017543859649122806,18,0.03571428571428571,0.375,0.21739130434782608,6.698412698412699,0.3134920634920635,0.039473684210526314,0.031746031746031744,0.9642857142857143,32.472527472527446,11.783766422466423,57.28144078144078,0.7826813186813187,1,22,22.0,1.0,0.0,0.0,0,0.0,1,0.125,0,0.0,0,0.0,0.125,0.0,6.636363636363637,0.2727272727272727,0.125,0.09090909090909091,1.0,38.70454545454547,7.846472727272728,38.27272727272727,0.8636363636363636,0.08695652173912904,-0.39682537871629575,0.30434782608695654,-43.74993710946541,-0.21739130434782608,99.99954000211599,-0.08695652173913043,99.99885001322485,0.017215568862275446,-15.972074036868655,-0.017543859649122806,99.99430032488148,-0.03571428571428571,99.9972000783978,-0.04076479076479078,13.00341076472424,0.05916305916305917,-186.35776609400443,-3.937293695193695,33.41285986082024,-19.008713508713505,33.184767906579374,0.08095504495504491,-10.343282711616615,6.2320179820180215,6.2320179820180215,-0.21739130434782608,-99.99954000211599,-0.25,-66.66648888936297,0.08552631578947369,216.66117791682612,0.0357142857142857,3.70369986282977,76,493,6.4868421052631575,0.013157894736842105,0.02631578947368421,0.4342105263157895,2,0.02631578947368421,0,0.0,0,0.0,14,0.028397565922920892,0.6339869281045751,0.06578947368421052,5.959432048681542,0.25963488843813387,0.006535947712418301,0.02636916835699797,1.0,57.02509417560127,8.050740156476383,38.888698927847,0.6763063063063063,-15.426201372997713,70.3973443229282,-0.6824942791762013,98.10841160073727,-0.19107551487414187,87.89433252817564,-0.06064073226544622,69.73604014080153,-0.10778443113772455,99.99907223082985,-0.017543859649122806,99.99430032488148,-0.00731671979136482,20.486241801051065,-0.05385717505392962,17.179702304734757,-0.005376863389033773,16.936586172991934,-3.7330262659900395,31.679395325410216,-18.392741853593776,32.109425464135285,-0.10637501237501246,13.591084126473628,24.552566703073822,24.552566703073822,0.2168192219679634,99.73638331789991,0.25898692810457513,69.06299665989562,-0.032937736498108015,-83.44015197802354,0.0357142857142857,3.70369986282977
dpo_len1000,492,23,776,0.046747967479674794,39,492,12.615384615384615,0.5128205128205128,0.05128205128205128,0.10256410256410256,7,0.1794871794871795,17,0.09444444444444444,0,0.0,17,0.034552845528455285,0.4171779141104294,0.0,6.719512195121951,0.32723577235772355,0.03067484662576687,0.0,0.8,36.23465608465608,12.115621469723692,57.50711346266902,0.825823927765237,1,23,23.0,1.0,0.0,0.0,0,0.0,0,0.0,0,0.0,0,0.0,0.5,0.0,6.043478260869565,0.2608695652173913,0.0,0.0,1.0,22.5,12.31429523809524,59.095238095238095,0.8260869565217391,10.384615384615385,-82.31706664559839,0.4871794871794872,-94.99981475036124,-0.05128205128205128,99.99805003802426,-0.1794871794871795,99.99944286024693,-0.09444444444444444,99.99894118768154,0.0,0.0,-0.034552845528455285,99.99710596610967,-0.06636620714033226,20.28079138605581,0.0,0.0,0.19867376837154893,-1.6398147834997692,1.5881246325690768,-2.7616141887974828,0.0002630287565020817,-0.0318504258782625,-13.73465608465608,-13.73465608465608,-0.10256410256410256,-99.99902500950616,0.08282208588957057,19.85289358791685,-0.03067484662576687,-99.99674010627253,0.19999999999999996,24.999968750039052,121,776,6.413223140495868,0.008264462809917356,0.0,0.2066115702479339,2,0.01652892561983471,5,0.017241379310344827,1,0.006172839506172839,6,0.007731958762886598,0.675,0.024793388429752067,5.841494845360825,0.21778350515463918,0.19583333333333333,0.0,1.0,62.16249270569929,7.032045652596771,38.37745574790897,0.6950756533700139,-6.202161474888747,49.16347120872101,-0.5045560500105954,98.38823789500222,-0.05128205128205128,99.99805003802426,-0.16295825386734478,90.79052132175902,-0.07720306513409961,81.7435563866849,0.006172839506172839,0.0,-0.026820886765568687,77.62055526781103,-0.10945226720308437,33.447422920867545,0.0,0.0,-5.0835758171269205,41.95884965737841,-19.12965771476005,33.26485408545085,-0.13074827439522319,15.832444625889508,25.927836621043213,25.927836621043213,0.10404746768383133,101.44529190013951,0.2578220858895706,61.80132244683004,0.16515848670756647,538.3991148555224,0.19999999999999996,24.999968750039052
dpo_len1000,900,32,1422,0.035555555555555556,90,900,10.0,0.32222222222222224,0.05555555555555555,0.1,4,0.044444444444444446,44,0.12941176470588237,0,0.0,57,0.06333333333333334,0.2961783439490446,0.022222222222222223,6.383333333333334,0.31333333333333335,0.006369426751592357,0.008888888888888889,0.9807692307692307,42.31173402868319,11.305119426336375,54.63233376792699,0.6995769682726204,2,32,16.0,0.5,0.0,0.0,0,0.0,2,0.13333333333333333,0,0.0,3,0.09375,0.0,0.0,5.0,0.15625,0.06666666666666667,0.03125,1.0,70.765625,5.715825000000001,41.0,0.8125,6.0,-59.9999940000006,0.17777777777777776,-55.17224256890236,-0.05555555555555555,99.99820003239942,-0.044444444444444446,99.99775005062386,0.0039215686274509665,-3.0302796145059983,0.0,0.0,0.03041666666666666,-48.025557491197496,-0.15708333333333335,50.13281872504663,0.02236111111111111,-251.53420240222974,-5.589294426336375,49.440379363987766,-13.632333767926987,24.95286687972582,0.11292303172737961,-16.14159348188254,28.45389097131681,28.45389097131681,-0.1,-99.99900000999989,-0.2961783439490446,-99.99966236673137,0.06029723991507431,946.5180633307236,0.019230769230769273,1.960782314496468,192,1422,7.40625,0.041666666666666664,0.015625,0.21875,0,0.0,6,0.010452961672473868,2,0.008928571428571428,88,0.06188466947960619,0.43410852713178294,0.03125,5.755977496483825,0.22292545710267228,0.08139534883720931,0.0,1.0,62.94881024367125,7.243594064292601,39.26412018500057,0.631755280407866,-2.59375,25.93749740625026,-0.28055555555555556,87.06869530404906,-0.03993055555555555,71.87370627328707,-0.044444444444444446,99.99775005062386,-0.1189588030334085,91.9220011285342,0.008928571428571428,0.0,-0.0014486638537271473,2.287327863866066,-0.09040787623066107,28.85348543483193,-0.008888888888888889,99.98875126548265,-4.061525362043774,35.92642279671835,-15.368213582926415,28.13025225483981,-0.0678216878647544,9.694657485028857,20.637076214988056,20.637076214988056,0.11875,118.74881251187486,0.13793018318273836,46.56981859155857,0.07502592208561695,1177.7220743785088,0.019230769230769273,1.960782314496468
dpo_len1000,862,103,715,0.11948955916473318,73,862,11.808219178082192,0.3561643835616438,0.1506849315068493,0.1232876712328767,3,0.0410958904109589,14,0.0472972972972973,1,0.01,36,0.04176334106728538,0.4329004329004329,0.0821917808219178,6.417633410672853,0.2737819025522042,0.07792207792207792,0.00580046403712297,0.9259259259259259,40.77677782685511,9.5767816401649,47.423457744405184,0.8032964329643297,11,103,9.363636363636363,0.36363636363636365,0.0,0.0,0,0.0,2,0.05405405405405406,0,0.0,4,0.038834951456310676,0.3235294117647059,0.0,6.165048543689321,0.2815533980582524,0.058823529411764705,0.0,1.0,44.248074807480734,9.529078327832785,46.86578657865787,0.7803703703703704,-2.4445828144458286,20.70238171018641,0.007471980074719831,-2.097896207655062,-0.1506849315068493,99.99933636804047,-0.0410958904109589,99.99756672587633,0.006756756756756757,-14.28541225128383,-0.01,99.99000099990002,-0.002928389610974705,7.011698343945752,0.0077714955060482205,-2.8385612956844057,-0.00580046403712297,99.98276297166369,-0.04770331233211422,0.49811418014278797,-0.5576711657473155,1.175939462266883,-0.02292606259395935,2.8539942558209788,3.471296980625624,3.471296980625624,-0.1232876712328767,-99.99918889546785,-0.109371021135727,-25.264647521017164,-0.019098548510313215,-24.509489383121544,0.07407407407407407,7.99999136000933,114,715,6.271929824561403,0.008771929824561403,0.03508771929824561,0.2982456140350877,0,0.0,0,0.0,2,0.013793103448275862,15,0.02097902097902098,0.7474226804123711,0.06140350877192982,5.520279720279721,0.16923076923076924,0.07731958762886598,0.0013986013986013986,0.8181818181818182,64.11363636363635,4.792354125874126,28.82832167832168,0.7187687687687688,-5.536289353520789,46.88504507899474,-0.3473924537370824,97.536838157366,-0.1155972122086037,76.71400445458926,-0.0410958904109589,99.99756672587633,-0.0472972972972973,99.9978857589868,0.0037931034482758617,-37.92724175858276,-0.0207843200882644,49.76570815466561,-0.10455113332143495,38.187604977085606,-0.004401862638521571,75.87503103276184,-4.7844275142907735,49.95861025627697,-18.595136066083505,39.21083902020808,-0.0845276641955609,10.522586121511274,23.336858536781236,23.336858536781236,0.174957942802211,141.90918034288615,0.31452224751193825,72.65447134342894,-0.000602490293211938,-0.7731859537355809,-0.1077441077441077,-11.636351069104476
dpo_len1000,834,61,962,0.07314148681055156,101,834,8.257425742574258,0.15841584158415842,0.0297029702970297,0.1782178217821782,9,0.0891089108910891,9,0.02821316614420063,0,0.0,18,0.02158273381294964,0.46564885496183206,0.0594059405940594,5.95083932853717,0.2302158273381295,0.06870229007633588,0.009592326139088728,1.0,58.33629266799326,7.218791050563805,38.128935149752536,0.6842292993630572,9,61,6.777777777777778,0.1111111111111111,0.0,0.0,0,0.0,1,0.037037037037037035,0,0.0,4,0.06557377049180328,0.20833333333333334,0.0,5.885245901639344,0.21311475409836064,0.08333333333333333,0.0,1.0,60.17008196721312,6.476457377049182,35.493852459016395,0.6033333333333333,-1.47964796479648,17.918995964779207,-0.04730473047304731,29.860922614037115,-0.0297029702970297,99.99663344667395,-0.0891089108910891,99.99887779037147,0.008823870892836407,-31.274611653373768,0.0,0.0,0.04399103667885364,-203.81569315157248,-0.017101073239768866,7.428246422079204,-0.009592326139088728,99.98957608669296,-0.7423336735146231,10.283350293442032,-2.635082690736141,6.910978791505682,-0.08089596602972393,11.822914902340504,1.833789299219859,1.833789299219859,-0.1782178217821782,-99.99943889203733,-0.2573155216284987,-55.25944416960896,0.014631043256997447,21.295986321384273,0.0,0.0,127,962,7.574803149606299,0.047244094488188976,0.007874015748031496,0.2204724409448819,11,0.08661417322834646,2,0.00546448087431694,1,0.006578947368421052,17,0.017671517671517672,0.5100671140939598,0.03937007874015748,5.824324324324325,0.22765072765072766,0.06375838926174497,0.006237006237006237,1.0,60.63873873873874,6.956665252945253,36.602945252945254,0.6609419496166483,-0.6826225929679586,8.266771407712794,-0.11117174709596944,70.17672236377078,-0.021828954548998206,73.48833954086274,-0.0024947376627426493,2.7996186258021725,-0.02274868526988369,80.62859328755899,0.006578947368421052,0.0,-0.003911216141431969,18.121128509680506,-0.002565099687401845,1.1142103368640255,-0.003355319902082491,34.97556377668625,-0.2621257976185518,3.6311587282539763,-1.5259898968072818,4.002183252147164,-0.023287349746408892,3.403437375995603,2.302446070745475,2.302446070745475,0.04225461916270368,23.709403271865373,0.04441825913212771,9.53898270531375,-0.00494390081459091,-7.196017554760139,0.0,0.0
dpo_len1000,217,6,269,0.027649769585253458,16,217,13.5625,0.5,0.25,0.25,4,0.25,7,0.10294117647058823,1,0.02857142857142857,9,0.041474654377880185,0.6481481481481481,0.0625,6.7050691244239635,0.35944700460829493,0.037037037037037035,0.0,1.0,33.981581798483205,12.881409100758397,58.63813651137595,0.7335714285714285,1,6,6.0,0.0,0.0,0.0,0,0.0,1,0.25,0,0.0,0,0.0,0.0,0.0,9.666666666666666,0.5,0.25,0.0,1.0,-1.5,15.1982,56.0,1.0,-7.5625,55.76036455223119,-0.5,99.9998000004,-0.25,99.99960000160002,-0.25,99.99960000160002,0.14705882352941177,-142.85575511552176,-0.02857142857142857,99.99650012249572,-0.041474654377880185,99.99758894702205,0.14055299539170507,-39.102455317528154,0.0,0.0,2.316790899241603,-17.985537927289506,-2.638136511375947,4.499011434092943,0.26642857142857146,-36.319327315425284,-35.481581798483205,-35.481581798483205,-0.25,-99.99960000160002,-0.6481481481481481,-99.99984571452374,0.21296296296296297,574.9844754191637,0.0,0.0,44,269,6.113636363636363,0.0,0.022727272727272728,0.25,1,0.022727272727272728,1,0.009523809523809525,0,0.0,8,0.02973977695167286,0.5227272727272727,0.045454545454545456,6.096654275092937,0.22676579925650558,0.022727272727272728,0.0,1.0,64.43130081300812,7.18918428184282,39.91869918699187,0.7021818181818181,-7.448863636363637,54.92249280839601,-0.5,99.9998000004,-0.22727272727272727,90.90872727418183,-0.22727272727272727,90.90872727418183,-0.09341736694677871,90.74741777338382,-0.02857142857142857,99.99650012249572,-0.011734877426207324,28.29341116427514,-0.13268120535178934,36.91248905286801,0.0,0.0,-5.692224818915577,44.18945421651039,-18.719437324384074,31.923656034867165,-0.03138961038961041,4.279006293998681,30.449719014524916,30.449719014524916,0.0,0.0,-0.12542087542087543,-19.350619495407845,-0.014309764309764307,-38.6353204827106,0.0,0.0
dpo_len1000,231,8,302,0.03463203463203463,14,231,16.5,0.6428571428571429,0.35714285714285715,0.14285714285714285,3,0.21428571428571427,10,0.13333333333333333,0,0.0,4,0.017316017316017316,0.6949152542372882,0.0,6.956709956709957,0.3852813852813853,0.01694915254237288,0.004329004329004329,1.0,25.96976822304333,14.124833792408467,62.59355055424925,0.7816483516483516,2,8,4.0,0.0,0.0,0.0,0,0.0,0,0.0,0,0.0,0,0.0,0.0,0.0,9.0,0.5,0.2,0.0,1.0,7.8125,14.72755,54.0,1.0,-12.5,75.75757116620781,-0.6428571428571429,99.99984444468642,-0.35714285714285715,99.99972000078401,-0.21428571428571427,99.9995333355111,-0.13333333333333333,99.99925000562496,0.0,0.0,-0.017316017316017316,99.99422533348698,0.11471861471861472,-29.775203617168145,-0.004329004329004329,99.97690533486764,0.6027162075915342,-4.267067306978133,-8.593550554249248,13.7291307824278,0.21835164835164844,-27.934731589194804,-18.15726822304333,-18.15726822304333,-0.14285714285714285,-99.99930000489996,-0.6949152542372882,-99.99985609776805,0.18305084745762712,1079.9362837592582,0.0,0.0,41,302,7.365853658536586,0.024390243902439025,0.07317073170731707,0.4146341463414634,3,0.07317073170731707,2,0.017094017094017096,0,0.0,7,0.023178807947019868,0.5795454545454546,0.024390243902439025,6.056291390728477,0.23841059602649006,0.022727272727272728,0.0,1.0,57.57084349947718,7.640852980132452,40.397699546880446,0.6550197628458498,-9.134146341463413,55.35845932047769,-0.6184668989547039,96.20581240613463,-0.28397212543554007,79.51197248842826,-0.14111498257839722,65.85335122094634,-0.11623931623931624,87.17883333823715,0.0,0.0,0.005862790631002552,-33.855660729632596,-0.14687078925489522,38.12029692134259,-0.004329004329004329,99.97690533486764,-6.483980812276014,45.90482584448276,-22.195851007368802,35.460283777206456,-0.12662858880250172,16.200178319788254,31.601075276433846,31.601075276433846,0.27177700348432055,190.2425707410292,-0.11536979969183359,-16.60197167476803,0.005778120184899847,34.08889784593618,0.0,0.0
dpo_len1000,270,8,361,0.02962962962962963,20,270,13.5,0.5,0.15,0.15,2,0.1,5,0.053763440860215055,0,0.0,13,0.04814814814814815,0.42168674698795183,0.0,6.381481481481481,0.2962962962962963,0.060240963855421686,0.10740740740740741,1.0,39.0145970394737,11.1856515625,52.926809210526315,0.7921266968325792,3,8,2.6666666666666665,0.0,0.0,0.3333333333333333,0,0.0,0,0.0,0,0.0,0,0.0,0.3333333333333333,0.0,8.25,0.25,0.6666666666666666,0.75,1.0,51.6875,7.4513,41.5,0.875,-10.833333333333334,80.24690763603154,-0.5,99.9998000004,-0.15,99.99933333777776,-0.1,99.99900000999989,-0.053763440860215055,99.99814003459535,0.0,0.0,-0.04814814814814815,99.99792312005827,-0.04629629629629628,15.624947265802975,0.6425925925925926,-598.2702919662472,-3.7343515625000006,33.38519180382419,-11.426809210526315,21.58983162800486,0.08287330316742081,-10.462114063022918,12.6729029605263,12.6729029605263,0.18333333333333332,122.22140741283947,-0.08835341365461852,-20.95233126542396,0.606425702811245,1006.6499562773923,0.0,0.0,52,361,6.9423076923076925,0.019230769230769232,0.057692307692307696,0.46153846153846156,0,0.0,1,0.007042253521126761,0,0.0,12,0.0332409972299169,0.8446601941747572,0.019230769230769232,6.1551246537396125,0.22714681440443213,0.06796116504854369,0.0,1.0,55.942049861495846,7.652322504155126,41.015013850415514,0.7206410256410256,-6.5576923076923075,48.57549497731377,-0.4807692307692308,96.15365384653846,-0.0923076923076923,61.5380512847863,-0.1,99.99900000999989,-0.046721187339088296,86.8997921145709,0.0,0.0,-0.014907150918231249,30.96036273033127,-0.06914948189186415,23.33787137318827,-0.10740740740740741,99.9990689741854,-3.533329058344874,31.588045834629185,-11.911795360110801,22.50616523597285,-0.07148567119155358,9.02451353202241,16.927452822022147,16.927452822022147,0.31153846153846154,207.6909230861538,0.4229734471868054,100.30489389555119,0.0077202011931220005,12.815321246249834,0.0,0.0
dpo_len1000,1826,213,1205,0.11664841182913473,121,1826,15.090909090909092,0.5206611570247934,0.24793388429752067,0.1322314049586777,16,0.1322314049586777,71,0.11525974025974026,4,0.015267175572519083,113,0.061883899233296825,0.4720720720720721,0.11570247933884298,6.872946330777656,0.36801752464403065,0.0036036036036036037,0.007667031763417305,1.0,26.078695706664774,13.446406304593037,60.697859053929605,0.7668317388857626,17,213,12.529411764705882,0.4117647058823529,0.0,0.11764705882352941,0,0.0,10,0.125,0,0.0,12,0.056338028169014086,0.3026315789473684,0.058823529411764705,6.896713615023474,0.3568075117370892,0.02631578947368421,0.009389671361502348,1.0,36.463545981772995,11.993485722176194,53.84396575531621,0.7839024390243903,-2.5614973262032095,16.97377633802404,-0.10889645114244051,20.914992509673592,-0.24793388429752067,99.99959666829344,-0.1322314049586777,99.99924375571909,0.009740259740259744,-8.450630907202273,-0.015267175572519083,99.99345042899691,-0.00554587106428274,8.961590198887832,-0.011210012906941458,3.046045825487847,0.0017226395980850422,-22.465212080933494,-1.4529205824168425,10.805269760946128,-6.853893298613393,11.291820325335621,0.01707070013862766,-2.226130846138891,10.38485027510822,10.38485027510822,-0.01458434613514828,-11.029328355410199,-0.16944049312470366,-35.89285285453328,0.022712185870080604,630.0883083891588,0.0,0.0,174,1205,6.925287356321839,0.040229885057471264,0.005747126436781609,0.3390804597701149,13,0.07471264367816093,2,0.00425531914893617,0,0.0,55,0.04564315352697095,0.5877862595419847,0.040229885057471264,5.83402489626556,0.24481327800829875,0.010178117048346057,0.019087136929460582,1.0,59.11159199537791,7.763923893061611,39.90873995482956,0.6846712802768167,-8.165621734587253,54.109538029163005,-0.48043127196732216,92.27313056755236,-0.24218675786073907,97.68159835471806,-0.057518761280516764,43.49823426299419,-0.11100442111080408,96.30722556583919,-0.015267175572519083,99.99345042899691,-0.016240745706325874,26.24347119820085,-0.1232042466357319,33.47772962105709,0.011420105166043276,-148.93137533058206,-5.682482411531426,42.26022819932279,-20.78911909910005,34.25016809592475,-0.08216045860894594,10.714260678062368,33.03289628871313,33.03289628871313,0.20684905481143723,156.42841471126314,0.11571418746991263,24.511922902530305,0.0065745134447424535,182.39213427434194,0.0,0.0
dpo_len1000,474,366,255,0.7721518987341772,118,474,4.016949152542373,0.06779661016949153,0.00847457627118644,0.03389830508474576,7,0.059322033898305086,12,0.04597701149425287,0,0.0,24,0.05063291139240506,0.12062256809338522,0.00847457627118644,7.2594936708860756,0.3438818565400844,0.0311284046692607,0.008438818565400843,0.9411764705882353,32.22927712740827,13.4092869861935,61.76959420442018,0.7984941176470589,116,366,3.1551724137931036,0.05172413793103448,0.008620689655172414,0.034482758620689655,2,0.017241379310344827,8,0.03864734299516908,0,0.0,24,0.06557377049180328,0.10344827586206896,0.008620689655172414,7.314207650273224,0.35792349726775957,0.04926108374384237,0.01092896174863388,0.978494623655914,26.5630289042752,14.639381448510825,67.97109572480493,0.8640378548895898,-0.8617767387492692,21.45350840870756,-0.016072472238457043,23.706546880157656,0.00014611338398597302,-1.7239345067626837,-0.04208065458796026,70.93476483366867,-0.007329668499083793,15.941682253918227,0.0,0.0,0.01494085909939822,-29.50761394593605,0.014041640727675164,-4.083262791565887,0.0024901431832330366,-29.50470041431239,1.230094462317325,-9.173450995935486,6.2015015203847454,-10.039731521408726,0.06554373724253093,-8.20840801577722,-5.666248223133067,-5.666248223133067,0.0005844535359438921,1.7240870704659028,-0.01717429223131625,-14.237924232203225,0.018132679074581666,58.249360266395044,0.03731815306767872,3.9650495505757157,33,255,7.7272727272727275,0.06060606060606061,0.0,0.24242424242424243,1,0.030303030303030304,1,0.01,0,0.0,21,0.08235294117647059,0.4782608695652174,0.030303030303030304,6.078431372549019,0.2823529411764706,0.06521739130434782,0.0,0.8666666666666667,53.856546489563584,9.180943074003796,44.69639468690702,0.7220388349514564,3.7103235747303547,-92.36668203069559,-0.0071905495634309174,10.60590416897411,-0.00847457627118644,99.98820139223572,-0.029019003595274782,48.91692431816755,-0.03597701149425287,78.24829809951633,0.0,0.0,0.031720029784065525,-62.64582156855343,-0.06152891536361382,17.892405565859246,-0.008438818565400843,99.98815140405863,-4.228343912189704,31.532948778065627,-17.07319951751316,27.640135022758606,-0.07645528269560253,9.574921750416559,21.627269362155317,21.627269362155317,0.20852593733949668,615.1333687171381,0.3576383014718322,296.49123063160687,0.03408898663508712,109.50735164154591,-0.07450980392156858,-7.916658255217265
dpo_len1000,4208,248,4665,0.058935361216730035,343,4208,12.268221574344023,0.37026239067055394,0.08746355685131195,0.17784256559766765,19,0.05539358600583091,143,0.09255663430420712,6,0.011194029850746268,142,0.03374524714828897,0.37273991655076494,0.08163265306122448,6.2994296577946765,0.2958650190114068,0.0034770514603616135,0.027328897338403043,0.9619047619047619,45.28486286855596,10.296340718052392,50.96824420601381,0.7746092810771821,26,248,9.538461538461538,0.3076923076923077,0.15384615384615385,0.19230769230769232,2,0.07692307692307693,10,0.10989010989010989,1,0.029411764705882353,14,0.056451612903225805,0.40963855421686746,0.038461538461538464,6.217741935483871,0.29435483870967744,0.0,0.04838709677419355,1.0,47.760061919504636,10.304924934508216,50.56180042867349,0.7788944723618091,-2.729760035882485,22.250656273477695,-0.06257008297824623,16.89880354223804,0.0663825969948419,-75.89656814667343,0.02152949091724602,-38.8656951330583,0.01733347558590277,-18.727224087138207,0.018217734855136086,-162.73056077578642,0.022706365754936834,-67.28560261874367,-0.0015101803017293913,0.5104270868197162,0.021058199435790504,-77.05187902846689,0.008584216455824745,-0.08337151865088346,-0.4064437773403142,0.7974451066491837,0.00428519128462701,-0.5532060946400006,2.4751990509486745,2.4751990509486745,0.014465126710024673,8.133623874112416,0.03689863766610252,9.89927212916459,-0.0034770514603616135,-99.97124826899784,0.03809523809523807,3.9603919223648303,673,4665,6.931649331352155,0.04457652303120357,0.02526002971768202,0.3640416047548291,5,0.007429420505200594,17,0.009376723662437948,0,0.0,152,0.032583065380493034,0.6736613603473227,0.10549777117384844,5.607931404072883,0.22186495176848875,0.005065123010130246,0.017792068595927118,0.9743589743589743,63.662553024470526,6.645704949956977,35.23187355645125,0.6759228769497401,-5.336572242991869,43.499147579470886,-0.32568586763935037,87.96059125627494,-0.06220352713362993,71.11855290066205,-0.04796416550063031,86.5863777654761,-0.08317991064176916,89.86823320093035,-0.011194029850746268,99.99106746463983,-0.0011621817677959362,3.443884479032692,-0.07400006724291808,25.011343813723023,-0.009536828742475925,34.89522344116199,-3.6506357680954142,35.45565860246091,-15.73637064956256,30.8748527361617,-0.098686404127442,12.740136109503677,18.377690155914564,18.377690155914564,0.18619903915716146,104.69821527217704,0.3009214437965578,80.73206627842109,0.0015880715497686325,45.659806011137064,0.01245421245421241,1.2947435130808063
dpo_len1000,1376,109,2142,0.07921511627906977,138,1376,9.971014492753623,0.37681159420289856,0.07971014492753623,0.16666666666666666,12,0.08695652173913043,33,0.06653225806451613,0,0.0,43,0.03125,0.4953271028037383,0.07971014492753623,6.332848837209302,0.29941860465116277,0.011682242990654205,0.003633720930232558,1.0,45.493484504008606,9.95436939092976,47.287902357305256,0.7684702336096458,10,109,10.9,0.5,0.6,0.2,1,0.1,3,0.07894736842105263,0,0.0,8,0.07339449541284404,0.6428571428571429,0.0,6.238532110091743,0.29357798165137616,0.03571428571428571,0.0,1.0,44.745085190039305,10.341937352555702,49.516382699868934,0.7920000000000001,0.9289855072463773,-9.316859530721942,0.12318840579710144,-32.692220932182906,0.5202898550724637,-652.7190840696726,0.013043478260869573,-14.999827501983736,0.012415110356536502,-18.66000661578573,0.0,0.0,0.04214449541284404,-134.8580698628653,-0.005840622999786604,1.9506481569873126,-0.003633720930232558,99.97248757142034,0.3875679616259422,-3.8934452547504868,2.228480342563678,-4.712580140687105,0.023529766390354312,-3.0618929325214714,-0.7483993139693013,-0.7483993139693013,0.033333333333333354,19.999880000720008,0.1475300400534046,29.784306446238478,0.024032042723631505,205.69667807864218,0.0,0.0,325,2142,6.590769230769231,0.046153846153846156,0.021538461538461538,0.32,9,0.027692307692307693,11,0.012971698113207548,0,0.0,58,0.02707749766573296,0.6211180124223602,0.07076923076923076,5.548085901027077,0.21101774042950514,0.09627329192546584,0.0014005602240896359,1.0,65.11987856088979,6.354586267166043,34.626376120758145,0.6720496894409937,-3.380245261984392,33.90071216358018,-0.3306577480490524,87.75124641163305,-0.05817168338907469,72.97810543551643,-0.059264214046822736,68.15306239362862,-0.05356055995130858,80.50193468561521,0.0,0.0,-0.004172502334267039,13.351580219087515,-0.08840086422165763,29.52407352372554,-0.0022331607061429224,61.43967443464881,-3.599783123763716,36.1628408667993,-12.661526236547111,26.775402032264346,-0.09642054416865209,12.547059662304816,19.626394056881182,19.626394056881182,0.15333333333333335,91.99944800331198,0.12579090961862188,25.395471992523603,0.08459104893481163,724.0374012804381,0.0,0.0
dpo_len1000,481,119,673,0.24740124740124741,26,481,18.5,0.7692307692307693,0.07692307692307693,0.07692307692307693,5,0.19230769230769232,14,0.08,0,0.0,28,0.058212058212058215,0.3067484662576687,0.15384615384615385,7.01039501039501,0.34511434511434513,0.0736196319018405,0.02494802494802495,1.0,23.866093366093338,13.525589604989605,63.65157815157815,0.7778703703703704,8,119,14.875,0.625,0.125,0.125,1,0.125,4,0.08888888888888889,0,0.0,7,0.058823529411764705,0.34146341463414637,0.25,7.033613445378151,0.3949579831932773,0.04878048780487805,0.0,1.0,23.011204481792703,14.241637535014005,61.85014005602241,0.7994285714285716,-3.625,19.594593535427375,-0.14423076923076927,18.74997562503169,0.04807692307692307,-62.49918751056235,-0.06730769230769232,34.9998180009464,0.00888888888888889,-11.110972223958314,0.0,0.0,0.0006114711997064898,-1.0504021236593097,0.04984363807893216,-14.442602678944269,-0.02494802494802495,99.99599182732759,0.7160479300244003,-5.294023388230082,-1.8014380955557385,2.830154600353029,0.021558201058201165,-2.771435211445896,-0.8548888843006353,-0.8548888843006353,0.04807692307692307,62.49918751056235,0.03471494837647765,11.317036277193452,-0.024839144096962446,-33.73937910514114,0.0,0.0,101,673,6.663366336633663,0.0,0.0,0.25742574257425743,2,0.019801980198019802,3,0.011494252873563218,0,0.0,27,0.04011887072808321,0.49099099099099097,0.0,6.344725111441307,0.2689450222882615,0.25675675675675674,0.017830609212481426,1.0,51.856782834101395,8.94364591013825,44.725806451612904,0.6995192307692307,-11.836633663366337,63.9818001272883,-0.7692307692307693,99.999870000169,-0.07692307692307693,99.99870001689978,-0.17250571210967253,89.70250384400971,-0.06850574712643678,85.63111351912698,0.0,0.0,-0.018093187483975003,31.08097742960907,-0.07616932282608363,22.070685614065315,-0.007117415735543524,28.527831249401043,-4.581943694851356,33.87610810252583,-18.925771699965246,29.733389103977963,-0.07835113960113971,10.072505890509136,27.990689468008057,27.990689468008057,0.1805026656511805,234.65041489114105,0.18424252473332225,60.062867258115794,0.18313712485491623,248.7578823000266,0.0,0.0
dpo_len1000,316,5,891,0.015822784810126583,19,316,16.63157894736842,0.631578947368421,0.05263157894736842,0.05263157894736842,4,0.21052631578947367,12,0.10084033613445378,1,0.02857142857142857,25,0.07911392405063292,0.3017241379310345,0.0,7.158227848101266,0.3639240506329114,0.06896551724137931,0.0,0.7142857142857143,22.326785714285705,13.9883373015873,65.08432539682539,0.8044943820224719,2,5,2.5,0.0,0.0,0.0,0,0.0,0,0.0,0,0.0,1,0.2,0.0,0.0,8.0,0.4,0.3333333333333333,0.0,1.0,22.900000000000006,17.423000000000002,85.0,1.0,-14.131578947368421,84.96834932152329,-0.631578947368421,99.99984166691735,-0.05263157894736842,99.99810003609932,-0.21052631578947367,99.99952500225623,-0.10084033613445378,99.99900834316726,-0.02857142857142857,99.99650012249572,0.1208860759493671,-152.79806863241248,0.03607594936708863,-9.913016239016255,0.0,0.0,3.4346626984127013,-24.553757739923686,19.915674603174608,-30.599801374215396,0.19550561797752808,-24.301645770300645,0.5732142857143003,0.5732142857143003,-0.05263157894736842,-99.99810003609932,-0.3017241379310345,-99.99966857252703,0.26436781609195403,383.3277750805947,0.2857142857142857,39.99994400007839,137,891,6.5036496350364965,0.058394160583941604,0.014598540145985401,0.24087591240875914,8,0.058394160583941604,7,0.01832460732984293,1,0.006802721088435374,60,0.06734006734006734,0.4427710843373494,0.0,6.041526374859708,0.2716049382716049,0.02108433734939759,0.001122334455667789,1.0,55.235599235599224,9.342034743834743,47.420966420966415,0.696627078384798,-10.127929312331926,60.895773849401756,-0.5731847867844794,90.7541142135284,-0.03803303880138302,72.26140075601339,-0.15213215520553208,72.26243047608298,-0.08251572880461086,81.82728627731684,-0.021768707482993196,76.18780961713959,-0.011773856710565578,14.881966774094865,-0.09231911236130647,25.36761682130756,0.001122334455667789,0.0,-4.646302557752557,33.21554324451338,-17.663358975858976,27.13918996128773,-0.10786730363767394,13.408069958897647,32.90881352131352,32.90881352131352,0.18824433346139072,357.65743808531874,0.14104694640631493,46.74683301944638,-0.04788117989198172,-69.42670415616323,0.2857142857142857,39.99994400007839
dpo_len1000,262,263,556,1.0038167938931297,20,262,13.1,0.4,0.15,0.05,1,0.05,3,0.03409090909090909,0,0.0,10,0.03816793893129771,0.4782608695652174,0.15,6.366412213740458,0.27099236641221375,0.043478260869565216,0.007633587786259542,1.0,41.4895038167939,9.779693893129771,48.43606870229008,0.8179342723004694,19,263,13.842105263157896,0.47368421052631576,0.15789473684210525,0.05263157894736842,1,0.05263157894736842,4,0.04597701149425287,0,0.0,10,0.03802281368821293,0.4852941176470588,0.15789473684210525,6.346007604562738,0.26996197718631176,0.04411764705882353,0.0076045627376425855,1.0,41.4895038167939,9.779693893129771,48.43606870229008,0.8231775700934579,0.7421052631578959,-5.664925240523997,0.07368421052631574,-18.42100657906249,0.00789473684210526,-5.263122807251459,0.0026315789473684154,-5.263052633684157,0.011886102403343785,-34.86487768006315,0.0,0.0,-0.00014512524308478436,0.38021817516594564,-0.0010303892259019842,0.38022673379193994,-2.902504861695618e-05,0.3801783335204348,0.0,0.0,0.0,0.0,0.005243297792988488,-0.6410406752898115,0.0,0.0,0.0026315789473684154,5.263052633684157,0.0070332480818414145,1.470585160434233,0.0006393861892583161,1.4705544125426386,0.0,0.0,79,556,7.037974683544304,0.0379746835443038,0.012658227848101266,0.24050632911392406,1,0.012658227848101266,0,0.0,0,0.0,6,0.01079136690647482,0.6280487804878049,0.06329113924050633,5.528776978417266,0.19784172661870503,0.006097560975609756,0.0017985611510791368,1.0,62.01159072741805,5.840723900879297,32.182653876898485,0.7018934911242602,-6.062025316455696,46.27499888324967,-0.36202531645569624,90.50610284866694,-0.13734177215189872,91.56057103079227,-0.03734177215189874,74.68205066278422,-0.03409090909090909,99.99706675270859,0.0,0.0,-0.02737657202482289,71.72473951686062,-0.07315063979350872,26.993516764627273,-0.005835026635180405,76.42883674324995,-3.938969992250474,40.27702331508929,-16.253414825391594,33.55642793746976,-0.1160407811762092,14.187037178362626,20.522086910624154,20.522086910624154,0.19050632911392407,381.0050381270856,0.14978791092258747,31.319224979979698,-0.03738069989395546,-85.97363236255322,0.0,0.0
dpo_len1000,1338,85,1602,0.06352765321375187,147,1338,9.10204081632653,0.25170068027210885,0.1360544217687075,0.4013605442176871,11,0.07482993197278912,6,0.012422360248447204,1,0.004081632653061225,24,0.017937219730941704,0.7205882352941176,0.10204081632653061,5.7757847533632285,0.22869955156950672,0.0058823529411764705,0.0037369207772795215,0.9565217391304348,57.662927591595775,7.75269575273485,41.60005209237715,0.747478665632273,11,85,7.7272727272727275,0.18181818181818182,0.0,0.36363636363636365,1,0.09090909090909091,0,0.0,0,0.0,2,0.023529411764705882,0.5454545454545454,0.36363636363636365,6.176470588235294,0.3176470588235294,0.0,0.011764705882352941,1.0,51.686764705882354,10.200911764705884,47.095588235294116,0.7877777777777777,-1.374768089053803,15.103952682219626,-0.06988249845392702,27.76401745843678,-0.1360544217687075,99.99926500540221,0.016079158936301796,-21.487316157105575,-0.012422360248447204,99.99195064797284,-0.004081632653061225,99.97550600102974,0.005592192033764178,-31.17473259689302,0.08894750725402267,-38.89256350437342,0.00802778510507342,-214.76605801463998,2.4482160119710343,-31.57889557730217,5.4955361429169685,-13.210406560572343,0.040299112145504634,-5.391332232618889,-5.976162885713421,-5.976162885713421,-0.03772418058132343,-9.39905208279319,-0.17513368983957223,-24.304233433086075,-0.0058823529411764705,-99.98300288950878,0.04347826086956519,4.545449793393395,286,1602,5.601398601398602,0.01048951048951049,0.024475524475524476,0.3916083916083916,1,0.0034965034965034965,4,0.006172839506172839,0,0.0,30,0.018726591760299626,0.7413394919168591,0.06293706293706294,5.521847690387016,0.19225967540574282,0.17782909930715934,0.01435705368289638,1.0,66.9791015898177,5.843676236654389,33.613595039395776,0.7005666452028332,-3.500642214927929,38.459966297328485,-0.24121116978259835,95.83216509394397,-0.11157889729318302,82.00988673782199,-0.07133342847628561,95.326125969171,-0.006249520742274365,50.30459245561597,-0.004081632653061225,99.97550600102974,0.0007893720293579223,-4.400503735587158,-0.0364398761637639,15.933444809681225,0.010620132905616858,-284.118726383127,-1.9090195160804608,24.623941538884946,-7.986457052981372,19.198189567803272,-0.04691202042943987,6.276026303639745,9.316173998221927,9.316173998221927,-0.009752152609295461,-2.4297675623866377,0.020751256622741465,2.8797622287920492,0.17194674636598287,2922.597846587789,0.04347826086956519,4.545449793393395
dpo_len1000,1098,147,1255,0.13387978142076504,72,1098,15.25,0.5277777777777778,0.16666666666666666,0.25,3,0.041666666666666664,46,0.11138014527845036,0,0.0,89,0.08105646630236794,0.3726027397260274,0.08333333333333333,6.858834244080145,0.33697632058287796,0.049315068493150684,0.02185792349726776,1.0,30.966095380029827,12.153339526411658,56.70922338135453,0.7890562440419447,7,147,21.0,0.7142857142857143,0.2857142857142857,0.42857142857142855,0,0.0,9,0.17307692307692307,0,0.0,13,0.08843537414965986,0.4146341463414634,0.0,5.979591836734694,0.24489795918367346,0.024390243902439025,0.006802721088435374,1.0,41.683673469387756,10.371944217687076,56.47278911564626,0.7748979591836734,5.75,-37.704915560333404,0.1865079365079365,-35.33827890792267,0.11904761904761904,-71.42814285971427,-0.041666666666666664,99.99760005759862,0.06169677779847271,-55.39247926049975,0.0,0.0,0.007378907847291921,-9.103304339376272,-0.0920783613992045,27.32479480812961,-0.015055202408832385,68.8744000166074,-1.7813953087245817,14.65765980022736,-0.23643426570827586,0.41692382198408845,-0.014158284858271308,1.7943292410250884,10.717578089357929,10.717578089357929,0.17857142857142855,71.42828571542856,0.04203140661543597,11.280457530120696,-0.02492482459071166,-50.5409805612817,0.0,0.0,169,1255,7.42603550295858,0.04142011834319527,0.0,0.3254437869822485,4,0.023668639053254437,5,0.00980392156862745,0,0.0,57,0.04541832669322709,0.5788235294117647,0.047337278106508875,5.780876494023905,0.21593625498007968,0.12470588235294118,0.05976095617529881,1.0,59.751034571391855,6.653609330420254,35.98522040868783,0.7160364842454395,-7.82396449704142,51.304681862259685,-0.48635765943458253,92.15180297366263,-0.16666666666666666,99.99940000359999,-0.017998027613412227,43.19422961067869,-0.10157622370982292,91.19696467107124,0.0,0.0,-0.035638139609140855,43.96651071747076,-0.12104006560279829,35.91935071281127,0.03790303267803105,-173.39844152329235,-5.499730195991404,45.25282727032442,-20.724002972666703,36.54432448820542,-0.07301975979650521,9.254051001732345,28.784939191362028,28.784939191362028,0.07544378698224852,30.17739408332308,0.20622078968573732,55.34587222269155,0.07539081385979049,152.87271707447894,0.0,0.0
dpo_len1000,3210,192,4270,0.059813084112149535,232,3210,13.836206896551724,0.521551724137931,0.23275862068965517,0.2413793103448276,12,0.05172413793103448,92,0.08318264014466546,2,0.0045045045045045045,133,0.041433021806853584,0.4895259095920617,0.09051724137931035,6.0398753894081,0.2722741433021807,0.008820286659316428,0.014641744548286604,1.0,51.679495192307684,9.394902403846155,47.05769230769231,0.787782347358431,18,192,10.666666666666666,0.3888888888888889,0.2777777777777778,0.3333333333333333,0,0.0,5,0.07042253521126761,0,0.0,9,0.046875,0.4727272727272727,0.16666666666666666,5.703125,0.2708333333333333,0.0,0.020833333333333332,1.0,56.35921052631579,9.275815789473684,46.08552631578947,0.7876923076923078,-3.169540229885058,22.907578822048308,-0.13266283524904215,25.43613121153171,0.045019157088122624,-19.341480689276388,-0.05172413793103448,99.99806670404372,-0.012760104933397853,15.339680868986537,-0.0045045045045045045,99.97780492730614,0.005441978193146416,-13.134081500739715,-0.0014408099688473786,0.5291742578382619,0.006191588785046729,-42.28434611168046,-0.11908661437247048,1.267566139357196,-0.972165991902834,2.0659023500072804,-9.003966612319836e-05,0.011429495993424636,4.679715334008108,4.679715334008108,0.09195402298850572,38.095080272762665,-0.016798636864788996,-3.4316064215525626,-0.008820286659316428,-99.98866378524336,0.0,0.0,591,4270,7.225042301184433,0.05583756345177665,0.023688663282571912,0.32825719120135366,2,0.00338409475465313,15,0.009259259259259259,1,0.0013020833333333333,101,0.023653395784543327,0.6416040100250626,0.05583756345177665,5.485480093676815,0.19086651053864168,0.12949039264828738,0.01920374707259953,1.0,68.81903504941849,5.760538276505379,33.7478267772794,0.6713006396588486,-6.611164595367291,47.78162228261208,-0.4657141606861544,89.29378356827267,-0.20906995740708326,89.82226246443408,-0.04834004317638135,93.45560999921064,-0.0739233808854062,88.86769172020526,-0.0032024211711711714,71.0779706905067,-0.017779626022310258,42.91069330703817,-0.08140763276353902,29.899032198172392,0.004562002524312927,-31.15537875614133,-3.634364127340776,38.68442251202831,-13.309865530412907,28.284143558386454,-0.11648170769958244,14.786007865000578,17.139539857110805,17.139539857110805,0.08687788085652606,35.99211581608099,0.1520781004330009,31.066341288517197,0.12067010598897095,1367.942236198929,0.0,0.0
dpo_len1000,769,246,1617,0.3198959687906372,98,769,7.846938775510204,0.15306122448979592,0.030612244897959183,0.12244897959183673,6,0.061224489795918366,21,0.06287425149700598,0,0.0,42,0.054616384915474644,0.35106382978723405,0.061224489795918366,7.215864759427828,0.33940182054616386,0.1347517730496454,0.005201560468140442,0.8947368421052632,36.51147822355719,11.210420606340666,50.38682686118858,0.7240555555555555,23,246,10.695652173913043,0.30434782608695654,0.043478260869565216,0.0,5,0.21739130434782608,9,0.0967741935483871,0,0.0,11,0.044715447154471545,0.410958904109589,0.0,6.463414634146342,0.2886178861788618,0.0684931506849315,0.0040650406504065045,0.5,45.184560780834076,9.809472049689443,47.79503105590062,0.6946192893401015,2.8487133984028388,-36.30349511912262,0.15128660159716062,-98.83993395590976,0.012866015971606033,-42.0276126052346,0.15616681455190773,-255.06829765258763,0.03389994205138111,-53.916193167029114,0.0,0.0,-0.0099009377610031,18.12781365553422,-0.05078393436730205,14.962731978944966,-0.0011365198177339378,21.845393718992476,-1.4009485566512225,12.496840938246603,-2.5917958052879584,5.143796335875986,-0.02943626621545392,4.065465050981826,8.673082557276885,8.673082557276885,-0.12244897959183673,-99.99918334000272,0.05989507432235497,17.06097257268833,-0.06625862236471389,-49.17050748952157,-0.39473684210526316,-44.11759775092016,231,1617,7.0,0.06060606060606061,0.004329004329004329,0.24675324675324675,3,0.012987012987012988,8,0.012030075187969926,0,0.0,38,0.02350030921459493,0.46950092421441775,0.06493506493506493,5.892393320964749,0.20655534941249226,0.059149722735674676,0.006184291898577613,1.0,60.48197853833173,6.787148624383514,38.181286767790716,0.6690051020408163,-0.8469387755102042,10.793236595920435,-0.09245516388373531,60.40364576688806,-0.026283240568954855,85.8557812363988,-0.048237476808905375,78.78659194021043,-0.05084417630903606,80.86516570268856,0.0,0.0,-0.031116075700879715,56.97100977836025,-0.1328464711336716,39.14123958071306,0.0009827314304371709,-18.889380266798316,-4.423271981957152,39.456785277864384,-12.205540093397865,24.223672359417204,-0.05505045351473914,7.60305988425171,23.97050031477454,23.97050031477454,0.12430426716141002,101.51432248151792,0.1184370944271837,33.73653079944338,-0.07560205031397071,-56.10426309083638,0.10526315789473684,11.764692733578709
dpo_len1000,493,90,637,0.18255578093306288,51,493,9.666666666666666,0.23529411764705882,0.09803921568627451,0.27450980392156865,1,0.0196078431372549,16,0.09090909090909091,1,0.01282051282051282,34,0.06896551724137931,0.5306122448979592,0.0392156862745098,6.657200811359027,0.3204868154158215,0.034013605442176874,0.0,1.0,41.1275185577943,10.846016295510783,49.9232944503358,0.7405405405405405,9,90,10.0,0.3333333333333333,0.0,0.1111111111111111,0,0.0,4,0.12903225806451613,0,0.0,8,0.08888888888888889,0.27586206896551724,0.0,6.822222222222222,0.3333333333333333,0.034482758620689655,0.0,1.0,36.099999999999994,11.596888888888891,52.22222222222222,0.8273170731707316,0.3333333333333339,-3.4482755053508165,0.0980392156862745,-41.66648958408593,-0.09803921568627451,99.9989800104039,-0.0196078431372549,99.99490026008672,0.038123167155425214,-41.93502258571929,-0.01282051282051282,99.99220060835256,0.019923371647509583,-28.888470006073806,0.01284651791751179,-4.008426311260505,0.0,0.0,0.7508725933781086,-6.923025963538694,2.2989277718864187,-4.604919909931458,0.08677653263019103,-11.717983108260285,-5.027518557794309,-5.027518557794309,-0.16339869281045755,-59.52359268786475,-0.254750175932442,-48.010519598211744,0.0004691531785127809,1.3792697942956234,0.0,0.0,96,637,6.635416666666667,0.03125,0.010416666666666666,0.34375,0,0.0,2,0.008298755186721992,0,0.0,44,0.06907378335949764,0.5898876404494382,0.08333333333333333,6.342229199372056,0.27001569858712715,0.30337078651685395,0.0,1.0,52.10519022423783,8.507256464523131,41.773145725526675,0.7111224489795918,-3.031249999999999,31.35775537678392,-0.20404411764705882,86.71838144687885,-0.08762254901960784,89.37408838429847,-0.0196078431372549,99.99490026008672,-0.08261033572236892,90.87036972053887,-0.01282051282051282,99.99220060835256,0.00010826611811833031,-0.1569835950094513,-0.05047111682869437,15.748217061921652,0.0,0.0,-2.3387598309876516,21.563305379898992,-8.150148724809128,16.32534200975771,-0.029418091560948767,3.972510649365563,10.977671666443527,10.977671666443527,0.06924019607843135,25.223122401482673,0.05927539555147898,11.171111185299958,0.2693571810746771,791.8868308867225,0.0,0.0
dpo_len1000,180,11,187,0.06111111111111111,11,180,16.363636363636363,0.7272727272727273,0.0,0.18181818181818182,1,0.09090909090909091,10,0.16393442622950818,0,0.0,6,0.03333333333333333,0.40384615384615385,0.2727272727272727,7.061111111111111,0.37222222222222223,0.0,0.005555555555555556,1.0,29.73636363636362,13.175999999999998,59.6969696969697,0.7441221374045801,1,11,11.0,0.0,0.0,0.0,0,0.0,1,0.3333333333333333,0,0.0,0,0.0,0.6666666666666666,0.0,6.909090909090909,0.36363636363636365,0.0,0.09090909090909091,1.0,41.363636363636374,12.112381818181818,56.45454545454545,0.8181818181818182,-5.363636363636363,32.77777577469148,-0.7272727272727273,99.99986250018907,0.0,0.0,-0.09090909090909091,99.99890001209987,0.16939890710382513,-103.33270300384501,0.0,0.0,-0.03333333333333333,99.9970000899973,-0.008585858585858586,2.3066423783556185,0.08535353535353536,-1536.0871406783144,-1.06361818181818,8.072389959731941,-3.2424242424242493,5.431471990234236,0.07405968077723812,-9.952610939575157,11.627272727272754,11.627272727272754,-0.18181818181818182,-99.99945000302498,0.2628205128205128,65.0792039308601,0.0,0.0,0.0,0.0,27,187,6.925925925925926,0.0,0.0,0.2222222222222222,0,0.0,0,0.0,0,0.0,4,0.0213903743315508,0.5166666666666667,0.1111111111111111,5.925133689839572,0.2192513368983957,0.25,0.0,1.0,65.50592885375495,6.706119925598699,37.00744013020228,0.6433333333333333,-9.437710437710438,57.67489359476473,-0.7272727272727273,99.99986250018907,0.0,0.0,-0.09090909090909091,99.99890001209987,-0.16393442622950818,99.99939000372098,0.0,0.0,-0.011942959001782532,35.82780217128246,-0.15297088532382652,41.096545350010665,-0.005555555555555556,99.98200323941691,-6.469880074401299,49.103518392274715,-22.68952956676742,38.007840769580575,-0.1007888040712468,13.54464053124152,35.76956521739133,35.76956521739133,0.04040404040404039,22.222100000672206,0.11282051282051286,27.936438760564354,0.25,0.0,0.0,0.0
dpo_len1000,471,14,643,0.029723991507430998,32,471,14.71875,0.46875,0.03125,0.125,2,0.0625,17,0.09770114942528736,0,0.0,11,0.02335456475583864,0.3,0.0625,6.176220806794055,0.3036093418259023,0.025,0.0021231422505307855,1.0,49.79246284501059,10.174677707006369,49.17675159235669,0.7841232227488151,3,14,4.666666666666667,0.0,0.0,0.0,0,0.0,2,0.3333333333333333,0,0.0,1,0.07142857142857142,0.16666666666666666,0.0,6.214285714285714,0.35714285714285715,0.0,0.0,1.0,60.17857142857143,11.129685714285715,49.857142857142854,0.7857142857142857,-10.052083333333332,68.29440441878073,-0.46875,99.99978666712178,-0.03125,99.99680010239672,-0.0625,99.9984000255996,0.23563218390804597,-241.17400210139022,0.0,0.0,0.04807400667273279,-205.83534234904252,0.05353351531695483,-17.63230955671868,-0.0021231422505307855,99.9529221736562,0.9550080072793463,-9.386124464271486,0.6803912647861665,-1.38356281966434,0.0015910629654706243,-0.20290955429141264,10.38610858356084,10.38610858356084,-0.125,-99.99920000639995,-0.13333333333333333,-44.44429629679013,-0.025,-99.9960001599936,0.0,0.0,95,643,6.768421052631579,0.031578947368421054,0.0,0.23157894736842105,3,0.031578947368421054,2,0.00816326530612245,0,0.0,1,0.0015552099533437014,0.5490196078431373,0.05263157894736842,5.363919129082426,0.2192846034214619,0.10784313725490197,0.0,1.0,69.82396862823795,6.355371792170438,34.2856736734728,0.6861952861952862,-7.950328947368421,54.014970070275815,-0.43717105263157896,93.26295893375779,-0.03125,99.99680010239672,-0.030921052631578946,49.472892644244006,-0.08953788411916491,91.64371986271843,0.0,0.0,-0.02179935480249494,93.33687722984875,-0.08432473840444044,27.774000680383388,-0.0021231422505307855,99.9529221736562,-3.8193059148359314,37.5373613734449,-14.891077918883887,30.280726428443224,-0.09792793655352883,12.488829411522833,20.03150578322736,20.03150578322736,0.10657894736842105,85.26247579493048,0.24901960784313731,83.00625926018158,0.08284313725490197,331.3592946478219,0.0,0.0
dpo_len1000,1016,25,513,0.024606299212598427,82,1016,12.390243902439025,0.4024390243902439,0.036585365853658534,0.14634146341463414,5,0.06097560975609756,41,0.1,0,0.0,69,0.06791338582677166,0.23622047244094488,0.024390243902439025,6.647637795275591,0.3464566929133858,0.007874015748031496,0.010826771653543307,0.84,35.98101762960377,12.08104862977832,55.52046604992145,0.7276111685625646,1,25,25.0,1.0,0.0,1.0,0,0.0,1,0.09090909090909091,0,0.0,2,0.08,0.375,0.0,5.56,0.2,0.0,0.0,1.0,47.36,8.718200000000001,49.0,0.88,12.609756097560975,-101.77164532945382,0.5975609756097561,-148.4844795234145,-0.036585365853658534,99.99726674137574,-0.06097560975609756,99.99836002689555,-0.009090909090909094,9.090818182727265,0.0,0.0,0.012086614173228344,-17.796839397263362,-0.1464566929133858,42.27260525861664,-0.010826771653543307,99.99076448938898,-3.362848629778318,27.835732265260337,-6.520466049921453,11.744256481233398,0.15238883143743542,-20.943689237425403,11.37898237039623,11.37898237039623,0.8536585365853658,583.3293472494605,0.13877952755905512,58.74975129271953,-0.007874015748031496,-99.9873016126952,0.16000000000000003,19.047596371909084,76,513,6.75,0.02631578947368421,0.0,0.3026315789473684,3,0.039473684210526314,3,0.013157894736842105,0,0.0,20,0.03898635477582846,0.3645833333333333,0.02631578947368421,5.94541910331384,0.23976608187134502,0.0625,0.003898635477582846,1.0,57.713244378552005,7.772221173434369,40.75361721988853,0.6665086206896551,-5.640243902439025,45.52164986931567,-0.37612323491655975,93.4606928042115,-0.036585365853658534,99.99726674137574,-0.021501925545571246,35.26257958843159,-0.0868421052631579,86.84123685078939,0.0,0.0,-0.0289270310509432,42.59337796962046,-0.1066906110420408,30.794701120610817,-0.006928136175960461,63.98487516767387,-4.30882745634395,35.666002445045955,-14.76684883003292,26.597126455646077,-0.061102547872909474,8.397680868040004,21.732226748948236,21.732226748948236,0.15629011553273428,106.79751583101024,0.12836286089238844,54.34004773824235,0.054625984251968504,693.6619049380729,0.16000000000000003,19.047596371909084
dpo_len1000,126,15,216,0.11904761904761904,18,126,7.0,0.16666666666666666,0.0,0.05555555555555555,2,0.1111111111111111,4,0.08,0,0.0,9,0.07142857142857142,0.3125,0.05555555555555555,7.436507936507937,0.3888888888888889,0.0,0.0,1.0,36.129120879120904,12.840315750915751,54.930402930402934,0.6932467532467533,2,15,7.5,0.5,0.0,0.0,0,0.0,2,0.2857142857142857,0,0.0,4,0.26666666666666666,0.2857142857142857,0.0,7.533333333333333,0.4666666666666667,0.0,0.0,1.0,32.400000000000006,15.407666666666668,61.666666666666664,0.8666666666666667,0.5,-7.142856122449125,0.33333333333333337,-199.99880000719997,0.0,0.0,-0.1111111111111111,99.99910000809993,0.20571428571428568,-257.13964289732087,0.0,0.0,0.19523809523809524,-273.32950672023924,0.07777777777777778,-19.999948571560815,0.0,0.0,2.5673509157509162,-19.99445158210616,6.73626373626373,-12.263269982137045,0.17341991341991336,-25.015575255414724,-3.7291208791208987,-3.7291208791208987,-0.05555555555555555,-99.99820003239942,-0.0267857142857143,-8.57140114294492,0.0,0.0,0.0,0.0,40,216,5.4,0.0,0.025,0.35,0,0.0,1,0.010638297872340425,0,0.0,9,0.041666666666666664,0.4146341463414634,0.025,6.444444444444445,0.2916666666666667,0.18292682926829268,0.0,1.0,58.23750000000001,8.961154814814815,42.84814814814815,0.6663473053892216,-1.5999999999999996,22.857139591837196,-0.16666666666666666,99.99940000359999,0.025,0.0,-0.1111111111111111,99.99910000809993,-0.06936170212765957,86.70104389652576,0.0,0.0,-0.02976190476190476,41.666083341499885,-0.09722222222222221,24.99993571445102,0.0,0.0,-3.879160936100936,30.2107884980663,-12.082254782254786,21.995568788394596,-0.026899447857531733,3.8802070012561862,22.108379120879107,22.108379120879107,0.2944444444444444,529.9904601717168,0.1021341463414634,32.68282224423711,0.18292682926829268,0.0,0.0,0.0
dpo_len1000,1751,300,1831,0.17133066818960593,142,1751,12.330985915492958,0.43661971830985913,0.09154929577464789,0.04929577464788732,18,0.1267605633802817,99,0.14820359281437126,1,0.005847953216374269,128,0.07310108509423187,0.2671875,0.0,7.712164477441462,0.3986293546544831,0.01875,0.006853226727584237,0.9719626168224299,23.120103092783495,13.827788636884305,60.54083619702176,0.7410458284371327,17,300,17.647058823529413,0.8235294117647058,0.11764705882352941,0.23529411764705882,9,0.5294117647058824,8,0.09302325581395349,0,0.0,19,0.06333333333333334,0.46987951807228917,0.058823529411764705,6.863333333333333,0.37333333333333335,0.024096385542168676,0.0,0.75,36.81928571428574,12.83227142857143,57.285714285714285,0.7242231075697211,5.316072908036455,-43.11149581512579,0.3869096934548467,-88.61459780299896,0.02609776304888152,-28.506475951887104,0.40265120132560067,-317.64455296094496,-0.05518033700041777,37.232541821110814,-0.005847953216374269,99.98290292360007,-0.00976775176089853,13.361796381467721,-0.025296021321149775,6.345733842340069,-0.006853226727584237,99.98541046219006,-0.9955172083128758,7.199395091008827,-3.2551219113074765,5.376737524646601,-0.016822720867411656,2.270129257943221,13.699182621502246,13.699182621502246,0.1859983429991715,377.30327050340344,0.20269201807228915,75.86105617281027,0.005346385542168677,28.512535556336605,-0.2219626168224299,-22.83651496627787,306,1831,5.983660130718954,0.0032679738562091504,0.0032679738562091504,0.13398692810457516,7,0.02287581699346405,10,0.013550135501355014,0,0.0,54,0.02949208083014746,0.46646341463414637,0.07516339869281045,6.4210813762971055,0.2534134352812671,0.21341463414634146,0.002184598580010923,0.984375,58.85483449523993,7.931088603034878,41.36935993403369,0.6713243546576879,-6.347325784774004,51.474596707251926,-0.43335174445365,99.2513012509202,-0.08828132191843874,96.42931371379098,-0.10388474638681763,81.9528756324706,-0.13465345731301626,90.85646723625628,-0.005847953216374269,99.98290292360007,-0.04360900426408441,59.65493899096098,-0.14521591937321604,36.42871589623009,-0.004668628147573314,68.11312687957677,-5.896700033849427,42.64383671357383,-19.171476262988072,31.66701544049872,-0.06972147377944482,9.40851119037745,35.73473140245643,35.73473140245643,0.08469115345668785,171.79856909830792,0.19927591463414634,74.58251932030994,0.19466463414634147,1038.1560137930855,0.012412383177570097,1.2770419553510655
dpo_len1000,451,20,570,0.04434589800443459,37,451,12.18918918918919,0.5135135135135135,0.05405405405405406,0.13513513513513514,4,0.10810810810810811,30,0.17751479289940827,0,0.0,39,0.08647450110864745,0.3469387755102041,0.0,6.7073170731707314,0.35476718403547675,0.0,0.008869179600886918,1.0,41.928668646374646,11.413406780499876,51.002289037366985,0.6673631840796019,2,20,10.0,0.0,0.0,0.0,0,0.0,1,0.1111111111111111,0,0.0,2,0.1,0.25,0.0,7.75,0.45,0.0,0.0,1.0,20.825000000000017,13.8695,55.0,0.75,-2.1891891891891895,17.96008721835205,-0.5135135135135135,99.99980526353711,-0.05405405405405406,99.99815003422437,-0.10810810810810811,99.99907500855618,-0.06640368178829717,37.40719668019945,0.0,0.0,0.013525498891352558,-15.640844768692558,0.09523281596452327,-26.843674334392965,-0.008869179600886918,99.98872627111294,2.456093219500124,-21.51936798137036,3.9977109626330147,-7.8382969856923665,0.08263681592039807,-12.382566804115653,-21.10366864637463,-21.10366864637463,-0.13513513513513514,-99.99926000547596,-0.09693877551020408,-27.941095934488192,0.0,0.0,0.0,0.0,76,570,7.5,0.039473684210526314,0.013157894736842105,0.15789473684210525,0,0.0,12,0.05286343612334802,0,0.0,45,0.07894736842105263,0.4256410256410256,0.039473684210526314,6.180701754385965,0.28421052631578947,0.28205128205128205,0.007017543859649123,1.0,60.72807017543862,8.356140350877192,40.54824561403508,0.6114011516314779,-4.6891891891891895,38.470063362766425,-0.47403982930298716,92.31283962347297,-0.04089615931721195,75.65649509168291,-0.10810810810810811,99.99907500855618,-0.12465135677606026,70.21986874525335,0.0,0.0,-0.00752713268759482,8.70435278326721,-0.07055665771968728,19.888101835149804,-0.001851635741237795,20.87483934432007,-3.0572664296226844,26.78662226408934,-10.454043423331903,20.49720397980702,-0.05596203244812403,8.385531286085468,18.79940152906397,18.79940152906397,0.022759601706970112,16.8419806325012,0.07870225013082155,22.684700828863825,0.28205128205128205,0.0,0.0,0.0
dpo_len1000,1297,58,1047,0.04471858134155744,172,1297,7.540697674418604,0.20348837209302326,0.023255813953488372,0.040697674418604654,4,0.023255813953488372,16,0.03361344537815126,0,0.0,27,0.02081727062451812,0.2561247216035635,0.06395348837209303,6.043947571318427,0.26676946800308404,0.0467706013363029,0.005397070161912105,0.984375,53.07012491888382,9.189732877537777,46.801381292296284,0.7857051282051282,15,58,3.8666666666666667,0.0,0.0,0.0,0,0.0,0,0.0,0,0.0,1,0.017241379310344827,0.0,0.0,6.0344827586206895,0.27586206896551724,0.041666666666666664,0.0,1.0,57.56417624521072,8.657855938697317,42.65134099616858,0.9000000000000001,-3.6740310077519376,48.72268693371717,-0.20348837209302326,99.99950857384357,-0.023255813953488372,99.99570018489204,-0.023255813953488372,99.99570018489204,-0.03361344537815126,99.9970250885036,0.0,0.0,-0.0035758913141732927,17.176697232295027,0.009092600962433195,-3.4083986246663853,-0.005397070161912105,99.98147486101504,-0.5318769388404601,5.787729502597597,-4.150040296127706,8.867345563019452,0.11429487179487197,-14.546771075334217,4.494051326326897,4.494051326326897,-0.040697674418604654,-99.99754291751688,-0.2561247216035635,-99.99960956674178,-0.005103934669636233,-10.912465093801892,0.015625,1.587299974806375,158,1047,6.6265822784810124,0.05063291139240506,0.006329113924050633,0.27848101265822783,0,0.0,2,0.004454342984409799,1,0.007246376811594203,9,0.008595988538681949,0.3699731903485255,0.0379746835443038,5.33810888252149,0.17191977077363896,0.10187667560321716,0.0,1.0,71.61519036919461,5.58834800217133,35.70811431084359,0.7678557114228456,-0.9141153959375918,12.122423072528768,-0.1528554607006182,75.11717153991795,-0.01692670002943774,72.78168051432017,-0.023255813953488372,99.99570018489204,-0.02915910239374146,86.74574893535002,0.007246376811594203,0.0,-0.012221282085836171,58.70459802478938,-0.09484969722944508,35.55479657828863,-0.005397070161912105,99.98147486101504,-3.6013848753664472,39.18921835341954,-11.093266981452693,23.702861834657167,-0.01784941678228258,2.271767540245345,18.545065450310787,18.545065450310787,0.23778333823962317,584.2532751654556,0.11384846874496202,44.450228595618746,0.05510607426691426,117.8195158867532,0.015625,1.587299974806375
dpo_len1000,279,46,296,0.16487455197132617,21,279,13.285714285714286,0.3333333333333333,0.14285714285714285,0.09523809523809523,1,0.047619047619047616,8,0.09302325581395349,0,0.0,14,0.05017921146953405,0.43209876543209874,0.42857142857142855,6.526881720430108,0.3046594982078853,0.0,0.04659498207885305,1.0,44.081935483870964,9.649446623655916,45.56860215053763,0.770695652173913,5,46,9.2,0.4,0.0,0.2,0,0.0,1,0.0625,0,0.0,4,0.08695652173913043,0.4375,0.6,7.260869565217392,0.3695652173913043,0.0,0.043478260869565216,1.0,28.608695652173907,12.065626086956524,50.630434782608695,0.8260869565217391,-4.085714285714287,30.752685857324728,0.06666666666666671,-19.999940000180015,-0.14285714285714285,99.99930000489996,-0.047619047619047616,99.99790004409907,-0.030523255813953487,32.812147269416855,0.0,0.0,0.03677731026959638,-73.29046489157388,0.06490571918341903,-21.304277897927737,-0.003116721209287833,6.688819658341989,2.416179463300608,-25.03956244476907,5.0618326320710665,-11.108158429498285,0.05539130434782613,-7.187173343958772,-15.473239831697057,-15.473239831697057,0.10476190476190478,109.9988450121274,0.0054012345679012586,1.2499971071495577,0.0,0.0,0.0,0.0,40,296,7.4,0.05,0.075,0.4,0,0.0,1,0.00980392156862745,0,0.0,9,0.030405405405405407,0.9411764705882353,0.325,6.091216216216216,0.24662162162162163,0.0,0.0,1.0,55.80552668052668,7.289140263340263,35.96812196812197,0.6557085020242915,-5.885714285714286,44.30107193432792,-0.2833333333333333,84.999745000765,-0.06785714285714285,47.49966750232748,-0.047619047619047616,99.99790004409907,-0.08321933424532604,89.45982262063232,0.0,0.0,-0.019773806064128645,39.40558535934813,-0.058037876586263665,19.050016962376752,-0.04659498207885305,99.99785389221262,-2.3603063603156524,24.460533414672252,-9.600480182415659,21.068190637093053,-0.11498715014962146,14.91989744931107,11.723591196655718,11.723591196655718,0.3047619047619048,319.99664003527965,0.5090777051561366,117.81485339318807,0.0,0.0,0.0,0.0
dpo_len1000,208,17,242,0.08173076923076923,20,208,10.4,0.35,0.0,0.3,2,0.1,7,0.0875,0,0.0,18,0.08653846153846154,0.3918918918918919,0.0,7.913461538461538,0.5,0.013513513513513514,0.0,1.0,18.606138107416882,16.37080926399545,64.83347541915317,0.711194968553459,1,17,17.0,1.0,0.0,0.0,0,0.0,3,0.5,0,0.0,3,0.17647058823529413,0.16666666666666666,0.0,6.470588235294118,0.4117647058823529,0.0,0.0,1.0,39.11764705882352,14.69210588235294,64.05882352941177,0.7647058823529411,6.6,-63.461532359468045,0.65,-185.71375510355688,0.0,0.0,-0.1,99.99900000999989,0.4125,-471.42318373504304,0.0,0.0,0.08993212669683259,-103.92036776986788,-0.08823529411764708,17.647023529482357,0.0,0.0,-1.67870338164251,10.2542473742702,-0.7746518897414063,1.1948331826805416,0.05351091379948214,-7.524074399398096,20.51150895140664,20.51150895140664,-0.3,-99.99966666777779,-0.22522522522522523,-57.47111771737779,-0.013513513513513514,-99.99260054755949,0.0,0.0,39,242,6.205128205128205,0.07692307692307693,0.05128205128205128,0.20512820512820512,1,0.02564102564102564,0,0.0,0,0.0,10,0.04132231404958678,0.5357142857142857,0.05128205128205128,6.31404958677686,0.24380165289256198,0.3333333333333333,0.0,0.0,56.88791322314049,7.613706198347108,38.141012396694215,0.6705699481865286,-4.194871794871795,40.3353018415267,-0.27307692307692305,78.02175510267773,0.05128205128205128,0.0,-0.07435897435897437,74.3582307766666,-0.0875,99.99885715591822,0.0,0.0,-0.04521614748887476,52.249166663440505,-0.25619834710743805,51.23956694235372,0.0,0.0,-8.757103065648343,53.492178605893194,-26.69246302245896,41.17080325893714,-0.04062502036693039,5.712211846414129,38.281775115723605,38.281775115723605,-0.09487179487179487,-31.62382621117759,0.1438223938223938,36.69941374238267,0.3198198198198198,2366.491546292241,-1.0,-99.99990000010001
dpo_len1000,210,24,324,0.11428571428571428,18,210,11.666666666666666,0.5,0.05555555555555555,0.3333333333333333,3,0.16666666666666666,10,0.136986301369863,0,0.0,26,0.12380952380952381,0.5901639344262295,0.3333333333333333,7.319047619047619,0.3619047619047619,0.0,0.0,1.0,32.285714285714306,13.121466666666668,59.23809523809524,0.7760248447204969,2,24,12.0,0.5,0.0,0.5,0,0.0,0,0.0,0,0.0,3,0.125,1.0,0.5,7.916666666666667,0.375,0.0,0.0,1.0,7.3125,15.248633333333334,69.83333333333334,0.9583333333333334,0.3333333333333339,-2.857142612244924,0.0,0.0,-0.05555555555555555,99.99820003239942,-0.16666666666666666,99.99940000359999,-0.136986301369863,99.99927000532895,0.0,0.0,0.0011904761904761862,-0.9615306953289958,0.013095238095238104,-3.618411054390511,0.0,0.0,2.1271666666666658,-16.21134708939952,10.595238095238102,-17.885851788100585,0.18230848861283644,-23.492579513057184,-24.973214285714306,-24.973214285714306,0.16666666666666669,49.99985000045001,0.4098360655737705,69.44432677489074,0.0,0.0,0.0,0.0,53,324,6.113207547169812,0.0,0.018867924528301886,0.39622641509433965,0,0.0,0,0.0,0,0.0,22,0.06790123456790123,0.8518518518518519,0.20754716981132076,5.811728395061729,0.19753086419753085,0.0,0.0,1.0,67.08333333333333,5.983383950617283,34.21913580246914,0.6376727272727273,-5.553459119496854,47.60107408702384,-0.5,99.9998000004,-0.03668763102725367,66.03654719120716,-0.16666666666666666,99.99940000359999,-0.136986301369863,99.99927000532895,0.0,0.0,-0.05590828924162258,45.15633043248782,-0.16437389770723104,45.41897781403305,0.0,0.0,-7.138082716049386,54.40003281174658,-25.0189594356261,42.234577112450715,-0.13835211744776965,17.828287342362966,34.79761904761902,34.79761904761902,0.06289308176100633,18.86786792469813,0.26168791742562236,44.34148865181913,0.0,0.0,0.0,0.0
dpo_len1000,1395,313,1212,0.22437275985663083,85,1395,16.41176470588235,0.5411764705882353,0.023529411764705882,0.1411764705882353,4,0.047058823529411764,64,0.10509031198686371,0,0.0,33,0.023655913978494623,0.24087591240875914,0.011764705882352941,6.10752688172043,0.27813620071684586,0.029197080291970802,0.005017921146953405,0.961038961038961,48.52551294446236,10.294187578604658,52.22143169967856,0.7956463595839525,15,313,20.866666666666667,0.6666666666666666,0.0,0.13333333333333333,1,0.06666666666666667,15,0.11538461538461539,0,0.0,4,0.012779552715654952,0.21929824561403508,0.0,5.747603833865814,0.23322683706070288,0.008771929824561403,0.0,0.8461538461538461,54.002354128131856,8.96866517571885,48.74205481755507,0.7784848484848486,4.454901960784316,-27.144562264787737,0.12549019607843137,-23.18836294903948,-0.023529411764705882,99.99575018061732,0.0196078431372549,-41.665781268814705,0.010294303397751683,-9.795579865858425,0.0,0.0,-0.010876361262839671,45.97540183274477,-0.04490936365614298,16.14647862292337,-0.005017921146953405,99.98007539925972,-1.3255224028858077,12.87641461747418,-3.479376882123489,6.662737313495626,-0.01716151109910391,2.1569242821440064,5.476841183669492,5.476841183669492,-0.00784313725490196,-5.555516203982444,-0.02157766679472406,-8.95796387414148,-0.0204251504674094,-69.95374443513029,-0.11488511488511488,-11.9542495153807,172,1212,7.046511627906977,0.029069767441860465,0.005813953488372093,0.3430232558139535,8,0.046511627906976744,11,0.020257826887661142,1,0.005208333333333333,11,0.009075907590759076,0.4085106382978723,0.046511627906976744,5.403465346534653,0.19636963696369636,0.06595744680851064,0.0016501650165016502,0.9696969696969697,70.288884411697,6.261320308542483,36.50195717246143,0.6830954428202923,-9.365253077975375,57.064262589482695,-0.5121067031463747,94.62823768139093,-0.01771545827633379,75.28749795575548,-0.0005471956224350205,1.1627659888971547,-0.08483248509920256,80.72264347580561,0.005208333333333333,0.0,-0.014580006387735546,61.631058053428,-0.0817665637531495,29.397924313041084,-0.003367756130451755,67.10119628988505,-4.032867270062176,39.17615496615293,-15.71947452721713,30.101576526286856,-0.11255091676366014,14.145829230491447,21.763371467234634,21.763371467234634,0.2018467852257182,142.9737934705133,0.16763472588911318,69.5935215263152,0.036760366516539834,125.89994324609275,0.008658008658008698,0.9008999634779701
dpo_len1000,147,6,208,0.04081632653061224,13,147,11.307692307692308,0.3076923076923077,0.0,0.38461538461538464,0,0.0,3,0.05660377358490566,0,0.0,6,0.04081632653061224,0.48,0.0,6.98639455782313,0.3741496598639456,0.0,0.0,0.0,38.015306122449005,12.526397278911563,54.42687074829932,0.7540816326530613,1,6,6.0,0.0,0.0,0.0,0,0.0,0,0.0,0,0.0,0,0.0,0.0,0.0,6.0,0.3333333333333333,0.0,0.0,1.0,66.75,8.721533333333335,39.333333333333336,1.0,-5.307692307692308,46.93877135915628,-0.3076923076923077,99.99967500105626,0.0,0.0,0.0,0.0,-0.05660377358490566,99.99823336454389,0.0,0.0,-0.04081632653061224,99.99755006002353,-0.04081632653061229,10.909061752144055,0.0,0.0,-3.8048639455782283,30.37476424475335,-15.093537414965986,27.731774636556466,0.24591836734693873,-32.611594100998346,28.734693877550995,28.734693877550995,-0.38461538461538464,-99.99974000067601,-0.48,-99.9997916671007,0.0,0.0,1.0,0.0,32,208,6.5,0.0,0.03125,0.46875,1,0.03125,1,0.012345679012345678,0,0.0,1,0.004807692307692308,0.6417910447761194,0.0,6.028846153846154,0.27884615384615385,0.208955223880597,0.0,1.0,65.69642857142858,8.55446098901099,42.043956043956044,0.6304402515723271,-4.807692307692308,42.51700304271402,-0.3076923076923077,99.99967500105626,0.03125,0.0,0.03125,0.0,-0.04425809457255998,78.18791909161868,0.0,0.0,-0.03600863422291993,88.21899248083805,-0.09530350601779175,25.47195989242608,0.0,0.0,-3.971936289900574,31.708526277560622,-12.382914704343278,22.75147240063491,-0.12364138108073419,16.39626424570093,27.68112244897958,27.68112244897958,0.08413461538461536,21.87494312514787,0.16179104477611939,33.70639744003021,0.208955223880597,0.0,1.0,0.0
dpo_len1000,249,8,403,0.0321285140562249,22,249,11.318181818181818,0.3181818181818182,0.0,0.18181818181818182,4,0.18181818181818182,10,0.11235955056179775,0,0.0,18,0.07228915662650602,0.29545454545454547,0.0,7.742971887550201,0.40160642570281124,0.06818181818181818,0.028112449799196786,1.0,23.079772079772084,13.162697499208612,54.613643558088,0.785,1,8,8.0,0.0,0.0,0.0,0,0.0,0,0.0,0,0.0,2,0.25,0.0,0.0,12.625,0.5,0.75,0.25,1.0,-47.375,14.987600000000002,58.0,1.0,-3.3181818181818183,29.31726648602465,-0.3181818181818182,99.99968571527347,0.0,0.0,-0.18181818181818182,99.99945000302498,-0.11235955056179775,99.99911000792093,0.0,0.0,0.17771084337349397,-245.8299326859312,0.09839357429718876,-24.499938995151904,0.22188755020080322,-789.2576392639749,1.8249025007913904,-13.864197382482857,3.3863564419119996,-6.2005685013572265,0.21499999999999997,-27.38850014203803,-70.45477207977208,-70.45477207977208,-0.18181818181818182,-99.99945000302498,-0.29545454545454547,-99.9996615396071,0.6818181818181819,999.9853335484415,0.0,0.0,54,403,7.462962962962963,0.05555555555555555,0.0,0.24074074074074073,0,0.0,3,0.018404907975460124,0,0.0,31,0.07692307692307693,0.4253731343283582,0.1111111111111111,6.523573200992556,0.2630272952853598,0.21641791044776118,0.022332506203473945,1.0,48.58227458044941,8.021607509244337,39.16772541955058,0.7435593220338984,-3.8552188552188555,34.06217161491449,-0.26262626262626265,82.53942313006701,0.0,0.0,-0.18181818181818182,99.99945000302498,-0.09395464258633762,83.61888769374,0.0,0.0,0.004633920296570906,-6.410167736269402,-0.13857913041745146,34.506117553712706,-0.005779943595722842,20.55935375063069,-5.141089989964275,39.05802438818587,-15.445918138537422,28.282159638895514,-0.041440677966101624,5.279060531910357,25.502502500677323,25.502502500677323,0.058922558922558904,32.407229167646975,0.12991858887381275,43.972296635671086,0.148236092265943,217.4097466470989,0.0,0.0
dpo_len1000,279,38,318,0.13620071684587814,17,279,16.41176470588235,0.5882352941176471,0.058823529411764705,0.11764705882352941,2,0.11764705882352941,16,0.17777777777777778,0,0.0,17,0.06093189964157706,0.36470588235294116,0.11764705882352941,7.448028673835125,0.4014336917562724,0.0,0.0,1.0,21.86895161290323,14.37449265232975,64.39090501792114,0.7775652173913044,3,38,12.666666666666666,0.3333333333333333,0.3333333333333333,0.0,1,0.3333333333333333,4,0.36363636363636365,0,0.0,1,0.02631578947368421,0.5454545454545454,0.3333333333333333,8.473684210526315,0.42105263157894735,0.0,0.0,1.0,13.385964912280713,13.64365614035088,57.40350877192982,0.8421052631578947,-3.7450980392156854,22.819592396894603,-0.25490196078431376,43.3332596667919,0.2745098039215686,-466.6587334681976,0.2156862745098039,-183.3317750132457,0.18585858585858586,-104.5448664805806,0.0,0.0,-0.03461611016789285,56.81021315498472,0.01961893982267493,-4.887205870733863,0.0,0.0,-0.73083651197887,5.084259172220787,-6.98739624599132,10.851526524640922,0.06454004576659034,-8.300263607531582,-8.482986700622519,-8.482986700622519,-0.11764705882352941,-99.99915000722494,0.18074866310160426,49.55998141178117,0.0,0.0,0.0,0.0,47,318,6.76595744680851,0.02127659574468085,0.0,0.2553191489361702,0,0.0,1,0.008130081300813009,0,0.0,7,0.0220125786163522,0.5283018867924528,0.0851063829787234,6.320754716981132,0.3490566037735849,0.16981132075471697,0.0,1.0,48.438005390835556,10.211225876010783,43.42048517520215,0.6977695167286245,-9.645807259073841,58.773732405993115,-0.5669586983729662,96.38281487261897,-0.058823529411764705,99.99830002889951,-0.11764705882352941,99.99915000722494,-0.1696476964769648,95.4262924953974,0.0,0.0,-0.03891932102522486,63.87242565864793,-0.05237708798268753,13.047474236354198,0.0,0.0,-4.163266776318967,28.962876028987665,-20.97041984271899,32.56736259757324,-0.07979570066267982,10.262238620704277,26.569053777932325,26.569053777932325,0.13767209011264078,117.02028192334832,0.16359600443951167,44.8568459646433,0.16981132075471697,0.0,0.0,0.0
dpo_len1000,343,70,827,0.20408163265306123,43,343,7.976744186046512,0.20930232558139536,0.16279069767441862,0.06976744186046512,2,0.046511627906976744,4,0.03225806451612903,0,0.0,4,0.011661807580174927,0.48936170212765956,0.0,6.096209912536443,0.2594752186588921,0.010638297872340425,0.0058309037900874635,0.0,48.2727068849518,9.27900457501682,47.303094864319355,0.7063945578231292,9,70,7.777777777777778,0.2222222222222222,0.2222222222222222,0.1111111111111111,1,0.1111111111111111,0,0.0,0,0.0,3,0.04285714285714286,0.7058823529411765,0.0,5.757142857142857,0.22857142857142856,0.0,0.0,1.0,55.51190476190477,8.358666666666668,44.52380952380952,0.7123809523809524,-0.1989664082687339,2.494330753059281,0.01291989664082685,-6.172810013858317,0.059431524547803594,-36.507712246275545,0.06459948320413436,-138.88590284197778,-0.03225806451612903,99.99690009609702,0.0,0.0,0.031195335276967932,-267.4770638417756,-0.03090379008746355,11.910066458957354,-0.0058309037900874635,99.98285294072066,-0.9203379083501524,9.918497202201369,-2.779285340509837,5.875482967291888,0.005986394557823238,-0.8474564274259127,7.2391978769529715,7.2391978769529715,0.04134366925064599,59.25840988871751,0.21652065081351696,44.245433882092925,-0.010638297872340425,-99.99060088351696,1.0,0.0,122,827,6.778688524590164,0.02459016393442623,0.00819672131147541,0.1885245901639344,5,0.040983606557377046,3,0.009868421052631578,0,0.0,9,0.010882708585247884,0.6666666666666666,0.00819672131147541,5.758162031438936,0.21765417170495768,0.182648401826484,0.0036275695284159614,0.9,62.670243415172706,6.533141830608275,34.76083276378739,0.6873778920308483,-1.1980556614563476,15.019354805918478,-0.18471216164696913,88.2509444768172,-0.1545939763629432,94.9642878423255,-0.005528021349599697,11.8849903743463,-0.022389643463497453,69.40574315880419,0.0,0.0,-0.0007790989949270424,6.680201054258987,-0.04182104695393443,16.11748744069392,-0.002203334261671502,37.780703197067965,-2.7458627444085453,29.592209232006716,-12.542262100531964,26.514674930594918,-0.019016665792280896,2.692070410363818,14.397536530220904,14.397536530220904,0.1187571483034693,170.21613947030693,0.17730496453900707,36.23181001905489,0.1720101039541436,1616.7430033266373,0.9,0.0
dpo_len1000,120,13,325,0.10833333333333334,10,120,12.0,0.5,0.2,0.0,1,0.1,4,0.08888888888888889,0,0.0,4,0.03333333333333333,0.37209302325581395,0.0,6.408333333333333,0.31666666666666665,0.046511627906976744,0.025,1.0,36.16806722689077,11.975635294117648,58.1764705882353,0.8008450704225354,1,13,13.0,1.0,0.0,0.0,0,0.0,0,0.0,0,0.0,0,0.0,0.75,0.0,6.384615384615385,0.3076923076923077,0.0,0.0,1.0,45.499999999999986,11.729369230769233,59.15384615384615,0.9230769230769231,1.0,-8.333332638888947,0.5,-99.9998000004,-0.2,99.99950000249999,-0.1,99.99900000999989,-0.08888888888888889,99.99887501265611,0.0,0.0,-0.03333333333333333,99.9970000899973,-0.008974358974358942,2.8339991476949895,-0.025,99.9960001599936,-0.24626606334841483,2.0563923060136613,0.9773755656108563,-1.6800186379960957,0.12223185265438774,-15.262839785165811,9.331932773109216,9.331932773109216,0.0,0.0,0.37790697674418605,101.56222705151481,-0.046511627906976744,-99.997850046224,0.0,0.0,57,325,5.701754385964913,0.017543859649122806,0.017543859649122806,0.45614035087719296,0,0.0,2,0.014388489208633094,0,0.0,3,0.009230769230769232,0.4146341463414634,0.03508771929824561,5.593846153846154,0.20615384615384616,0.13821138211382114,0.006153846153846154,1.0,69.47363636363637,6.229292307692309,36.00174825174825,0.5843478260869566,-6.298245614035087,52.485375743177755,-0.4824561403508772,96.49103508810526,-0.1824561403508772,91.22761403736841,-0.1,99.99900000999989,-0.07450039968025579,83.81200675521177,0.0,0.0,-0.024102564102564103,72.30552314199805,-0.11051282051282049,34.89867521875842,-0.018846153846153846,75.38160012061054,-5.746342986425339,47.983613106619686,-22.174722336487044,38.11630669772575,-0.21649724433557882,27.03356516706793,33.3055691367456,33.3055691367456,0.45614035087719296,0.0,0.042541123085649446,11.432896103360012,0.0916997542068444,197.15023281470994,0.0,0.0
