source,url,as_tokens,as_ttr,as_mattr,ls_tokens,ls_ttr,ls_mattr
behindertenbeauftragter,https://www.behindertenbeauftragter.de/DE/LS/der-beauftragte/gesetzliche-aufgabe/gesetzliche-aufgabe.html,525,0.46285714285714286,0.7610504201680672,416,0.3701923076923077,0.6774386920980927
behindertenbeauftragter,https://www.behindertenbeauftragter.de/SharedDocs/DerBeauftragteAktuell/DE/LS/2021/20211216_Nachlese_Gewaltschutz.html,2093,0.34543717152412806,0.784784735812133,1693,0.2368576491435322,0.7546472019464721
behindertenbeauftragter,https://www.behindertenbeauftragter.de/DE/LS/rechtliches/un-brk/un-brk.html,535,0.405607476635514,0.7202880658436214,181,0.5138121546961326,0.7268181818181818
behindertenbeauftragter,https://www.behindertenbeauftragter.de/DE/LS/kultur-im-kleisthaus/kultur-im-kleisthaus.html,252,0.5277777777777778,0.7338916256157635,194,0.5360824742268041,0.7308965517241379
behindertenbeauftragter,https://www.behindertenbeauftragter.de/DE/LS/presse-und-aktuelles/veranstaltungen/sonderseiten/arbeit/ankuendigung.html,366,0.4098360655737705,0.677981072555205,511,0.33463796477495106,0.6880086580086581
behindertenbeauftragter,https://www.behindertenbeauftragter.de/DE/LS/kultur-im-kleisthaus/salon-im-kleisthaus/gaeste/_documents/ninialagrande_inhalt.html,132,0.6363636363636364,0.7660240963855421,177,0.4915254237288136,0.66640625
behindertenbeauftragter,https://www.behindertenbeauftragter.de/SharedDocs/Pressemitteilungen/DE/LS/LS_2021/PM19_DresdnerPositionen_LS.html,465,0.5204301075268817,0.7870192307692307,745,0.3087248322147651,0.654712643678161
behindertenbeauftragter,https://www.behindertenbeauftragter.de/SharedDocs/DerBeauftragteAktuell/DE/LS/2024/20240131_T4_Ankuendigung.html,304,0.4934210526315789,0.752235294117647,470,0.3829787234042553,0.7834679334916864
behindertenbeauftragter,https://www.behindertenbeauftragter.de/DE/LS/kultur-im-kleisthaus/erinnerungskultur-t4/erinnerungskultur-t4.html,185,0.5891891891891892,0.7983823529411764,118,0.6101694915254238,0.6907246376811593
behindertenbeauftragter,https://www.behindertenbeauftragter.de/DE/LS/kultur-im-kleisthaus/kulturveranstaltungen/kulturveranstaltungen.html,155,0.6387096774193548,0.7922641509433963,165,0.5454545454545454,0.766551724137931
behindertenbeauftragter,https://www.behindertenbeauftragter.de/DE/LS/rechtliches/rechtliches.html,302,0.5728476821192053,0.7905138339920948,32,0.40625,0.40625
behindertenbeauftragter,https://www.behindertenbeauftragter.de/SharedDocs/Pressemitteilungen/DE/LS/LS_2021/PM20_Schweigen_brechen_LS.html,705,0.44964539007092197,0.8014329268292683,1208,0.2731788079470199,0.6684037963761863
behindertenbeauftragter,https://www.behindertenbeauftragter.de/DE/LS/schwerpunkte/schwerpunkte.html,395,0.5569620253164557,0.7816763005780346,79,0.5569620253164557,0.628
behindertenbeauftragter,https://www.behindertenbeauftragter.de/DE/LS/rechtliches/behindertengleichstellungsgesetz/behindertengleichstellungsgesetz.html,415,0.4819277108433735,0.7568852459016393,241,0.4190871369294606,0.6434375
behindertenbeauftragter,https://www.behindertenbeauftragter.de/DE/LS/schwerpunkte/wohnen/wohnen.html,185,0.6,0.8119117647058823,129,0.5271317829457365,0.7275
behindertenbeauftragter,https://www.behindertenbeauftragter.de/DE/LS/rechtliches/allgemeines-gleichbehandlungsgesetz/allgemeines-gleichbehandlungsgesetz.html,505,0.4514851485148515,0.7403508771929825,361,0.44321329639889195,0.7091666666666666
behindertenbeauftragter,https://www.behindertenbeauftragter.de/DE/LS/schwerpunkte/teilhabe-am-arbeitsleben/teilhabe-am-arbeitsleben.html,658,0.46656534954407297,0.8386863711001642,427,0.3442622950819672,0.7324338624338624
behindertenbeauftragter,https://www.behindertenbeauftragter.de/DE/LS/presse-und-aktuelles/kontakt-und-medienbereich/pressefotos/pressefotos.html,255,0.16470588235294117,0.38883495145631064,246,0.15447154471544716,0.3771573604060914
behindertenbeauftragter,https://www.behindertenbeauftragter.de/SharedDocs/DerBeauftragteAktuell/DE/LS/2026/20260128_T4_Ankuendigung.html,407,0.4692874692874693,0.7656424581005588,563,0.369449378330373,0.7761478599221789
behindertenbeauftragter,https://www.behindertenbeauftragter.de/DE/LS/kultur-im-kleisthaus/kultur-im-kleisthaus-teaser.html,252,0.5277777777777778,0.7338916256157635,108,0.35185185185185186,0.6986440677966101
behindertenbeauftragter,https://www.behindertenbeauftragter.de/SharedDocs/Pressemitteilungen/DE/LS/LS_2022/PM04_Ukraine.html,418,0.5358851674641149,0.7875880758807589,1089,0.24793388429752067,0.6864230769230769
behindertenbeauftragter,https://www.behindertenbeauftragter.de/DE/LS/kultur-im-kleisthaus/salon-im-kleisthaus/gaeste/_documents/Helga-Schubert_inhalt.html,174,0.5287356321839081,0.71904,249,0.41767068273092367,0.6718999999999999
behindertenbeauftragter,https://www.behindertenbeauftragter.de/DE/LS/kultur-im-kleisthaus/salon-im-kleisthaus/gaeste/_documents/Roth-und-Levit_inhalt.html,233,0.5364806866952789,0.7605434782608695,536,0.3694029850746269,0.6917864476386036
behindertenbeauftragter,https://www.behindertenbeauftragter.de/DE/LS/presse-und-aktuelles/veranstaltungen/sonderseiten/BRKKonferenz/2024_brk-konferenz.html,352,0.4318181818181818,0.6851485148514851,470,0.3617021276595745,0.6566745843230404
behindertenbeauftragter,https://www.behindertenbeauftragter.de/DE/LS/presse-und-aktuelles/veranstaltungen/sonderseiten/bts/Ankuendigung_bts-ls.html,333,0.4594594594594595,0.8155633802816902,255,0.5137254901960784,0.7145631067961165
behindertenbeauftragter,https://www.behindertenbeauftragter.de/DE/LS/presse-und-aktuelles/veranstaltungen/sonderseiten/gesundheitsversorgung/ankuendigung.html,577,0.42114384748700173,0.7886742424242424,734,0.3310626702997275,0.7449051094890511
behindertenbeauftragter,https://www.behindertenbeauftragter.de/DE/LS/presse-und-aktuelles/publikationen/publikationen.html,392,0.336734693877551,0.6505539358600584,253,0.4505928853754941,0.6955882352941177
behindertenbeauftragter,https://www.behindertenbeauftragter.de/DE/LS/der-beauftragte/der-beauftragte.html,146,0.4863013698630137,0.6622680412371134,17,0.9411764705882353,0.9411764705882353
behindertenbeauftragter,https://www.behindertenbeauftragter.de/DE/LS/presse-und-aktuelles/kontakt-und-medienbereich/kontakt-und-medienbereich.html,112,0.7142857142857143,0.8171428571428571,82,0.4146341463414634,0.68
behindertenbeauftragter,https://www.behindertenbeauftragter.de/DE/LS/der-beauftragte/behindertenbeauftragte-in-bundeslaendern/behindertenbeauftragte-in-bundeslaendern.html,155,0.3935483870967742,0.6362264150943396,160,0.33125,0.4758558558558559
behindertenbeauftragter,https://www.behindertenbeauftragter.de/DE/LS/kultur-im-kleisthaus/salon-im-kleisthaus/gaeste/_documents/Johann-Koenig_inhalt.html,85,0.7176470588235294,0.8383333333333334,157,0.47770700636942676,0.6994444444444445
behindertenbeauftragter,https://www.behindertenbeauftragter.de/DE/LS/schwerpunkte/gesundheit/gesundheit.html,877,0.467502850627138,0.7916425120772947,554,0.4007220216606498,0.741980198019802
behindertenbeauftragter,https://www.behindertenbeauftragter.de/DE/LS/der-beauftragte/lebenslauf/lebenslauf.html,215,0.4558139534883721,0.6589156626506024,333,0.40540540540540543,0.6471830985915493
behindertenbeauftragter,https://www.behindertenbeauftragter.de/DE/LS/kultur-im-kleisthaus/teilhabe-an-kunst-und-kultur/teilhabe-an-kunst-und-kultur.html,335,0.47761194029850745,0.7355244755244755,192,0.5104166666666666,0.7051748251748252
behindertenbeauftragter,https://www.behindertenbeauftragter.de/DE/LS/presse-und-aktuelles/veranstaltungen/sonderseiten/bildung/ankuendigung.html,366,0.39617486338797814,0.7008201892744479,457,0.3522975929978118,0.7174509803921569
behindertenbeauftragter,https://www.behindertenbeauftragter.de/DE/LS/kultur-im-kleisthaus/salon-im-kleisthaus/salon-im-kleisthaus.html,184,0.483695652173913,0.7213333333333333,108,0.5555555555555556,0.7223728813559321
behindertenbeauftragter,https://www.behindertenbeauftragter.de/DE/LS/presse-und-aktuelles/veranstaltungen/sonderseiten/T4/ankuendigung-ls.html,611,0.4369885433715221,0.7741637010676157,929,0.2874058127018299,0.7233863636363637
behindertenbeauftragter,https://www.behindertenbeauftragter.de/SharedDocs/Pressemitteilungen/DE/LS/LS_2021/PM21_Geburtstag-Schlichtungsstelle.html,527,0.44212523719165087,0.7665690376569038,744,0.3064516129032258,0.7147338129496403
behindertenbeauftragter,https://www.behindertenbeauftragter.de/DE/LS/rechtliches/sozialgesetzbuch-und-bundesteilhabegesetz/sozialgesetzbuch-und-bundesteilhabegesetz.html,440,0.3886363636363636,0.711918158567775,321,0.42679127725856697,0.6724264705882353
behindertenbeauftragter,https://www.behindertenbeauftragter.de/DE/LS/schwerpunkte/barrierefreiheit/barrierefreiheit.html,888,0.44707207207207206,0.8009535160905841,457,0.41575492341356673,0.7569117647058823
behindertenbeauftragter,https://www.behindertenbeauftragter.de/DE/LS/kultur-im-kleisthaus/salon-im-kleisthaus/gaeste/_documents/wedel-und-caglar_inhalt.html,282,0.5815602836879432,0.8113304721030042,602,0.34551495016611294,0.693381555153707
behindertenbeauftragter,https://www.behindertenbeauftragter.de/DE/LS/presse-und-aktuelles/kontakt-und-medienbereich/kontakt-und-medienbereich-teaser.html,112,0.7142857142857143,0.8171428571428571,41,0.8292682926829268,0.8292682926829268
behindertenbeauftragter,https://www.behindertenbeauftragter.de/DE/LS/der-beauftragte/dienstsitz/dienstsitz.html,527,0.4990512333965844,0.7574476987447699,486,0.39094650205761317,0.6992677345537757
behindertenbeauftragter,https://www.behindertenbeauftragter.de/DE/LS/service/barrierefreiheit/barrierefreiheit.html,495,0.4121212121212121,0.7381614349775786,329,0.364741641337386,0.7179285714285715
behindertenbeauftragter,https://www.behindertenbeauftragter.de/SharedDocs/DerBeauftragteAktuell/DE/LS/2025/20250129_T4_Ankuendigung.html,365,0.46301369863013697,0.7886708860759494,548,0.36678832116788324,0.7635671342685371
behindertenbeauftragter,https://www.behindertenbeauftragter.de/DE/LS/schwerpunkte/kinder-und-jugendliche-mit-behinderungen/kinder-und-jugendliche-mit-behinderungen.html,534,0.4307116104868914,0.8109690721649484,276,0.4420289855072464,0.7696035242290749
behindertenbeauftragter,https://www.behindertenbeauftragter.de/DE/LS/der-beauftragte/behindertenbeauftragte-in-bundeslaendern/behindertenbeauftragte-in-bundeslaendern-teaser.html,155,0.3935483870967742,0.6362264150943396,160,0.33125,0.4758558558558559
behindertenbeauftragter,https://www.behindertenbeauftragter.de/DE/LS/schwerpunkte/umsetzung-bundesteilhabegesetz/umsetzung-bundesteilhabegesetz.html,391,0.5498721227621484,0.80906432748538,275,0.5054545454545455,0.7487610619469026
behindertenbeauftragter,https://www.behindertenbeauftragter.de/SharedDocs/DerBeauftragteAktuell/DE/LS/2023/20230616_Digitaltag_LS.html,123,0.5772357723577236,0.7810810810810811,125,0.496,0.67
behindertenbeauftragter,https://www.behindertenbeauftragter.de/DE/LS/rechtliches/schwerbehinderung/schwerbehinderung.html,478,0.4790794979079498,0.7299766899766901,292,0.4383561643835616,0.6760493827160494
behindertenbeauftragter,https://www.behindertenbeauftragter.de/DE/LS/kultur-im-kleisthaus/salon-im-kleisthaus/gaeste/_documents/Felix-Klieser_inhalt.html,200,0.6,0.8082119205298013,72,0.7222222222222222,0.7286956521739131
brandeins,https://web.archive.org/web/20240528075943/https://www.brandeins.de/magazine/brand-eins-wirtschaftsmagazin/2023/marketing/leichte-sprache-ich-darf-das-reh-erschiessen-darueber-freue-ich-mich,178,0.6910112359550562,0.8359689922480621,167,0.5029940119760479,0.7001694915254237
brandeins,https://web.archive.org/web/20240528075943/https://www.brandeins.de/magazine/brand-eins-wirtschaftsmagazin/2023/wertschaetzung/leichte-sprache-jede-abteilung-kriegt-einen-computer-chef,161,0.5962732919254659,0.7891071428571428,160,0.50625,0.683963963963964
brandeins,https://web.archive.org/web/20240528075943/https://www.brandeins.de/magazine/brand-eins-wirtschaftsmagazin/2021/kapitalismus/ich-mag-nils-glagau-nicht-nur-weil-er-mir-geld-gibt,231,0.5844155844155844,0.8214285714285714,235,0.42127659574468085,0.7067741935483871
brandeins,https://web.archive.org/web/20240528075943/https://www.brandeins.de/magazine/brand-eins-wirtschaftsmagazin/2021/regeln/mein-chef-muss-mir-weiter-arbeit-geben,223,0.6233183856502242,0.769655172413793,224,0.5,0.7202285714285714
brandeins,https://web.archive.org/web/20240528075943/https://www.brandeins.de/magazine/brand-eins-wirtschaftsmagazin/2023/umdenken/leichte-sprache-jetzt-geht-es-ums-geld-fuer-die-chefs,168,0.5535714285714286,0.7727731092436975,170,0.3941176470588235,0.6023140495867768
brandeins,https://web.archive.org/web/20240528075943/https://www.brandeins.de/magazine/brand-eins-wirtschaftsmagazin/2023/stadt/sie-werden-mit-falschem-kaese-betrogen,180,0.6277777777777778,0.7677862595419848,176,0.5,0.7110236220472441
brandeins,https://web.archive.org/web/20240528075943/https://www.brandeins.de/magazine/brand-eins-wirtschaftsmagazin/2021/kassensturz/viele-kleine-chefs-sind-besser-als-ein-grosser-chef,207,0.6473429951690821,0.8354430379746836,234,0.3803418803418803,0.6207567567567568
brandeins,https://web.archive.org/web/20240528075943/https://www.brandeins.de/magazine/brand-eins-wirtschaftsmagazin/2022/fuehren/wir-sollten-die-homoeopathie-besser-machen,207,0.4782608695652174,0.7658227848101266,189,0.4074074074074074,0.7118571428571429
brandeins,https://web.archive.org/web/20240528075943/https://www.brandeins.de/magazine/brand-eins-wirtschaftsmagazin/2021/oekologischer-umbau/dann-koennen-die-schueler-ihre-meinung-sagen,209,0.5741626794258373,0.7565000000000001,242,0.45454545454545453,0.6812435233160621
brandeins,https://web.archive.org/web/20240528075943/https://www.brandeins.de/magazine/brand-eins-wirtschaftsmagazin/2023/kundenbeziehung/leichte-sprache-es-gibt-auch-ein-bisschen-handlung,164,0.7439024390243902,0.8417391304347825,174,0.4885057471264368,0.67584
brandeins,https://web.archive.org/web/20240528075943/https://www.brandeins.de/magazine/brand-eins-wirtschaftsmagazin/2023/neue-lebensplanung/leichte-sprache-diese-pflanzen-sollen-woanders-wachsen,163,0.6319018404907976,0.7745614035087719,199,0.4824120603015075,0.7032
brandeins,https://web.archive.org/web/20240528075943/https://www.brandeins.de/magazine/brand-eins-wirtschaftsmagazin/2021/koerper/nur-einmal-hat-er-leider-einen-anderen-spieler-gebissen,228,0.6447368421052632,0.8369832402234636,239,0.3723849372384937,0.6874736842105263
brandeins,https://web.archive.org/web/20240528075943/https://www.brandeins.de/magazine/brand-eins-wirtschaftsmagazin/2021/perspektiven/wir-bauen-eine-insel-mitten-in-die-strasse,191,0.6282722513089005,0.803661971830986,214,0.4532710280373832,0.6743030303030303
brandeins,https://web.archive.org/web/20240528075943/https://www.brandeins.de/magazine/brand-eins-wirtschaftsmagazin/2021/begegnungen/ich-verkaufe-nur-die-besten-stuecke,193,0.6683937823834197,0.8226388888888888,183,0.5191256830601093,0.7052238805970149
brandeins,https://web.archive.org/web/20240528075943/https://www.brandeins.de/magazine/brand-eins-wirtschaftsmagazin/2022/gross-denken/dafuer-schaemen-wir-uns-nicht,166,0.6686746987951807,0.8162393162393162,181,0.4419889502762431,0.653939393939394
brandeins,https://web.archive.org/web/20240528075943/https://www.brandeins.de/magazine/brand-eins-wirtschaftsmagazin/2021/marketing/eine-bruecke-muss-immer-ueber-etwas-drueber-gehen,249,0.6184738955823293,0.8035,241,0.5020746887966805,0.6992708333333333
brandeins,https://web.archive.org/web/20240528075943/https://www.brandeins.de/magazine/brand-eins-wirtschaftsmagazin/2021/frei-arbeiten/leichte-sprache-diese-rechnung-bezahlen-wir-nicht,207,0.6135265700483091,0.7975949367088607,232,0.40948275862068967,0.6830601092896175
brandeins,https://web.archive.org/web/20240528075943/https://www.brandeins.de/magazine/brand-eins-wirtschaftsmagazin/2020/wie-wollen-wir-leben/der-richter-soll-die-kinder-nur-ganz-selten-schlagen,79,0.7341772151898734,0.7746666666666666,82,0.5853658536585366,0.6454545454545455
stuttgart,https://www.stuttgart.de/leben/gesundheit/vorsorge/suchtpraevention?sp%3Aout=easy,594,0.4764309764309764,0.7702385321100917,668,0.33083832335329344,0.6805815831987077
stuttgart,https://www.stuttgart.de/organigramm/leistungen/wohnsitz-anmelden-als-hauptwohnsitz?sp%3Aout=easy,3311,0.11839323467230443,0.7811036174126303,881,0.24290578887627695,0.6604567307692307
stuttgart,https://www.stuttgart.de/organigramm/leistungen/reisepass-beantragen-erstmalig-oder-nach-ablauf?sp%3Aout=easy,3209,0.10906824555936429,0.7789556962025317,928,0.2704741379310345,0.6430716723549488
stuttgart,https://www.stuttgart.de/organigramm/leistungen/ehefaehigkeitszeugnis-ausstellung-beantragen?sp%3Aout=easy,1097,0.31175934366453967,0.730381679389313,493,0.35699797160243407,0.6824774774774774
stuttgart,https://www.stuttgart.de/organigramm/leistungen/wohnsitz-ummelden-innerhalb-von-stuttgart?sp%3Aout=easy,2895,0.11778929188255613,0.782839072382291,786,0.2862595419847328,0.6666214382632293
stuttgart,https://www.stuttgart.de/organigramm/leistungen/eingliederungshilfe-fuer-menschen-mit-behinderung?sp%3Aout=easy,491,0.4745417515274949,0.7626244343891402,762,0.30577427821522307,0.6830575035063113
stuttgart,https://www.stuttgart.de/leben/soziales/sozialplanung/?sp%3Aout=easy,2143,0.33457769482034533,0.7609073543457497,304,0.4440789473684211,0.723843137254902
stuttgart,https://www.stuttgart.de/leben/gesundheit/gesundheitsberatung/?sp%3Aout=easy,205,0.6292682926829268,0.8293589743589743,143,0.6223776223776224,0.7874468085106383
stuttgart,https://www.stuttgart.de/buergerinnen-und-buerger/senioren/buergerservice-leben-im-alter?sp%3Aout=easy,623,0.4510433386837881,0.7805226480836237,330,0.4090909090909091,0.6710320284697509
stuttgart,https://www.stuttgart.de/leben/sport/sportprogramme/bewegt-und-aktiv?sp%3Aout=easy,855,0.41637426900584795,0.760074441687345,693,0.329004329004329,0.7074534161490683
stuttgart,https://www.stuttgart.de/buergerinnen-und-buerger/menschen-mit-behinderung/die-beauftragte-fuer-menschen-mit-behinderung/inklusion-teilhabe?sp%3Aout=easy,415,0.4771084337349398,0.7836065573770492,622,0.3360128617363344,0.6760558464223385
stuttgart,https://www.stuttgart.de/organigramm/leistungen/reisepass-beantragen-vorlaeufig?sp%3Aout=easy,3139,0.10990761388977381,0.779411003236246,339,0.45427728613569324,0.6973793103448276
stuttgart,https://www.stuttgart.de/leben/soziales/beratung-und-hilfe/rechtliche-betreuung/?sp%3Aout=easy,311,0.49517684887459806,0.7809160305343511,633,0.26224328593996843,0.6372602739726028
stuttgart,https://www.stuttgart.de/organigramm/leistungen/eheschliessung-anmelden?sp%3Aout=easy,1404,0.29914529914529914,0.7267306273062731,997,0.26479438314944836,0.6666455696202532
stuttgart,https://www.stuttgart.de/leben/wohnen/foerderung-und-wohnungshilfe/sozialmietwohnungen?sp%3Aout=easy,336,0.5595238095238095,0.7779790940766551,483,0.3747412008281574,0.6976497695852534
stuttgart,https://www.stuttgart.de/leben/gesundheit/vorsorge/?sp%3Aout=easy,133,0.6917293233082706,0.8709523809523809,146,0.5342465753424658,0.7478350515463918
stuttgart,https://www.stuttgart.de/buergerinnen-und-buerger/menschen-mit-behinderung/die-beauftragte-fuer-menschen-mit-behinderung?sp%3Aout=easy,482,0.4170124481327801,0.7164434180138569,661,0.3146747352496218,0.6844771241830065
stuttgart,https://www.stuttgart.de/buergerinnen-und-buerger/senioren/gesund-aelter-werden?sp%3Aout=easy,651,0.445468509984639,0.7698006644518273,793,0.31651954602774274,0.7046505376344085
stuttgart,https://www.stuttgart.de/leben/soziales/beratung-und-hilfe/?sp%3Aout=easy,794,0.36397984886649876,0.7452348993288591,723,0.2946058091286307,0.6722551928783383
stuttgart,https://www.stuttgart.de/leben/wohnen/foerderung-und-wohnungshilfe/seniorenmietwohnungen?sp%3Aout=easy,166,0.7048192771084337,0.8097435897435897,206,0.5339805825242718,0.6903184713375796
stuttgart,https://www.stuttgart.de/leben/soziales/generationenhaus?sp%3Aout=easy,299,0.44481605351170567,0.69816,248,0.45161290322580644,0.6624120603015075
stuttgart,https://www.stuttgart.de/buergerinnen-und-buerger/menschen-mit-behinderung/politik-von-menschen-mit-behinderung/beirat-inklusion?sp%3Aout=easy,197,0.4213197969543147,0.6647297297297297,254,0.39763779527559057,0.623609756097561
stuttgart,https://www.stuttgart.de/organigramm/leistungen/lebenspartnerschaft-umwandlung-in-eine-ehe-beantragen?sp%3Aout=easy,1079,0.3030583873957368,0.7149708737864078,416,0.38461538461538464,0.6644141689373297
stuttgart,https://www.stuttgart.de/leben/soziales/soziale-leistungen/?sp%3Aout=easy,583,0.3876500857632933,0.6608988764044944,672,0.3080357142857143,0.6851685393258428
stuttgart,https://www.stuttgart.de/leben/arbeit/arbeitsuchende/hilfe-beim-wiedereinstieg?sp%3Aout=easy,416,0.4519230769230769,0.748065395095368,633,0.31911532385466035,0.6895205479452055
stuttgart,https://www.stuttgart.de/organigramm/leistungen/personalausweis-beantragen-erstmalig-oder-nach-ablauf?sp%3Aout=easy,3505,0.12325249643366619,0.7738599537037038,1217,0.2695152013147083,0.6628595890410959
stuttgart,https://www.stuttgart.de/buergerinnen-und-buerger/chancengleichheit/hilfe-bei-gewalt/gewalt-in-haeuslicher-pflege?sp%3Aout=easy,198,0.6111111111111112,0.8375838926174497,500,0.348,0.6898447893569845
stuttgart,https://www.stuttgart.de/buergerinnen-und-buerger/menschen-mit-behinderung/beratungsangebote-fuer-menschen-mit-behinderung/?sp%3Aout=easy,1244,0.34485530546623794,0.6948117154811715,595,0.3865546218487395,0.720989010989011
stuttgart,https://www.stuttgart.de/buergerinnen-und-buerger/heiraten/eheschliessung?sp%3Aout=easy,892,0.2858744394618834,0.7199288256227758,195,0.517948717948718,0.7156164383561644
stuttgart,https://www.stuttgart.de/organigramm/leistungen/schwerbehinderten-ausweis-beantragen?sp%3Aout=easy,351,0.5897435897435898,0.7879470198675497,693,0.34054834054834054,0.6748757763975155
stuttgart,https://www.stuttgart.de/service/behoerdennummer-115/?sp%3Aout=easy,230,0.5956521739130435,0.8531491712707183,362,0.43646408839779005,0.7269009584664538
stuttgart,https://www.stuttgart.de/buergerinnen-und-buerger/menschen-mit-behinderung/politik-von-menschen-mit-behinderung/?sp%3Aout=easy,272,0.46691176470588236,0.7215246636771301,388,0.29381443298969073,0.6076106194690265
stuttgart,https://www.stuttgart.de/buergerinnen-und-buerger/senioren/beratung-und-angebote?sp%3Aout=easy,88,0.6818181818181818,0.7369230769230769,153,0.5294117647058824,0.7144230769230769
stuttgart,https://www.stuttgart.de/leben/gesundheit/vorsorge/impfungen?sp%3Aout=easy,1233,0.4071370640713706,0.8091554054054054,554,0.3574007220216607,0.7387722772277228
stuttgart,https://www.stuttgart.de/leben/gesundheit/infektionsschutz/?sp%3Aout=easy,174,0.632183908045977,0.7672,301,0.44518272425249167,0.705
stuttgart,https://www.stuttgart.de/leben/gesundheit/umweltmedizin/?sp%3Aout=easy,348,0.5660919540229885,0.7827424749163879,492,0.3556910569105691,0.7116930022573362
stuttgart,https://www.stuttgart.de/organigramm/leistungen/ehenamen-bestimmen?sp%3Aout=easy,1081,0.3135985198889917,0.7302713178294573,465,0.38924731182795697,0.6798076923076923
stuttgart,https://www.stuttgart.de/buergerinnen-und-buerger/menschen-mit-behinderung/wege-in-die-arbeit/?sp%3Aout=easy,2651,0.23840060354583176,0.7447732513451192,2126,0.17779868297271872,0.6775445353875782
stuttgart,https://www.stuttgart.de/organigramm/leistungen/wohnberechtigungsschein-beantragen?sp%3Aout=easy,478,0.48535564853556484,0.7641958041958041,577,0.3535528596187175,0.6825378787878787
hamburg,https://www.hamburg.de/barrierefrei/leichte-sprache/polizei-feuerwehr/ls-starkregen-1019916,1458,0.3731138545953361,0.7829098651525904,2336,0.1892123287671233,0.6695496283340621
hamburg,https://www.hamburg.de/barrierefrei/leichte-sprache/service-und-tipps/beratung-fuer-verbraucher-in-hamburg-575968,238,0.5252100840336135,0.7295238095238095,675,0.3022222222222222,0.6808306709265175
hamburg,https://www.hamburg.de/barrierefrei/leichte-sprache/gesundheit/pflege-stuetz-punkte-575966,304,0.5657894736842105,0.7739607843137255,515,0.34368932038834954,0.6650643776824035
hamburg,https://www.hamburg.de/politik-und-verwaltung/behoerden/bwfg/einrichtungen/hamburgisches-krebsregister/infos-ueber-menschen-mit-krebs-sammeln-1030538,420,0.5452380952380952,0.8344474393530997,989,0.21840242669362994,0.657063829787234
hamburg,https://www.hamburg.de/barrierefrei/leichte-sprache/infos-fuer-menschen-mit-behinderung/ls-fahr-dienst-fuer-menschen-mit-behinderungenls--575940,523,0.5449330783938815,0.8025316455696202,682,0.2844574780058651,0.6712796208530806
hamburg,https://www.hamburg.de/barrierefrei/leichte-sprache/politik/ls-der-senat-576194,226,0.5619469026548672,0.744180790960452,193,0.44041450777202074,0.6881944444444446
hamburg,https://www.hamburg.de/barrierefrei/leichte-sprache/service-und-tipps/ls-trinkwasser-ist-kostbar-1004728,375,0.5626666666666666,0.8182822085889571,377,0.38461538461538464,0.6646341463414634
hamburg,https://www.hamburg.de/barrierefrei/leichte-sprache/bezirke/kindergesundheit-576382,728,0.45467032967032966,0.7511045655375552,734,0.3024523160762943,0.6556496350364963
hamburg,https://www.hamburg.de/barrierefrei/leichte-sprache/soziales-hilfen/schoeffen-bei-gericht-575928,217,0.5483870967741935,0.7302380952380952,247,0.44534412955465585,0.6745454545454546
hamburg,https://www.hamburg.de/barrierefrei/leichte-sprache/soziales-hilfen/justiz-kasse-hamburg-575932,109,0.6422018348623854,0.7296666666666667,205,0.4146341463414634,0.6553846153846153
hamburg,https://www.hamburg.de/barrierefrei/leichte-sprache/service-und-tipps/ls-tipps-bei-duerre-1057882,756,0.4417989417989418,0.8057991513437058,1414,0.22418670438472418,0.6760879120879121
hamburg,https://www.hamburg.de/barrierefrei/leichte-sprache/soziales-hilfen/informationen-fuer-besucher-575936,185,0.6648648648648648,0.8275,790,0.29873417721518986,0.6420782726045884
hamburg,https://www.hamburg.de/barrierefrei/leichte-sprache/freizeit/landungsbruecken-575858,502,0.5318725099601593,0.7743487858719647,348,0.4051724137931034,0.6545819397993311
hamburg,https://www.hamburg.de/barrierefrei/leichte-sprache/bezirke/pflege-stuetz-punkt-mitte-575910,216,0.5740740740740741,0.7220359281437125,325,0.4307692307692308,0.6610144927536232
hamburg,https://www.hamburg.de/barrierefrei/leichte-sprache/gesundheit/der-arzt-ruf-in-hamburg-575964,115,0.6869565217391305,0.7609090909090909,381,0.34908136482939633,0.612710843373494
hamburg,https://www.hamburg.de/barrierefrei/leichte-sprache/freizeit/ausfluege-575864,1188,0.4158249158249158,0.7900438981562774,558,0.2831541218637993,0.6292337917485266
hamburg,https://www.hamburg.de/barrierefrei/leichte-sprache/bezirke/beratung-fuer-menschen-mit-koerper-behinderungen-575916,203,0.5911330049261084,0.7854545454545454,508,0.34448818897637795,0.6503703703703704
hamburg,https://www.hamburg.de/barrierefrei/leichte-sprache/bezirke/soziale-integration-576388,219,0.6118721461187214,0.7652941176470588,247,0.46153846153846156,0.6362626262626263
hamburg,https://www.hamburg.de/barrierefrei/leichte-sprache/bezirke/integrationsrat-576384,222,0.536036036036036,0.7424277456647399,191,0.45549738219895286,0.6795774647887324
hamburg,https://www.hamburg.de/barrierefrei/leichte-sprache/wohnen/laerm-schutz-nachbarschaft-576340,990,0.41515151515151516,0.7864824654622742,851,0.28672150411280845,0.697431421446384
hamburg,https://www.hamburg.de/barrierefrei/leichte-sprache/polizei-feuerwehr/sturmflut-576274,537,0.3891992551210428,0.7885245901639345,681,0.29515418502202645,0.6765189873417722
hamburg,https://www.hamburg.de/barrierefrei/leichte-sprache/wohnen/wohn-raum-schutz-gesetz-hamburg-575876,144,0.625,0.7806315789473683,253,0.35177865612648224,0.6546078431372548
hamburg,https://www.hamburg.de/barrierefrei/leichte-sprache/infos-fuer-menschen-mit-behinderung/hintergrund-infos-575956,110,0.6272727272727273,0.7777049180327869,209,0.40669856459330145,0.690375
hamburg,https://www.hamburg.de/barrierefrei/leichte-sprache/polizei-feuerwehr/sturmflut-infos-576268,1548,0.3830749354005168,0.7756504336224149,532,0.2800751879699248,0.5965631469979296
hamburg,https://www.hamburg.de/barrierefrei/leichte-sprache/infos-fuer-menschen-mit-behinderung/startseite-575952,490,0.42448979591836733,0.728390022675737,891,0.2143658810325477,0.6492874109263659
hamburg,https://www.hamburg.de/barrierefrei/leichte-sprache/soziales-hilfen/besucher-jva-billwerder-575934,137,0.656934306569343,0.8102272727272727,1136,0.2640845070422535,0.6485924563017479
hamburg,https://www.hamburg.de/barrierefrei/leichte-sprache/bezirke/draussen-sport-machen-in-harburg-575804,288,0.5486111111111112,0.7377405857740585,382,0.387434554973822,0.6867867867867867
hamburg,https://www.hamburg.de/barrierefrei/leichte-sprache/service-und-tipps/so-gehen-sie-gut-mit-lebensmitteln-um-575894,425,0.5811764705882353,0.8035106382978724,481,0.35550935550935553,0.6596759259259259
hamburg,https://www.hamburg.de/barrierefrei/leichte-sprache/gesundheit/hilfe-bei-demenz-575980,2049,0.34455832113225965,0.80073,544,0.3014705882352941,0.6584646464646464
hamburg,https://www.hamburg.de/barrierefrei/leichte-sprache/service-und-tipps/ls-tipps-bei-hochwasser-1057898,1182,0.377326565143824,0.7785172109443954,2344,0.1680887372013652,0.6645141612200436
hamburg,https://www.hamburg.de/barrierefrei/leichte-sprache/bezirke/buergersaal-wandsbek-575834,214,0.5093457943925234,0.6962424242424242,296,0.3783783783783784,0.6009716599190283
hamburg,https://www.hamburg.de/barrierefrei/leichte-sprache/freizeit/regeln-in-parks-575852,336,0.5803571428571429,0.8396515679442509,230,0.46956521739130436,0.6772375690607735
hamburg,https://www.hamburg.de/barrierefrei/leichte-sprache/freizeit/ls-naturschutzgebiete-575848,235,0.574468085106383,0.813010752688172,146,0.5136986301369864,0.6713402061855671
hamburg,https://www.hamburg.de/barrierefrei/leichte-sprache/bezirke/schul-zahn-aerztlicher-dienst-575912,220,0.6681818181818182,0.8209356725146199,248,0.45161290322580644,0.6337688442211056
hamburg,https://www.hamburg.de/barrierefrei/leichte-sprache/freizeit/der-hamburger-michel-576234,1335,0.4232209737827715,0.7599222395023328,1107,0.2953929539295393,0.6605103969754254
hamburg,https://www.hamburg.de/barrierefrei/leichte-sprache/bezirke/pflege-stuetz-punkt-wandsbek-575918,205,0.5902439024390244,0.7408974358974358,298,0.39932885906040266,0.6307630522088353
hamburg,https://www.hamburg.de/barrierefrei/leichte-sprache/soziales-hilfen/zurueck-ins-leben-nach-dem-gefaengnis-575930,800,0.47375,0.7790679094540613,802,0.2518703241895262,0.6279150066401062
hamburg,https://www.hamburg.de/barrierefrei/leichte-sprache/soziales-hilfen/hilfe-fuer-schwangere-frauen-575962,721,0.4188626907073509,0.7805654761904761,975,0.2246153846153846,0.6217710583153347
hamburg,https://www.hamburg.de/barrierefrei/leichte-sprache/infos-fuer-menschen-mit-behinderung/ls-schwerbehinderten-ausweis-merk-zeichen-575938,1560,0.35833333333333334,0.7801058901389808,679,0.3136966126656848,0.6591428571428571
hamburg,https://www.hamburg.de/barrierefrei/leichte-sprache/service-und-tipps/ls-tipps-bei-hitze-1066810,1121,0.4201605709188225,0.7952611940298507,1968,0.20934959349593496,0.692881709223554
hamburg,https://www.hamburg.de/barrierefrei/leichte-sprache/familie/guter-start-kinder-575970,174,0.6609195402298851,0.8305600000000001,183,0.4808743169398907,0.6925373134328358
hamburg,https://www.hamburg.de/barrierefrei/leichte-sprache/freizeit/ls-regeln-auf-dem-wasser-575850,496,0.4879032258064516,0.7877852348993288,414,0.391304347826087,0.6947945205479452
hamburg,https://www.hamburg.de/barrierefrei/leichte-sprache/service-und-tipps/ls-alte-medikamente-gehoeren-in-den-rest-muell-575900,295,0.5864406779661017,0.7780487804878049,777,0.29343629343629346,0.6541483516483517
hamburg,https://www.hamburg.de/barrierefrei/leichte-sprache/gesundheit/schluss-mit-dem-rauchen-575978,578,0.5017301038062284,0.8055198487712666,428,0.4182242990654206,0.7230079155672823
hamburg,https://www.hamburg.de/barrierefrei/leichte-sprache/infos-fuer-menschen-mit-behinderung/so-finden-sie-eine-loesung-575954,178,0.5730337078651685,0.7475968992248062,357,0.35294117647058826,0.648896103896104
hamburg,https://www.hamburg.de/barrierefrei/leichte-sprache/familie/ferien-betreuung-in-der-schule-575888,185,0.5243243243243243,0.7533823529411764,263,0.34980988593155893,0.6453271028037383
hamburg,https://www.hamburg.de/barrierefrei/leichte-sprache/gesundheit/ls-kranke-kinder-gehoeren-nicht-in-die-kita-1109042,301,0.4983388704318937,0.7742063492063492,551,0.2849364791288566,0.6219521912350598
hamburg,https://www.hamburg.de/barrierefrei/leichte-sprache/gesundheit/ls-grippe-impfung-1103306,458,0.4410480349344978,0.7681662591687042,546,0.36813186813186816,0.7389134808853118
hamburg,https://www.hamburg.de/barrierefrei/leichte-sprache/politik/rathausfuehrung-576210,986,0.3711967545638945,0.7037139807897546,559,0.2826475849731664,0.6489803921568628
hamburg,https://www.hamburg.de/barrierefrei/leichte-sprache/bezirke/kinderschutz-576386,364,0.5714285714285714,0.7968253968253968,326,0.36809815950920244,0.6314801444043321
hamburg,https://www.hamburg.de/barrierefrei/leichte-sprache/politik/ls-politik-im-hamburger-rathaus-575820,222,0.5225225225225225,0.7136416184971098,263,0.35361216730038025,0.6050467289719625
hamburg,https://www.hamburg.de/barrierefrei/leichte-sprache/service-und-tipps/ls-fragen-und-antworten-neue-grundsteuer-1091686,2652,0.28318250377073906,0.741974644640799,1421,0.20971147079521463,0.6175072886297376
hamburg,https://www.hamburg.de/barrierefrei/leichte-sprache/verkehr/fussgaenger-575946,231,0.6190476190476191,0.795054945054945,248,0.4153225806451613,0.6596984924623116
hamburg,https://www.hamburg.de/barrierefrei/leichte-sprache/infos-fuer-menschen-mit-behinderung/ls-behindertenparkplaetze-575948,125,0.672,0.7621052631578947,206,0.48058252427184467,0.6801273885350319
hamburg,https://www.hamburg.de/barrierefrei/leichte-sprache/service-und-tipps/energie-spar-beratung-575898,392,0.5331632653061225,0.803265306122449,229,0.537117903930131,0.7365555555555556
hamburg,https://www.hamburg.de/barrierefrei/leichte-sprache/bezirke/die-bezirke-in-hamburg-575812,192,0.6197916666666666,0.7704895104895105,100,0.54,0.5847058823529412
koeln,https://web.archive.org/web/20220804230818/https://www.stadt-koeln.de/leben-in-koeln/soziales/unterhalts-vorschuss,677,0.40029542097488924,0.7647770700636942,1115,0.2645739910313901,0.6802439024390243
koeln,https://web.archive.org/web/20220804230818/https://www.stadt-koeln.de/leben-in-koeln/soziales/widerspruch-gegen-die-weitergabe-von-ihren-melde-daten-einle,308,0.5032467532467533,0.7628571428571429,649,0.3020030816640986,0.6857
koeln,https://web.archive.org/web/20220804230818/https://www.stadt-koeln.de/leben-in-koeln/soziales/wie-bekomme-ich-meinen-fuehrerschein-wieder,761,0.4231274638633377,0.7739325842696628,1337,0.3051608077786088,0.6835403726708075
koeln,https://web.archive.org/web/20220804230818/https://www.stadt-koeln.de/leben-in-koeln/soziales/geburts-namen-oder-frueheren-namen-wieder-bekommen,317,0.4353312302839117,0.7052238805970149,524,0.32251908396946566,0.6402526315789474
koeln,https://web.archive.org/web/20220804230818/https://www.stadt-koeln.de/leben-in-koeln/soziales/fischer-pruefung,475,0.49473684210526314,0.7969483568075117,1368,0.24707602339181287,0.6484154662623199
koeln,https://web.archive.org/web/20220804230818/https://www.stadt-koeln.de/leben-in-koeln/soziales/beratung-fuer-menschen-aus-dem-ausland-zum-anmelden-einer-ehe,254,0.547244094488189,0.7826341463414634,619,0.36995153473344106,0.6788421052631579
koeln,https://web.archive.org/web/20220804230818/https://www.stadt-koeln.de/leben-in-koeln/soziales/bafoeg-fuer-schueler-schueler-innen,385,0.4857142857142857,0.7528571428571429,897,0.31215161649944256,0.6737735849056604
koeln,https://web.archive.org/web/20220804230818/https://www.stadt-koeln.de/leben-in-koeln/soziales/nachweis-fuer-hunde,578,0.4273356401384083,0.7687712665406428,652,0.3450920245398773,0.6755555555555556
koeln,https://web.archive.org/web/20220804230818/https://www.stadt-koeln.de/leben-in-koeln/soziales/reise-pass-fuer-kinder,900,0.37,0.7360752056404231,1233,0.24249797242497972,0.6390878378378378
koeln,https://web.archive.org/web/20220804230818/https://www.stadt-koeln.de/leben-in-koeln/soziales/neben-wohnsitz-haupt-wohnsitz-aendern,233,0.5107296137339056,0.7447826086956522,510,0.30980392156862746,0.6485466377440348
koeln,https://web.archive.org/web/20220804230818/https://www.stadt-koeln.de/leben-in-koeln/soziales/neues-fahrzeug-zulassen,534,0.4606741573033708,0.7434639175257731,1365,0.2153846153846154,0.6638753799392098
koeln,https://web.archive.org/web/20220804230818/https://www.stadt-koeln.de/leben-in-koeln/soziales/behinderung/beratungs-telefon-fuer-menschen-mit-behinderung-senioren-und-seniorinnen,88,0.7159090909090909,0.8066666666666666,358,0.42178770949720673,0.68957928802589
koeln,https://web.archive.org/web/20220804230818/https://www.stadt-koeln.de/leben-in-koeln/soziales/vornamen-oder-nachnamen-aendern,546,0.4358974358974359,0.7379476861167001,556,0.37050359712230213,0.6994477317554241
koeln,https://web.archive.org/web/20220804230818/https://www.stadt-koeln.de/leben-in-koeln/soziales/wohn-geld,1702,0.3354876615746181,0.7639201451905626,1013,0.29615004935834155,0.7225518672199169
koeln,https://web.archive.org/web/20220804230818/https://www.stadt-koeln.de/leben-in-koeln/soziales/kurz-zeit-kennzeichen,564,0.3953900709219858,0.7075728155339805,846,0.2624113475177305,0.6394228356336261
koeln,https://web.archive.org/web/20220804230818/https://www.stadt-koeln.de/leben-in-koeln/soziales/ausweis-papiere-verloren,606,0.3910891089108911,0.7262836624775584,1176,0.25170068027210885,0.6641526175687666
koeln,https://web.archive.org/web/20220804230818/https://www.stadt-koeln.de/politik-und-verwaltung/wahlen/kommunal-wahl,129,0.5891472868217055,0.72025,255,0.4745098039215686,0.6798058252427184
koeln,https://web.archive.org/web/20220804230818/https://www.stadt-koeln.de/leben-in-koeln/soziales/leit-linien-zur-buerger-beteiligung,441,0.5079365079365079,0.7833673469387755,669,0.2884902840059791,0.6440967741935484
koeln,https://web.archive.org/web/20220804230818/https://www.stadt-koeln.de/leben-in-koeln/soziales/tages-pflege-fuer-ihr-kind,492,0.44308943089430897,0.7372009029345372,998,0.28557114228456915,0.6895468914646997
koeln,https://web.archive.org/web/20220804230818/https://www.stadt-koeln.de/leben-in-koeln/soziales/behinderung/foerderung-fuer-selbsthilfe-gruppen-im-sozialen-bereich,204,0.5931372549019608,0.783225806451613,402,0.39552238805970147,0.6647025495750709
koeln,https://web.archive.org/web/20220804230818/https://www.stadt-koeln.de/leben-in-koeln/soziales/wohnungs-vermittlung,151,0.6291390728476821,0.8235294117647058,781,0.3201024327784891,0.7422131147540983
koeln,https://web.archive.org/web/20220804230818/https://www.stadt-koeln.de/leben-in-koeln/soziales/eltern-beitrag-fuer-die-kinder-tages-einrichtung,442,0.47737556561085975,0.7626972010178117,1046,0.26290630975143403,0.6898495486459378
koeln,https://web.archive.org/web/20220804230818/https://www.stadt-koeln.de/leben-in-koeln/soziales/vorlaeufiger-personal-ausweis,920,0.3978260869565217,0.7622043628013777,985,0.2639593908629442,0.6334615384615384
koeln,https://web.archive.org/web/20220804230818/https://www.stadt-koeln.de/leben-in-koeln/soziales/geburts-urkunde-beantragen,716,0.3547486033519553,0.7081259370314843,642,0.3068535825545171,0.6552445193929174
koeln,https://web.archive.org/web/20220804230818/https://www.stadt-koeln.de/leben-in-koeln/soziales/wohnsitz-zu-einer-anderen-adresse-koeln-ummelden,552,0.4166666666666667,0.7695427435387674,838,0.28042959427207637,0.6597972116603296
koeln,https://web.archive.org/web/20220804230818/https://www.stadt-koeln.de/leben-in-koeln/soziales/deutsch-werden-durch-einbuergerung,679,0.43151693667157587,0.7877777777777778,989,0.3104145601617796,0.6752127659574468
koeln,https://web.archive.org/web/20220804230818/https://www.stadt-koeln.de/leben-in-koeln/soziales/papiere-im-amt-beglaubigen-lassen,468,0.4465811965811966,0.7852505966587112,789,0.2953105196451204,0.6813243243243243
koeln,https://web.archive.org/web/20220804230818/https://www.stadt-koeln.de/leben-in-koeln/soziales/eltern-beitrag-fuer-die-kinder-tages-pflege,426,0.4859154929577465,0.7535278514588859,837,0.2831541218637993,0.6834517766497463
koeln,https://web.archive.org/web/20220804230818/https://www.stadt-koeln.de/leben-in-koeln/soziales/wohnsitz-zum-ersten-mal-koeln-anmelden,749,0.3591455273698264,0.7536571428571428,1045,0.2641148325358852,0.6809036144578313
koeln,https://web.archive.org/web/20220804230818/https://www.stadt-koeln.de/leben-in-koeln/soziales/behinderung/merk-zeichen-im-schwer-behinderten-ausweis,840,0.3142857142857143,0.783362831858407,752,0.28058510638297873,0.7157041251778093
koeln,https://web.archive.org/web/20220804230818/https://www.stadt-koeln.de/leben-in-koeln/soziales/ehe-urkunde-bestellen,483,0.391304347826087,0.7366820276497696,833,0.2725090036014406,0.668826530612245
koeln,https://web.archive.org/web/20220804230818/https://www.stadt-koeln.de/leben-in-koeln/soziales/weitere-sterbe-urkunde-bestellen,367,0.45231607629427795,0.7342138364779874,751,0.2836218375499334,0.6443019943019943
koeln,https://web.archive.org/web/20220804230818/https://www.stadt-koeln.de/leben-in-koeln/soziales/nachweis-fuer-die-arbeit-mit-lebensmitteln,992,0.3810483870967742,0.7797879109225875,799,0.3216520650813517,0.69328
koeln,https://web.archive.org/web/20220804230818/https://www.stadt-koeln.de/leben-in-koeln/soziales/behinderung/senioren-beratung,171,0.5730994152046783,0.7280327868852459,228,0.4692982456140351,0.6501675977653631
koeln,https://web.archive.org/web/20220804230818/https://www.stadt-koeln.de/leben-in-koeln/soziales/hund-anmelden,530,0.41320754716981134,0.7792515592515592,708,0.3107344632768362,0.6948406676783004
koeln,https://web.archive.org/web/20220804230818/https://www.stadt-koeln.de/leben-in-koeln/soziales/behinderung/grad-der-behinderung-gdb,241,0.4979253112033195,0.7326041666666666,246,0.4349593495934959,0.6638578680203046
koeln,https://web.archive.org/web/20220804230818/https://www.stadt-koeln.de/leben-in-koeln/soziales/trink-wasser,433,0.47344110854503463,0.6997395833333333,702,0.37037037037037035,0.685635528330781
koeln,https://web.archive.org/web/20220804230818/https://www.stadt-koeln.de/leben-in-koeln/soziales/behinderung/gesetzliche-betreuung,675,0.45925925925925926,0.7555591054313099,562,0.3701067615658363,0.6434697855750487
main_taunus,https://web.archive.org/web/20210122220843/https://www.lebenshilfe-main-taunus.de/ls/reisen.html,39,0.9487179487179487,0.9487179487179487,84,0.75,0.7914285714285714
main_taunus,https://web.archive.org/web/20210122220843/https://www.lebenshilfe-main-taunus.de/ls/haus-flesch.html,121,0.6776859504132231,0.8161111111111111,143,0.5594405594405595,0.6938297872340425
main_taunus,https://web.archive.org/web/20210122220843/https://www.lebenshilfe-main-taunus.de/ls/wohnheime.html,113,0.6548672566371682,0.78,89,0.5393258426966292,0.591
main_taunus,https://web.archive.org/web/20210122220843/https://www.lebenshilfe-main-taunus.de/ls/die-kunst-gruppe.html,335,0.5611940298507463,0.791958041958042,499,0.37074148296593185,0.7302666666666667
main_taunus,https://web.archive.org/web/20210122220843/https://www.lebenshilfe-main-taunus.de/ls/was-wir-bieten.html,251,0.5976095617529881,0.7405940594059406,276,0.5181159420289855,0.771806167400881
main_taunus,https://web.archive.org/web/20210122220843/https://www.lebenshilfe-main-taunus.de/ls/buecherei-126.html,90,0.8222222222222222,0.9160975609756098,121,0.6942148760330579,0.8313888888888888
main_taunus,https://web.archive.org/web/20210122220843/https://www.lebenshilfe-main-taunus.de/ls/infos.html-1529997863.html,198,0.5707070707070707,0.7059060402684564,101,0.6732673267326733,0.7330769230769231
main_taunus,https://web.archive.org/web/20210122220843/https://www.lebenshilfe-main-taunus.de/ls/texte-in-leichter-sprache.html,298,0.4966442953020134,0.7792771084337349,149,0.5637583892617449,0.6594
main_taunus,https://web.archive.org/web/20210122220843/https://www.lebenshilfe-main-taunus.de/ls/familien-unterstuetzender-dienst.html,164,0.6097560975609756,0.756695652173913,253,0.4505928853754941,0.7053921568627451
main_taunus,https://web.archive.org/web/20210122220843/https://www.lebenshilfe-main-taunus.de/ls/treffpunkt-leichte-sprache-m-65/,128,0.6171875,0.8237974683544304,134,0.48507462686567165,0.6903529411764706
main_taunus,https://web.archive.org/web/20210122220843/https://www.lebenshilfe-main-taunus.de/ls/wohnheim-haus-walburga.html,92,0.8043478260869565,0.8469767441860465,186,0.4838709677419355,0.7486131386861314
main_taunus,https://web.archive.org/web/20210122220843/https://www.lebenshilfe-main-taunus.de/ls/helfen.html,285,0.5543859649122806,0.8366949152542373,313,0.43450479233226835,0.7234090909090909
main_taunus,https://web.archive.org/web/20210122220843/https://www.lebenshilfe-main-taunus.de/ls/betreutes-wohnen.html,99,0.7070707070707071,0.7972,96,0.625,0.6919148936170213
main_taunus,https://web.archive.org/web/20210122220843/https://www.lebenshilfe-main-taunus.de/ls/weitere-informationen-zum-betreuten-wohnen.html,320,0.490625,0.7078966789667896,282,0.4574468085106383,0.7194849785407724
main_taunus,https://web.archive.org/web/20210122220843/https://www.lebenshilfe-main-taunus.de/ls/das-haus-wehr.html,112,0.6160714285714286,0.7692063492063492,152,0.5197368421052632,0.7205825242718447
main_taunus,https://web.archive.org/web/20210122220843/https://www.lebenshilfe-main-taunus.de/ls/infos-zu-leichter-sprache.html,215,0.6790697674418604,0.8093975903614459,322,0.35714285714285715,0.6517948717948718
main_taunus,https://web.archive.org/web/20210122220843/https://www.lebenshilfe-main-taunus.de/ls/wohnheim-floersheim.html,94,0.7127659574468085,0.7982222222222223,150,0.5533333333333333,0.7336633663366336
main_taunus,https://web.archive.org/web/20210122220843/https://www.lebenshilfe-main-taunus.de/ls/buecherei-74.html,65,0.8615384615384616,0.90125,113,0.7256637168141593,0.8518749999999999
main_taunus,https://web.archive.org/web/20210122220843/https://www.lebenshilfe-main-taunus.de/ls/ueber-uns.html,147,0.6326530612244898,0.7806122448979592,222,0.45495495495495497,0.6638150289017342
main_taunus,https://web.archive.org/web/20210122220843/https://www.lebenshilfe-main-taunus.de/ls/der-vorstand.html,99,0.5050505050505051,0.5352,155,0.5032258064516129,0.609811320754717
main_taunus,https://web.archive.org/web/20210122220843/https://www.lebenshilfe-main-taunus.de/ls/die-frueh-foerder-stelle.html,351,0.5384615384615384,0.796092715231788,157,0.4585987261146497,0.6525925925925926
main_taunus,https://web.archive.org/web/20210122220843/https://www.lebenshilfe-main-taunus.de/ls/wohnen.html,155,0.5741935483870968,0.7475471698113207,173,0.47398843930635837,0.6806451612903226
main_taunus,https://web.archive.org/web/20210122220843/https://www.lebenshilfe-main-taunus.de/ls/beratung-wohnen-12.html,148,0.5608108108108109,0.7484848484848484,91,0.6373626373626373,0.7957142857142857
main_taunus,https://web.archive.org/web/20210122220843/https://www.lebenshilfe-main-taunus.de/ls/freizeit-programm.html,65,0.7846153846153846,0.83375,99,0.6363636363636364,0.7143999999999999
main_taunus,https://web.archive.org/web/20210122220843/https://www.lebenshilfe-main-taunus.de/ls/tages-betreuung.html,84,0.6904761904761905,0.7828571428571429,146,0.5616438356164384,0.7142268041237113
main_taunus,https://web.archive.org/web/20210122220843/https://www.lebenshilfe-main-taunus.de/ls/treffpunkt-leichte-sprache.html-1526288265.html-1526288405.html,128,0.6171875,0.8162025316455697,134,0.48507462686567165,0.6903529411764706
main_taunus,https://web.archive.org/web/20210122220843/https://www.lebenshilfe-main-taunus.de/ls/schulungen.html,99,0.6464646464646465,0.6968000000000001,107,0.5607476635514018,0.6403448275862069
main_taunus,https://web.archive.org/web/20210122220843/https://www.lebenshilfe-main-taunus.de/ls/mitleben.html,269,0.6022304832713755,0.78,77,0.5714285714285714,0.6364285714285715
main_taunus,https://web.archive.org/web/20210122220843/https://www.lebenshilfe-main-taunus.de/ls/die-villa-luce.html,106,0.6792452830188679,0.8245614035087719,147,0.54421768707483,0.7379591836734694
main_taunus,https://web.archive.org/web/20210122220843/https://www.lebenshilfe-main-taunus.de/ls/beratung-und-foerderung.html,94,0.7340425531914894,0.772,91,0.6043956043956044,0.677142857142857
main_taunus,https://web.archive.org/web/20210122220843/https://www.lebenshilfe-main-taunus.de/ls/haus-trappen-9.html,156,0.6346153846153846,0.7805607476635513,161,0.5962732919254659,0.7501785714285714
main_taunus,https://web.archive.org/web/20210122220843/https://www.lebenshilfe-main-taunus.de/ls/spenden-helfen-mitmachen.html,218,0.5688073394495413,0.8118343195266271,173,0.5722543352601156,0.7590322580645161
main_taunus,https://web.archive.org/web/20210122220843/https://www.lebenshilfe-main-taunus.de/ls/freizeit-und-kunst.html,124,0.6451612903225806,0.8024,71,0.8309859154929577,0.8645454545454545
main_taunus,https://web.archive.org/web/20210122220843/https://www.lebenshilfe-main-taunus.de/ls/beratung-und-foerderung-m-79/,91,0.7142857142857143,0.7671428571428571,91,0.6043956043956044,0.677142857142857
mdr,https://www.mdr.de/nachrichten-leicht/leichte-sprache-sachsen-sachsenforst-waldbrand-saison-100.html,313,0.6325878594249201,0.8368939393939394,142,0.5915492957746479,0.7339784946236559
mdr,https://www.mdr.de/nachrichten-leicht/leichte-sprache-mitteldeutschland-verdi-warnstreik-nahverkehr-100.html,638,0.47648902821316613,0.824006791171477,257,0.4085603112840467,0.6277884615384616
mdr,https://www.mdr.de/nachrichten-leicht/leichte-sprache-sachsen-anhalt-cannabis-im-supermarkt-100.html,463,0.5464362850971922,0.8402415458937198,121,0.5289256198347108,0.6988888888888889
mdr,https://www.mdr.de/nachrichten-leicht/leichte-sprache-sachsen-anhalt-fcm-rueckzug-sponsor-100.html,234,0.6452991452991453,0.8441081081081081,145,0.5172413793103449,0.7010416666666667
mdr,https://www.mdr.de/nachrichten-leicht/leichte-sprache-fcm-magdeburg-geldstrafe-pyro-fussball-100.html,240,0.6416666666666667,0.8349738219895287,131,0.5725190839694656,0.7853658536585366
mdr,https://www.mdr.de/nachrichten-leicht/leichte-sprache-sachsen-zugverkehr-leipzig-chemnitz-100.html,186,0.6505376344086021,0.8141605839416057,83,0.6385542168674698,0.7782352941176471
mdr,https://www.mdr.de/nachrichten-leicht/leichte-sprache-mittel-deutschland-gefahr-vor-eisflaechen-100.html,270,0.6111111111111112,0.8085972850678732,339,0.3333333333333333,0.6695172413793103
mdr,https://www.mdr.de/nachrichten-leicht/leichte-sprache-thueringen-altenburg-wieder-in-skat-bundesliga-100.html,669,0.4633781763826607,0.8177096774193549,180,0.4722222222222222,0.6599999999999999
mdr,https://www.mdr.de/nachrichten-leicht/leichte-sprache-thueringen-kahla-insolvenz-porzellan-100.html,199,0.6582914572864321,0.8297333333333333,101,0.594059405940594,0.8049999999999999
mdr,https://www.mdr.de/nachrichten-leicht/spezial/leichte-sprache-ticker-sachsen-anhalt-haseloff-schulze-neuwahl-100.html,1341,0.37583892617449666,0.7946284829721363,1458,0.25308641975308643,0.7298225691980127
mdr,https://www.mdr.de/nachrichten-leicht/leichte-sprache-sachsen-tarifrunde-gescheitert-neue-streiks-im-nahverkehr-100.html,466,0.5364806866952789,0.8376019184652278,300,0.4,0.7031075697211155
mdr,https://www.mdr.de/nachrichten-leicht/leichte-sprache-sachsen-zugverkehr-ausfaelle-dresden-chemnitz-bruecke-baustelle-100.html,421,0.5296912114014252,0.7955913978494623,130,0.5538461538461539,0.6896296296296296
mdr,https://www.mdr.de/nachrichten-leicht/leichte-sprache-sachsen-anhalt-beratungsstelle-menschen-ohne-krankenversicherung-100.html,193,0.5803108808290155,0.7736111111111111,137,0.46715328467153283,0.6870454545454545
mdr,https://www.mdr.de/nachrichten-leicht/leichte-sprache-thueringen-urteil-knockout-100.html,341,0.49266862170087977,0.7828082191780822,201,0.43283582089552236,0.6376315789473684
mdr,https://www.mdr.de/nachrichten-leicht/leichte-sprache-thueringen-therme-saniert-muehlhausen-100.html,155,0.6451612903225806,0.8345283018867924,138,0.5217391304347826,0.7058426966292135
mdr,https://www.mdr.de/nachrichten-leicht/leichte-sprache-sachsen-anhalt-storch-stoerche-winterquartier-rueckkehr-100.html,202,0.6138613861386139,0.8056209150326797,126,0.5158730158730159,0.6768831168831169
mdr,https://www.mdr.de/nachrichten-leicht/leichte-sprache-sachsen-geld-fuer-kommunen-100.html,301,0.574750830564784,0.7693650793650794,123,0.5121951219512195,0.7189189189189189
mdr,https://www.mdr.de/nachrichten-leicht/leichte-sprache-sachsen-anhalt-sanierung-gueterzug-brand-einschraenkungen-bahnverkehr-100.html,289,0.6366782006920415,0.8468333333333333,377,0.3925729442970822,0.7359756097560975
mdr,https://www.mdr.de/nachrichten-leicht/leichte-sprache-mitteldeutschland-streik-geht-weiter-100.html,324,0.5617283950617284,0.8037090909090909,132,0.5378787878787878,0.6819277108433736
mdr,https://www.mdr.de/nachrichten-leicht/leichte-sprache-sachsen-leipzig-bauen-carbotbeton-klima-carbonbetonwerk-100.html,143,0.6853146853146853,0.8253191489361702,305,0.4065573770491803,0.732109375
mdr,https://www.mdr.de/nachrichten-leicht/leichte-sprache-thueringen-soemmerda-klinik-schliessung-brustzentrum-gynaekologie-100.html,173,0.5953757225433526,0.7696774193548387,197,0.4467005076142132,0.6671621621621622
mdr,https://www.mdr.de/nachrichten-leicht/leichte-sprache-thueringen-sport-fusball-frauen-jena-100.html,296,0.6182432432432432,0.8149797570850202,138,0.5362318840579711,0.7352808988764045
mdr,https://www.mdr.de/nachrichten-leicht/leichte-sprache-sachsen-anhalt-magdeburg-strassenbahn-schienen-neu-100.html,294,0.5918367346938775,0.7903673469387754,248,0.4798387096774194,0.7004020100502513
mdr,https://www.mdr.de/nachrichten-leicht/leichte-sprache-thueringen-misstrauensvotum-voigt-100.html,341,0.5043988269794721,0.7591780821917808,219,0.4429223744292237,0.6591764705882353
mdr,https://www.mdr.de/nachrichten-leicht/leichte-sprache-dresden-protest-buendnis-krieg-gedenken-stadt-100.html,604,0.4718543046357616,0.7998918918918919,371,0.3557951482479784,0.7321739130434782
mdr,https://www.mdr.de/nachrichten-leicht/leichte-sprache-dessau-drohnen-apotheke-medikamente-100.html,660,0.48787878787878786,0.8262847790507365,130,0.46923076923076923,0.6851851851851852
mdr,https://www.mdr.de/nachrichten-leicht/leichte-sprache-sachsen-sachsen-anhalt-streik-100.html,214,0.5981308411214953,0.7984242424242425,165,0.5212121212121212,0.7301724137931035
mdr,https://www.mdr.de/nachrichten-leicht/leichte-sprache-sachsen-anhalt-serie-wohnungseinbrueche-aufgeklaert-wittenberg-100.html,377,0.5649867374005305,0.8191463414634147,91,0.5604395604395604,0.7609523809523809
mdr,https://www.mdr.de/nachrichten-leicht/leichte-sprache-sachsen-anhalt-sexualisierte-gewalt-im-internet-100.html,758,0.4788918205804749,0.8440056417489421,377,0.29442970822281167,0.6368902439024391
mdr,https://www.mdr.de/nachrichten-leicht/leichte-sprache-mittel-deutschland-schlechte-inklusion-auf-dem-arbeitsmarkt-100.html,1028,0.4367704280155642,0.8393054136874362,265,0.32075471698113206,0.6222222222222222
mdr,https://www.mdr.de/nachrichten-leicht/leichte-sprache-sachsen-anhalt-brocken-rettung-mann-gipfel-100.html,236,0.6016949152542372,0.7844919786096256,135,0.4888888888888889,0.667906976744186
mdr,https://www.mdr.de/nachrichten-leicht/leichte-sprache-mitteldeutschland-demos-schueler-wehrpflicht-100.html,370,0.5108108108108108,0.7786915887850467,369,0.3712737127371274,0.7148125000000001
mdr,https://www.mdr.de/nachrichten-leicht/leichte-sprache-sachsen-sachsen-anhalt-software-panne-behoerden-schwerbehinderte-betroffen-100.html,992,0.4264112903225806,0.8003393425238601,390,0.3487179487179487,0.6792375366568915
mdr,https://www.mdr.de/nachrichten-leicht/leichte-sprache-thueringen-erfurt-domplatz-100.html,207,0.6231884057971014,0.8074683544303798,107,0.5420560747663551,0.7117241379310345
mdr,https://www.mdr.de/nachrichten-leicht/leichte-sprache-sachsen-thueringen-streik-100.html,308,0.5616883116883117,0.833050193050193,180,0.4888888888888889,0.7383206106870229
mdr,https://www.mdr.de/nachrichten-leicht/leichte-sprache-mitteldeutschland-wetter-umschwung-glatteis-gefahr-100.html,564,0.49113475177304966,0.7907572815533981,282,0.39361702127659576,0.6961373390557939
mdr,https://www.mdr.de/nachrichten-leicht/leichte-sprache-sachsen-anhalt-sturmwarnung-fuer-den-brocken-100.html,235,0.5872340425531914,0.8134408602150538,211,0.4928909952606635,0.7137037037037037
mdr,https://www.mdr.de/nachrichten-leicht/leichte-sprache-mitteldeutschland-lufthansa-streik-flughafen-leipzig-halle-dresden-100.html,322,0.5279503105590062,0.7617582417582418,164,0.4695121951219512,0.7118260869565217
mdr,https://www.mdr.de/nachrichten-leicht/leichte-sprache-sachsen-einschraenkung-zugverkehr-zwickau-dresden-100.html,109,0.6697247706422018,0.7796666666666667,154,0.512987012987013,0.715047619047619
mdr,https://www.mdr.de/nachrichten-leicht/leichte-sprache-sachsen-schulschwaenzer-schulverweigerer-100.html,204,0.5882352941176471,0.7650322580645161,180,0.46111111111111114,0.6838167938931298
mdr,https://www.mdr.de/nachrichten-leicht/leichte-sprache-wochenende-tipps-leipzig-asisi-panometer-gera-100.html,662,0.5181268882175226,0.8338662316476345,304,0.4407894736842105,0.7330196078431372
mdr,https://www.mdr.de/nachrichten-leicht/leichte-sprache-sport-olympia-skeleton-medaillen-kreher-100.html,301,0.6079734219269103,0.8394444444444444,163,0.4601226993865031,0.7087719298245614
mdr,https://www.mdr.de/nachrichten-leicht/leichte-sprache-sachsen-anhalt-erste-queere-buchmesse-in-magdeburg-100.html,462,0.47835497835497837,0.7826150121065375,135,0.5703703703703704,0.712093023255814
mdr,https://www.mdr.de/nachrichten-leicht/leichte-sprache-halle-chlor-unfall-gas-neustadt-schwimmbad-100.html,86,0.7325581395348837,0.7535135135135135,137,0.48905109489051096,0.6593181818181818
mdr,https://www.mdr.de/nachrichten-leicht/leichte-sprache-kulturnachricht-108.html,652,0.4294478527607362,0.8012935323383085,406,0.4187192118226601,0.7424089635854342
mdr,https://www.mdr.de/nachrichten-leicht/leichte-sprache-sachsen-chemnitz-congress-hotel-mitarbeiter-suchen-betreiber-100.html,228,0.5614035087719298,0.792513966480447,150,0.52,0.7053465346534653
mdr,https://www.mdr.de/nachrichten-leicht/leichte-sprache-sachsen-tarifstreit-beigelegt-100.html,307,0.5537459283387622,0.7934883720930233,234,0.405982905982906,0.6593513513513514
mdr,https://www.mdr.de/nachrichten-leicht/leichte-sprache-thueringen-elektroschiff-bleilochtalsperre-100.html,259,0.5752895752895753,0.804095238095238,96,0.5416666666666666,0.6940425531914893
mdr,https://www.mdr.de/nachrichten-leicht/leichte-sprache-thueringen-bad-liebenstein-heilwasser-sprudelt-wieder-100.html,179,0.6201117318435754,0.7729230769230769,172,0.47674418604651164,0.7339837398373984
mdr,https://www.mdr.de/nachrichten-leicht/leichte-sprache-leipzig-naturkunde-museum-bowling-treff-100.html,295,0.5728813559322034,0.810650406504065,117,0.5470085470085471,0.7647058823529411
mdr,https://www.mdr.de/nachrichten-leicht/leichte-sprache-sachsen-thueringen-risiko-stromausfall-100.html,295,0.5186440677966102,0.7839024390243903,236,0.4703389830508475,0.7043850267379679
mdr,https://www.mdr.de/nachrichten-leicht/leichte-sprache-magdeburg-dom-kaiser-knochen-otto-100.html,316,0.509493670886076,0.802621722846442,132,0.5151515151515151,0.6836144578313254
mdr,https://www.mdr.de/nachrichten-leicht/leichte-sprache-sachsen-anhalt-luchs-100.html,267,0.6441947565543071,0.8403669724770642,108,0.5925925925925926,0.7115254237288136
mdr,https://www.mdr.de/nachrichten-leicht/leichte-sprache-sachsen-altenberg-buergermeister-wahl-barth-100.html,361,0.6066481994459834,0.8359615384615384,124,0.5080645161290323,0.6829333333333333
mdr,https://www.mdr.de/nachrichten-leicht/leichte-sprache-sachsen-brand-in-pflegeheim-100.html,271,0.6051660516605166,0.8292792792792792,143,0.4965034965034965,0.7102127659574469
mdr,https://www.mdr.de/nachrichten-leicht/leichte-sprache-sachsen-antifa-prozess-100.html,337,0.5667655786350149,0.8201388888888889,324,0.3888888888888889,0.6919272727272727
mdr,https://www.mdr.de/nachrichten-leicht/leichte-sprache-thueringen-musashi-schliessung-leinefelde-100.html,237,0.6075949367088608,0.7963829787234042,151,0.5165562913907285,0.7205882352941176
mdr,https://www.mdr.de/nachrichten-leicht/leichte-sprache-sachsen-anhalt-brocken-mann-gerettet-100.html,236,0.6016949152542372,0.7844919786096256,119,0.5882352941176471,0.716
mdr,https://www.mdr.de/nachrichten-leicht/leichte-sprache-sachsen-anhalt-attentaeter-magdeburg-hungerstreik-androhung-100.html,243,0.6460905349794238,0.8547422680412371,225,0.4533333333333333,0.7239772727272727
mdr,https://www.mdr.de/nachrichten-leicht/leichte-sprache-sachsen-anhalt-magdeburg-gefaelschte-paketbenachrichtigungen-100.html,229,0.6157205240174672,0.8517777777777777,205,0.45365853658536587,0.6956410256410256
mdr,https://www.mdr.de/nachrichten-leicht/leichte-sprache-gohrischheide-waldbrand-sachsen-ursache-kampfmittel-100.html,161,0.7142857142857143,0.8576785714285714,309,0.4077669902912621,0.6954615384615385
mdr,https://www.mdr.de/nachrichten-leicht/leichte-sprache-sachsen-anhalt-kitas-erhalten-mehr-geld-100.html,195,0.6717948717948717,0.852054794520548,188,0.43617021276595747,0.6782733812949641
mdr,https://www.mdr.de/nachrichten-leicht/leichte-sprache-sachsen-krankenhaeuser-finanzierung-investitionen-100.html,480,0.5291666666666667,0.7881206496519721,127,0.5511811023622047,0.6987179487179487
mdr,https://www.mdr.de/nachrichten-leicht/leichte-sprache-mitteldeutschland-streik-oeffentlicher-dienst-100.html,485,0.43917525773195876,0.7670642201834862,300,0.37666666666666665,0.6914741035856574
mdr,https://www.mdr.de/nachrichten-leicht/leichte-sprache-sachsen-dresden-neustadt-bahnhof-empfangshalle-gesperrt-100.html,192,0.59375,0.7572027972027973,134,0.5074626865671642,0.7124705882352942
mdr,https://www.mdr.de/nachrichten-leicht/leichte-sprache-sachsen-dresden-zoo-rote-pandas-100.html,185,0.6432432432432432,0.8135294117647058,157,0.5031847133757962,0.7335185185185185
mdr,https://www.mdr.de/nachrichten-leicht/leichte-sprache-sachsen-polizeigesetz-entwurf-befugnisse-taser-drohnen-ki-100.html,248,0.5766129032258065,0.7693467336683417,184,0.4945652173913043,0.7349629629629629
mdr,https://www.mdr.de/nachrichten-leicht/leichte-sprache-sachsen-erhoehte-ticketpreise-100.html,190,0.6368421052631579,0.8263829787234043,130,0.5153846153846153,0.7054320987654321
mdr,https://www.mdr.de/nachrichten-leicht/leichte-sprache-mittel-deutschland-sport-pokal-spiele-am-wochenende-100.html,632,0.4825949367088608,0.7804116638078903,276,0.38768115942028986,0.6856387665198238
mdr,https://www.mdr.de/nachrichten-leicht/leichte-sprache-sachsen-anhalt-weihnachtsmarkt-attentat-angeklagter-wuetet-im-gerichtssaal-100.html,528,0.5227272727272727,0.788643006263048,353,0.3881019830028329,0.6928947368421052
mdr,https://www.mdr.de/nachrichten-leicht/leichte-sprache-mitteldeutschland-zugausfaelle-leipzig-chemnitz-doebeln-leinefelde-sangerhausen-100.html,177,0.6101694915254238,0.82328125,77,0.6493506493506493,0.7778571428571429
mdr,https://www.mdr.de/nachrichten-leicht/leichte-sprache-sachsen-torgau-vermieter-fernwaerme-streit-100.html,149,0.6644295302013423,0.7678,235,0.40425531914893614,0.6583870967741935
mdr,https://www.mdr.de/nachrichten-leicht/leichte-sprache-sachsen-anhalt-angriff-polizist-100.html,131,0.6183206106870229,0.7382926829268293,90,0.6111111111111112,0.7195121951219512
mdr,https://www.mdr.de/nachrichten-leicht/leichte-sprache-thueringen-schleusingen-lindenschule-frist-unterricht-100.html,132,0.6893939393939394,0.8209638554216867,123,0.5203252032520326,0.7356756756756756
mdr,https://www.mdr.de/nachrichten-leicht/leichte-sprache-sachsen-gefluegelpest-vogelgrippe-100.html,292,0.5924657534246576,0.8598353909465021,127,0.5354330708661418,0.741025641025641
mdr,https://www.mdr.de/nachrichten-leicht/leichte-sprache-thueringen-weimar-foerderzentrum-fuer-sehbehinderte-bleibt-bestehen-100.html,516,0.4437984496124031,0.8010706638115632,164,0.4146341463414634,0.6789565217391305
mdr,https://www.mdr.de/nachrichten-leicht/leichte-sprache-mittel-deutschland-kultur-nachricht-dresden-erfurt-magdeburg-100.html,662,0.5181268882175226,0.8338662316476345,328,0.42073170731707316,0.7070967741935484
mdr,https://www.mdr.de/nachrichten-leicht/leichte-sprache-sachsen-anhalt-schlaitz-freizeitanlage-100.html,419,0.5202863961813843,0.8028648648648649,273,0.41025641025641024,0.7389285714285715
mdr,https://www.mdr.de/nachrichten-leicht/leichte-sprache-thueringen-plagiatsvorwurf-gegen-mario-voigt-mp-100.html,498,0.5160642570281124,0.772694877505568,179,0.4245810055865922,0.671076923076923
mdr,https://www.mdr.de/nachrichten-leicht/leichte-sprache-thueringen-weimar-gedenkstaette-buchenwald-widerstand-gegen-ki-fake-bilder-100.html,543,0.47697974217311234,0.8165587044534413,233,0.40772532188841204,0.7332608695652173
mdr,https://www.mdr.de/nachrichten-leicht/leichte-sprache-streik-dresden-nahverkehr-thueringen-verdi-100.html,214,0.5981308411214953,0.7984242424242425,135,0.5333333333333333,0.7269767441860465
mdr,https://www.mdr.de/nachrichten-leicht/leichte-sprache-sachsen-anhalt-harz-klinikum-zuschuss-kreistag-100.html,219,0.6073059360730594,0.7934117647058824,178,0.4606741573033708,0.7353488372093023
mdr,https://www.mdr.de/nachrichten-leicht/leichte-sprache-magdeburg-bahn-einschraenkungen-aufgehoben-brand-guterzug-100.html,206,0.6116504854368932,0.7778343949044586,103,0.6213592233009708,0.7474074074074074
mdr,https://www.mdr.de/nachrichten-leicht/leichte-sprache-sachsen-chemnitz-neues-kardiologisches-zentrum-eroeffnet-100.html,147,0.6870748299319728,0.8112244897959183,180,0.5055555555555555,0.7213740458015268
mdr,https://www.mdr.de/nachrichten-leicht/leichte-sprache-thueringen-gotha-saniert-bahnhof-100.html,190,0.6157894736842106,0.7802836879432624,126,0.5952380952380952,0.7654545454545454
mdr,https://www.mdr.de/nachrichten-leicht/leichte-sprache-pflege-azubis-vietnam-altenburg-100.html,341,0.5659824046920822,0.8015753424657535,224,0.4375,0.6873142857142858
mdr,https://www.mdr.de/nachrichten-leicht/leichte-sprache-kulturnachricht-alle-laender-100.html,662,0.5181268882175226,0.8338662316476345,358,0.41620111731843573,0.7304854368932039
mdr,https://www.mdr.de/nachrichten-leicht/leichte-sprache-sachsen-anhalt-thueringen-warnstreik-gew-lehrkraefte-schulen-100.html,106,0.7452830188679245,0.8157894736842105,109,0.6422018348623854,0.804
mdr,https://www.mdr.de/nachrichten-leicht/leichte-sprache-sachsen-leipzig-auenwald-baerlauch-polizei-kontrollen-100.html,116,0.6637931034482759,0.791641791044776,219,0.4383561643835616,0.6904705882352941
mdr,https://www.mdr.de/nachrichten-leicht/leichte-sprache-sachsen-leipzig-demos-linke-polizei-strafanzeigen-100.html,141,0.7163120567375887,0.8639130434782609,371,0.3719676549865229,0.6925465838509317
mdr,https://www.mdr.de/nachrichten-leicht/leichte-sprache-sachsen-insolvenz-crimmitschauer-wohnungsgesellschaft-100.html,113,0.6902654867256637,0.835,152,0.4868421052631579,0.6879611650485437
mdr,https://www.mdr.de/nachrichten-leicht/leichte-sprache-sachsen-anhalt-software-panne-weitet-sich-aus-100.html,998,0.40380761523046094,0.7999789251844046,192,0.4479166666666667,0.7179020979020979
mdr,https://www.mdr.de/nachrichten-leicht/leichte-sprache-thueringen-rennsteig-neue-schilder-100.html,144,0.6666666666666666,0.8183157894736841,85,0.6,0.7327777777777778
mdr,https://www.mdr.de/nachrichten-leicht/leichte-sprache-thueringen-sachsen-anhalt-luchs-im-harz-angesiedelt-100.html,129,0.6434108527131783,0.8074999999999999,138,0.5144927536231884,0.7004494382022473
mdr,https://www.mdr.de/nachrichten-leicht/leichte-sprache-sachsen-besucherrekord-buchmesse-leipzig-100.html,1047,0.47277936962750716,0.804308617234469,282,0.42907801418439717,0.7072103004291845
mdr,https://www.mdr.de/nachrichten-leicht/leichte-sprache-sachsen-anhalt-halle-zug-liegengeblieben-vier-stunden-100.html,133,0.6090225563909775,0.7749999999999999,108,0.5833333333333334,0.7566101694915255
mdr,https://www.mdr.de/nachrichten-leicht/leichte-sprache-thueringen-hoffmann-sport-vierschanzentournee-100.html,237,0.5569620253164557,0.7881914893617021,166,0.41566265060240964,0.6611965811965812
mdr,https://www.mdr.de/nachrichten-leicht/leichte-sprache-sachsen-sachsen-anhalt-geld-fuer-flughaefen-100.html,440,0.4954545454545455,0.7680306905370844,125,0.504,0.6663157894736842
mdr,https://www.mdr.de/nachrichten-leicht/leichte-sprache-sachsen-anhalt-harz-rodeln-loipen-geoeffnet-100.html,270,0.5444444444444444,0.7466968325791856,184,0.42934782608695654,0.7020740740740741
mdr,https://www.mdr.de/nachrichten-leicht/leichte-sprache-sachsen-anhalt-kunst-kultur-nashorn-kirche-magdeburg-100.html,709,0.42595204513399154,0.7762727272727273,122,0.5081967213114754,0.6723287671232876
mdr,https://www.mdr.de/nachrichten-leicht/leichte-sprache-sachsen-anhalt-fcm-mehr-sicherheit-nach-ausschreitungen-100.html,386,0.5777202072538861,0.8105044510385756,317,0.4195583596214511,0.7511940298507462
mdr,https://www.mdr.de/nachrichten-leicht/leichte-sprache-streik-mitteldeutschland-dvb-nahverkehr-100.html,466,0.5364806866952789,0.8376019184652278,126,0.5396825396825397,0.7477922077922078
mdr,https://www.mdr.de/nachrichten-leicht/leichte-sprache-sachsen-anhalt-fcm-strafe-nach-krawallen-100.html,161,0.6521739130434783,0.7860714285714285,108,0.6296296296296297,0.7725423728813559
mdr,https://www.mdr.de/nachrichten-leicht/leichte-sprache-dieselklau-boerde-zunahme-diesel-diebstahl-100.html,234,0.5470085470085471,0.7665945945945946,142,0.5422535211267606,0.7412903225806451
mdr,https://www.mdr.de/nachrichten-leicht/leichte-sprache-sachsen-buchmesse-leipzig-absage-krah-100.html,207,0.6570048309178744,0.8378481012658228,163,0.5030674846625767,0.723859649122807
mdr,https://www.mdr.de/nachrichten-leicht/leichte-sprache-thueringen-afd-will-voigt-stuerzen-100.html,97,0.711340206185567,0.7820833333333334,275,0.3781818181818182,0.7094690265486726
mdr,https://www.mdr.de/nachrichten-leicht/leichte-sprache-entschaedigung-magdeburg-opfer-anschlag-geld-bund-100.html,154,0.6298701298701299,0.7921904761904762,208,0.46153846153846156,0.7186163522012579
mdr,https://www.mdr.de/nachrichten-leicht/leichte-sprache-thueringen-postauto-unter-zug-geraten-100.html,95,0.7052631578947368,0.788695652173913,134,0.5149253731343284,0.6774117647058824
mdr,https://www.mdr.de/nachrichten-leicht/leichte-sprache-sachsen-chemnitz-marx-denkmal-nischel-sanierung-100.html,224,0.6026785714285714,0.8161142857142857,176,0.5397727272727273,0.7749606299212598
mdr,https://www.mdr.de/nachrichten-leicht/leichte-sprache-sachsen-schneeberg-abrafaxe-comic-erzgebirge-100.html,426,0.5469483568075117,0.7735278514588859,192,0.4427083333333333,0.6966433566433566
mdr,https://www.mdr.de/nachrichten-leicht/leichte-sprache-sachsen-anhalt-sicherheit-bahnverkehr-zuege-100.html,205,0.6,0.7962820512820513,161,0.515527950310559,0.7553571428571428
mdr,https://www.mdr.de/nachrichten-leicht/leichte-sprache-sachsen-strassenbahn-plauen-100.html,326,0.549079754601227,0.8530685920577618,110,0.5545454545454546,0.6934426229508196
mdr,https://www.mdr.de/nachrichten-leicht/leichte-sprache-mittel-deutschland-streik-im-nahverkehr-100.html,960,0.45,0.8148627881448958,187,0.44919786096256686,0.6259420289855072
mdr,https://www.mdr.de/nachrichten-leicht/leichte-sprache-sachsen-anhalt-quedlinburg-feininger-museum-ausstellung-blaue-vier-100.html,590,0.43559322033898307,0.7885397412199631,175,0.4857142857142857,0.6888888888888889
mdr,https://www.mdr.de/nachrichten-leicht/leichte-sprache-schamanin-bad-duerrenberg-boerde-kopfschmuck-100.html,82,0.7682926829268293,0.8412121212121213,300,0.36333333333333334,0.6531474103585657
mdr,https://www.mdr.de/nachrichten-leicht/leichte-sprache-sachsen-anhalt-magdeburg-anschlag-prozesstag-fuenfzehn-100.html,1093,0.4062214089661482,0.7821072796934866,254,0.4094488188976378,0.6532682926829267
mdr,https://www.mdr.de/nachrichten-leicht/leichte-sprache-sachsen-filmfest-dresden-100.html,399,0.5463659147869674,0.8316,171,0.5263157894736842,0.7257377049180327
mdr,https://www.mdr.de/nachrichten-leicht/leichte-sprache-kultur-meissen-heimkehle-albrechtsburg-altenburg-100.html,662,0.5181268882175226,0.8338662316476345,275,0.4218181818181818,0.7292920353982301
mdr,https://www.mdr.de/nachrichten-leicht/leichte-sprache-sachsen-delitzsch-verseuchtes-grundwasser-100.html,242,0.5743801652892562,0.7861139896373057,126,0.5317460317460317,0.717922077922078
mdr,https://www.mdr.de/nachrichten-leicht/leichte-sprache-sport-fussball-magdeburg-dresden-ausschreitungen-100.html,599,0.5175292153589316,0.8300727272727273,119,0.5378151260504201,0.6848571428571428
mdr,https://www.mdr.de/nachrichten-leicht/leichte-sprache-sachsen-dresden-festspielhaus-hellerau-theaterpreis-des-bundes-100.html,468,0.4337606837606838,0.769928400954654,130,0.5692307692307692,0.7933333333333334
mdr,https://www.mdr.de/nachrichten-leicht/leichte-sprache-thueringen-neonazi-attacke-auf-journalisten-100.html,295,0.47796610169491527,0.7978861788617886,125,0.496,0.7168421052631578
mdr,https://www.mdr.de/nachrichten-leicht/leichte-sprache-sachsen-anhalt-sirene-halle-alarm-cyper-attacke-100.html,210,0.6047619047619047,0.8078260869565218,138,0.5289855072463768,0.6707865168539326
mdr,https://www.mdr.de/nachrichten-leicht/leichte-sprache-thueringen-erfurt-rot-weiss-insolvenz-rwe-100.html,316,0.5854430379746836,0.8012734082397004,107,0.514018691588785,0.7258620689655173
mdr,https://www.mdr.de/nachrichten-leicht/leichte-sprache-torgau-sachsen-tafel-oeffnung-lebensmittel-wasserschaden-100.html,106,0.6792452830188679,0.767719298245614,108,0.49074074074074076,0.664406779661017
mdr,https://www.mdr.de/nachrichten-leicht/leichte-sprache-sachsen-anhalt-stuendliche-bahnverbindung-nach-berlin-100.html,196,0.6479591836734694,0.8382312925170068,119,0.5294117647058824,0.6917142857142857
mdr,https://www.mdr.de/nachrichten-leicht/leichte-sprache-kulturnachricht-quedlinburg-hainich-mulderadweg-100.html,662,0.5181268882175226,0.8338662316476345,254,0.4881889763779528,0.7441951219512195
mdr,https://www.mdr.de/nachrichten-leicht/leichte-sprache-sachsen-anhalt-wernigerode-stolpersteine-100.html,434,0.511520737327189,0.7825454545454547,398,0.3417085427135678,0.6722636103151862
mdr,https://www.mdr.de/nachrichten-leicht/leichte-sprache-sachsen-rechenschwaeche-mathematik-beschluss-100.html,176,0.6420454545454546,0.8321259842519686,440,0.3386363636363636,0.6952941176470588
mdr,https://www.mdr.de/nachrichten-leicht/leichte-sprache-sachsen-polizei-computer-problem-100.html,713,0.5035063113604488,0.8198795180722891,348,0.3563218390804598,0.7120401337792642
mdr,https://www.mdr.de/nachrichten-leicht/leichte-sprache-sachsen-moegliche-evakuierung-dresden-bombenfund-carolabruecke-100.html,280,0.5035714285714286,0.7761904761904762,251,0.4063745019920319,0.7286138613861386
mdr,https://www.mdr.de/nachrichten-leicht/leichte-sprache-sachsen-quattro-polizei-auf-hbf-leipzig-100.html,165,0.6121212121212121,0.7718965517241378,119,0.5378151260504201,0.7448571428571429
mdr,https://www.mdr.de/nachrichten-leicht/leichte-sprache-thueringen-erfurter-schueler-erinnern-an-ns-opfer-100.html,708,0.4124293785310734,0.7845220030349014,378,0.3941798941798942,0.7212765957446808
mdr,https://www.mdr.de/nachrichten-leicht/leichte-sprache-sachsen-dresden-filmfest-keine-barrierefreien-angebote-100.html,399,0.5463659147869674,0.8316,182,0.4835164835164835,0.7076691729323309
mdr,https://www.mdr.de/nachrichten-leicht/leichte-sprache-sachsen-laussnitzer-heide-huegelgraeber-entdeckt-100.html,117,0.6410256410256411,0.7976470588235295,136,0.5808823529411765,0.8020689655172414
mdr,https://www.mdr.de/nachrichten-leicht/leichte-sprache-sachsen-anhalt-magdeburg-prozess-taleb-a-anschlag-fachliche-eignung-zweifel-100.html,163,0.6319018404907976,0.8142105263157894,136,0.5147058823529411,0.7075862068965517
mdr,https://www.mdr.de/nachrichten-leicht/leichte-sprache-sachsen-vw-zwickau-recycling-100.html,539,0.5176252319109462,0.8337551020408164,300,0.3933333333333333,0.7235856573705179
mdr,https://www.mdr.de/nachrichten-leicht/leichte-sprache-sachsen-fussball-dresden-herta-ausschreitungen-krawall-schuster-konsequenzen-100.html,567,0.5061728395061729,0.8044787644787645,124,0.6048387096774194,0.7992
mdr,https://www.mdr.de/nachrichten-leicht/leichte-sprache-sachsen-leipzig-strassenbahn-entgleist-100.html,115,0.7043478260869566,0.7945454545454546,118,0.5338983050847458,0.7028985507246377
mdr,https://www.mdr.de/nachrichten-leicht/leichte-sprache-thueringen-sondervermoegen-des-bundes-infrastruktur-100.html,584,0.4486301369863014,0.7955514018691588,258,0.3643410852713178,0.6879425837320574
mdr,https://www.mdr.de/nachrichten-leicht/leichte-sprache-sachsen-anhalt-tierpark-thale-baeren-winterschlaf-fruehling-100.html,148,0.6418918918918919,0.7997979797979797,82,0.6097560975609756,0.6909090909090909
mdr,https://www.mdr.de/nachrichten-leicht/leichte-sprache-mitteldeutschland-heizkosten-steigerung-fernwaerme-100.html,414,0.42028985507246375,0.7670136986301369,249,0.3493975903614458,0.6388
mdr,https://www.mdr.de/nachrichten-leicht/leichte-sprache-sachsen-anhalt-bernburg-polizeimunition-taucht-wieder-auf-100.html,150,0.66,0.7732673267326732,120,0.5166666666666667,0.6050704225352113
mdr,https://www.mdr.de/nachrichten-leicht/leichte-sprache-sachsen-anhalt-leuna-drei-erweiterung-chemiepark-foerdung-100.html,294,0.608843537414966,0.8134693877551021,85,0.5647058823529412,0.6111111111111112
mdr,https://www.mdr.de/nachrichten-leicht/leichte-sprache-kultur-ausfluege-am-wochenende-100.html,662,0.5181268882175226,0.8338662316476345,251,0.5737051792828686,0.7579207920792079
mdr,https://www.mdr.de/nachrichten-leicht/leichte-sprache-sachsen-anhalt-kommunen-planen-fruehjahrsputz-100.html,232,0.5732758620689655,0.7954098360655738,115,0.48695652173913045,0.6684848484848485
mdr,https://www.mdr.de/nachrichten-leicht/leichte-sprache-sachsen-akkuzuege-zwischen-leipzig-und-chemnitz-100.html,210,0.6142857142857143,0.8088198757763975,99,0.5353535353535354,0.652
mdr,https://www.mdr.de/nachrichten-leicht/leichte-sprache-sachsen-drogen-in-spaetis-in-leipzig-100.html,933,0.4008574490889603,0.7897737556561085,161,0.4968944099378882,0.7517857142857143
mdr,https://www.mdr.de/nachrichten-leicht/leichte-sprache-sachsen-satelittenmission-weltraum-100.html,135,0.674074074074074,0.8516279069767442,191,0.39790575916230364,0.6488732394366197
mdr,https://www.mdr.de/nachrichten-leicht/leichte-sprache-sachsen-anhalt-vetternwirtschaft-afd-kein-sonderparteitag-100.html,135,0.7111111111111111,0.856046511627907,434,0.30184331797235026,0.6821818181818181
mdr,https://www.mdr.de/nachrichten-leicht/leichte-sprache-buchmesse-leipzig-eroeffnung-festakt-100.html,587,0.454855195911414,0.792007434944238,420,0.36904761904761907,0.6943935309973046
mdr,https://www.mdr.de/nachrichten-leicht/leichte-sprache-sachsen-barrierefreie-xxl-rolltreppe-leipzig-100.html,219,0.54337899543379,0.7322352941176471,260,0.4269230769230769,0.6902369668246445
mdr,https://www.mdr.de/nachrichten-leicht/leichte-sprache-sachsen-haushaltsluecke-bildungsticket-preiserhoehung-100.html,512,0.52734375,0.8035421166306695,193,0.41968911917098445,0.6802777777777778
mdr,https://www.mdr.de/nachrichten-leicht/leichte-sprache-thueringen-moschee-in-erfurt-eroeffnet-100.html,266,0.6390977443609023,0.8058064516129032,250,0.38,0.6534328358208955
mdr,https://www.mdr.de/nachrichten-leicht/leichte-sprache-sachsen-warnstreik-oepnv-100.html,292,0.5924657534246576,0.8051851851851852,252,0.42063492063492064,0.7088669950738916
mdr,https://www.mdr.de/nachrichten-leicht/leichte-sprache-thuerinen-fuenf-autos-ausgebrannt-100.html,77,0.7662337662337663,0.8285714285714285,82,0.6707317073170732,0.806060606060606
mdr,https://www.mdr.de/nachrichten-leicht/leichte-sprache-thueringen-goldmedaille-langenhan-100.html,196,0.6989795918367347,0.8118367346938776,377,0.3819628647214854,0.7021951219512195
mdr,https://www.mdr.de/nachrichten-leicht/leichte-sprache-sachsen-anhalt-ice-oberleitung-100.html,194,0.6237113402061856,0.7809655172413793,128,0.5390625,0.7207594936708861
mdr,https://www.mdr.de/nachrichten-leicht/leichte-sprache-thueringen-gedenkfeier-buchenwald-100.html,959,0.45881126173096975,0.7896483516483517,601,0.28618968386023297,0.6756521739130434
mdr,https://www.mdr.de/nachrichten-leicht/leichte-sprache-mittel-deutschland-tarif-abschluss-oeffentlicher-dienst-100.html,429,0.5291375291375291,0.7954736842105262,207,0.3961352657004831,0.6835443037974683
mdr,https://www.mdr.de/nachrichten-leicht/leichte-sprache-sachsen-tod-pflegeheim-100.html,111,0.6666666666666666,0.8012903225806451,136,0.47058823529411764,0.6487356321839081
mdr,https://www.mdr.de/nachrichten-leicht/leichte-sprache-sachsen-frauen-sexualisierte-gewalt-schutz-100.html,536,0.5522388059701493,0.8440246406570843,276,0.4528985507246377,0.7037885462555066
mdr,https://www.mdr.de/nachrichten-leicht/leichte-sprache-zeulenroda-grossbrand-feuerwehr-thueringen-deponie-100.html,228,0.6052631578947368,0.8022346368715083,99,0.6262626262626263,0.7536
mdr,https://www.mdr.de/nachrichten-leicht/leichte-sprache-sachsen-ddr-zug-testfahrt-svt-goerlitz-100.html,215,0.6372093023255814,0.8124096385542168,104,0.5865384615384616,0.7287272727272727
mdr,https://www.mdr.de/nachrichten-leicht/leichte-sprache-sachsen-saalekreis-anhalt-querfurt-sirene-heulen-falsch-100.html,457,0.5339168490153173,0.8057843137254902,145,0.42758620689655175,0.6345833333333334
mdr,https://www.mdr.de/nachrichten-leicht/leichte-sprache-dresden-polizei-gedenken-sicherheitszone-nationalsozialismus-100.html,346,0.5895953757225434,0.8135353535353536,349,0.35816618911174786,0.6921333333333333
mdr,https://www.mdr.de/nachrichten-leicht/leichte-sprache-thueringen-volleyball-vfb-suhl-pokalsieg-gegen-mtv-mannheim-100.html,351,0.5641025641025641,0.8093377483443708,116,0.5,0.6540298507462686
mdr,https://www.mdr.de/nachrichten-leicht/leichte-sprache-thueringen-greiz-betrug-ehepaar-verliert-hohe-geldsumme-100.html,119,0.6554621848739496,0.78,201,0.46766169154228854,0.6935526315789474
mdr,https://www.mdr.de/nachrichten-leicht/leichte-sprache-sachsen-anhalt-haushalt-software-fehler-landesfinanzen-100.html,578,0.49480968858131485,0.8126275992438563,303,0.38613861386138615,0.742992125984252
mdr,https://www.mdr.de/nachrichten-leicht/leichte-sprache-sachsen-anhalt-thueringen-was-machen-an-ostern-100.html,335,0.5970149253731343,0.7886013986013986,428,0.40186915887850466,0.71155672823219
mdr,https://www.mdr.de/nachrichten-leicht/leichte-sprache-thueringen-weissensee-runneburg-brand-feuer-100.html,209,0.5980861244019139,0.7811250000000001,132,0.44696969696969696,0.5997590361445784
mdr,https://www.mdr.de/nachrichten-leicht/leichte-sprache-thueringen-erfurt-nach-brand-einsturzgefahr-100.html,255,0.5803921568627451,0.8042718446601942,145,0.47586206896551725,0.7014583333333334
mdr,https://www.mdr.de/nachrichten-leicht/leichte-sprache-sachsen-anhalt-ausgrabungen-in-weissenfels-100.html,90,0.7444444444444445,0.8117073170731708,105,0.638095238095238,0.8003571428571429
mdr,https://www.mdr.de/nachrichten-leicht/leichte-sprache-sachsen-anhalt-einfuehrung-e-akte-verschoben-100.html,451,0.44789356984478934,0.7684079601990049,203,0.4039408866995074,0.6527272727272727
mdr,https://www.mdr.de/nachrichten-leicht/leichte-sprache-sachsen-online-erpressung-nacktbilder-100.html,492,0.5264227642276422,0.8087133182844244,376,0.34574468085106386,0.6651987767584098
mdr,https://www.mdr.de/nachrichten-leicht/leichte-sprache-sachsen-bildungsurlaub-arbeitnehmer-qualifikation-100.html,565,0.5026548672566372,0.8291472868217054,403,0.3349875930521092,0.6672881355932203
mdr,https://www.mdr.de/nachrichten-leicht/leichte-sprache-sachsen-anhalt-streik-oepnv-blk-100.html,279,0.5913978494623656,0.7959130434782609,166,0.5060240963855421,0.7075213675213675
mdr,https://www.mdr.de/nachrichten-leicht/leichte-sprache-sachsen-anhalt-groebener-see-unfall-toter-eise-feuerwehr-warnung-100.html,224,0.6071428571428571,0.8284571428571428,151,0.41721854304635764,0.6603921568627451
mdr,https://www.mdr.de/nachrichten-leicht/leichte-sprache-sachsen-anhalt-fsme-risiko-100.html,182,0.5769230769230769,0.7903759398496241,160,0.44375,0.6836036036036036
mdr,https://www.mdr.de/nachrichten-leicht/leichte-sprache-dresden-prozess-saechsiche-separatisten-hauptverhandlung-100.html,479,0.5281837160751566,0.8064186046511628,247,0.4493927125506073,0.6970707070707072
mdr,https://www.mdr.de/nachrichten-leicht/leichte-sprache-sachsen-chemnitz-kongresshotel-kuendigt-100.html,168,0.5773809523809523,0.7658823529411765,125,0.512,0.6728947368421053
mdr,https://www.mdr.de/nachrichten-leicht/leichte-sprache-thueringen-erfurt-brand-verbot-von-feuerwerk-100.html,241,0.6431535269709544,0.8313541666666667,104,0.6153846153846154,0.7461818181818182
mdr,https://www.mdr.de/nachrichten-leicht/leichte-sprache-streik-sachsen-anhalt-busse-bahnen-100.html,516,0.5406976744186046,0.8284368308351178,154,0.474025974025974,0.6619047619047619
mdr,https://www.mdr.de/nachrichten-leicht/leichte-sprache-thueringen-regionalliga-auftakt-faellt-wegen-wetter-aus-100.html,189,0.6190476190476191,0.7814285714285715,139,0.5179856115107914,0.7135555555555555
mdr,https://www.mdr.de/nachrichten-leicht/leichte-sprache-mitteldeutschland-sprit-preise-steigen-wegen-krieg-im-nahen-osten-102.html,609,0.4909688013136289,0.7966785714285715,353,0.3881019830028329,0.72
mdr,https://www.mdr.de/nachrichten-leicht/leichte-sprache-sachsen-erstes-inklusions-theater-in-dresden-100.html,611,0.46808510638297873,0.8290747330960854,99,0.5151515151515151,0.6779999999999999
mdr,https://www.mdr.de/nachrichten-leicht/leichte-sprache-sachsen-anhalt-neue-s-bahn-flotte-100.html,71,0.7464788732394366,0.7945454545454546,120,0.525,0.6977464788732394
mdr,https://www.mdr.de/nachrichten-leicht/leichte-sprache-mitteldeutschland-polarlichter-100.html,317,0.5899053627760252,0.803134328358209,114,0.5263157894736842,0.700923076923077
mdr,https://www.mdr.de/nachrichten-leicht/leichte-sprache-magdeburg-gedenken-bomben-weltkrieg-100.html,522,0.41379310344827586,0.7895560253699788,279,0.44086021505376344,0.7235652173913043
mdr,https://www.mdr.de/nachrichten-leicht/leichte-sprache-sachsen-anhalt-haseloff-schulze-ministerpraesident-wahl-januar-100.html,369,0.5176151761517616,0.7765625,233,0.41201716738197425,0.7256521739130435
mdr,https://www.mdr.de/nachrichten-leicht/leichte-sprache-sachsen-handy-verbot-an-grundschulen-100.html,520,0.4673076923076923,0.8073460721868365,123,0.5203252032520326,0.7245945945945945
mdr,https://www.mdr.de/nachrichten-leicht/leichte-sprache-mitteldeutschland-waffen-verteidigung-ruestungsmilliarden-100.html,723,0.5186721991701245,0.815786350148368,257,0.40077821011673154,0.7118269230769231
mdr,https://www.mdr.de/nachrichten-leicht/leichte-sprache-thueringen-warn-streik-bus-bahn-verdi-100.html,753,0.4767596281540505,0.8098295454545454,164,0.5121951219512195,0.7158260869565217
mdr,https://www.mdr.de/nachrichten-leicht/leichte-sprache-mittel-deutschland-glatteis-unfaelle-gehweg-streupflicht-100.html,570,0.48771929824561405,0.8183877159309021,146,0.5,0.7371134020618557
mdr,https://www.mdr.de/nachrichten-leicht/leichte-sprache-thueringen-naturschutz-gebiet-100.html,190,0.5894736842105263,0.7763120567375887,97,0.5567010309278351,0.685
mdr,https://www.mdr.de/nachrichten-leicht/leichte-sprache-vonovia-prozess-amtsgericht-dresden-mieterverein-klagewelle-100.html,404,0.4628712871287129,0.7592676056338029,170,0.4176470588235294,0.7173553719008264
mdr,https://www.mdr.de/nachrichten-leicht/leichte-sprache-sachsen-verhinderter-raub-in-dresden-100.html,225,0.5955555555555555,0.7938636363636363,241,0.43568464730290457,0.6988541666666667
mdr,https://www.mdr.de/nachrichten-leicht/leichte-sprache-chemnitz-congress-hotel-schliesst-ngg-100.html,419,0.45346062052505964,0.7882702702702703,145,0.4827586206896552,0.6954166666666667
mdr,https://www.mdr.de/nachrichten-leicht/leichte-sprache-kulturnachricht-106.html,662,0.5181268882175226,0.8338662316476345,356,0.4157303370786517,0.7229315960912052
mdr,https://www.mdr.de/nachrichten-leicht/leichte-sprache-sachsen-anhalt-armutsgefaehrdung-quote-berechnung-100.html,237,0.569620253164557,0.7838297872340426,394,0.33248730964467005,0.6971014492753623
mdr,https://www.mdr.de/nachrichten-leicht/leichte-sprache-lufthansa-streik-dresden-leipzig-passagiere-flughafen-100.html,323,0.5510835913312694,0.7991970802919708,127,0.5275590551181102,0.6874358974358974
mdr,https://www.mdr.de/nachrichten-leicht/leichte-sprache-sachsen-anhalt-hfc-teambus-angezuendet-100.html,79,0.6835443037974683,0.7293333333333333,114,0.5,0.6421538461538462
mdr,https://www.mdr.de/nachrichten-leicht/leichte-sprache-mitteldeutschland-razzia-menschenhandel-100.html,204,0.6078431372549019,0.7818064516129032,256,0.41015625,0.6756521739130436
mdr,https://www.mdr.de/nachrichten-leicht/leichte-sprache-haseloff-neuwahl-sven-schulze-100.html,152,0.6513157894736842,0.7996116504854369,188,0.4574468085106383,0.6945323741007194
mdr,https://www.mdr.de/nachrichten-leicht/leichte-sprache-mitteldeutschland-buecher-leichte-sprache-inklusion-100.html,584,0.4606164383561644,0.8081121495327103,379,0.32717678100263853,0.7047272727272728
mdr,https://www.mdr.de/nachrichten-leicht/leichte-sprache-sachsen-anhalt-stendal-ns-verbrechen-ausstellung-schueler-100.html,623,0.46869983948635635,0.8436585365853658,124,0.5564516129032258,0.6976
mdr,https://www.mdr.de/nachrichten-leicht/leichte-sprache-sachsen-anhalt-industrieansiedlung-zorbau-100.html,262,0.5458015267175572,0.7616901408450705,175,0.44571428571428573,0.6811111111111112
mdr,https://www.mdr.de/nachrichten-leicht/leichte-sprache-thueringen-mittelbau-dora-gedenken-100.html,283,0.5795053003533569,0.8062393162393162,403,0.36476426799007444,0.6845197740112994
mdr,https://www.mdr.de/nachrichten-leicht/leichte-sprache-mittel-deutschland-schnee-glaette-wintereinbruch-verkehr-100.html,314,0.589171974522293,0.8104150943396226,256,0.3359375,0.6586473429951691
mdr,https://www.mdr.de/nachrichten-leicht/leichte-sprache-sachsen-anhalt-sozialreform-grad-der-behinderung-100.html,193,0.7098445595854922,0.8225,351,0.3817663817663818,0.6942384105960265
mdr,https://www.mdr.de/nachrichten-leicht/leichte-sprache-halle-roemisches-lager-aken-trabitz-100.html,500,0.48,0.819379157427938,177,0.5423728813559322,0.7390625
mdr,https://www.mdr.de/nachrichten-leicht/leichte-sprache-sachsen-waldbraende-ostern-lilienstein-niesky-100.html,257,0.5447470817120622,0.7539423076923076,204,0.45098039215686275,0.7166451612903225
mdr,https://www.mdr.de/nachrichten-leicht/leichte-sprache-mittel-deutschland-sommer-flugplan-100.html,199,0.7035175879396985,0.9269333333333333,186,0.3602150537634409,0.6021897810218978
mdr,https://www.mdr.de/nachrichten-leicht/leichte-sprache-thueringen-fussball-jena-lok-100.html,329,0.6474164133738601,0.8735714285714286,214,0.3598130841121495,0.646060606060606
mdr,https://www.mdr.de/nachrichten-leicht/leichte-sprache-thueringen-neues-wolfspaar-100.html,151,0.695364238410596,0.8439215686274509,126,0.5714285714285714,0.7548051948051948
mdr,https://www.mdr.de/nachrichten-leicht/leichte-sprache-sachsen-naunhof-buergerentscheid-windkraft-abstimmung-100.html,322,0.5217391304347826,0.7627106227106227,92,0.5108695652173914,0.6813953488372093
mdr,https://www.mdr.de/nachrichten-leicht/leichte-sprache-thueringen-muellkippenbrand-100.html,228,0.6052631578947368,0.8022346368715083,225,0.43555555555555553,0.68875
mdr,https://www.mdr.de/nachrichten-leicht/leichte-sprache-sachsen-anhalt-magdeburg-fcm-dynamo-dresden-ausschreitungen-polizei-ermittlungen-100.html,599,0.5175292153589316,0.8300727272727273,199,0.507537688442211,0.7184
mdr,https://www.mdr.de/nachrichten-leicht/leichte-sprache-mitteldeutschland-schnee-unfaelle-100.html,306,0.48366013071895425,0.7578988326848249,322,0.34782608695652173,0.6778754578754579
mdr,https://www.mdr.de/nachrichten-leicht/leichte-sprache-wildkatzen-thueringen-rhoen-hauskatze-naturschuetzer-100.html,336,0.5803571428571429,0.826829268292683,125,0.56,0.6989473684210527
mdr,https://www.mdr.de/nachrichten-leicht/leichte-sprache-sachsen-scheibe-see-hoyerswerda-mole-100.html,133,0.6090225563909775,0.7488095238095238,176,0.42045454545454547,0.6612598425196851
mdr,https://www.mdr.de/nachrichten-leicht/leichte-sprache-sport-thueringen-sachsen-skispringen-hoffmann-freitag-100.html,191,0.675392670157068,0.8484507042253522,234,0.452991452991453,0.6823783783783783
mdr,https://www.mdr.de/nachrichten-leicht/leichte-sprache-sachsen-anhalt-zerbst-klinik-in-kommunaler-hand-100.html,191,0.643979057591623,0.8323943661971831,333,0.3333333333333333,0.688943661971831
mdr,https://www.mdr.de/nachrichten-leicht/leichte-sprache-sachsen-dresden-csd-als-strassenfest-100.html,301,0.6179401993355482,0.8192063492063492,344,0.40988372093023256,0.7008813559322034
mdr,https://www.mdr.de/nachrichten-leicht/leichte-sprache-sachsen-warnstreik-schulen-100.html,317,0.583596214511041,0.7655223880597015,147,0.4965986394557823,0.6787755102040816
mdr,https://www.mdr.de/nachrichten-leicht/leichte-sprache-sachsen-anhalt-kirche-gegen-afd-100.html,636,0.41352201257861637,0.7657580919931857,187,0.43315508021390375,0.6711594202898551
mdr,https://www.mdr.de/nachrichten-leicht/leichte-sprache-thueringen-erfurt-strassenbahn-sperrung-anger-100.html,210,0.5952380952380952,0.7633540372670807,101,0.5841584158415841,0.7376923076923076
sozialpolitik,https://www.sozialpolitik.com/es/translate-to-leichte-sprache-arbeitslosigkeit-und-arbeitslosenversicherung,1237,0.4082457558609539,0.8113131313131313,432,0.40046296296296297,0.7312271540469973
sozialpolitik,https://www.sozialpolitik.com/es/digitalisierung,921,0.46905537459283386,0.8282339449541285,185,0.5621621621621622,0.7963235294117647
sozialpolitik,https://www.sozialpolitik.com/es/kein-geld-zum-leben,1222,0.39279869067103107,0.7626257459505541,580,0.41206896551724137,0.6991337099811676
sozialpolitik,https://www.sozialpolitik.com/es/soziale-gerechtigkeit,805,0.453416149068323,0.802063492063492,251,0.41832669322709165,0.6625742574257426
sozialpolitik,https://www.sozialpolitik.com/es/die-europaeische-union,540,0.5518518518518518,0.7881466395112017,325,0.5138461538461538,0.7888405797101449
sozialpolitik,https://www.sozialpolitik.com/es/recht-auf-soziale-entschaedigung,373,0.5522788203753352,0.7944444444444444,130,0.49230769230769234,0.6580246913580247
sozialpolitik,https://www.sozialpolitik.com/es/sozial-versicherung-im-alter,670,0.5238805970149254,0.8215780998389693,279,0.3942652329749104,0.6915652173913044
sozialpolitik,https://www.sozialpolitik.com/es/ausbildung-und-studium,300,0.6466666666666666,0.8607171314741036,222,0.5495495495495496,0.738150289017341
sozialpolitik,https://www.sozialpolitik.com/es/der-berufs-einstieg,784,0.4897959183673469,0.805578231292517,318,0.4339622641509434,0.7113754646840149
sozialpolitik,https://www.sozialpolitik.com/es/rechte-und-pflichten-fuer-die-arbeit,907,0.4619625137816979,0.7990209790209789,379,0.3562005277044855,0.6706666666666666
sozialpolitik,https://www.sozialpolitik.com/es/die-arbeits-welt,551,0.5372050816696915,0.8272509960159362,265,0.4981132075471698,0.7560185185185185
sozialpolitik,https://www.sozialpolitik.com/es/leben-im-sozial-staat,1018,0.393909626719057,0.770092879256966,632,0.2911392405063291,0.6647684391080617
sozialpolitik,https://www.sozialpolitik.com/es/leben-und-arbeiten-mit-behinderung,1124,0.4234875444839858,0.8088000000000001,591,0.3147208121827411,0.6764944649446495
sozialpolitik,https://www.sozialpolitik.com/es/das-recht-auf-mit-bestimmung,863,0.46349942062572425,0.7762899262899262,323,0.4055727554179567,0.7021897810218979
taz,https://taz.de/Leichte-Sprache/!5590875/,363,0.5509641873278237,0.8264968152866241,402,0.41044776119402987,0.7245892351274787
taz,https://taz.de/Leichte-Sprache/!5597599/,2005,0.36608478802992517,0.8374335378323108,365,0.4657534246575342,0.7586708860759493
taz,https://taz.de/Leichte-Sprache/!5617312/,631,0.5007923930269413,0.8130240549828179,496,0.39919354838709675,0.7178076062639821
taz,https://taz.de/Leichte-Sprache/!5621822/,1768,0.3993212669683258,0.8021291448516579,592,0.3885135135135135,0.7398895027624309
taz,https://taz.de/Leichte-Sprache/!5585793/,1580,0.3588607594936709,0.7985891574134554,497,0.39235412474849096,0.7721428571428571
hannover,https://www.hannover.de/Leichte-Sprache/Nachrichten-und-Veranstaltungen/Nachrichten/Info∙bus-an-Schulen-Informationen-zur-Impfung-gegen-das-HPV-Virus,531,0.5065913370998116,0.7812448132780083,715,0.27972027972027974,0.672912912912913
hannover,https://www.hannover.de/Leichte-Sprache/Nachrichten-und-Veranstaltungen/Veranstaltungen/Die-Finals-2026-in-Hannover,350,0.3742857142857143,0.6587375415282392,187,0.46524064171123,0.6915942028985507
hannover,https://www.hannover.de/Leichte-Sprache/Nachrichten-und-Veranstaltungen/Nachrichten/Neue-Park∙zonen-für-Bewohner-in-der-Stadt-Hannover,263,0.5513307984790875,0.7637383177570093,657,0.2313546423135464,0.6528289473684211
hannover,https://www.hannover.de/Leichte-Sprache/Nachrichten-und-Veranstaltungen/Nachrichten/ÜSTRA-easy-Neue-Fahr·karten-App-für-Busse-und-Bahnen,1668,0.35611510791366907,0.7611488573193329,1715,0.18075801749271136,0.6060384153661464
hannover,https://www.hannover.de/Leichte-Sprache/Nachrichten-und-Veranstaltungen/Nachrichten/Behinderten∙sportlerin-2026,492,0.5467479674796748,0.82,160,0.4625,0.6365765765765765
hannover,https://www.hannover.de/Leichte-Sprache/Nachrichten-und-Veranstaltungen/Veranstaltungen/Messe-in-Hannover-Inklusion-2026,262,0.5954198473282443,0.8217840375586855,433,0.3210161662817552,0.6690104166666666
hannover,https://www.hannover.de/Leichte-Sprache/Hilfe-und-Tipps/Ideen-und-Beschwerden-an-das-Bürger∙büro-schicken,290,0.5344827586206896,0.7774273858921161,280,0.36428571428571427,0.6785281385281385
hannover,https://www.hannover.de/Leichte-Sprache/Hilfe-und-Tipps/Notfall/Busse-und-Bahnen-Was-mache-ich-bei-einem-Notfall,437,0.4874141876430206,0.7695360824742268,675,0.24296296296296296,0.6368690095846645
hannover,https://www.hannover.de/Leichte-Sprache/Hilfe-und-Tipps/Notfälle-und-Katastrophen-Hilfe-und-Tipps/Verhalten-bei-extremem-Wetter/Stark∙regen-in-der-Region-Hannover-Karte-mit-Hinweisen-und-Informationen,107,0.6355140186915887,0.8200000000000001,788,0.21065989847715735,0.6799999999999999
hannover,https://www.hannover.de/Leichte-Sprache/Erklärung-zum-Daten∙schutz-in-Leichter-Sprache,6837,0.22012578616352202,0.771879787860931,1172,0.2295221843003413,0.6690471950133571
hannover,https://www.hannover.de/Leichte-Sprache/Erklärung-zur-Barriere∙freiheit-in-Leichter-Sprache,544,0.5,0.7761212121212121,1151,0.21285838401390095,0.6511433756805808
hannover,https://www.hannover.de/Leichte-Sprache/Netiquette-Regeln-für-gutes-Verhalten-im-Internet,98,0.7959183673469388,0.8738775510204082,488,0.26434426229508196,0.5949430523917996
hannover,https://www.hannover.de/Leichte-Sprache/Hilfe-und-Tipps/Wie-benutze-ich-Hannover.de-in-Leichter-Sprache/Warum-gibt-es-Leichte-Sprache-auf-Hannover.de,280,0.4357142857142857,0.7067532467532467,322,0.32298136645962733,0.6495970695970696
hannover,https://www.hannover.de/Leichte-Sprache/Hilfe-und-Tipps/Wie-benutze-ich-Hannover.de-in-Leichter-Sprache/Wie-benutze-ich-Hannover.de,1621,0.3053670573719926,0.737735368956743,1743,0.17498565691336776,0.6355726092089728
hannover,https://www.hannover.de/Leichte-Sprache/Hannover-und-Region/Die-Landschaft-von-der-Region-Hannover,143,0.5944055944055944,0.7093617021276597,248,0.3951612903225806,0.5908542713567839
hannover,https://www.hannover.de/Leichte-Sprache/Hannover-und-Region/Die-Verwaltung-von-der-Region-Hannover,138,0.6304347826086957,0.7285393258426967,613,0.3132137030995106,0.6290780141843972
hannover,https://www.hannover.de/Leichte-Sprache/Hannover-und-Region/Sylvia-Thiel-Beauftragte-für-Menschen-mit-Behinderung-von-der-Region-Hannover,479,0.44676409185803756,0.7409302325581396,308,0.3474025974025974,0.6291119691119691
hannover,https://www.hannover.de/Leichte-Sprache/Hannover-und-Region/Andreas-Mangelsdorf-Beauftragter-für-Menschen-mit-Behinderung-von-der-Landes･haupt･stadt-Hannover,436,0.4954128440366973,0.7802067183462532,250,0.376,0.6274626865671642
hannover,https://www.hannover.de/Leichte-Sprache/Hannover-und-Region/Unterwegs-sein,202,0.5148514851485149,0.7278431372549019,45,0.6666666666666666,0.6666666666666666
hannover,https://www.hannover.de/Leichte-Sprache/Hilfe-und-Tipps/Park∙zonen-für-Bewohner-in-der-Stadt-Hannover,3258,0.2759361571516268,0.7563913991897788,1756,0.1571753986332574,0.6350439367311072
hannover,https://www.hannover.de/Leichte-Sprache/Hilfe-und-Tipps/Euro-WC-Schlüssel-für-Menschen-mit-Behinderung,132,0.6666666666666666,0.8149397590361446,417,0.3381294964028777,0.6747826086956522
hannover,https://www.hannover.de/Leichte-Sprache/Hilfe-und-Tipps/Blau∙algen-Fragen-und-Antworten,406,0.5566502463054187,0.8231932773109244,666,0.3048048048048048,0.6937763371150729
hannover,https://www.hannover.de/Leichte-Sprache/Hilfe-und-Tipps/HannoverAktivPass,462,0.3852813852813853,0.7116222760290556,164,0.39634146341463417,0.5770434782608695
hannover,https://www.hannover.de/Leichte-Sprache/Hilfe-und-Tipps/Flucht-aus-der-Ukraine-Informationen-für-Menschen-mit-Behinderung,540,0.3907407407407407,0.6876171079429735,672,0.26339285714285715,0.642760834670947
hannover,https://www.hannover.de/Leichte-Sprache/Hilfe-und-Tipps/Förderung-von-Kultur-in-der-Region-Hannover,368,0.46195652173913043,0.7641379310344827,220,0.37272727272727274,0.632046783625731
hannover,https://www.hannover.de/Leichte-Sprache/Hilfe-und-Tipps/Wie-funktioniert-die-Mängel∙hinweis∙karte,91,0.7252747252747253,0.8019047619047619,636,0.27044025157232704,0.6320272572402045
hannover,https://www.hannover.de/Leichte-Sprache/Hilfe-und-Tipps/Bus-und-Bahn-Wo-sind-Roll­∙treppen-und-Auf­züge-kaputt,148,0.5675675675675675,0.7496969696969696,313,0.34185303514376997,0.6704545454545454
hannover,https://www.hannover.de/Leichte-Sprache/Hilfe-und-Tipps/Schwer∙behinderten∙ausweis,166,0.5903614457831325,0.7764102564102564,206,0.3932038834951456,0.6396178343949045
hannover,https://www.hannover.de/Leichte-Sprache/Hannover-und-Region/Politik/Wahlen/Kommunal∙wahlen-2026-in-der-Region-Hannover/Informationen-zu-den-Kommunal∙wahlen-2026,1349,0.33209785025945143,0.7748307692307692,1589,0.19320327249842667,0.6267532467532467
hannover,https://www.hannover.de/Leichte-Sprache/Hannover-und-Region/Politik/Wahlen/Kommunal∙wahlen-2026-in-der-Region-Hannover/Fragen-und-Antworten-für-Wahl∙helfer,723,0.43291839557399725,0.769673590504451,682,0.27419354838709675,0.6349131121642969
hannover,https://www.hannover.de/Leichte-Sprache/Hannover-und-Region/Politik/Wahlen/Kommunal∙wahlen-2026-in-der-Region-Hannover/Wie-kann-ich-die-Wahl·leiter-erreichen,64,0.8125,0.844,212,0.49056603773584906,0.6465030674846626
hannover,https://www.hannover.de/Leichte-Sprache/Hannover-und-Region/Politik/Wahlen/Kommunal∙wahlen-2026-in-der-Region-Hannover/Wie-kann-ich-bei-der-Wahl-helfen,280,0.5357142857142857,0.7774891774891775,344,0.3546511627906977,0.668271186440678
hannover,https://www.hannover.de/Leichte-Sprache/Hilfe-und-Tipps/Park%E2%88%99zonen-f%C3%BCr-Bewohner-in-der-Stadt-Hannover,3258,0.2759361571516268,0.7563913991897788,1756,0.1571753986332574,0.6350439367311072
hannover,https://www.hannover.de/Leichte-Sprache/Hilfe-und-Tipps/Wie-funktioniert-die-M%C3%A4ngel%E2%88%99hinweis%E2%88%99karte,91,0.7252747252747253,0.8019047619047619,636,0.27044025157232704,0.6320272572402045
hannover,https://www.hannover.de/Leichte-Sprache/Hannover-und-Region/Politik/Politik-in-der-Region-Hannover,150,0.5533333333333333,0.7039603960396039,425,0.28941176470588237,0.6084042553191489
hannover,https://www.hannover.de/Leichte-Sprache/Nachrichten-und-Veranstaltungen/Nachrichten/Menschen-mit-Behinderung-Regions∙haus-leuchtet-Lila,502,0.4721115537848606,0.7717439293598235,451,0.28824833702882485,0.6421393034825871
hannover,https://www.hannover.de/Leichte-Sprache/Nachrichten-und-Veranstaltungen/Nachrichten/Neues-Angebot-Hilfen-im-Winter-im-Nacht∙café-Luna,859,0.46332945285215366,0.7915061728395062,546,0.29853479853479853,0.663420523138833
hannover,https://www.hannover.de/Leichte-Sprache/Nachrichten-und-Veranstaltungen/Nachrichten/Erste-Inklusions∙konferenz-von-Stadt-und-Region-Hannover,707,0.4582743988684583,0.7764741641337386,1547,0.19004524886877827,0.6483177570093458
hannover,https://www.hannover.de/Leichte-Sprache/Nachrichten-und-Veranstaltungen/Nachrichten/Projekt-für-ältere-Menschen-Hilfs∙angebot-gegen-Einsamkeit,946,0.42177589852008457,0.7764102564102565,528,0.2859848484848485,0.6461795407098121
hannover,https://www.hannover.de/Leichte-Sprache/Nachrichten-und-Veranstaltungen/Nachrichten/Große-Hitze-in-Hannover-Hilfe-für-Menschen-ohne-Wohnung,732,0.3907103825136612,0.7609370424597365,641,0.2839313572542902,0.6924662162162162
hannover,https://www.hannover.de/Leichte-Sprache/Nachrichten-und-Veranstaltungen/Nachrichten/Fragen-und-Antworten-zu-den-Einschränkungen-bei-der-Beregnung,1440,0.37222222222222223,0.7769949676491732,1021,0.2761998041136141,0.7046707818930041
hannover,https://www.hannover.de/Leichte-Sprache/Nachrichten-und-Veranstaltungen/Nachrichten/Region-Hannover-unterstützt-den-Bau-von-Solar∙anlagen,661,0.49319213313161875,0.8027777777777778,560,0.28214285714285714,0.6551859099804306
hannover,https://www.hannover.de/Leichte-Sprache/Nachrichten-und-Veranstaltungen/Nachrichten/Grund∙wasser-schützen-Region-Hannover-unterstützt-Vereine-und-Kommunen,762,0.4094488188976378,0.7817671809256662,901,0.25527192008879024,0.6511737089201878
hannover,https://www.hannover.de/Leichte-Sprache/Nachrichten-und-Veranstaltungen/Nachrichten/Zum-14.-Mal-Preis-für-Inklusion-in-der-Wirtschaft,869,0.4223245109321059,0.7843170731707317,703,0.3285917496443812,0.650519877675841
hannover,https://www.hannover.de/Leichte-Sprache/Nachrichten-und-Veranstaltungen/Nachrichten/Jan-Haller-ist-Behinderten∙sportler-2025,588,0.5272108843537415,0.8295361781076067,164,0.4451219512195122,0.6293913043478261
hannover,https://www.hannover.de/Leichte-Sprache/Nachrichten-und-Veranstaltungen/Nachrichten/Assistenz∙hunde-sind-in-öffentlichen-Einrichtungen-willkommen,613,0.44045676998368677,0.8099999999999999,621,0.2431561996779388,0.6552797202797203
hannover,https://www.hannover.de/Leichte-Sprache/Nachrichten-und-Veranstaltungen/Nachrichten/Chat∙bot-beantwortet-Fragen-zur-Grund∙steuer,365,0.5041095890410959,0.7560759493670886,448,0.31473214285714285,0.6259147869674185
hannover,https://www.hannover.de/Leichte-Sprache/Nachrichten-und-Veranstaltungen/Nachrichten/Hilfe∙plan-für-den-Natur∙schutz-im-Deister,1502,0.4041278295605859,0.7701169993117688,578,0.29411764705882354,0.6655576559546313
hannover,https://www.hannover.de/Leichte-Sprache/Nachrichten-und-Veranstaltungen/Nachrichten/Stark∙regen-in-der-Region-Hannover-Karte-mit-Hinweisen-und-Informationen,107,0.6355140186915887,0.8200000000000001,788,0.21065989847715735,0.6799999999999999
hannover,https://www.hannover.de/Leichte-Sprache/Nachrichten-und-Veranstaltungen/Veranstaltungen/Suche-nach-kosten∙losen-Veranstaltungen,127,0.6220472440944882,0.7438461538461539,199,0.3869346733668342,0.6397333333333334
hannover,https://www.hannover.de/Leichte-Sprache/Nachrichten-und-Veranstaltungen/Veranstaltungen/Übungs∙tage-für-Fahrgäste-im-Stadt∙gebiet,172,0.5523255813953488,0.7266666666666667,297,0.4107744107744108,0.6845967741935484
hannover,https://www.hannover.de/Leichte-Sprache/Nachrichten-und-Veranstaltungen/Veranstaltungen/Schloss-Landestrost-Ausstellung-besuchen,458,0.5458515283842795,0.8239119804400978,321,0.3644859813084112,0.662279411764706
hannover,https://www.hannover.de/Leichte-Sprache/Nachrichten-und-Veranstaltungen/Veranstaltungen/Sitzung-von-der-Regions·versammlung,99,0.7171717171717171,0.818,137,0.48905109489051096,0.6372727272727272
hannover,https://www.hannover.de/Leichte-Sprache/Nachrichten-und-Veranstaltungen/Veranstaltungen/Das-Regions∙forum-für-Menschen-mit-Behinderung,166,0.5542168674698795,0.7169230769230769,379,0.3245382585751979,0.6612727272727272
hannover,https://www.hannover.de/Leichte-Sprache/Nachrichten-und-Veranstaltungen/Veranstaltungen/Beratungen-Vorsorge∙vollmacht-und-Betreuungs∙verfügung,131,0.6946564885496184,0.7834146341463414,721,0.2524271844660194,0.6489285714285714
hannover,https://www.hannover.de/Leichte-Sprache/Nachrichten-und-Veranstaltungen/Veranstaltungen/Übungs∙tage-für-Fahrgäste-im-Umland,224,0.6383928571428571,0.7908571428571429,435,0.3586206896551724,0.6478238341968912
hannover,https://www.hannover.de/Leichte-Sprache/Nachrichten-und-Veranstaltungen/Veranstaltungen/Musik∙fest-Fête-de-la-Musique2,2760,0.3789855072463768,0.750866838804869,212,0.38207547169811323,0.6683435582822086
hannover,https://www.hannover.de/Leichte-Sprache/Nachrichten-und-Veranstaltungen/Veranstaltungen/Schützen∙fest-2026,62,0.7903225806451613,0.7861538461538462,178,0.38764044943820225,0.5706976744186046
hannover,https://www.hannover.de/Leichte-Sprache/Nachrichten-und-Veranstaltungen/Veranstaltungen/Entdecker∙tag-2026,54,0.6296296296296297,0.62,250,0.392,0.6827860696517414
hannover,https://www.hannover.de/Leichte-Sprache/Nachrichten-und-Veranstaltungen/Veranstaltungen/Warntag-2026-in-Hannover,1057,0.37653736991485337,0.7701785714285715,366,0.3989071038251366,0.7060567823343848
hannover,https://www.hannover.de/Leichte-Sprache/Nachrichten-und-Veranstaltungen/Veranstaltungen/Infa-2026,81,0.7407407407407407,0.80875,163,0.44171779141104295,0.6603508771929825
hannover,https://www.hannover.de/Leichte-Sprache/Hannover-und-Region/Politik/Die-Regions%C2%B7versammlung,120,0.6166666666666667,0.7453521126760564,500,0.342,0.6104656319290466
hannover,https://www.hannover.de/Leichte-Sprache/Hannover-und-Region/Politik/Der-Regions%E2%88%99pr%C3%A4sident,110,0.6272727272727273,0.7075409836065574,481,0.3264033264033264,0.6520833333333333
hannover,https://www.hannover.de/Leichte-Sprache/Hannover-und-Region/Die-Verwaltung-von-der-Region-Hannover/Büro-für-Zusammen･arbeit-in-Europa,455,0.4857142857142857,0.7859113300492611,415,0.363855421686747,0.6839344262295082
hannover,https://www.hannover.de/Leichte-Sprache/Hannover-und-Region/Andreas-Mangelsdorf-Beauftragter-f%C3%BCr-Menschen-mit-Behinderung-von-der-Landes%EF%BD%A5haupt%EF%BD%A5stadt-Hannover,436,0.4954128440366973,0.7802067183462532,250,0.376,0.6274626865671642
hannover,https://www.hannover.de/Leichte-Sprache/Nachrichten-und-Veranstaltungen/Veranstaltungen/Das-Regions%E2%88%99forum-f%C3%BCr-Menschen-mit-Behinderung,166,0.5542168674698795,0.7169230769230769,379,0.3245382585751979,0.6612727272727272
hannover,https://www.hannover.de/Leichte-Sprache/Nachrichten-und-Veranstaltungen/Nachrichten/Erste-Inklusions%E2%88%99konferenz-von-Stadt-und-Region-Hannover,707,0.4582743988684583,0.7764741641337386,1547,0.19004524886877827,0.6483177570093458
hannover,https://www.hannover.de/Leichte-Sprache/Hannover-und-Region/Sylvia-Thiel-Beauftragte-f%C3%BCr-Menschen-mit-Behinderung-von-der-Region-Hannover,479,0.44676409185803756,0.7409302325581396,308,0.3474025974025974,0.6291119691119691
hannover,https://www.hannover.de/Leichte-Sprache/Hannover-und-Region/Andreas-Mangelsdorf-Beauftragter-für-Menschen-mit-Behinderung-von-der-Landes･haupt･stadt-Hannover/Informationen-zum-Daten∙schutz-in-Leichter-Sprache,844,0.3909952606635071,0.7531320754716981,1185,0.1848101265822785,0.6298943661971832
hannover,https://www.hannover.de/Leichte-Sprache/Hannover-und-Region/Politik/Die-Regions·versammlung,120,0.6166666666666667,0.7453521126760564,500,0.342,0.6104656319290466
hannover,https://www.hannover.de/Leichte-Sprache/Hannover-und-Region/Politik/Der-Rat-von-der-Stadt-Hannover,395,0.4531645569620253,0.6967630057803469,265,0.39245283018867927,0.629074074074074
hannover,https://www.hannover.de/Leichte-Sprache/Hannover-und-Region/Politik/Der-Regions∙präsident,110,0.6272727272727273,0.7075409836065574,481,0.3264033264033264,0.6520833333333333
hannover,https://www.hannover.de/Leichte-Sprache/Hannover-und-Region/Politik/Der-Oberbürger･meister,81,0.6296296296296297,0.693125,143,0.42657342657342656,0.5825531914893617
hannover,https://www.hannover.de/Leichte-Sprache/Hannover-und-Region/Unterwegs-sein/Unterwegs-mit-Bus-und-Bahn,193,0.5958549222797928,0.7508333333333334,43,0.6511627906976745,0.6511627906976745
hannover,https://www.hannover.de/Leichte-Sprache/Hannover-und-Region/Unterwegs-sein/Unterwegs-mit-dem-Taxi,391,0.44501278772378516,0.7630409356725145,650,0.2784615384615385,0.6396006655574042
hannover,https://www.hannover.de/Leichte-Sprache/Hilfe-und-Tipps/Beratung-und-Unterstützung/Ansprech∙personen-für-junge-Menschen-mit-Behinderung,522,0.4157088122605364,0.7712050739957717,452,0.30973451327433627,0.625955334987593
hannover,https://www.hannover.de/Leichte-Sprache/Hilfe-und-Tipps/Beratung-und-Unterstützung/Beratungs∙stelle-Inklusion,188,0.5,0.720863309352518,209,0.4880382775119617,0.708125
hannover,https://www.hannover.de/Leichte-Sprache/Hilfe-und-Tipps/Beratung-und-Unterstützung/Verfahrens∙lotsen-und-Beratung-Ansprech∙personen-für-Menschen-mit-Behinderung,872,0.4369266055045872,0.775868772782503,1292,0.20743034055727555,0.6288173773129525
hannover,https://www.hannover.de/Leichte-Sprache/Hilfe-und-Tipps/Beratung-und-Unterstützung/Jugend∙ämter-in-der-Region-Hannover,85,0.6823529411764706,0.7955555555555556,458,0.3165938864628821,0.575158924205379
hannover,https://www.hannover.de/Leichte-Sprache/Hilfe-und-Tipps/Beratung-und-Unterstützung/JUST-BEst-Hilfe-bei-der-Lebens∙planung-für-junge-Erwachsene,608,0.4621710526315789,0.7882647584973166,483,0.35610766045548653,0.6830875576036866
hannover,https://www.hannover.de/Leichte-Sprache/Hilfe-und-Tipps/Beratung-und-Unterstützung/Hilfe-und-Beratung-für-ältere-Menschen,115,0.7391304347826086,0.7703030303030304,106,0.5943396226415094,0.7610526315789474
hannover,https://www.hannover.de/Leichte-Sprache/Hilfe-und-Tipps/Beratung-und-Unterstützung/Beratung-für-gutes-Sprechen-und-Hören,120,0.7083333333333334,0.7833802816901408,296,0.32094594594594594,0.5907692307692307
hannover,https://www.hannover.de/Leichte-Sprache/Hilfe-und-Tipps/Beratung-und-Unterstützung/Hilfe-für-Jugendliche-im-Straf∙verfahren,579,0.48186528497409326,0.7621132075471698,823,0.27217496962332927,0.6072609819121447
hannover,https://www.hannover.de/Leichte-Sprache/Hilfe-und-Tipps/Beratung-und-Unterstützung/RE_StaRT,274,0.5693430656934306,0.82,682,0.2653958944281525,0.6070458135860979
hannover,https://www.hannover.de/Leichte-Sprache/Hilfe-und-Tipps/Beratung-und-Unterstützung/Hilfe-bei-hohen-Heiz∙kosten-bekommen,220,0.6272727272727273,0.8352046783625731,351,0.33618233618233617,0.664701986754967
hannover,https://www.hannover.de/Leichte-Sprache/Hilfe-und-Tipps/Büros-und-Ämter-für-Bürger/Fach∙bereich-Teil∙habe-bei-der-Region-Hannover,333,0.5285285285285285,0.7464788732394366,871,0.24339839265212398,0.65669099756691
hannover,https://www.hannover.de/Leichte-Sprache/Hilfe-und-Tipps/Büros-und-Ämter-für-Bürger/Bürger·ämter-in-Hannover,104,0.4807692307692308,0.5825454545454545,192,0.40625,0.6220979020979022
hannover,https://www.hannover.de/Leichte-Sprache/Hilfe-und-Tipps/Büros-und-Ämter-für-Bürger/Fach･bereich-Soziales-von-der-Stadt-Hannover,74,0.6621621621621622,0.6552,125,0.536,0.6731578947368422
hannover,https://www.hannover.de/Leichte-Sprache/Hilfe-und-Tipps/Büros-und-Ämter-für-Bürger/Fach･bereich-Soziales-von-der-Region-Hannover,157,0.5732484076433121,0.7094444444444444,111,0.6036036036036037,0.7574193548387097
hannover,https://www.hannover.de/Leichte-Sprache/Hilfe-und-Tipps/Büros-und-Ämter-für-Bürger/Fach･bereich-Jugend-und-Familie-in-Hannover,113,0.7168141592920354,0.805,86,0.47674418604651164,0.6567567567567568
hannover,https://www.hannover.de/Leichte-Sprache/Hilfe-und-Tipps/Büros-und-Ämter-für-Bürger/Fach･bereich-Jugend-der-Region-Hannover,261,0.5555555555555556,0.7343396226415094,81,0.4074074074074074,0.508125
hannover,https://www.hannover.de/Leichte-Sprache/Hilfe-und-Tipps/Büros-und-Ämter-für-Bürger/Standes∙amt,32,0.875,0.875,515,0.24660194174757283,0.5716738197424892
hannover,https://www.hannover.de/Leichte-Sprache/Hilfe-und-Tipps/Büros-und-Ämter-für-Bürger/Familien･service･büro-der-Stadt-Hannover,225,0.5822222222222222,0.8005681818181819,131,0.5648854961832062,0.6836585365853659
hannover,https://www.hannover.de/Leichte-Sprache/Hilfe-und-Tipps/Büros-und-Ämter-für-Bürger/Fund･büro,84,0.7976190476190477,0.852,141,0.49645390070921985,0.6382608695652173
hannover,https://www.hannover.de/Leichte-Sprache/Hilfe-und-Tipps/Volljährigkeit-Was-du-mit-18-Jahren-beachten-musst/1.-Volljährigkeit,613,0.4535073409461664,0.7876950354609928,973,0.2723535457348407,0.7109090909090909
hannover,https://www.hannover.de/Leichte-Sprache/Hilfe-und-Tipps/Volljährigkeit-Was-du-mit-18-Jahren-beachten-musst/2.-Jugend∙hilfe,562,0.400355871886121,0.7500584795321638,490,0.31020408163265306,0.6769160997732426
hannover,https://www.hannover.de/Leichte-Sprache/Hilfe-und-Tipps/Volljährigkeit-Was-du-mit-18-Jahren-beachten-musst/3.-Wohnen,1633,0.3796693202694427,0.8115277777777778,2653,0.17075009423294385,0.6748387096774193
hannover,https://www.hannover.de/Leichte-Sprache/Hilfe-und-Tipps/Volljährigkeit-Was-du-mit-18-Jahren-beachten-musst/4.-Geld,1615,0.3591331269349845,0.8026309067688379,1415,0.21696113074204948,0.6841288433382138
hannover,https://www.hannover.de/Leichte-Sprache/Hilfe-und-Tipps/Volljährigkeit-Was-du-mit-18-Jahren-beachten-musst/5.-Versicherungen,457,0.5251641137855579,0.8263725490196078,743,0.27456258411843876,0.6449567723342939
hannover,https://www.hannover.de/Leichte-Sprache/Hilfe-und-Tipps/Volljährigkeit-Was-du-mit-18-Jahren-beachten-musst/6.-Schule,694,0.41210374639769454,0.781891472868217,517,0.3404255319148936,0.6838034188034188
hannover,https://www.hannover.de/Leichte-Sprache/Hilfe-und-Tipps/Volljährigkeit-Was-du-mit-18-Jahren-beachten-musst/7.-Nach-der-Schule,1755,0.36695156695156694,0.7936694021101993,1627,0.21266133988936695,0.6708365019011406
hannover,https://www.hannover.de/Leichte-Sprache/Hilfe-und-Tipps/Volljährigkeit-Was-du-mit-18-Jahren-beachten-musst/8.-Gesundheit,239,0.6150627615062761,0.8377894736842105,268,0.47761194029850745,0.7133333333333334
hannover,https://www.hannover.de/Leichte-Sprache/Hilfe-und-Tipps/Volljährigkeit-Was-du-mit-18-Jahren-beachten-musst/9.-Freizeit,262,0.6145038167938931,0.8334272300469484,268,0.47761194029850745,0.7393607305936073
hannover,https://www.hannover.de/Leichte-Sprache/Hilfe-und-Tipps/Volljährigkeit-Was-du-mit-18-Jahren-beachten-musst/10.-Beratung-und-Hilfen,636,0.4889937106918239,0.7937649063032368,1521,0.23339907955292571,0.6707880434782608
hannover,https://www.hannover.de/Leichte-Sprache/Nachrichten-und-Veranstaltungen/Nachrichten/Hilfe-bei-hohen-Heiz%E2%88%99kosten-bekommen,220,0.6272727272727273,0.8352046783625731,351,0.33618233618233617,0.664701986754967
hannover,https://www.hannover.de/Leichte-Sprache/Hilfe-und-Tipps/Schwer%E2%88%99behinderten%E2%88%99ausweis,166,0.5903614457831325,0.7764102564102564,206,0.3932038834951456,0.6396178343949045
hannover,https://www.hannover.de/Leichte-Sprache/Hilfe-und-Tipps/Familie-und-Partnerschaft/Frühe-Hilfen-für-Familien,251,0.4940239043824701,0.7499009900990099,420,0.34523809523809523,0.6477088948787062
hannover,https://www.hannover.de/Leichte-Sprache/Hilfe-und-Tipps/Familie-und-Partnerschaft/Koordinierungs∙stelle-Unterstützung-für-Allein∙erziehende,141,0.5957446808510638,0.7804347826086956,134,0.5074626865671642,0.680235294117647
hannover,https://www.hannover.de/Leichte-Sprache/Hilfe-und-Tipps/Gesundheit2/Hilfe-bei-Geschlechts∙krankheiten,83,0.6987951807228916,0.798235294117647,236,0.4830508474576271,0.6805347593582888
hannover,https://www.hannover.de/Leichte-Sprache/Hilfe-und-Tipps/Gesundheit2/GAYsund,266,0.5075187969924813,0.7705990783410138,410,0.4195121951219512,0.7452631578947368
hannover,https://www.hannover.de/Leichte-Sprache/Hilfe-und-Tipps/Förderung-von-Kultur-in-der-Region-Hannover/1.-Förderung-für-Projekte,311,0.5401929260450161,0.7953435114503816,388,0.34536082474226804,0.6682595870206489
hannover,https://www.hannover.de/Leichte-Sprache/Hilfe-und-Tipps/Förderung-von-Kultur-in-der-Region-Hannover/2.-Förderung-für-Projekte-mit-kulturellen-Aufgaben,215,0.627906976744186,0.7951807228915663,496,0.34274193548387094,0.6867114093959731
hannover,https://www.hannover.de/Leichte-Sprache/Hilfe-und-Tipps/Förderung-von-Kultur-in-der-Region-Hannover/3.-Förderung-für-die-Arbeit-in-einem-Chor,202,0.6633663366336634,0.8216993464052288,335,0.3582089552238806,0.6556643356643357
hannover,https://www.hannover.de/Leichte-Sprache/Hilfe-und-Tipps/Förderung-von-Kultur-in-der-Region-Hannover/4.-Förderung-für-Spiel∙pläne,285,0.5017543859649123,0.7369491525423728,485,0.3216494845360825,0.6745871559633028
hannover,https://www.hannover.de/Leichte-Sprache/Hilfe-und-Tipps/Förderung-von-Kultur-in-der-Region-Hannover/7.-Förderung-für-kulturelle-Einrichtungen,136,0.6691176470588235,0.7445977011494253,297,0.3400673400673401,0.6268548387096774
hannover,https://www.hannover.de/Leichte-Sprache/Hilfe-und-Tipps/Förderung-von-Kultur-in-der-Region-Hannover/8.-Förderung-für-Theater,88,0.5681818181818182,0.6389743589743591,152,0.5,0.6811650485436893
hannover,https://www.hannover.de/Leichte-Sprache/Hilfe-und-Tipps/Ideen-und-Beschwerden-an-das-B%C3%BCrger%E2%88%99b%C3%BCro-schicken,290,0.5344827586206896,0.7774273858921161,280,0.36428571428571427,0.6785281385281385
hannover,https://www.hannover.de/Leichte-Sprache/Hilfe-und-Tipps/Notfall/Wer-hilft-mir-bei-welchem-Notfall,664,0.5286144578313253,0.7498861788617887,972,0.31893004115226337,0.6776814734561214
hannover,https://www.hannover.de/Leichte-Sprache/Hilfe-und-Tipps/Notfall/Was-passiert-bei-einer-Evakuierung,604,0.5231788079470199,0.8181261261261261,864,0.26157407407407407,0.6504294478527608
hannover,https://www.hannover.de/Leichte-Sprache/Hilfe-und-Tipps/Notfall/Hilfe-bei-Gewalt,1077,0.46425255338904364,0.785875486381323,400,0.365,0.6646153846153846
hannover,https://www.hannover.de/Leichte-Sprache/Hilfe-und-Tipps/Notfall/Not∙dienste,320,0.546875,0.7921033210332104,242,0.384297520661157,0.6471502590673576
hannover,https://www.hannover.de/Leichte-Sprache/Hilfe-und-Tipps/Notfälle-und-Katastrophen-Hilfe-und-Tipps/Was-passiert-bei-einer-Evakuierung,604,0.5231788079470199,0.8181261261261261,864,0.26157407407407407,0.6504294478527608
hannover,https://www.hannover.de/Leichte-Sprache/Hilfe-und-Tipps/Notfälle-und-Katastrophen-Hilfe-und-Tipps/Strom∙ausfall-Hilfe-für-Menschen-mit-Behinderung,182,0.6813186813186813,0.8345864661654135,411,0.31873479318734793,0.7134254143646409
hannover,https://www.hannover.de/Leichte-Sprache/Hilfe-und-Tipps/Notfälle-und-Katastrophen-Hilfe-und-Tipps/Verhalten-bei-einer-Katastrophe,157,0.6050955414012739,0.7651851851851852,1918,0.20855057351407716,0.6840128410914929
hannover,https://www.hannover.de/Leichte-Sprache/Hilfe-und-Tipps/Notfälle-und-Katastrophen-Hilfe-und-Tipps/Notfall∙pass-für-Menschen-mit-Taub∙blindheit,374,0.5026737967914439,0.7916307692307691,467,0.3083511777301927,0.6396172248803829
hannover,https://www.hannover.de/Leichte-Sprache/Hilfe-und-Tipps/Notfälle-und-Katastrophen-Hilfe-und-Tipps/Wer-hilft-mir-bei-welchem-Notfall,664,0.5286144578313253,0.7498861788617887,972,0.31893004115226337,0.6776814734561214
hannover,https://www.hannover.de/Leichte-Sprache/Hilfe-und-Tipps/Notfälle-und-Katastrophen-Hilfe-und-Tipps/Not∙dienste,320,0.546875,0.7921033210332104,242,0.384297520661157,0.6471502590673576
hannover,https://www.hannover.de/Leichte-Sprache/Hilfe-und-Tipps/Menschen-ohne-Wohnung-Hilfs∙angebote-im-Sommer-und-Winter/Hilfen-im-Sommer-für-Menschen-ohne-Wohnung,545,0.46972477064220186,0.7816935483870968,659,0.2883156297420334,0.6775081967213116
hannover,https://www.hannover.de/Leichte-Sprache/Hilfe-und-Tipps/Menschen-ohne-Wohnung-Hilfs∙angebote-im-Sommer-und-Winter/Hilfen-im-Winter-für-Menschen-ohne-Wohnung,583,0.5042881646655232,0.7602996254681648,911,0.26344676180021953,0.6496519721577726
hannover,https://www.hannover.de/Leichte-Sprache/Nachrichten-und-Veranstaltungen/Nachrichten/Begleit%E2%88%99service-f%C3%BCr-Fahrg%C3%A4ste,290,0.5448275862068965,0.7497095435684648,496,0.3125,0.6359731543624162
hannover,https://www.hannover.de/Leichte-Sprache/Hilfe-und-Tipps/Schwangerschaft-und-Geburt/Fachkräfte-Frühe-Hilfen,467,0.430406852248394,0.8120574162679426,299,0.4080267558528428,0.68024
hannover,https://www.hannover.de/Leichte-Sprache/Hilfe-und-Tipps/Schwangerschaft-und-Geburt/Schwangerschafts∙wegweiser,471,0.5286624203821656,0.8213744075829384,367,0.4114441416893733,0.7122012578616352
hannover,https://www.hannover.de/Leichte-Sprache/Freizeit-und-Tourismus/Feste/Musik∙fest-Fête-de-la-Musique2,2760,0.3789855072463768,0.750866838804869,212,0.38207547169811323,0.6683435582822086
hannover,https://www.hannover.de/Leichte-Sprache/Freizeit-und-Tourismus/Feste/Schützen∙fest-2026,62,0.7903225806451613,0.7861538461538462,178,0.38764044943820225,0.5706976744186046
hannover,https://www.hannover.de/Leichte-Sprache/Freizeit-und-Tourismus/Feste/Entdecker∙tag-2026,54,0.6296296296296297,0.62,250,0.392,0.6827860696517414
hannover,https://www.hannover.de/Leichte-Sprache/Freizeit-und-Tourismus/Feste/Tier∙garten∙fest-2026,439,0.5216400911161732,0.8183076923076923,287,0.39372822299651566,0.591764705882353
hannover,https://www.hannover.de/Leichte-Sprache/Freizeit-und-Tourismus/Draußen/Fahrrad∙fahren-in-der-Region-Hannover,6,1.0,1.0,76,0.6052631578947368,0.6525925925925926
hannover,https://www.hannover.de/Leichte-Sprache/Freizeit-und-Tourismus/Draußen/Spiel･plätze-in-Hannover,436,0.5321100917431193,0.8048062015503875,147,0.46938775510204084,0.6559183673469388
hannover,https://www.hannover.de/Leichte-Sprache/Freizeit-und-Tourismus/Draußen/Grüne-Schätze,1073,0.2898415657036347,0.60412109375,483,0.36438923395445133,0.6634562211981567
hannover,https://www.hannover.de/Leichte-Sprache/Freizeit-und-Tourismus/Drinnen/Kinos,224,0.5580357142857143,0.7113142857142858,168,0.44047619047619047,0.5436974789915967
hannover,https://www.hannover.de/Leichte-Sprache/Lernen-und-Arbeiten/Lernen/Informationen-zur-Kinder∙tages∙stätte,915,0.3650273224043716,0.7360508083140878,1081,0.35430157261794637,0.7094186046511628
hannover,https://www.hannover.de/Leichte-Sprache/Lernen-und-Arbeiten/Lernen/Informationen-zur-Krippe,1062,0.3502824858757062,0.7345903257650542,1124,0.33629893238434166,0.6939720930232558
hannover,https://www.hannover.de/Leichte-Sprache/Lernen-und-Arbeiten/Lernen/Medien･zentrum-der-Region-Hannover,228,0.5526315789473685,0.7316201117318436,129,0.5503875968992248,0.69975
hannover,https://www.hannover.de/Leichte-Sprache/Lernen-und-Arbeiten/Arbeiten/Job･center-von-der-Region-Hannover,116,0.6293103448275862,0.7480597014925373,158,0.47468354430379744,0.6667889908256881
hannover,https://www.hannover.de/Leichte-Sprache/Hannover-und-Region/Politik/Wahlen/Kommunal%E2%88%99wahlen-2026-in-der-Region-Hannover/Fragen-und-Antworten-f%C3%BCr-Wahl%E2%88%99helfer,723,0.43291839557399725,0.769673590504451,682,0.27419354838709675,0.6349131121642969
hannover,https://www.hannover.de/Leichte-Sprache/Hannover-und-Region/Politik/Wahlen/Kommunal%E2%88%99wahlen-2026-in-der-Region-Hannover/Wie-kann-ich-die-Wahl%C2%B7leiter-erreichen,64,0.8125,0.844,212,0.49056603773584906,0.6465030674846626
hannover,https://www.hannover.de/Leichte-Sprache/Hannover-und-Region/Politik/Wahlen/Kommunal%E2%88%99wahlen-2026-in-der-Region-Hannover/Wie-kann-ich-bei-der-Wahl-helfen,280,0.5357142857142857,0.7774891774891775,344,0.3546511627906977,0.668271186440678
hannover,https://www.hannover.de/Leichte-Sprache/Hilfe-und-Tipps/B%C3%BCros-und-%C3%84mter-f%C3%BCr-B%C3%BCrger/Fach%E2%88%99bereich-Teil%E2%88%99habe-bei-der-Region-Hannover,333,0.5285285285285285,0.7464788732394366,871,0.24339839265212398,0.65669099756691
hannover,https://www.hannover.de/Leichte-Sprache/Hilfe-und-Tipps/Sozial%EF%BD%A5leistungen/Informationen-zu-Bildung-und-Teilhabe,643,0.40746500777604977,0.7638720538720539,239,0.42677824267782427,0.676421052631579
hannover,https://www.hannover.de/Leichte-Sprache/Lernen-und-Arbeiten/Lernen/Informationen-zur-Kinder%E2%88%99tages%E2%88%99st%C3%A4tte,915,0.3650273224043716,0.7360508083140878,1081,0.35430157261794637,0.7094186046511628
hannover,https://www.hannover.de/Leichte-Sprache/Hilfe-und-Tipps/Notfälle-und-Katastrophen-Hilfe-und-Tipps/Verhalten-bei-extremem-Wetter/Schnee-und-Glatt∙eis-in-Hannover,1062,0.4444444444444444,0.782507403751234,862,0.29350348027842227,0.6716851168511686
hannover,https://www.hannover.de/Leichte-Sprache/Hilfe-und-Tipps/Notfälle-und-Katastrophen-Hilfe-und-Tipps/Verhalten-bei-extremem-Wetter/Hitze-in-der-Region-Hannover,352,0.48579545454545453,0.7695709570957096,266,0.39097744360902253,0.6987096774193549
hannover,https://www.hannover.de/Leichte-Sprache/Hilfe-und-Tipps/Notfälle-und-Katastrophen-Hilfe-und-Tipps/Verhalten-bei-extremem-Wetter/Hoch∙wasser-in-der-Region-Hannover,672,0.5446428571428571,0.8032423756019262,673,0.32540861812778604,0.7026282051282051
hannover,https://www.hannover.de/Leichte-Sprache/Hilfe-und-Tipps/Notfälle-und-Katastrophen-Hilfe-und-Tipps/Verhalten-bei-extremem-Wetter/Kälte-in-Hannover,1055,0.4767772511848341,0.801272365805169,861,0.31010452961672474,0.6741133004926109
hannover,https://www.hannover.de/Leichte-Sprache/Hilfe-und-Tipps/Notfälle-und-Katastrophen-Hilfe-und-Tipps/Verhalten-bei-extremem-Wetter/Gewitter-und-Sturm-in-Hannover,652,0.48466257668711654,0.7966169154228856,824,0.27427184466019416,0.6542967741935484
hannover,https://www.hannover.de/Leichte-Sprache/Hilfe-und-Tipps/Notfälle-und-Katastrophen-Hilfe-und-Tipps/Verhalten-bei-extremem-Wetter/Wann-fällt-in-Hannover-die-Schule-aus,201,0.5970149253731343,0.7907894736842106,339,0.36578171091445427,0.6451034482758621
hannover,http://www.hannover.de/Leichte-Sprache/Nachrichten-und-Veranstaltungen/Nachrichten/Info∙bus-an-Schulen-Informationen-zur-Impfung-gegen-das-HPV-Virus,531,0.5065913370998116,0.7812448132780083,715,0.27972027972027974,0.672912912912913
hannover,http://www.hannover.de/Leichte-Sprache/Nachrichten-und-Veranstaltungen/Veranstaltungen/Die-Finals-2026-in-Hannover,350,0.3742857142857143,0.6587375415282392,187,0.46524064171123,0.6915942028985507
hannover,http://www.hannover.de/Leichte-Sprache/Nachrichten-und-Veranstaltungen/Nachrichten/Neue-Park∙zonen-für-Bewohner-in-der-Stadt-Hannover,263,0.5513307984790875,0.7637383177570093,657,0.2313546423135464,0.6528289473684211
hannover,http://www.hannover.de/Leichte-Sprache/Nachrichten-und-Veranstaltungen/Nachrichten/ÜSTRA-easy-Neue-Fahr·karten-App-für-Busse-und-Bahnen,1668,0.35611510791366907,0.7611488573193329,1715,0.18075801749271136,0.6060384153661464
hannover,http://www.hannover.de/Leichte-Sprache/Nachrichten-und-Veranstaltungen/Nachrichten/Behinderten∙sportlerin-2026,492,0.5467479674796748,0.82,160,0.4625,0.6365765765765765
hannover,http://www.hannover.de/Leichte-Sprache/Nachrichten-und-Veranstaltungen/Veranstaltungen/Messe-in-Hannover-Inklusion-2026,262,0.5954198473282443,0.8217840375586855,433,0.3210161662817552,0.6690104166666666
hannover,http://www.hannover.de/Leichte-Sprache/Hilfe-und-Tipps/Ideen-und-Beschwerden-an-das-Bürger∙büro-schicken,290,0.5344827586206896,0.7774273858921161,280,0.36428571428571427,0.6785281385281385
hannover,http://www.hannover.de/Leichte-Sprache/Hilfe-und-Tipps/Notfall/Busse-und-Bahnen-Was-mache-ich-bei-einem-Notfall,437,0.4874141876430206,0.7695360824742268,675,0.24296296296296296,0.6368690095846645
hannover,http://www.hannover.de/Leichte-Sprache/Hilfe-und-Tipps/Notfälle-und-Katastrophen-Hilfe-und-Tipps/Verhalten-bei-extremem-Wetter/Stark∙regen-in-der-Region-Hannover-Karte-mit-Hinweisen-und-Informationen,107,0.6355140186915887,0.8200000000000001,788,0.21065989847715735,0.6799999999999999
hannover,http://www.hannover.de/Leichte-Sprache/Erklärung-zum-Daten∙schutz-in-Leichter-Sprache,6837,0.22012578616352202,0.771879787860931,1172,0.2295221843003413,0.6690471950133571
hannover,http://www.hannover.de/Leichte-Sprache/Erklärung-zur-Barriere∙freiheit-in-Leichter-Sprache,544,0.5,0.7761212121212121,1151,0.21285838401390095,0.6511433756805808
hannover,http://www.hannover.de/Leichte-Sprache/Netiquette-Regeln-für-gutes-Verhalten-im-Internet,98,0.7959183673469388,0.8738775510204082,488,0.26434426229508196,0.5949430523917996
hannover,https://www.hannover.de/Leichte-Sprache/Nachrichten-und-Veranstaltungen/Nachrichten/Die-Gedenkstätte-Ahlem/Die-Gedenkstätte-Ahlem-heute,304,0.5592105263157895,0.7338039215686275,451,0.328159645232816,0.6629850746268656
hannover,https://www.hannover.de/Leichte-Sprache/Nachrichten-und-Veranstaltungen/Nachrichten/Die-Gedenkstätte-Ahlem/Die-Geschichte-von-der-Gedenkstätte-Ahlem,352,0.5482954545454546,0.7557755775577558,501,0.3333333333333333,0.6361061946902654
hannover,https://www.hannover.de/Leichte-Sprache/Nachrichten-und-Veranstaltungen/Nachrichten/Die-Gedenkstätte-Ahlem/Lern∙angebote-in-der-Gedenkstätte-Ahlem,472,0.4851694915254237,0.7851063829787235,678,0.2831858407079646,0.6755484896661368
hannover,https://www.hannover.de/Leichte-Sprache/Hilfe-und-Tipps/Gesundheit2/Gesundheits･tipps/Hitze-in-der-Region-Hannover,352,0.48579545454545453,0.7695709570957096,266,0.39097744360902253,0.6987096774193549
hannover,https://www.hannover.de/Leichte-Sprache/Hilfe-und-Tipps/Gesundheit2/Gesundheits%EF%BD%A5tipps/Hitze-in-der-Region-Hannover,352,0.48579545454545453,0.7695709570957096,266,0.39097744360902253,0.6987096774193549
hannover,https://www.hannover.de/Leichte-Sprache/Hilfe-und-Tipps/Gesundheit2/Gesundheits%EF%BD%A5tipps/Hitze-in-der-Region-Hannover/Klima%E2%88%99wandel-und-Klima%E2%88%99anpassung,168,0.5595238095238095,0.773109243697479,365,0.38904109589041097,0.6759493670886075
hannover,https://www.hannover.de/Leichte-Sprache/Nachrichten-und-Veranstaltungen/Nachrichten/Warum-feiern-wir-Silvester-und-Neu%E2%88%99jahr,924,0.461038961038961,0.8061714285714285,225,0.4177777777777778,0.6256818181818182
hannover,https://www.hannover.de/Leichte-Sprache/Hannover-und-Region/Unterwegs-sein/Unterwegs-mit-Bus-und-Bahn/Gro%C3%9Fraum-Verkehr-Hannover,328,0.4847560975609756,0.7291039426523297,428,0.29439252336448596,0.5613192612137203
hannover,https://www.hannover.de/Leichte-Sprache/Hilfe-und-Tipps/Beratung-und-Unterstützung/Hilfe-und-Beratung-für-ältere-Menschen/Kosten∙lose-Beratung,100,0.75,0.7835294117647059,203,0.5221674876847291,0.7106493506493506
hannover,https://www.hannover.de/Leichte-Sprache/Hannover-und-Region/Die-Verwaltung-von-der-Region-Hannover/Die-Hör∙region-Hannover/Gesund-hören/Tipps-für-gutes-Hören,683,0.5109809663250366,0.8209148264984227,905,0.281767955801105,0.6652570093457945
hannover,https://www.hannover.de/Leichte-Sprache/Hannover-und-Region/Die-Verwaltung-von-der-Region-Hannover/Die-Hör∙region-Hannover/Hören-lernen/Gutes-Hören-in-der-Kinder∙tages∙stätte,319,0.5360501567398119,0.7767407407407407,502,0.3784860557768924,0.678719646799117
hannover,https://www.hannover.de/Leichte-Sprache/Hannover-und-Region/Die-Verwaltung-von-der-Region-Hannover/Die-Hör∙region-Hannover/Gesund-hören/Hilfe-für-Menschen-mit-einer-Hör∙beeinträchtigung,357,0.6694677871148459,0.8411038961038961,960,0.28125,0.6884742041712405
hannover,https://www.hannover.de/Leichte-Sprache/Hannover-und-Region/Unterwegs-sein/Unterwegs-mit-Bus-und-Bahn/Begleit∙service-für-Fahrgäste,290,0.5448275862068965,0.7497095435684648,496,0.3125,0.6359731543624162
hannover,https://www.hannover.de/Leichte-Sprache/Hannover-und-Region/Unterwegs-sein/Unterwegs-mit-Bus-und-Bahn/sprinti-in-der-Region-Hannover,269,0.550185873605948,0.7766363636363636,634,0.277602523659306,0.662974358974359
hannover,https://www.hannover.de/Leichte-Sprache/Hannover-und-Region/Unterwegs-sein/Unterwegs-mit-Bus-und-Bahn/Großraum-Verkehr-Hannover,328,0.4847560975609756,0.7291039426523297,428,0.29439252336448596,0.5613192612137203
hannover,https://www.hannover.de/Leichte-Sprache/Hannover-und-Region/Unterwegs-sein/Unterwegs-mit-Bus-und-Bahn/Nacht･stern･verkehr,615,0.45528455284552843,0.7496819787985866,166,0.3795180722891566,0.5432478632478632
hannover,https://www.hannover.de/Leichte-Sprache/Hannover-und-Region/Unterwegs-sein/Unterwegs-mit-Bus-und-Bahn/Fern･busse,286,0.6293706293706294,0.831139240506329,275,0.43272727272727274,0.651061946902655
hannover,https://www.hannover.de/Leichte-Sprache/Hannover-und-Region/Unterwegs-sein/Unterwegs-mit-dem-Taxi/Frauen%EF%BD%A5nacht%EF%BD%A5taxi,581,0.39070567986230637,0.8050751879699248,1626,0.14514145141451415,0.6434876347495244
hannover,https://www.hannover.de/Leichte-Sprache/Hannover-und-Region/Unterwegs-sein/Unterwegs-mit-dem-Taxi/Frauen･nacht･taxi,581,0.39070567986230637,0.8050751879699248,1626,0.14514145141451415,0.6434876347495244
hannover,https://www.hannover.de/Leichte-Sprache/Hilfe-und-Tipps/B%C3%BCros-und-%C3%84mter-f%C3%BCr-B%C3%BCrger/Fach%EF%BD%A5bereich-Soziales-von-der-Stadt-Hannover,74,0.6621621621621622,0.6552,125,0.536,0.6731578947368422
hannover,https://www.hannover.de/Leichte-Sprache/Hilfe-und-Tipps/Vollj%C3%A4hrigkeit-Was-du-mit-18-Jahren-beachten-musst/2.-Jugend%E2%88%99hilfe,562,0.400355871886121,0.7500584795321638,490,0.31020408163265306,0.6769160997732426
hannover,https://www.hannover.de/Leichte-Sprache/Hilfe-und-Tipps/Beratung-und-Unterst%C3%BCtzung/Ansprech%E2%88%99personen-f%C3%BCr-junge-Menschen-mit-Behinderung,522,0.4157088122605364,0.7712050739957717,452,0.30973451327433627,0.625955334987593
hannover,https://www.hannover.de/Leichte-Sprache/Hilfe-und-Tipps/Beratung-und-Unterstützung/Hilfe-und-Beratung-für-ältere-Menschen/Hilfe-für-ältere-Menschen-Beratung-über-den-Schutz-vor-Einbrüchen,202,0.6336633663366337,0.8032679738562092,296,0.4358108108108108,0.7055060728744939
hannover,https://www.hannover.de/Leichte-Sprache/Hilfe-und-Tipps/Beratung-und-Unterstützung/Hilfe-und-Beratung-für-ältere-Menschen/Hilfen-für-Menschen-mit-Hör∙behinderung,227,0.5859030837004405,0.7547191011235955,358,0.4106145251396648,0.7154692556634304
hannover,https://www.hannover.de/Leichte-Sprache/Hilfe-und-Tipps/Beratung-und-Unterstützung/Hilfe-und-Beratung-für-ältere-Menschen/Hilfen-für-Blinde-und-Menschen-mit-Seh∙behinderung,84,0.5833333333333334,0.7291428571428571,582,0.30412371134020616,0.6592120075046904
hannover,https://www.hannover.de/Leichte-Sprache/Hilfe-und-Tipps/Beratung-und-Unterstützung/Hilfe-und-Beratung-für-ältere-Menschen/Info∙broschüre-für-Senioren,172,0.5581395348837209,0.7094308943089431,289,0.43944636678200694,0.67725
hannover,https://www.hannover.de/Leichte-Sprache/Hilfe-und-Tipps/Beratung-und-Unterstützung/Hilfe-und-Beratung-für-ältere-Menschen/Bus-und-Bahn-fahren-Informationen-für-ältere-Menschen,438,0.545662100456621,0.792904884318766,417,0.33573141486810554,0.6867391304347826
hannover,https://www.hannover.de/Leichte-Sprache/Hilfe-und-Tipps/Beratung-und-Unterstützung/Hilfe-und-Beratung-für-ältere-Menschen/Pflege∙beratung-Beratungs∙angebote-und-Sprech∙stunden,33,0.8787878787878788,0.8787878787878788,198,0.5252525252525253,0.690738255033557
hannover,https://www.hannover.de/Leichte-Sprache/Hilfe-und-Tipps/Beratung-und-Unterstützung/Hilfe-und-Beratung-für-ältere-Menschen/Informationen-zum-Senioren∙beirat,310,0.4935483870967742,0.6822988505747127,444,0.32657657657657657,0.6611645569620254
hannover,https://www.hannover.de/Leichte-Sprache/Hilfe-und-Tipps/Beratung-und-Unterstützung/Hilfe-und-Beratung-für-ältere-Menschen/Der-Senioren∙beirat,229,0.5458515283842795,0.7665555555555555,495,0.39595959595959596,0.6606726457399104
hannover,https://www.hannover.de/Leichte-Sprache/Hilfe-und-Tipps/Beratung-und-Unterstützung/Hilfe-und-Beratung-für-ältere-Menschen/Senioren∙telefon-in-der-Stadt-Hannover,95,0.6736842105263158,0.8265217391304348,212,0.4481132075471698,0.6923926380368098
hannover,https://www.hannover.de/Leichte-Sprache/Hilfe-und-Tipps/Beratung-und-Unterstützung/Hilfe-und-Beratung-für-ältere-Menschen/Telefon∙beratung-bei-Problemen-und-Sorgen,96,0.6979166666666666,0.8208510638297872,329,0.4012158054711246,0.6669285714285714
hannover,https://www.hannover.de/Leichte-Sprache/Hilfe-und-Tipps/Beratung-und-Unterstützung/Hilfe-und-Beratung-für-ältere-Menschen/Wohn∙beratung,289,0.5640138408304498,0.7661666666666667,385,0.43376623376623374,0.6792261904761905
hannover,https://www.hannover.de/Leichte-Sprache/Hilfe-und-Tipps/Beratung-und-Unterstützung/Beratung-für-Eltern.-Für-Kinder.-Und-für-Jugendliche/Jugend∙beratung-und-Familien∙beratung-bei-der-Stadt-Hannover,508,0.43503937007874016,0.711111111111111,1473,0.20638153428377462,0.6600702247191012
hannover,https://www.hannover.de/Leichte-Sprache/Hilfe-und-Tipps/Beratung-und-Unterstützung/Beratung-für-Eltern.-Für-Kinder.-Und-für-Jugendliche/Familien∙beratung-und-Erziehungs∙beratung/Beratungs∙stellen-für-Eltern.-Für-Kinder.-Und-für-Jugendliche,325,0.5138461538461538,0.7660869565217391,236,0.3898305084745763,0.6407486631016043
hannover,https://www.hannover.de/Leichte-Sprache/Hilfe-und-Tipps/Beratung-und-Unterstützung/Beratung-für-Eltern.-Für-Kinder.-Und-für-Jugendliche/Familien∙beratung-und-Erziehungs∙beratung,130,0.5461538461538461,0.6296296296296297,211,0.4075829383886256,0.6596296296296297
hannover,https://www.hannover.de/Leichte-Sprache/Hilfe-und-Tipps/Beratung-und-Unterstützung/Beratung-für-Eltern.-Für-Kinder.-Und-für-Jugendliche/Möglichkeiten-für-eine-Beratung,257,0.5369649805447471,0.7958653846153846,1140,0.23508771929824562,0.6511824014665445
hannover,https://www.hannover.de/Leichte-Sprache/Hilfe-und-Tipps/Beratung-und-Unterstützung/Beratung-für-Eltern.-Für-Kinder.-Und-für-Jugendliche/Sprech∙stunden-bei-den-Beratungs∙stellen,241,0.5062240663900415,0.794375,832,0.23317307692307693,0.6537675606641123
hannover,https://www.hannover.de/Leichte-Sprache/Hilfe-und-Tipps/Beratung-und-Unterstützung/Beratung-für-Eltern.-Für-Kinder.-Und-für-Jugendliche/Sprech∙stunde-für-Eltern-mit-Säuglingen-und-Klein∙kindern,187,0.6631016042780749,0.8243478260869564,418,0.39473684210526316,0.7050406504065041
hannover,https://www.hannover.de/Leichte-Sprache/Hilfe-und-Tipps/Beratung-und-Unterstützung/Beratung-für-Eltern.-Für-Kinder.-Und-für-Jugendliche/Angebote-für-Kinder-und-Eltern/Kurse-für-Eltern,408,0.5073529411764706,0.7645125348189414,338,0.3698224852071006,0.68719723183391
hannover,https://www.hannover.de/Leichte-Sprache/Hilfe-und-Tipps/Beratung-und-Unterstützung/Beratung-für-Eltern.-Für-Kinder.-Und-für-Jugendliche/Angebote-für-Kinder-und-Eltern/Gruppen∙angebot-für-Kinder,514,0.4961089494163424,0.7885591397849463,372,0.3225806451612903,0.6481114551083591
hannover,https://www.hannover.de/Leichte-Sprache/Hilfe-und-Tipps/B%C3%BCros-und-%C3%84mter-f%C3%BCr-B%C3%BCrger/Fach%EF%BD%A5bereich-Jugend-der-Region-Hannover,261,0.5555555555555556,0.7343396226415094,81,0.4074074074074074,0.508125
hannover,https://www.hannover.de/Leichte-Sprache/Lernen-und-Arbeiten/Arbeiten/Job%EF%BD%A5center-von-der-Region-Hannover,116,0.6293103448275862,0.7480597014925373,158,0.47468354430379744,0.6667889908256881
hannover,https://www.hannover.de/Leichte-Sprache/Hilfe-und-Tipps/Büros-und-Ämter-für-Bürger/Bürger·ämter-in-Hannover/Termin･vereinbarung-in-den-Bürger･ämtern,328,0.5579268292682927,0.8267383512544803,482,0.3008298755186722,0.6275750577367206
hannover,https://www.hannover.de/Leichte-Sprache/Hilfe-und-Tipps/B%C3%BCros-und-%C3%84mter-f%C3%BCr-B%C3%BCrger/B%C3%BCrger%C2%B7%C3%A4mter-in-Hannover,104,0.4807692307692308,0.5825454545454545,192,0.40625,0.6220979020979022
hannover,https://www.hannover.de/Leichte-Sprache/Hilfe-und-Tipps/Sozial%EF%BD%A5leistungen/Wohn%E2%88%99geld,75,0.5733333333333334,0.6638461538461539,381,0.3228346456692913,0.6293373493975903
hannover,https://www.hannover.de/Leichte-Sprache/Hilfe-und-Tipps/Vollj%C3%A4hrigkeit-Was-du-mit-18-Jahren-beachten-musst/3.-Wohnen,1633,0.3796693202694427,0.8115277777777778,2653,0.17075009423294385,0.6748387096774193
hannover,https://www.hannover.de/Leichte-Sprache/Hilfe-und-Tipps/Vollj%C3%A4hrigkeit-Was-du-mit-18-Jahren-beachten-musst/4.-Geld,1615,0.3591331269349845,0.8026309067688379,1415,0.21696113074204948,0.6841288433382138
hannover,https://www.hannover.de/Leichte-Sprache/Hilfe-und-Tipps/Vollj%C3%A4hrigkeit-Was-du-mit-18-Jahren-beachten-musst/5.-Versicherungen,457,0.5251641137855579,0.8263725490196078,743,0.27456258411843876,0.6449567723342939
hannover,https://www.hannover.de/Leichte-Sprache/Hilfe-und-Tipps/Vollj%C3%A4hrigkeit-Was-du-mit-18-Jahren-beachten-musst/6.-Schule,694,0.41210374639769454,0.781891472868217,517,0.3404255319148936,0.6838034188034188
hannover,https://www.hannover.de/Leichte-Sprache/Hilfe-und-Tipps/Vollj%C3%A4hrigkeit-Was-du-mit-18-Jahren-beachten-musst/7.-Nach-der-Schule,1755,0.36695156695156694,0.7936694021101993,1627,0.21266133988936695,0.6708365019011406
hannover,https://www.hannover.de/Leichte-Sprache/Hilfe-und-Tipps/Vollj%C3%A4hrigkeit-Was-du-mit-18-Jahren-beachten-musst/8.-Gesundheit,239,0.6150627615062761,0.8377894736842105,268,0.47761194029850745,0.7133333333333334
hannover,https://www.hannover.de/Leichte-Sprache/Hilfe-und-Tipps/Vollj%C3%A4hrigkeit-Was-du-mit-18-Jahren-beachten-musst/9.-Freizeit,262,0.6145038167938931,0.8334272300469484,268,0.47761194029850745,0.7393607305936073
hannover,https://www.hannover.de/Leichte-Sprache/Hilfe-und-Tipps/Vollj%C3%A4hrigkeit-Was-du-mit-18-Jahren-beachten-musst/10.-Beratung-und-Hilfen,636,0.4889937106918239,0.7937649063032368,1521,0.23339907955292571,0.6707880434782608
hannover,https://www.hannover.de/Leichte-Sprache/Hilfe-und-Tipps/Vollj%C3%A4hrigkeit-Was-du-mit-18-Jahren-beachten-musst/1.-Vollj%C3%A4hrigkeit,613,0.4535073409461664,0.7876950354609928,973,0.2723535457348407,0.7109090909090909
hannover,https://www.hannover.de/Leichte-Sprache/Hilfe-und-Tipps/Familie-und-Partnerschaft/Koordinierungs∙stelle-Unterstützung-für-Allein∙erziehende/Angebote-für-Allein∙erziehende,103,0.7184466019417476,0.8240740740740741,64,0.6875,0.74
hannover,https://www.hannover.de/Leichte-Sprache/Hilfe-und-Tipps/Gesundheit2/Gesundheits･tipps/Das-müssen-Sie-über-Affen∙pocken-wissen,361,0.5484764542936288,0.816474358974359,495,0.32525252525252524,0.6424663677130046
hannover,https://www.hannover.de/Leichte-Sprache/Hilfe-und-Tipps/Gesundheit2/Gesundheits･tipps/Wie-kann-ich-mich-vor-einer-Erkältung-schützen,1233,0.41686942416869427,0.8120101351351351,1077,0.25719591457753016,0.6624124513618678
hannover,https://www.hannover.de/Leichte-Sprache/Hilfe-und-Tipps/Gesundheit2/Gesundheits･tipps/Hautkrebs-früh-genug-erkennen,300,0.6333333333333333,0.7997609561752989,279,0.41935483870967744,0.6829565217391305
hannover,https://www.hannover.de/Leichte-Sprache/Hilfe-und-Tipps/Gesundheit2/Gesundheits･tipps/Herz·infarkt-und-Schlag·anfall,1101,0.4396003633060854,0.8036311787072243,871,0.24799081515499427,0.6221167883211679
hannover,https://www.hannover.de/Leichte-Sprache/Hilfe-und-Tipps/Gesundheit2/Gesundheits･tipps/Influenza,766,0.4660574412532637,0.7859972105997209,737,0.2876526458616011,0.6686046511627907
hannover,https://www.hannover.de/Leichte-Sprache/Hilfe-und-Tipps/Gesundheit2/Gesundheits･tipps/Was-kann-ich-gegen-Kopf·läuse-tun,1208,0.3923841059602649,0.7479378774805867,551,0.29038112522686027,0.6601593625498008
hannover,https://www.hannover.de/Leichte-Sprache/Hilfe-und-Tipps/Gesundheit2/Gesundheits･tipps/Was-ist-der-Noro-Virus,620,0.4870967741935484,0.8233975481611209,576,0.2986111111111111,0.6826185958254269
hannover,https://www.hannover.de/Leichte-Sprache/Hilfe-und-Tipps/Gesundheit2/Gesundheits･tipps/Das-Masern·schutz·gesetz,795,0.4050314465408805,0.7561126005361931,824,0.24150485436893204,0.6248258064516129
hannover,https://www.hannover.de/Leichte-Sprache/Hilfe-und-Tipps/Gesundheit2/Impfen-und-Impf∙beratung/Das-Masern·schutz·gesetz,795,0.4050314465408805,0.7561126005361931,824,0.24150485436893204,0.6248258064516129
hannover,https://www.hannover.de/Leichte-Sprache/Hilfe-und-Tipps/F%C3%B6rderung-von-Kultur-in-der-Region-Hannover,368,0.46195652173913043,0.7641379310344827,220,0.37272727272727274,0.632046783625731
hannover,https://www.hannover.de/Leichte-Sprache/Hilfe-und-Tipps/F%C3%B6rderung-von-Kultur-in-der-Region-Hannover/2.-F%C3%B6rderung-f%C3%BCr-Projekte-mit-kulturellen-Aufgaben,215,0.627906976744186,0.7951807228915663,496,0.34274193548387094,0.6867114093959731
hannover,https://www.hannover.de/Leichte-Sprache/Hilfe-und-Tipps/F%C3%B6rderung-von-Kultur-in-der-Region-Hannover/7.-F%C3%B6rderung-f%C3%BCr-kulturelle-Einrichtungen,136,0.6691176470588235,0.7445977011494253,297,0.3400673400673401,0.6268548387096774
hannover,https://www.hannover.de/Leichte-Sprache/Hilfe-und-Tipps/F%C3%B6rderung-von-Kultur-in-der-Region-Hannover/8.-F%C3%B6rderung-f%C3%BCr-Theater,88,0.5681818181818182,0.6389743589743591,152,0.5,0.6811650485436893
hannover,https://www.hannover.de/Leichte-Sprache/Hilfe-und-Tipps/F%C3%B6rderung-von-Kultur-in-der-Region-Hannover/4.-F%C3%B6rderung-f%C3%BCr-Spiel%E2%88%99pl%C3%A4ne,285,0.5017543859649123,0.7369491525423728,485,0.3216494845360825,0.6745871559633028
hannover,https://www.hannover.de/Leichte-Sprache/Hilfe-und-Tipps/F%C3%B6rderung-von-Kultur-in-der-Region-Hannover/3.-F%C3%B6rderung-f%C3%BCr-die-Arbeit-in-einem-Chor,202,0.6633663366336634,0.8216993464052288,335,0.3582089552238806,0.6556643356643357
hannover,https://www.hannover.de/Leichte-Sprache/Hilfe-und-Tipps/F%C3%B6rderung-von-Kultur-in-der-Region-Hannover/1.-F%C3%B6rderung-f%C3%BCr-Projekte,311,0.5401929260450161,0.7953435114503816,388,0.34536082474226804,0.6682595870206489
hannover,https://www.hannover.de/Leichte-Sprache/Hilfe-und-Tipps/Notf%C3%A4lle-und-Katastrophen-Hilfe-und-Tipps/Verhalten-bei-einer-Katastrophe,157,0.6050955414012739,0.7651851851851852,1918,0.20855057351407716,0.6840128410914929
hannover,https://www.hannover.de/Leichte-Sprache/Hilfe-und-Tipps/Notf%C3%A4lle-und-Katastrophen-Hilfe-und-Tipps/Was-passiert-bei-einer-Evakuierung,604,0.5231788079470199,0.8181261261261261,864,0.26157407407407407,0.6504294478527608
hannover,https://www.hannover.de/Leichte-Sprache/Hilfe-und-Tipps/Notf%C3%A4lle-und-Katastrophen-Hilfe-und-Tipps/Strom%E2%88%99ausfall-Hilfe-f%C3%BCr-Menschen-mit-Behinderung,182,0.6813186813186813,0.8345864661654135,411,0.31873479318734793,0.7134254143646409
hannover,https://www.hannover.de/Leichte-Sprache/Hilfe-und-Tipps/Schwangerschaft-und-Geburt/Fachkr%C3%A4fte-Fr%C3%BChe-Hilfen,467,0.430406852248394,0.8120574162679426,299,0.4080267558528428,0.68024
hannover,https://www.hannover.de/Leichte-Sprache/Hilfe-und-Tipps/Schwangerschaft-und-Geburt/Schwangerschafts%E2%88%99wegweiser,471,0.5286624203821656,0.8213744075829384,367,0.4114441416893733,0.7122012578616352
hannover,https://www.hannover.de/Leichte-Sprache/Freizeit-und-Tourismus/Feste/Warum-feiern-wir-bestimmte-Feste/Warum-feiern-wir-Ostern,900,0.41444444444444445,0.7721739130434783,692,0.2615606936416185,0.5620217729393469
hannover,https://www.hannover.de/Leichte-Sprache/Freizeit-und-Tourismus/Feste/Warum-feiern-wir-bestimmte-Feste/Warum-feiern-wir-den-1.-Mai,903,0.46068660022148394,0.7747072599531616,347,0.3227665706051873,0.6187919463087248
hannover,https://www.hannover.de/Leichte-Sprache/Freizeit-und-Tourismus/Feste/Warum-feiern-wir-bestimmte-Feste/Warum-feiern-wir-Christi-Himmel∙fahrt,388,0.5412371134020618,0.7889675516224188,204,0.39705882352941174,0.6227096774193548
hannover,https://www.hannover.de/Leichte-Sprache/Freizeit-und-Tourismus/Feste/Warum-feiern-wir-bestimmte-Feste/Warum-feiern-wir-Pfingsten,466,0.5579399141630901,0.814052757793765,223,0.43946188340807174,0.6214942528735632
hannover,https://www.hannover.de/Leichte-Sprache/Freizeit-und-Tourismus/Feste/Warum-feiern-wir-bestimmte-Feste/Warum-feiern-wir-den-Reformations∙tag,642,0.4657320872274143,0.7854637436762225,348,0.3620689655172414,0.6325083612040134
hannover,https://www.hannover.de/Leichte-Sprache/Freizeit-und-Tourismus/Feste/Warum-feiern-wir-bestimmte-Feste/Warum-feiern-wir-den-Martins∙tag,898,0.38084632516703787,0.7443580683156655,219,0.4429223744292237,0.6592941176470588
hannover,https://www.hannover.de/Leichte-Sprache/Freizeit-und-Tourismus/Feste/Warum-feiern-wir-bestimmte-Feste/Warum-feiern-wir-Weihnachten,1404,0.400997150997151,0.7956752767527676,570,0.2982456140350877,0.6290595009596929
hannover,https://www.hannover.de/Leichte-Sprache/Freizeit-und-Tourismus/Feste/Warum-feiern-wir-bestimmte-Feste/Warum-feiern-wir-Silvester-und-Neu∙jahr,924,0.461038961038961,0.8061714285714285,225,0.4177777777777778,0.6256818181818182
hannover,https://www.hannover.de/Leichte-Sprache/Freizeit-und-Tourismus/Draußen/Fahrrad∙fahren-in-der-Region-Hannover/Der-Deister∙kreisel,364,0.4725274725274725,0.7226666666666666,414,0.357487922705314,0.6372054794520549
hannover,https://www.hannover.de/Leichte-Sprache/Freizeit-und-Tourismus/Draußen/Fahrrad∙fahren-in-der-Region-Hannover/Der-Grüne-Ring,175,0.5942857142857143,0.8125396825396825,331,0.41389728096676737,0.6612056737588653
hannover,https://www.hannover.de/Leichte-Sprache/Freizeit-und-Tourismus/Draußen/Fahrrad∙fahren-in-der-Region-Hannover/Die-Hof∙laden∙routen,204,0.5,0.7024516129032258,349,0.37822349570200575,0.6706
hannover,https://www.hannover.de/Leichte-Sprache/Freizeit-und-Tourismus/Draußen/Fahrrad∙fahren-in-der-Region-Hannover/Die-Nord∙hannoversche-Moor∙route,202,0.5841584158415841,0.7924183006535948,351,0.35327635327635326,0.6098013245033113
hannover,https://www.hannover.de/Leichte-Sprache/Freizeit-und-Tourismus/Draußen/Fahrrad∙fahren-in-der-Region-Hannover/Die-Kultur∙route,253,0.5573122529644269,0.7526470588235293,277,0.4548736462093863,0.6721929824561403
hannover,https://www.hannover.de/Leichte-Sprache/Freizeit-und-Tourismus/Draußen/Fahrrad∙fahren-in-der-Region-Hannover/Fahrrad∙fahren-am-Mittel∙land∙kanal,391,0.48081841432225064,0.7648538011695906,527,0.35294117647058826,0.6503347280334728
hannover,https://www.hannover.de/Leichte-Sprache/Freizeit-und-Tourismus/Draußen/Ausflugs･ziele/Sea-Life-Hannover,177,0.6045197740112994,0.82203125,211,0.41232227488151657,0.6532098765432099
hannover,https://www.hannover.de/Leichte-Sprache/Freizeit-und-Tourismus/Draußen/Ausflugs･ziele/Tier∙garten,502,0.5199203187250996,0.7821192052980133,186,0.4838709677419355,0.6524087591240876
hannover,https://www.hannover.de/Leichte-Sprache/Freizeit-und-Tourismus/Draußen/Ausflugs･ziele/Eilenriede,545,0.48807339449541287,0.729516129032258,219,0.45662100456621,0.638235294117647
hannover,https://www.hannover.de/Leichte-Sprache/Lernen-und-Arbeiten/Lernen/Schul∙beginn-Informationen-für-Eltern-und-Kinder/Spielen,390,0.4282051282051282,0.6978299120234605,741,0.2807017543859649,0.6428612716763006
hannover,https://www.hannover.de/Leichte-Sprache/Lernen-und-Arbeiten/Lernen/Schul∙beginn-Informationen-für-Eltern-und-Kinder/Sprache,387,0.37209302325581395,0.660887573964497,403,0.3027295285359802,0.6009039548022599
hannover,https://www.hannover.de/Leichte-Sprache/Lernen-und-Arbeiten/Lernen/Schul∙beginn-Informationen-für-Eltern-und-Kinder/Das-machen-Kinder-von-4-bis-6-Jahren,94,0.6276595744680851,0.7986666666666666,98,0.5,0.6146938775510205
hannover,https://www.hannover.de/Leichte-Sprache/Lernen-und-Arbeiten/Lernen/Schul∙beginn-Informationen-für-Eltern-und-Kinder/Informationen-für-die-Zeit-vor-der-Einschulung,121,0.6198347107438017,0.8291666666666666,62,0.6935483870967742,0.7230769230769231
hannover,https://www.hannover.de/Leichte-Sprache/Lernen-und-Arbeiten/Lernen/Schul∙beginn-Informationen-für-Eltern-und-Kinder/Ideen-und-Informationen-für-zuhause,98,0.6224489795918368,0.7387755102040817,108,0.5462962962962963,0.7288135593220338
hannover,https://www.hannover.de/Leichte-Sprache/Lernen-und-Arbeiten/Lernen/Schul∙beginn-Informationen-für-Eltern-und-Kinder/Mein-Kind-braucht-Unterstützung,100,0.61,0.7937254901960784,77,0.6103896103896104,0.7442857142857143
hannover,https://www.hannover.de/Leichte-Sprache/Lernen-und-Arbeiten/Lernen/F%C3%B6rderung/Hilfe-f%C3%BCr-den-Schul%EF%BD%A5weg,156,0.5576923076923077,0.7755140186915889,208,0.3942307692307692,0.6110691823899371
hannover,https://www.hannover.de/Leichte-Sprache/Lernen-und-Arbeiten/Lernen/Förderung/Hilfe-für-den-Schul･weg,156,0.5576923076923077,0.7755140186915889,208,0.3942307692307692,0.6110691823899371
hannover,https://www.hannover.de/Leichte-Sprache/Hilfe-und-Tipps/Sozial･leistungen/BuT-Leistungen-Leit∙faden-für-Mitarbeiter-in-Kitas,542,0.3929889298892989,0.7598377281947262,881,0.24063564131668558,0.635576923076923
hannover,https://www.hannover.de/Leichte-Sprache/Hilfe-und-Tipps/Sozial･leistungen/Grund∙sicherung-Hilfe-für-ältere-Menschen-und-bei-Berufs∙unfähigkeit,883,0.42355605889014725,0.7816546762589928,1713,0.18972562755399883,0.6079086538461539
hannover,https://www.hannover.de/Leichte-Sprache/Hilfe-und-Tipps/Sozial･leistungen/Sozial･hilfe,495,0.4626262626262626,0.7498206278026907,467,0.3019271948608137,0.6251674641148325
hannover,https://www.hannover.de/Leichte-Sprache/Hilfe-und-Tipps/Sozial･leistungen/Informationen-zu-Bildung-und-Teilhabe,643,0.40746500777604977,0.7638720538720539,239,0.42677824267782427,0.676421052631579
hannover,https://www.hannover.de/Leichte-Sprache/Hilfe-und-Tipps/Sozial･leistungen/Wohn∙geld,75,0.5733333333333334,0.6638461538461539,381,0.3228346456692913,0.6293373493975903
hannover,https://www.hannover.de/Leichte-Sprache/Hilfe-und-Tipps/Sozial･leistungen/Hilfen-für-Menschen-mit-Hör∙behinderung,227,0.5859030837004405,0.7547191011235955,358,0.4106145251396648,0.7154692556634304
hannover,https://www.hannover.de/Leichte-Sprache/Hilfe-und-Tipps/Notf%C3%A4lle-und-Katastrophen-Hilfe-und-Tipps/Verhalten-bei-extremem-Wetter/Gewitter-und-Sturm-in-Hannover,652,0.48466257668711654,0.7966169154228856,824,0.27427184466019416,0.6542967741935484
hannover,https://www.hannover.de/Leichte-Sprache/Hilfe-und-Tipps/Notf%C3%A4lle-und-Katastrophen-Hilfe-und-Tipps/Verhalten-bei-extremem-Wetter/Hitze-in-der-Region-Hannover,352,0.48579545454545453,0.7695709570957096,266,0.39097744360902253,0.6987096774193549
hannover,https://www.hannover.de/Leichte-Sprache/Hilfe-und-Tipps/Notf%C3%A4lle-und-Katastrophen-Hilfe-und-Tipps/Verhalten-bei-extremem-Wetter/K%C3%A4lte-in-Hannover,1055,0.4767772511848341,0.801272365805169,861,0.31010452961672474,0.6741133004926109
hannover,https://www.hannover.de/Leichte-Sprache/Hilfe-und-Tipps/Notf%C3%A4lle-und-Katastrophen-Hilfe-und-Tipps/Verhalten-bei-extremem-Wetter/Wann-f%C3%A4llt-in-Hannover-die-Schule-aus,201,0.5970149253731343,0.7907894736842106,339,0.36578171091445427,0.6451034482758621
hannover,https://www.hannover.de/Leichte-Sprache/Hilfe-und-Tipps/Notf%C3%A4lle-und-Katastrophen-Hilfe-und-Tipps/Verhalten-bei-extremem-Wetter/Hoch%E2%88%99wasser-in-der-Region-Hannover,672,0.5446428571428571,0.8032423756019262,673,0.32540861812778604,0.7026282051282051
hannover,https://www.hannover.de/Leichte-Sprache/Hilfe-und-Tipps/Gesundheit2/Gesundheits･tipps/Hitze-in-der-Region-Hannover/Tipps-für-heiße-Tage,3168,0.36710858585858586,0.8216607887143316,918,0.2679738562091503,0.7119907940161105
hannover,https://www.hannover.de/Leichte-Sprache/Hilfe-und-Tipps/Gesundheit2/Gesundheits･tipps/Hitze-in-der-Region-Hannover/Sonnen∙schutz-für-Kinder,227,0.5594713656387665,0.8144943820224718,460,0.34347826086956523,0.6893917274939173
hannover,https://www.hannover.de/Leichte-Sprache/Hilfe-und-Tipps/Gesundheit2/Gesundheits･tipps/Hitze-in-der-Region-Hannover/Tipps-für-schwangere-Frauen,407,0.5626535626535627,0.8143016759776536,553,0.33634719710669075,0.7161904761904762
hannover,https://www.hannover.de/Leichte-Sprache/Hilfe-und-Tipps/Gesundheit2/Gesundheits･tipps/Hitze-in-der-Region-Hannover/Klima∙wandel-und-Klima∙anpassung,168,0.5595238095238095,0.773109243697479,365,0.38904109589041097,0.6759493670886075
hannover,https://www.hannover.de/Leichte-Sprache/Hilfe-und-Tipps/Notf%C3%A4lle-und-Katastrophen-Hilfe-und-Tipps/Verhalten-bei-extremem-Wetter/Schnee-und-Glatt%E2%88%99eis-in-Hannover,1062,0.4444444444444444,0.782507403751234,862,0.29350348027842227,0.6716851168511686
hannover,http://www.hannover.de/Leichte-Sprache/Hilfe-und-Tipps/Wie-benutze-ich-Hannover.de-in-Leichter-Sprache/Warum-gibt-es-Leichte-Sprache-auf-Hannover.de,280,0.4357142857142857,0.7067532467532467,322,0.32298136645962733,0.6495970695970696
hannover,http://www.hannover.de/Leichte-Sprache/Hilfe-und-Tipps/Wie-benutze-ich-Hannover.de-in-Leichter-Sprache/Wie-benutze-ich-Hannover.de,1621,0.3053670573719926,0.737735368956743,1743,0.17498565691336776,0.6355726092089728
hannover,http://www.hannover.de/Leichte-Sprache/Hannover-und-Region/Die-Landschaft-von-der-Region-Hannover,143,0.5944055944055944,0.7093617021276597,248,0.3951612903225806,0.5908542713567839
hannover,http://www.hannover.de/Leichte-Sprache/Hannover-und-Region/Die-Verwaltung-von-der-Region-Hannover,138,0.6304347826086957,0.7285393258426967,613,0.3132137030995106,0.6290780141843972
hannover,http://www.hannover.de/Leichte-Sprache/Hannover-und-Region/Sylvia-Thiel-Beauftragte-für-Menschen-mit-Behinderung-von-der-Region-Hannover,479,0.44676409185803756,0.7409302325581396,308,0.3474025974025974,0.6291119691119691
hannover,http://www.hannover.de/Leichte-Sprache/Hannover-und-Region/Andreas-Mangelsdorf-Beauftragter-für-Menschen-mit-Behinderung-von-der-Landes･haupt･stadt-Hannover,436,0.4954128440366973,0.7802067183462532,250,0.376,0.6274626865671642
hannover,http://www.hannover.de/Leichte-Sprache/Hannover-und-Region/Unterwegs-sein,202,0.5148514851485149,0.7278431372549019,45,0.6666666666666666,0.6666666666666666
hannover,http://www.hannover.de/Leichte-Sprache/Hilfe-und-Tipps/Park∙zonen-für-Bewohner-in-der-Stadt-Hannover,3258,0.2759361571516268,0.7563913991897788,1756,0.1571753986332574,0.6350439367311072
hannover,http://www.hannover.de/Leichte-Sprache/Hilfe-und-Tipps/Euro-WC-Schlüssel-für-Menschen-mit-Behinderung,132,0.6666666666666666,0.8149397590361446,417,0.3381294964028777,0.6747826086956522
hannover,http://www.hannover.de/Leichte-Sprache/Hilfe-und-Tipps/Blau∙algen-Fragen-und-Antworten,406,0.5566502463054187,0.8231932773109244,666,0.3048048048048048,0.6937763371150729
hannover,http://www.hannover.de/Leichte-Sprache/Hilfe-und-Tipps/HannoverAktivPass,462,0.3852813852813853,0.7116222760290556,164,0.39634146341463417,0.5770434782608695
hannover,http://www.hannover.de/Leichte-Sprache/Hilfe-und-Tipps/Flucht-aus-der-Ukraine-Informationen-für-Menschen-mit-Behinderung,540,0.3907407407407407,0.6876171079429735,672,0.26339285714285715,0.642760834670947
hannover,http://www.hannover.de/Leichte-Sprache/Hilfe-und-Tipps/Förderung-von-Kultur-in-der-Region-Hannover,368,0.46195652173913043,0.7641379310344827,220,0.37272727272727274,0.632046783625731
hannover,http://www.hannover.de/Leichte-Sprache/Hilfe-und-Tipps/Wie-funktioniert-die-Mängel∙hinweis∙karte,91,0.7252747252747253,0.8019047619047619,636,0.27044025157232704,0.6320272572402045
hannover,http://www.hannover.de/Leichte-Sprache/Hilfe-und-Tipps/Bus-und-Bahn-Wo-sind-Roll­∙treppen-und-Auf­züge-kaputt,148,0.5675675675675675,0.7496969696969696,313,0.34185303514376997,0.6704545454545454
hannover,http://www.hannover.de/Leichte-Sprache/Hilfe-und-Tipps/Schwer∙behinderten∙ausweis,166,0.5903614457831325,0.7764102564102564,206,0.3932038834951456,0.6396178343949045
hannover,http://www.hannover.de/Leichte-Sprache/Hannover-und-Region/Politik/Wahlen/Kommunal∙wahlen-2026-in-der-Region-Hannover/Informationen-zu-den-Kommunal∙wahlen-2026,1349,0.33209785025945143,0.7748307692307692,1589,0.19320327249842667,0.6267532467532467
hannover,http://www.hannover.de/Leichte-Sprache/Hannover-und-Region/Politik/Wahlen/Kommunal∙wahlen-2026-in-der-Region-Hannover/Fragen-und-Antworten-für-Wahl∙helfer,723,0.43291839557399725,0.769673590504451,682,0.27419354838709675,0.6349131121642969
hannover,http://www.hannover.de/Leichte-Sprache/Hannover-und-Region/Politik/Wahlen/Kommunal∙wahlen-2026-in-der-Region-Hannover/Wie-kann-ich-die-Wahl·leiter-erreichen,64,0.8125,0.844,212,0.49056603773584906,0.6465030674846626
hannover,http://www.hannover.de/Leichte-Sprache/Hannover-und-Region/Politik/Wahlen/Kommunal∙wahlen-2026-in-der-Region-Hannover/Wie-kann-ich-bei-der-Wahl-helfen,280,0.5357142857142857,0.7774891774891775,344,0.3546511627906977,0.668271186440678
hannover,http://www.hannover.de/Leichte-Sprache/Hilfe-und-Tipps/Park%E2%88%99zonen-f%C3%BCr-Bewohner-in-der-Stadt-Hannover,3258,0.2759361571516268,0.7563913991897788,1756,0.1571753986332574,0.6350439367311072
hannover,http://www.hannover.de/Leichte-Sprache/Hilfe-und-Tipps/Wie-funktioniert-die-M%C3%A4ngel%E2%88%99hinweis%E2%88%99karte,91,0.7252747252747253,0.8019047619047619,636,0.27044025157232704,0.6320272572402045
hannover,https://www.hannover.de/Leichte-Sprache/Freizeit-und-Tourismus/Drinnen/Museen-und-Ausstellungen/Die-Gedenkstätte-Ahlem/Die-Geschichte-von-der-Gedenkstätte-Ahlem,352,0.5482954545454546,0.7557755775577558,501,0.3333333333333333,0.6361061946902654
hannover,https://www.hannover.de/Leichte-Sprache/Freizeit-und-Tourismus/Drinnen/Museen-und-Ausstellungen/Die-Gedenkst%C3%A4tte-Ahlem/Die-Geschichte-von-der-Gedenkst%C3%A4tte-Ahlem,352,0.5482954545454546,0.7557755775577558,501,0.3333333333333333,0.6361061946902654
hannover,https://www.hannover.de/Leichte-Sprache/Freizeit-und-Tourismus/Drinnen/Museen-und-Ausstellungen/Die-Gedenkst%C3%A4tte-Ahlem/Lern%E2%88%99angebote-in-der-Gedenkst%C3%A4tte-Ahlem,472,0.4851694915254237,0.7851063829787235,678,0.2831858407079646,0.6755484896661368
hannover,https://www.hannover.de/Leichte-Sprache/Freizeit-und-Tourismus/Drinnen/Museen-und-Ausstellungen/Die-Gedenkst%C3%A4tte-Ahlem/Die-Gedenkst%C3%A4tte-Ahlem-heute,304,0.5592105263157895,0.7338039215686275,451,0.328159645232816,0.6629850746268656
hannover,https://www.hannover.de/Leichte-Sprache/Hilfe-und-Tipps/Gesundheit2/Gesundheits%EF%BD%A5tipps/Hitze-in-der-Region-Hannover/Tipps-f%C3%BCr-hei%C3%9Fe-Tage,3168,0.36710858585858586,0.8216607887143316,918,0.2679738562091503,0.7119907940161105
hannover,https://www.hannover.de/Leichte-Sprache/Hilfe-und-Tipps/B%C3%BCros-und-%C3%84mter-f%C3%BCr-B%C3%BCrger/Standes%E2%88%99amt,32,0.875,0.875,515,0.24660194174757283,0.5716738197424892
hannover,https://www.hannover.de/Leichte-Sprache/Nachrichten-und-Veranstaltungen/Nachrichten/%C3%9CMO-Die-neue-%C3%9Cstra,559,0.41681574239713776,0.7421960784313725,334,0.3502994011976048,0.6251929824561404
hannover,https://www.hannover.de/Leichte-Sprache/Hilfe-und-Tipps/Beratung-und-Unterst%C3%BCtzung/Hilfe-und-Beratung-f%C3%BCr-%C3%A4ltere-Menschen,115,0.7391304347826086,0.7703030303030304,106,0.5943396226415094,0.7610526315789474
hannover,https://www.hannover.de/Leichte-Sprache/Hilfe-und-Tipps/Beratung-und-Unterst%C3%BCtzung/Hilfe-und-Beratung-f%C3%BCr-%C3%A4ltere-Menschen/Hilfen-f%C3%BCr-Blinde-und-Menschen-mit-Seh%E2%88%99behinderung,84,0.5833333333333334,0.7291428571428571,582,0.30412371134020616,0.6592120075046904
hannover,https://www.hannover.de/Leichte-Sprache/Hilfe-und-Tipps/Sozial%EF%BD%A5leistungen/Hilfen-f%C3%BCr-Menschen-mit-H%C3%B6r%E2%88%99behinderung,227,0.5859030837004405,0.7547191011235955,358,0.4106145251396648,0.7154692556634304
hannover,https://www.hannover.de/Leichte-Sprache/Hilfe-und-Tipps/Beratung-und-Unterst%C3%BCtzung/Hilfe-und-Beratung-f%C3%BCr-%C3%A4ltere-Menschen/Bus-und-Bahn-fahren-Informationen-f%C3%BCr-%C3%A4ltere-Menschen,438,0.545662100456621,0.792904884318766,417,0.33573141486810554,0.6867391304347826
hannover,https://www.hannover.de/Leichte-Sprache/Hilfe-und-Tipps/Beratung-und-Unterst%C3%BCtzung/Hilfe-und-Beratung-f%C3%BCr-%C3%A4ltere-Menschen/Der-Senioren%E2%88%99beirat,229,0.5458515283842795,0.7665555555555555,495,0.39595959595959596,0.6606726457399104
hannover,https://www.hannover.de/Leichte-Sprache/Hilfe-und-Tipps/Beratung-und-Unterst%C3%BCtzung/Hilfe-und-Beratung-f%C3%BCr-%C3%A4ltere-Menschen/Info%E2%88%99brosch%C3%BCre-f%C3%BCr-Senioren,172,0.5581395348837209,0.7094308943089431,289,0.43944636678200694,0.67725
hannover,https://www.hannover.de/Leichte-Sprache/Hilfe-und-Tipps/Beratung-und-Unterst%C3%BCtzung/Hilfe-und-Beratung-f%C3%BCr-%C3%A4ltere-Menschen/Senioren%E2%88%99telefon-in-der-Stadt-Hannover,95,0.6736842105263158,0.8265217391304348,212,0.4481132075471698,0.6923926380368098
hannover,https://www.hannover.de/Leichte-Sprache/Hilfe-und-Tipps/Beratung-und-Unterst%C3%BCtzung/Hilfe-und-Beratung-f%C3%BCr-%C3%A4ltere-Menschen/Wohn%E2%88%99beratung,289,0.5640138408304498,0.7661666666666667,385,0.43376623376623374,0.6792261904761905
hannover,https://www.hannover.de/Leichte-Sprache/Hilfe-und-Tipps/Beratung-und-Unterst%C3%BCtzung/Hilfe-und-Beratung-f%C3%BCr-%C3%A4ltere-Menschen/Pflege%E2%88%99beratung-Beratungs%E2%88%99angebote-und-Sprech%E2%88%99stunden,33,0.8787878787878788,0.8787878787878788,198,0.5252525252525253,0.690738255033557
hannover,https://www.hannover.de/Leichte-Sprache/Hilfe-und-Tipps/Beratung-und-Unterst%C3%BCtzung/Hilfe-und-Beratung-f%C3%BCr-%C3%A4ltere-Menschen/Telefon%E2%88%99beratung-bei-Problemen-und-Sorgen,96,0.6979166666666666,0.8208510638297872,329,0.4012158054711246,0.6669285714285714
hannover,https://www.hannover.de/Leichte-Sprache/Hilfe-und-Tipps/Beratung-und-Unterst%C3%BCtzung/Hilfe-und-Beratung-f%C3%BCr-%C3%A4ltere-Menschen/Hilfe-f%C3%BCr-%C3%A4ltere-Menschen-Beratung-%C3%BCber-den-Schutz-vor-Einbr%C3%BCchen,202,0.6336633663366337,0.8032679738562092,296,0.4358108108108108,0.7055060728744939
hannover,https://www.hannover.de/Leichte-Sprache/Hannover-und-Region/Die-Verwaltung-von-der-Region-Hannover/Die-H%C3%B6r%E2%88%99region-Hannover/Gesund-h%C3%B6ren/Hilfe-f%C3%BCr-Menschen-mit-einer-H%C3%B6r%E2%88%99beeintr%C3%A4chtigung,357,0.6694677871148459,0.8411038961038961,960,0.28125,0.6884742041712405
hannover,https://www.hannover.de/Leichte-Sprache/Hannover-und-Region/Die-Verwaltung-von-der-Region-Hannover/Die-H%C3%B6r%E2%88%99region-Hannover/Gesund-h%C3%B6ren/Tipps-f%C3%BCr-gutes-H%C3%B6ren,683,0.5109809663250366,0.8209148264984227,905,0.281767955801105,0.6652570093457945
hannover,https://www.hannover.de/Leichte-Sprache/Hannover-und-Region/Die-Verwaltung-von-der-Region-Hannover/Die-H%C3%B6r%E2%88%99region-Hannover/H%C3%B6ren-lernen/Gutes-H%C3%B6ren-in-der-Kinder%E2%88%99tages%E2%88%99st%C3%A4tte,319,0.5360501567398119,0.7767407407407407,502,0.3784860557768924,0.678719646799117
hannover,https://www.hannover.de/Leichte-Sprache/Hannover-und-Region/Die-Verwaltung-von-der-Region-Hannover/Die-Hör∙region-Hannover/Hören-erleben/Programm-von-der-Hör∙region/Newsletter-von-der-Hör∙region,630,0.4507936507936508,0.7689845094664371,138,0.45652173913043476,0.6658426966292135
hannover,https://www.hannover.de/Leichte-Sprache/Nachrichten-und-Veranstaltungen/Nachrichten/Fragen-und-Antworten-zum-Deutschland%E2%88%99ticket,799,0.3454317897371715,0.7312,1352,0.1893491124260355,0.6285801995395242
hannover,https://www.hannover.de/Leichte-Sprache/Hilfe-und-Tipps/Beratung-und-Unterst%C3%BCtzung/Hilfe-und-Beratung-f%C3%BCr-%C3%A4ltere-Menschen/Kosten%E2%88%99lose-Beratung,100,0.75,0.7835294117647059,203,0.5221674876847291,0.7106493506493506
hannover,https://www.hannover.de/Leichte-Sprache/Nachrichten-und-Veranstaltungen/Nachrichten/Begleit∙service-für-Fahrgäste,290,0.5448275862068965,0.7497095435684648,496,0.3125,0.6359731543624162
hannover,https://www.hannover.de/Leichte-Sprache/Hilfe-und-Tipps/Beratung-und-Unterst%C3%BCtzung/Beratung-f%C3%BCr-Eltern.-F%C3%BCr-Kinder.-Und-f%C3%BCr-Jugendliche/M%C3%B6glichkeiten-f%C3%BCr-eine-Beratung,257,0.5369649805447471,0.7958653846153846,1140,0.23508771929824562,0.6511824014665445
hannover,https://www.hannover.de/Leichte-Sprache/Hilfe-und-Tipps/Beratung-und-Unterst%C3%BCtzung/Beratung-f%C3%BCr-Eltern.-F%C3%BCr-Kinder.-Und-f%C3%BCr-Jugendliche/Sprech%E2%88%99stunden-bei-den-Beratungs%E2%88%99stellen,241,0.5062240663900415,0.794375,832,0.23317307692307693,0.6537675606641123
hannover,https://www.hannover.de/Leichte-Sprache/Hilfe-und-Tipps/Beratung-und-Unterst%C3%BCtzung/Beratung-f%C3%BCr-Eltern.-F%C3%BCr-Kinder.-Und-f%C3%BCr-Jugendliche/Sprech%E2%88%99stunde-f%C3%BCr-Eltern-mit-S%C3%A4uglingen-und-Klein%E2%88%99kindern,187,0.6631016042780749,0.8243478260869564,418,0.39473684210526316,0.7050406504065041
hannover,https://www.hannover.de/Leichte-Sprache/Hilfe-und-Tipps/Beratung-und-Unterst%C3%BCtzung/Beratung-f%C3%BCr-Eltern.-F%C3%BCr-Kinder.-Und-f%C3%BCr-Jugendliche/Angebote-f%C3%BCr-Kinder-und-Eltern/Kurse-f%C3%BCr-Eltern,408,0.5073529411764706,0.7645125348189414,338,0.3698224852071006,0.68719723183391
hannover,https://www.hannover.de/Leichte-Sprache/Hilfe-und-Tipps/Beratung-und-Unterst%C3%BCtzung/Beratung-f%C3%BCr-Eltern.-F%C3%BCr-Kinder.-Und-f%C3%BCr-Jugendliche/Angebote-f%C3%BCr-Kinder-und-Eltern/Gruppen%E2%88%99angebot-f%C3%BCr-Kinder,514,0.4961089494163424,0.7885591397849463,372,0.3225806451612903,0.6481114551083591
hannover,https://www.hannover.de/Leichte-Sprache/Hilfe-und-Tipps/Beratung-und-Unterstützung/Beratung-für-Eltern.-Für-Kinder.-Und-für-Jugendliche/Familien∙beratung-und-Erziehungs∙beratung/Beratungs∙stellen-für-Eltern.-Für-Kinder.-Und-für-Jugendliche/Burgdorf-Beratungs∙stelle-für-Eltern.-Für-Kinder.-Und-für-Jugendliche,179,0.5698324022346368,0.7644615384615384,110,0.6,0.7262295081967213
hannover,https://www.hannover.de/Leichte-Sprache/Hilfe-und-Tipps/Beratung-und-Unterstützung/Beratung-für-Eltern.-Für-Kinder.-Und-für-Jugendliche/Familien∙beratung-und-Erziehungs∙beratung/Beratungs∙stellen-für-Eltern.-Für-Kinder.-Und-für-Jugendliche/Neustadt-Beratungs∙stelle-für-Eltern.-Für-Kinder.-Und-für-Jugendliche,213,0.539906103286385,0.761219512195122,124,0.5725806451612904,0.7085333333333333
hannover,https://www.hannover.de/Leichte-Sprache/Hilfe-und-Tipps/Beratung-und-Unterstützung/Beratung-für-Eltern.-Für-Kinder.-Und-für-Jugendliche/Familien∙beratung-und-Erziehungs∙beratung/Beratungs∙stellen-für-Eltern.-Für-Kinder.-Und-für-Jugendliche/Ronnenberg-Beratungs∙stelle-für-Eltern.-Für-Kinder.-Und-für-Jugendliche,242,0.5289256198347108,0.7797927461139896,195,0.47692307692307695,0.6931506849315069
hannover,https://www.hannover.de/Leichte-Sprache/Hilfe-und-Tipps/Beratung-und-Unterstützung/Beratung-für-Eltern.-Für-Kinder.-Und-für-Jugendliche/Familien∙beratung-und-Erziehungs∙beratung/Möglichkeiten-für-eine-Beratung,257,0.5369649805447471,0.7958653846153846,1140,0.23508771929824562,0.6511824014665445
hannover,https://www.hannover.de/Leichte-Sprache/Hilfe-und-Tipps/Beratung-und-Unterstützung/Beratung-für-Eltern.-Für-Kinder.-Und-für-Jugendliche/Familien∙beratung-und-Erziehungs∙beratung/Jugend∙beratung-und-Familien∙beratung-bei-der-Stadt-Hannover,508,0.43503937007874016,0.711111111111111,1473,0.20638153428377462,0.6600702247191012
hannover,https://www.hannover.de/Leichte-Sprache/Hilfe-und-Tipps/Beratung-und-Unterst%C3%BCtzung/Beratung-f%C3%BCr-Eltern.-F%C3%BCr-Kinder.-Und-f%C3%BCr-Jugendliche/Jugend%E2%88%99beratung-und-Familien%E2%88%99beratung-bei-der-Stadt-Hannover,508,0.43503937007874016,0.711111111111111,1473,0.20638153428377462,0.6600702247191012
hannover,https://www.hannover.de/Leichte-Sprache/Hilfe-und-Tipps/Familie-und-Partnerschaft/Frühe-Hilfen-für-Familien/Angebote-und-Unterstützung-für-Eltern/Frühe-Hilfen-Beratung-und-Unterstützung,658,0.3662613981762918,0.7630213464696224,218,0.42660550458715596,0.6568047337278107
hannover,https://www.hannover.de/Leichte-Sprache/Hilfe-und-Tipps/Familie-und-Partnerschaft/Frühe-Hilfen-für-Familien/Angebote-und-Unterstützung-für-Eltern/Fachkräfte-Frühe-Hilfen,467,0.430406852248394,0.8120574162679426,299,0.4080267558528428,0.68024
hannover,https://www.hannover.de/Leichte-Sprache/Hilfe-und-Tipps/Familie-und-Partnerschaft/Frühe-Hilfen-für-Familien/Angebote-und-Unterstützung-für-Eltern/Frühe-Hilfen-in-der-Kita,315,0.4793650793650794,0.7940601503759398,192,0.4322916666666667,0.6244755244755245
hannover,https://www.hannover.de/Leichte-Sprache/Hilfe-und-Tipps/Familie-und-Partnerschaft/Frühe-Hilfen-für-Familien/Angebote-und-Unterstützung-für-Eltern/Haus∙besuchs∙programme,362,0.5193370165745856,0.8343769968051119,156,0.5961538461538461,0.7431775700934579
hannover,https://www.hannover.de/Leichte-Sprache/Hilfe-und-Tipps/Familie-und-Partnerschaft/Frühe-Hilfen-für-Familien/Angebote-und-Unterstützung-für-Eltern/Team-Tages∙betreuung-informiert-über-Krippe.-Und-Kita.-Und-Schule,827,0.3615477629987908,0.7629820051413883,172,0.45348837209302323,0.6518699186991871
hannover,https://www.hannover.de/Leichte-Sprache/Hilfe-und-Tipps/Familie-und-Partnerschaft/Frühe-Hilfen-für-Familien/Angebote-und-Unterstützung-für-Eltern/Angebote-für-Väter,262,0.5687022900763359,0.7713615023474178,286,0.43006993006993005,0.7417721518987342
hannover,https://www.hannover.de/Leichte-Sprache/Hilfe-und-Tipps/Familie-und-Partnerschaft/Koordinierungs∙stelle-Unterstützung-für-Allein∙erziehende/Angebote-für-Allein∙erziehende/Angebote-für-Freizeit-und-Erholung,210,0.6047619047619047,0.837888198757764,341,0.3225806451612903,0.6617123287671233
hannover,https://www.hannover.de/Leichte-Sprache/Hilfe-und-Tipps/Familie-und-Partnerschaft/Koordinierungs∙stelle-Unterstützung-für-Allein∙erziehende/Angebote-für-Allein∙erziehende/Angebote-für-Kinder,340,0.538235294117647,0.7890721649484537,460,0.3,0.6844768856447688
hannover,https://www.hannover.de/Leichte-Sprache/Hilfe-und-Tipps/Familie-und-Partnerschaft/Koordinierungs∙stelle-Unterstützung-für-Allein∙erziehende/Angebote-für-Allein∙erziehende/Trennung-und-Scheidung-Angebote-für-Paare,483,0.4989648033126294,0.7535483870967742,586,0.38054607508532423,0.6605586592178772
hannover,https://www.hannover.de/Leichte-Sprache/Hilfe-und-Tipps/Familie-und-Partnerschaft/Koordinierungs∙stelle-Unterstützung-für-Allein∙erziehende/Angebote-für-Allein∙erziehende/Angebote-zu-Schwangerschaft-und-Geburt,228,0.5877192982456141,0.7910614525139664,349,0.3209169054441261,0.6906
hannover,https://www.hannover.de/Leichte-Sprache/Hilfe-und-Tipps/Familie-und-Partnerschaft/Koordinierungs∙stelle-Unterstützung-für-Allein∙erziehende/Angebote-für-Allein∙erziehende/Beratung-Fragen-zur-Erziehung,483,0.46790890269151136,0.7453456221198157,648,0.27314814814814814,0.6565609348914858
hannover,https://www.hannover.de/Leichte-Sprache/Hilfe-und-Tipps/Gesundheit2/Gesundheits%EF%BD%A5tipps/Das-Masern%C2%B7schutz%C2%B7gesetz,795,0.4050314465408805,0.7561126005361931,824,0.24150485436893204,0.6248258064516129
hannover,https://www.hannover.de/Leichte-Sprache/Hilfe-und-Tipps/Gesundheit2/Gesundheits%EF%BD%A5tipps/Was-ist-der-Noro-Virus,620,0.4870967741935484,0.8233975481611209,576,0.2986111111111111,0.6826185958254269
hannover,https://www.hannover.de/Leichte-Sprache/Hilfe-und-Tipps/Gesundheit2/Gesundheits%EF%BD%A5tipps/Influenza,766,0.4660574412532637,0.7859972105997209,737,0.2876526458616011,0.6686046511627907
hannover,https://www.hannover.de/Leichte-Sprache/Hilfe-und-Tipps/Gesundheit2/Gesundheits%EF%BD%A5tipps/Was-kann-ich-gegen-Kopf%C2%B7l%C3%A4use-tun,1208,0.3923841059602649,0.7479378774805867,551,0.29038112522686027,0.6601593625498008
hannover,https://www.hannover.de/Leichte-Sprache/Hilfe-und-Tipps/Gesundheit2/Gesundheits%EF%BD%A5tipps/Wie-kann-ich-mich-vor-einer-Erk%C3%A4ltung-sch%C3%BCtzen,1233,0.41686942416869427,0.8120101351351351,1077,0.25719591457753016,0.6624124513618678
hannover,https://www.hannover.de/Leichte-Sprache/Hilfe-und-Tipps/Gesundheit2/Gesundheits%EF%BD%A5tipps/Hautkrebs-fr%C3%BCh-genug-erkennen,300,0.6333333333333333,0.7997609561752989,279,0.41935483870967744,0.6829565217391305
hannover,https://www.hannover.de/Leichte-Sprache/Freizeit-und-Tourismus/Drau%C3%9Fen/Fahrrad%E2%88%99fahren-in-der-Region-Hannover,6,1.0,1.0,76,0.6052631578947368,0.6525925925925926
hannover,https://www.hannover.de/Leichte-Sprache/Freizeit-und-Tourismus/Drau%C3%9Fen/Fahrrad%E2%88%99fahren-in-der-Region-Hannover/Fahrrad%E2%88%99fahren-am-Mittel%E2%88%99land%E2%88%99kanal,391,0.48081841432225064,0.7648538011695906,527,0.35294117647058826,0.6503347280334728
hannover,https://www.hannover.de/Leichte-Sprache/Freizeit-und-Tourismus/Drau%C3%9Fen/Fahrrad%E2%88%99fahren-in-der-Region-Hannover/Die-Hof%E2%88%99laden%E2%88%99routen,204,0.5,0.7024516129032258,349,0.37822349570200575,0.6706
hannover,https://www.hannover.de/Leichte-Sprache/Freizeit-und-Tourismus/Drau%C3%9Fen/Fahrrad%E2%88%99fahren-in-der-Region-Hannover/Die-Kultur%E2%88%99route,253,0.5573122529644269,0.7526470588235293,277,0.4548736462093863,0.6721929824561403
hannover,https://www.hannover.de/Leichte-Sprache/Freizeit-und-Tourismus/Drau%C3%9Fen/Fahrrad%E2%88%99fahren-in-der-Region-Hannover/Die-Nord%E2%88%99hannoversche-Moor%E2%88%99route,202,0.5841584158415841,0.7924183006535948,351,0.35327635327635326,0.6098013245033113
hannover,https://www.hannover.de/Leichte-Sprache/Freizeit-und-Tourismus/Drau%C3%9Fen/Fahrrad%E2%88%99fahren-in-der-Region-Hannover/Der-Gr%C3%BCne-Ring,175,0.5942857142857143,0.8125396825396825,331,0.41389728096676737,0.6612056737588653
hannover,https://www.hannover.de/Leichte-Sprache/Freizeit-und-Tourismus/Drau%C3%9Fen/Fahrrad%E2%88%99fahren-in-der-Region-Hannover/Der-Deister%E2%88%99kreisel,364,0.4725274725274725,0.7226666666666666,414,0.357487922705314,0.6372054794520549
hannover,https://www.hannover.de/Leichte-Sprache/Freizeit-und-Tourismus/Drau%C3%9Fen/Ausflugs%EF%BD%A5ziele/Der-Moor%C2%B7erlebnis%C2%B7pfad-Resse/Wissen-zum-Moor,499,0.4709418837675351,0.7699111111111111,453,0.293598233995585,0.6236138613861386
hannover,https://www.hannover.de/Leichte-Sprache/Freizeit-und-Tourismus/Draußen/Ausflugs･ziele/Der-Moor·erlebnis·pfad-Resse/Moor･erlebnisse-für-Alle,323,0.5634674922600619,0.8073722627737226,618,0.25728155339805825,0.5955711775043937
hannover,https://www.hannover.de/Leichte-Sprache/Freizeit-und-Tourismus/Draußen/Ausflugs･ziele/Der-Moor·erlebnis·pfad-Resse/Moor-für-die-Sinne,321,0.5451713395638629,0.7967647058823529,534,0.31086142322097376,0.6344329896907216
hannover,https://www.hannover.de/Leichte-Sprache/Freizeit-und-Tourismus/Draußen/Ausflugs･ziele/Der-Moor·erlebnis·pfad-Resse/Wissen-zum-Moor,499,0.4709418837675351,0.7699111111111111,453,0.293598233995585,0.6236138613861386
hannover,https://www.hannover.de/Leichte-Sprache/Freizeit-und-Tourismus/Drinnen/Museen-und-Ausstellungen/Das-ZeitZentrum-Zivil∙courage/Bildungs∙angebote-im-ZeitZentrum-Zivil∙courage,510,0.4588235294117647,0.781648590021692,599,0.3105175292153589,0.6509818181818182
hannover,https://www.hannover.de/Leichte-Sprache/Freizeit-und-Tourismus/Drinnen/Museen-und-Ausstellungen/Das-ZeitZentrum-Zivil∙courage/Ihr-Besuch-im-ZeitZentrum-Zivil∙courage,792,0.5050505050505051,0.8054912516823688,1273,0.27258444619010214,0.6559477124183006
hannover,https://www.hannover.de/Leichte-Sprache/Freizeit-und-Tourismus/Drinnen/Museen-und-Ausstellungen/Das-ZeitZentrum-Zivil∙courage/Das-ZeitZentrum-Zivil∙courage,1251,0.42366107114308554,0.7613311148086522,915,0.26229508196721313,0.6397228637413395
hannover,https://www.hannover.de/Leichte-Sprache/Freizeit-und-Tourismus/Drinnen/Museen-und-Ausstellungen/Die-Gedenkstätte-Ahlem/Die-Gedenkstätte-Ahlem-heute,304,0.5592105263157895,0.7338039215686275,451,0.328159645232816,0.6629850746268656
hannover,https://www.hannover.de/Leichte-Sprache/Freizeit-und-Tourismus/Drinnen/Museen-und-Ausstellungen/Die-Gedenkstätte-Ahlem/Lern∙angebote-in-der-Gedenkstätte-Ahlem,472,0.4851694915254237,0.7851063829787235,678,0.2831858407079646,0.6755484896661368
hannover,https://www.hannover.de/Leichte-Sprache/Lernen-und-Arbeiten/Lernen/Schul%E2%88%99beginn-Informationen-f%C3%BCr-Eltern-und-Kinder/Sprache,387,0.37209302325581395,0.660887573964497,403,0.3027295285359802,0.6009039548022599
hannover,https://www.hannover.de/Leichte-Sprache/Lernen-und-Arbeiten/Lernen/Schul%E2%88%99beginn-Informationen-f%C3%BCr-Eltern-und-Kinder/Das-machen-Kinder-von-4-bis-6-Jahren,94,0.6276595744680851,0.7986666666666666,98,0.5,0.6146938775510205
hannover,https://www.hannover.de/Leichte-Sprache/Lernen-und-Arbeiten/Lernen/Schul%E2%88%99beginn-Informationen-f%C3%BCr-Eltern-und-Kinder/Das-machen-Kinder-von-4-bis-6-Jahren/Das-machen-viele-Kinder-mit-4-Jahren,511,0.36203522504892366,0.6648484848484849,713,0.29453015427769985,0.6107831325301205
hannover,https://www.hannover.de/Leichte-Sprache/Lernen-und-Arbeiten/Lernen/Schul%E2%88%99beginn-Informationen-f%C3%BCr-Eltern-und-Kinder/Das-machen-Kinder-von-4-bis-6-Jahren/Das-machen-viele-Kinder-mit-5-Jahren,632,0.3971518987341772,0.7290222984562607,738,0.3089430894308943,0.6362844702467344
hannover,https://www.hannover.de/Leichte-Sprache/Lernen-und-Arbeiten/Lernen/Schul%E2%88%99beginn-Informationen-f%C3%BCr-Eltern-und-Kinder/Das-machen-Kinder-von-4-bis-6-Jahren/Das-machen-viele-Kinder-mit-6-Jahren,636,0.389937106918239,0.6891993185689949,818,0.28361858190709044,0.629180754226268
hannover,https://www.hannover.de/Leichte-Sprache/Lernen-und-Arbeiten/Lernen/Schul%E2%88%99beginn-Informationen-f%C3%BCr-Eltern-und-Kinder/Informationen-f%C3%BCr-die-Zeit-vor-der-Einschulung,121,0.6198347107438017,0.8291666666666666,62,0.6935483870967742,0.7230769230769231
hannover,https://www.hannover.de/Leichte-Sprache/Lernen-und-Arbeiten/Lernen/Schul%E2%88%99beginn-Informationen-f%C3%BCr-Eltern-und-Kinder/Informationen-f%C3%BCr-die-Zeit-vor-der-Einschulung/Schul%E2%88%99vorbereitung-im-Kinder%E2%88%99garten,470,0.42340425531914894,0.7193824228028504,739,0.2638700947225981,0.6424637681159421
hannover,https://www.hannover.de/Leichte-Sprache/Lernen-und-Arbeiten/Lernen/Schul%E2%88%99beginn-Informationen-f%C3%BCr-Eltern-und-Kinder/Informationen-f%C3%BCr-die-Zeit-vor-der-Einschulung/Was-passiert-vor-der-Schule,864,0.31828703703703703,0.6901104294478528,1120,0.225,0.6300653594771242
hannover,https://www.hannover.de/Leichte-Sprache/Lernen-und-Arbeiten/Lernen/Schul%E2%88%99beginn-Informationen-f%C3%BCr-Eltern-und-Kinder/Informationen-f%C3%BCr-die-Zeit-vor-der-Einschulung/Was-passiert-in-der-Grund%E2%88%99schule,348,0.3706896551724138,0.6608026755852843,583,0.24871355060034306,0.6138202247191011
hannover,https://www.hannover.de/Leichte-Sprache/Lernen-und-Arbeiten/Lernen/Schul%E2%88%99beginn-Informationen-f%C3%BCr-Eltern-und-Kinder/Ideen-und-Informationen-f%C3%BCr-zuhause,98,0.6224489795918368,0.7387755102040817,108,0.5462962962962963,0.7288135593220338
hannover,https://www.hannover.de/Leichte-Sprache/Lernen-und-Arbeiten/Lernen/Schul%E2%88%99beginn-Informationen-f%C3%BCr-Eltern-und-Kinder/Ideen-und-Informationen-f%C3%BCr-zuhause/Sport%E2%88%99angebote,204,0.49019607843137253,0.7465806451612903,301,0.38205980066445183,0.6811111111111111
hannover,https://www.hannover.de/Leichte-Sprache/Lernen-und-Arbeiten/Lernen/Schul%E2%88%99beginn-Informationen-f%C3%BCr-Eltern-und-Kinder/Ideen-und-Informationen-f%C3%BCr-zuhause/B%C3%BCcher-ausleihen,280,0.5142857142857142,0.729004329004329,504,0.30357142857142855,0.6338461538461538
hannover,https://www.hannover.de/Leichte-Sprache/Lernen-und-Arbeiten/Lernen/Schul%E2%88%99beginn-Informationen-f%C3%BCr-Eltern-und-Kinder/Ideen-und-Informationen-f%C3%BCr-zuhause/Die-Eltern-zuhause,471,0.3991507430997877,0.7067772511848341,683,0.28111273792093705,0.6087381703470032
hannover,https://www.hannover.de/Leichte-Sprache/Lernen-und-Arbeiten/Lernen/Schul%E2%88%99beginn-Informationen-f%C3%BCr-Eltern-und-Kinder/Ideen-und-Informationen-f%C3%BCr-zuhause/Wochen%E2%88%99plan,223,0.5112107623318386,0.7326436781609196,435,0.32873563218390806,0.658238341968912
hannover,https://www.hannover.de/Leichte-Sprache/Lernen-und-Arbeiten/Lernen/Schul%E2%88%99beginn-Informationen-f%C3%BCr-Eltern-und-Kinder/Ideen-und-Informationen-f%C3%BCr-zuhause/Zuhause-lernen,605,0.44958677685950416,0.7703597122302158,796,0.30904522613065327,0.6534672021419009
hannover,https://www.hannover.de/Leichte-Sprache/Lernen-und-Arbeiten/Lernen/Schul%E2%88%99beginn-Informationen-f%C3%BCr-Eltern-und-Kinder/Ideen-und-Informationen-f%C3%BCr-zuhause/Mein-Kind-geht-nicht-in-die-Schule,255,0.44313725490196076,0.6990291262135923,444,0.3153153153153153,0.6554430379746835
hannover,https://www.hannover.de/Leichte-Sprache/Lernen-und-Arbeiten/Lernen/Schul%E2%88%99beginn-Informationen-f%C3%BCr-Eltern-und-Kinder/Mein-Kind-braucht-Unterst%C3%BCtzung,100,0.61,0.7937254901960784,77,0.6103896103896104,0.7442857142857143
hannover,https://www.hannover.de/Leichte-Sprache/Lernen-und-Arbeiten/Lernen/Schul%E2%88%99beginn-Informationen-f%C3%BCr-Eltern-und-Kinder/Mein-Kind-braucht-Unterst%C3%BCtzung/Unterst%C3%BCtzung-in-der-Grund%E2%88%99schule,137,0.43795620437956206,0.6281818181818182,303,0.3102310231023102,0.6356692913385827
hannover,https://www.hannover.de/Leichte-Sprache/Lernen-und-Arbeiten/Lernen/Schul%E2%88%99beginn-Informationen-f%C3%BCr-Eltern-und-Kinder/Mein-Kind-braucht-Unterst%C3%BCtzung/Hilfe-f%C3%BCr-Ihr-Kind,648,0.3611111111111111,0.7104507512520868,831,0.26353790613718414,0.6577493606138107
hannover,https://www.hannover.de/Leichte-Sprache/Lernen-und-Arbeiten/Lernen/Schul%E2%88%99beginn-Informationen-f%C3%BCr-Eltern-und-Kinder/Mein-Kind-braucht-Unterst%C3%BCtzung/Informationen-f%C3%BCr-Eltern-von-Kindern-mit-Behinderung,108,0.6574074074074074,0.7606779661016949,244,0.4139344262295082,0.6660512820512821
hannover,https://www.hannover.de/Leichte-Sprache/Lernen-und-Arbeiten/Lernen/Schul%E2%88%99beginn-Informationen-f%C3%BCr-Eltern-und-Kinder/Spielen,390,0.4282051282051282,0.6978299120234605,741,0.2807017543859649,0.6428612716763006
hannover,https://www.hannover.de/Leichte-Sprache/Lernen-und-Arbeiten/Lernen/Schul∙beginn-Informationen-für-Eltern-und-Kinder/Das-machen-Kinder-von-4-bis-6-Jahren/Das-machen-viele-Kinder-mit-4-Jahren,511,0.36203522504892366,0.6648484848484849,713,0.29453015427769985,0.6107831325301205
hannover,https://www.hannover.de/Leichte-Sprache/Lernen-und-Arbeiten/Lernen/Schul∙beginn-Informationen-für-Eltern-und-Kinder/Das-machen-Kinder-von-4-bis-6-Jahren/Das-machen-viele-Kinder-mit-5-Jahren,632,0.3971518987341772,0.7290222984562607,738,0.3089430894308943,0.6362844702467344
hannover,https://www.hannover.de/Leichte-Sprache/Lernen-und-Arbeiten/Lernen/Schul∙beginn-Informationen-für-Eltern-und-Kinder/Das-machen-Kinder-von-4-bis-6-Jahren/Das-machen-viele-Kinder-mit-6-Jahren,636,0.389937106918239,0.6891993185689949,818,0.28361858190709044,0.629180754226268
hannover,https://www.hannover.de/Leichte-Sprache/Lernen-und-Arbeiten/Lernen/Schul∙beginn-Informationen-für-Eltern-und-Kinder/Informationen-für-die-Zeit-vor-der-Einschulung/Was-passiert-vor-der-Schule,864,0.31828703703703703,0.6901104294478528,1120,0.225,0.6300653594771242
hannover,https://www.hannover.de/Leichte-Sprache/Lernen-und-Arbeiten/Lernen/Schul∙beginn-Informationen-für-Eltern-und-Kinder/Informationen-für-die-Zeit-vor-der-Einschulung/Schul∙vorbereitung-im-Kinder∙garten,470,0.42340425531914894,0.7193824228028504,739,0.2638700947225981,0.6424637681159421
hannover,https://www.hannover.de/Leichte-Sprache/Lernen-und-Arbeiten/Lernen/Schul∙beginn-Informationen-für-Eltern-und-Kinder/Informationen-für-die-Zeit-vor-der-Einschulung/Was-passiert-in-der-Grund∙schule,348,0.3706896551724138,0.6608026755852843,583,0.24871355060034306,0.6138202247191011
hannover,https://www.hannover.de/Leichte-Sprache/Lernen-und-Arbeiten/Lernen/Schul∙beginn-Informationen-für-Eltern-und-Kinder/Ideen-und-Informationen-für-zuhause/Bücher-ausleihen,280,0.5142857142857142,0.729004329004329,504,0.30357142857142855,0.6338461538461538
hannover,https://www.hannover.de/Leichte-Sprache/Lernen-und-Arbeiten/Lernen/Schul∙beginn-Informationen-für-Eltern-und-Kinder/Ideen-und-Informationen-für-zuhause/Die-Eltern-zuhause,471,0.3991507430997877,0.7067772511848341,683,0.28111273792093705,0.6087381703470032
hannover,https://www.hannover.de/Leichte-Sprache/Lernen-und-Arbeiten/Lernen/Schul∙beginn-Informationen-für-Eltern-und-Kinder/Ideen-und-Informationen-für-zuhause/Zuhause-lernen,605,0.44958677685950416,0.7703597122302158,796,0.30904522613065327,0.6534672021419009
hannover,https://www.hannover.de/Leichte-Sprache/Lernen-und-Arbeiten/Lernen/Schul∙beginn-Informationen-für-Eltern-und-Kinder/Ideen-und-Informationen-für-zuhause/Mein-Kind-geht-nicht-in-die-Schule,255,0.44313725490196076,0.6990291262135923,444,0.3153153153153153,0.6554430379746835
hannover,https://www.hannover.de/Leichte-Sprache/Lernen-und-Arbeiten/Lernen/Schul∙beginn-Informationen-für-Eltern-und-Kinder/Ideen-und-Informationen-für-zuhause/Sport∙angebote,204,0.49019607843137253,0.7465806451612903,301,0.38205980066445183,0.6811111111111111
hannover,https://www.hannover.de/Leichte-Sprache/Lernen-und-Arbeiten/Lernen/Schul∙beginn-Informationen-für-Eltern-und-Kinder/Ideen-und-Informationen-für-zuhause/Wochen∙plan,223,0.5112107623318386,0.7326436781609196,435,0.32873563218390806,0.658238341968912
hannover,https://www.hannover.de/Leichte-Sprache/Lernen-und-Arbeiten/Lernen/Schul∙beginn-Informationen-für-Eltern-und-Kinder/Mein-Kind-braucht-Unterstützung/Hilfe-für-Ihr-Kind,648,0.3611111111111111,0.7104507512520868,831,0.26353790613718414,0.6577493606138107
hannover,https://www.hannover.de/Leichte-Sprache/Lernen-und-Arbeiten/Lernen/Schul∙beginn-Informationen-für-Eltern-und-Kinder/Mein-Kind-braucht-Unterstützung/Informationen-für-Eltern-von-Kindern-mit-Behinderung,108,0.6574074074074074,0.7606779661016949,244,0.4139344262295082,0.6660512820512821
hannover,https://www.hannover.de/Leichte-Sprache/Lernen-und-Arbeiten/Lernen/Schul∙beginn-Informationen-für-Eltern-und-Kinder/Mein-Kind-braucht-Unterstützung/Unterstützung-in-der-Grund∙schule,137,0.43795620437956206,0.6281818181818182,303,0.3102310231023102,0.6356692913385827
hannover,https://www.hannover.de/Leichte-Sprache/Hilfe-und-Tipps/Sozial%EF%BD%A5leistungen/Sozial%EF%BD%A5hilfe,495,0.4626262626262626,0.7498206278026907,467,0.3019271948608137,0.6251674641148325
hannover,https://www.hannover.de/Leichte-Sprache/Hilfe-und-Tipps/Sozial･leistungen/BuT-Leistungen-Leit∙faden-für-Mitarbeiter-in-Kitas/BuT-Leistungen-Kosten-für-Tages∙ausflüge-von-der-Kita,569,0.38137082601054484,0.6875769230769231,1428,0.18277310924369747,0.6067875271936185
hannover,https://www.hannover.de/Leichte-Sprache/Hilfe-und-Tipps/Sozial･leistungen/BuT-Leistungen-Leit∙faden-für-Mitarbeiter-in-Kitas/BuT-Leistungen-Kosten-für-Ausflüge-von-der-Kita-mit-Übernachtung,593,0.36930860033726814,0.729154411764706,1433,0.18492672714584787,0.6149421965317919
hannover,https://www.hannover.de/Leichte-Sprache/Hilfe-und-Tipps/Sozial･leistungen/BuT-Leistungen-Leit∙faden-für-Mitarbeiter-in-Kitas/BuT-Leistungen-Kosten-für-das-Mittag∙essen-in-der-Kita,602,0.3521594684385382,0.703616636528029,1306,0.18147013782542112,0.6003659506762132
hannover,https://www.hannover.de/Leichte-Sprache/Hilfe-und-Tipps/Sozial･leistungen/BuT-Leistungen-Leit∙faden-für-Mitarbeiter-in-Kitas/BuT-Leistungen-Kosten-für-Teilhabe∙aktivitäten-von-der-Kita,675,0.3762962962962963,0.7177955271565495,1332,0.21771771771771772,0.631223694466095
hannover,https://www.hannover.de/Leichte-Sprache/Hilfe-und-Tipps/Sozial･leistungen/BuT-Leistungen-Leit∙faden-für-Mitarbeiter-in-Kitas/BuT-Leistungen-Weitere-Fragen,238,0.5084033613445378,0.7297354497354497,776,0.2268041237113402,0.5957359009628611
hannover,http://www.hannover.de/Leichte-Sprache/Hannover-und-Region/Politik/Politik-in-der-Region-Hannover,150,0.5533333333333333,0.7039603960396039,425,0.28941176470588237,0.6084042553191489
hannover,http://www.hannover.de/Leichte-Sprache/Nachrichten-und-Veranstaltungen/Nachrichten/Menschen-mit-Behinderung-Regions∙haus-leuchtet-Lila,502,0.4721115537848606,0.7717439293598235,451,0.28824833702882485,0.6421393034825871
hannover,http://www.hannover.de/Leichte-Sprache/Nachrichten-und-Veranstaltungen/Nachrichten/Neues-Angebot-Hilfen-im-Winter-im-Nacht∙café-Luna,859,0.46332945285215366,0.7915061728395062,546,0.29853479853479853,0.663420523138833
hannover,http://www.hannover.de/Leichte-Sprache/Nachrichten-und-Veranstaltungen/Nachrichten/Erste-Inklusions∙konferenz-von-Stadt-und-Region-Hannover,707,0.4582743988684583,0.7764741641337386,1547,0.19004524886877827,0.6483177570093458
hannover,http://www.hannover.de/Leichte-Sprache/Nachrichten-und-Veranstaltungen/Nachrichten/Projekt-für-ältere-Menschen-Hilfs∙angebot-gegen-Einsamkeit,946,0.42177589852008457,0.7764102564102565,528,0.2859848484848485,0.6461795407098121
hannover,http://www.hannover.de/Leichte-Sprache/Nachrichten-und-Veranstaltungen/Nachrichten/Große-Hitze-in-Hannover-Hilfe-für-Menschen-ohne-Wohnung,732,0.3907103825136612,0.7609370424597365,641,0.2839313572542902,0.6924662162162162
hannover,http://www.hannover.de/Leichte-Sprache/Nachrichten-und-Veranstaltungen/Nachrichten/Fragen-und-Antworten-zu-den-Einschränkungen-bei-der-Beregnung,1440,0.37222222222222223,0.7769949676491732,1021,0.2761998041136141,0.7046707818930041
hannover,http://www.hannover.de/Leichte-Sprache/Nachrichten-und-Veranstaltungen/Nachrichten/Region-Hannover-unterstützt-den-Bau-von-Solar∙anlagen,661,0.49319213313161875,0.8027777777777778,560,0.28214285714285714,0.6551859099804306
hannover,http://www.hannover.de/Leichte-Sprache/Nachrichten-und-Veranstaltungen/Nachrichten/Grund∙wasser-schützen-Region-Hannover-unterstützt-Vereine-und-Kommunen,762,0.4094488188976378,0.7817671809256662,901,0.25527192008879024,0.6511737089201878
hannover,http://www.hannover.de/Leichte-Sprache/Nachrichten-und-Veranstaltungen/Nachrichten/Zum-14.-Mal-Preis-für-Inklusion-in-der-Wirtschaft,869,0.4223245109321059,0.7843170731707317,703,0.3285917496443812,0.650519877675841
hannover,http://www.hannover.de/Leichte-Sprache/Nachrichten-und-Veranstaltungen/Nachrichten/Jan-Haller-ist-Behinderten∙sportler-2025,588,0.5272108843537415,0.8295361781076067,164,0.4451219512195122,0.6293913043478261
hannover,http://www.hannover.de/Leichte-Sprache/Nachrichten-und-Veranstaltungen/Nachrichten/Assistenz∙hunde-sind-in-öffentlichen-Einrichtungen-willkommen,613,0.44045676998368677,0.8099999999999999,621,0.2431561996779388,0.6552797202797203
hannover,http://www.hannover.de/Leichte-Sprache/Nachrichten-und-Veranstaltungen/Nachrichten/Chat∙bot-beantwortet-Fragen-zur-Grund∙steuer,365,0.5041095890410959,0.7560759493670886,448,0.31473214285714285,0.6259147869674185
hannover,http://www.hannover.de/Leichte-Sprache/Nachrichten-und-Veranstaltungen/Nachrichten/Hilfe∙plan-für-den-Natur∙schutz-im-Deister,1502,0.4041278295605859,0.7701169993117688,578,0.29411764705882354,0.6655576559546313
hannover,http://www.hannover.de/Leichte-Sprache/Nachrichten-und-Veranstaltungen/Nachrichten/Stark∙regen-in-der-Region-Hannover-Karte-mit-Hinweisen-und-Informationen,107,0.6355140186915887,0.8200000000000001,788,0.21065989847715735,0.6799999999999999
hannover,http://www.hannover.de/Leichte-Sprache/Nachrichten-und-Veranstaltungen/Veranstaltungen/Suche-nach-kosten∙losen-Veranstaltungen,127,0.6220472440944882,0.7438461538461539,199,0.3869346733668342,0.6397333333333334
hannover,http://www.hannover.de/Leichte-Sprache/Nachrichten-und-Veranstaltungen/Veranstaltungen/Übungs∙tage-für-Fahrgäste-im-Stadt∙gebiet,172,0.5523255813953488,0.7266666666666667,297,0.4107744107744108,0.6845967741935484
hannover,http://www.hannover.de/Leichte-Sprache/Nachrichten-und-Veranstaltungen/Veranstaltungen/Schloss-Landestrost-Ausstellung-besuchen,458,0.5458515283842795,0.8239119804400978,321,0.3644859813084112,0.662279411764706
hannover,http://www.hannover.de/Leichte-Sprache/Nachrichten-und-Veranstaltungen/Veranstaltungen/Sitzung-von-der-Regions·versammlung,99,0.7171717171717171,0.818,137,0.48905109489051096,0.6372727272727272
hannover,http://www.hannover.de/Leichte-Sprache/Nachrichten-und-Veranstaltungen/Veranstaltungen/Das-Regions∙forum-für-Menschen-mit-Behinderung,166,0.5542168674698795,0.7169230769230769,379,0.3245382585751979,0.6612727272727272
hannover,http://www.hannover.de/Leichte-Sprache/Nachrichten-und-Veranstaltungen/Veranstaltungen/Beratungen-Vorsorge∙vollmacht-und-Betreuungs∙verfügung,131,0.6946564885496184,0.7834146341463414,721,0.2524271844660194,0.6489285714285714
hannover,http://www.hannover.de/Leichte-Sprache/Nachrichten-und-Veranstaltungen/Veranstaltungen/Übungs∙tage-für-Fahrgäste-im-Umland,224,0.6383928571428571,0.7908571428571429,435,0.3586206896551724,0.6478238341968912
hannover,http://www.hannover.de/Leichte-Sprache/Nachrichten-und-Veranstaltungen/Veranstaltungen/Musik∙fest-Fête-de-la-Musique2,2760,0.3789855072463768,0.750866838804869,212,0.38207547169811323,0.6683435582822086
hannover,http://www.hannover.de/Leichte-Sprache/Nachrichten-und-Veranstaltungen/Veranstaltungen/Schützen∙fest-2026,62,0.7903225806451613,0.7861538461538462,178,0.38764044943820225,0.5706976744186046
hannover,http://www.hannover.de/Leichte-Sprache/Nachrichten-und-Veranstaltungen/Veranstaltungen/Entdecker∙tag-2026,54,0.6296296296296297,0.62,250,0.392,0.6827860696517414
hannover,http://www.hannover.de/Leichte-Sprache/Nachrichten-und-Veranstaltungen/Veranstaltungen/Warntag-2026-in-Hannover,1057,0.37653736991485337,0.7701785714285715,366,0.3989071038251366,0.7060567823343848
hannover,http://www.hannover.de/Leichte-Sprache/Nachrichten-und-Veranstaltungen/Veranstaltungen/Infa-2026,81,0.7407407407407407,0.80875,163,0.44171779141104295,0.6603508771929825
hannover,http://www.hannover.de/Leichte-Sprache/Hannover-und-Region/Politik/Die-Regions%C2%B7versammlung,120,0.6166666666666667,0.7453521126760564,500,0.342,0.6104656319290466
hannover,http://www.hannover.de/Leichte-Sprache/Hannover-und-Region/Politik/Der-Regions%E2%88%99pr%C3%A4sident,110,0.6272727272727273,0.7075409836065574,481,0.3264033264033264,0.6520833333333333
hannover,http://www.hannover.de/Leichte-Sprache/Hannover-und-Region/Die-Verwaltung-von-der-Region-Hannover/Büro-für-Zusammen･arbeit-in-Europa,455,0.4857142857142857,0.7859113300492611,415,0.363855421686747,0.6839344262295082
hannover,http://www.hannover.de/Leichte-Sprache/Hannover-und-Region/Andreas-Mangelsdorf-Beauftragter-f%C3%BCr-Menschen-mit-Behinderung-von-der-Landes%EF%BD%A5haupt%EF%BD%A5stadt-Hannover,436,0.4954128440366973,0.7802067183462532,250,0.376,0.6274626865671642
hannover,http://www.hannover.de/Leichte-Sprache/Nachrichten-und-Veranstaltungen/Veranstaltungen/Das-Regions%E2%88%99forum-f%C3%BCr-Menschen-mit-Behinderung,166,0.5542168674698795,0.7169230769230769,379,0.3245382585751979,0.6612727272727272
hannover,http://www.hannover.de/Leichte-Sprache/Nachrichten-und-Veranstaltungen/Nachrichten/Erste-Inklusions%E2%88%99konferenz-von-Stadt-und-Region-Hannover,707,0.4582743988684583,0.7764741641337386,1547,0.19004524886877827,0.6483177570093458
hannover,http://www.hannover.de/Leichte-Sprache/Hannover-und-Region/Sylvia-Thiel-Beauftragte-f%C3%BCr-Menschen-mit-Behinderung-von-der-Region-Hannover,479,0.44676409185803756,0.7409302325581396,308,0.3474025974025974,0.6291119691119691
hannover,http://www.hannover.de/Leichte-Sprache/Hannover-und-Region/Andreas-Mangelsdorf-Beauftragter-für-Menschen-mit-Behinderung-von-der-Landes･haupt･stadt-Hannover/Informationen-zum-Daten∙schutz-in-Leichter-Sprache,844,0.3909952606635071,0.7531320754716981,1185,0.1848101265822785,0.6298943661971832
hannover,http://www.hannover.de/Leichte-Sprache/Hannover-und-Region/Politik/Die-Regions·versammlung,120,0.6166666666666667,0.7453521126760564,500,0.342,0.6104656319290466
hannover,http://www.hannover.de/Leichte-Sprache/Hannover-und-Region/Politik/Der-Rat-von-der-Stadt-Hannover,395,0.4531645569620253,0.6967630057803469,265,0.39245283018867927,0.629074074074074
hannover,http://www.hannover.de/Leichte-Sprache/Hannover-und-Region/Politik/Der-Regions∙präsident,110,0.6272727272727273,0.7075409836065574,481,0.3264033264033264,0.6520833333333333
hannover,http://www.hannover.de/Leichte-Sprache/Hannover-und-Region/Politik/Der-Oberbürger･meister,81,0.6296296296296297,0.693125,143,0.42657342657342656,0.5825531914893617
hannover,http://www.hannover.de/Leichte-Sprache/Hannover-und-Region/Unterwegs-sein/Unterwegs-mit-Bus-und-Bahn,193,0.5958549222797928,0.7508333333333334,43,0.6511627906976745,0.6511627906976745
hannover,http://www.hannover.de/Leichte-Sprache/Hannover-und-Region/Unterwegs-sein/Unterwegs-mit-dem-Taxi,391,0.44501278772378516,0.7630409356725145,650,0.2784615384615385,0.6396006655574042
hannover,http://www.hannover.de/Leichte-Sprache/Hilfe-und-Tipps/Beratung-und-Unterstützung/Ansprech∙personen-für-junge-Menschen-mit-Behinderung,522,0.4157088122605364,0.7712050739957717,452,0.30973451327433627,0.625955334987593
hannover,http://www.hannover.de/Leichte-Sprache/Hilfe-und-Tipps/Beratung-und-Unterstützung/Beratungs∙stelle-Inklusion,188,0.5,0.720863309352518,209,0.4880382775119617,0.708125
hannover,http://www.hannover.de/Leichte-Sprache/Hilfe-und-Tipps/Beratung-und-Unterstützung/Verfahrens∙lotsen-und-Beratung-Ansprech∙personen-für-Menschen-mit-Behinderung,872,0.4369266055045872,0.775868772782503,1292,0.20743034055727555,0.6288173773129525
hannover,http://www.hannover.de/Leichte-Sprache/Hilfe-und-Tipps/Beratung-und-Unterstützung/Jugend∙ämter-in-der-Region-Hannover,85,0.6823529411764706,0.7955555555555556,458,0.3165938864628821,0.575158924205379
hannover,http://www.hannover.de/Leichte-Sprache/Hilfe-und-Tipps/Beratung-und-Unterstützung/JUST-BEst-Hilfe-bei-der-Lebens∙planung-für-junge-Erwachsene,608,0.4621710526315789,0.7882647584973166,483,0.35610766045548653,0.6830875576036866
hannover,http://www.hannover.de/Leichte-Sprache/Hilfe-und-Tipps/Beratung-und-Unterstützung/Hilfe-und-Beratung-für-ältere-Menschen,115,0.7391304347826086,0.7703030303030304,106,0.5943396226415094,0.7610526315789474
hannover,http://www.hannover.de/Leichte-Sprache/Hilfe-und-Tipps/Beratung-und-Unterstützung/Beratung-für-gutes-Sprechen-und-Hören,120,0.7083333333333334,0.7833802816901408,296,0.32094594594594594,0.5907692307692307
hannover,http://www.hannover.de/Leichte-Sprache/Hilfe-und-Tipps/Beratung-und-Unterstützung/Hilfe-für-Jugendliche-im-Straf∙verfahren,579,0.48186528497409326,0.7621132075471698,823,0.27217496962332927,0.6072609819121447
hannover,http://www.hannover.de/Leichte-Sprache/Hilfe-und-Tipps/Beratung-und-Unterstützung/RE_StaRT,274,0.5693430656934306,0.82,682,0.2653958944281525,0.6070458135860979
hannover,http://www.hannover.de/Leichte-Sprache/Hilfe-und-Tipps/Beratung-und-Unterstützung/Hilfe-bei-hohen-Heiz∙kosten-bekommen,220,0.6272727272727273,0.8352046783625731,351,0.33618233618233617,0.664701986754967
hannover,http://www.hannover.de/Leichte-Sprache/Hilfe-und-Tipps/Büros-und-Ämter-für-Bürger/Fach∙bereich-Teil∙habe-bei-der-Region-Hannover,333,0.5285285285285285,0.7464788732394366,871,0.24339839265212398,0.65669099756691
hannover,http://www.hannover.de/Leichte-Sprache/Hilfe-und-Tipps/Büros-und-Ämter-für-Bürger/Bürger·ämter-in-Hannover,104,0.4807692307692308,0.5825454545454545,192,0.40625,0.6220979020979022
hannover,http://www.hannover.de/Leichte-Sprache/Hilfe-und-Tipps/Büros-und-Ämter-für-Bürger/Fach･bereich-Soziales-von-der-Stadt-Hannover,74,0.6621621621621622,0.6552,125,0.536,0.6731578947368422
hannover,http://www.hannover.de/Leichte-Sprache/Hilfe-und-Tipps/Büros-und-Ämter-für-Bürger/Fach･bereich-Soziales-von-der-Region-Hannover,157,0.5732484076433121,0.7094444444444444,111,0.6036036036036037,0.7574193548387097
hannover,http://www.hannover.de/Leichte-Sprache/Hilfe-und-Tipps/Büros-und-Ämter-für-Bürger/Fach･bereich-Jugend-und-Familie-in-Hannover,113,0.7168141592920354,0.805,86,0.47674418604651164,0.6567567567567568
hannover,http://www.hannover.de/Leichte-Sprache/Hilfe-und-Tipps/Büros-und-Ämter-für-Bürger/Fach･bereich-Jugend-der-Region-Hannover,261,0.5555555555555556,0.7343396226415094,81,0.4074074074074074,0.508125
hannover,http://www.hannover.de/Leichte-Sprache/Hilfe-und-Tipps/Büros-und-Ämter-für-Bürger/Standes∙amt,32,0.875,0.875,515,0.24660194174757283,0.5716738197424892
hannover,http://www.hannover.de/Leichte-Sprache/Hilfe-und-Tipps/Büros-und-Ämter-für-Bürger/Familien･service･büro-der-Stadt-Hannover,225,0.5822222222222222,0.8005681818181819,131,0.5648854961832062,0.6836585365853659
hannover,http://www.hannover.de/Leichte-Sprache/Hilfe-und-Tipps/Büros-und-Ämter-für-Bürger/Fund･büro,84,0.7976190476190477,0.852,141,0.49645390070921985,0.6382608695652173
hannover,http://www.hannover.de/Leichte-Sprache/Hilfe-und-Tipps/Volljährigkeit-Was-du-mit-18-Jahren-beachten-musst/1.-Volljährigkeit,613,0.4535073409461664,0.7876950354609928,973,0.2723535457348407,0.7109090909090909
hannover,http://www.hannover.de/Leichte-Sprache/Hilfe-und-Tipps/Volljährigkeit-Was-du-mit-18-Jahren-beachten-musst/2.-Jugend∙hilfe,562,0.400355871886121,0.7500584795321638,490,0.31020408163265306,0.6769160997732426
hannover,http://www.hannover.de/Leichte-Sprache/Hilfe-und-Tipps/Volljährigkeit-Was-du-mit-18-Jahren-beachten-musst/3.-Wohnen,1633,0.3796693202694427,0.8115277777777778,2653,0.17075009423294385,0.6748387096774193
hannover,http://www.hannover.de/Leichte-Sprache/Hilfe-und-Tipps/Volljährigkeit-Was-du-mit-18-Jahren-beachten-musst/4.-Geld,1615,0.3591331269349845,0.8026309067688379,1415,0.21696113074204948,0.6841288433382138
hannover,http://www.hannover.de/Leichte-Sprache/Hilfe-und-Tipps/Volljährigkeit-Was-du-mit-18-Jahren-beachten-musst/5.-Versicherungen,457,0.5251641137855579,0.8263725490196078,743,0.27456258411843876,0.6449567723342939
hannover,http://www.hannover.de/Leichte-Sprache/Hilfe-und-Tipps/Volljährigkeit-Was-du-mit-18-Jahren-beachten-musst/6.-Schule,694,0.41210374639769454,0.781891472868217,517,0.3404255319148936,0.6838034188034188
hannover,http://www.hannover.de/Leichte-Sprache/Hilfe-und-Tipps/Volljährigkeit-Was-du-mit-18-Jahren-beachten-musst/7.-Nach-der-Schule,1755,0.36695156695156694,0.7936694021101993,1627,0.21266133988936695,0.6708365019011406
hannover,http://www.hannover.de/Leichte-Sprache/Hilfe-und-Tipps/Volljährigkeit-Was-du-mit-18-Jahren-beachten-musst/8.-Gesundheit,239,0.6150627615062761,0.8377894736842105,268,0.47761194029850745,0.7133333333333334
hannover,http://www.hannover.de/Leichte-Sprache/Hilfe-und-Tipps/Volljährigkeit-Was-du-mit-18-Jahren-beachten-musst/9.-Freizeit,262,0.6145038167938931,0.8334272300469484,268,0.47761194029850745,0.7393607305936073
hannover,http://www.hannover.de/Leichte-Sprache/Hilfe-und-Tipps/Volljährigkeit-Was-du-mit-18-Jahren-beachten-musst/10.-Beratung-und-Hilfen,636,0.4889937106918239,0.7937649063032368,1521,0.23339907955292571,0.6707880434782608
hannover,http://www.hannover.de/Leichte-Sprache/Nachrichten-und-Veranstaltungen/Nachrichten/Hilfe-bei-hohen-Heiz%E2%88%99kosten-bekommen,220,0.6272727272727273,0.8352046783625731,351,0.33618233618233617,0.664701986754967
hannover,http://www.hannover.de/Leichte-Sprache/Hilfe-und-Tipps/Schwer%E2%88%99behinderten%E2%88%99ausweis,166,0.5903614457831325,0.7764102564102564,206,0.3932038834951456,0.6396178343949045
hannover,http://www.hannover.de/Leichte-Sprache/Hilfe-und-Tipps/Familie-und-Partnerschaft/Frühe-Hilfen-für-Familien,251,0.4940239043824701,0.7499009900990099,420,0.34523809523809523,0.6477088948787062
hannover,http://www.hannover.de/Leichte-Sprache/Hilfe-und-Tipps/Familie-und-Partnerschaft/Koordinierungs∙stelle-Unterstützung-für-Allein∙erziehende,141,0.5957446808510638,0.7804347826086956,134,0.5074626865671642,0.680235294117647
hannover,http://www.hannover.de/Leichte-Sprache/Hilfe-und-Tipps/Gesundheit2/Hilfe-bei-Geschlechts∙krankheiten,83,0.6987951807228916,0.798235294117647,236,0.4830508474576271,0.6805347593582888
hannover,http://www.hannover.de/Leichte-Sprache/Hilfe-und-Tipps/Gesundheit2/GAYsund,266,0.5075187969924813,0.7705990783410138,410,0.4195121951219512,0.7452631578947368
hannover,http://www.hannover.de/Leichte-Sprache/Hilfe-und-Tipps/Förderung-von-Kultur-in-der-Region-Hannover/1.-Förderung-für-Projekte,311,0.5401929260450161,0.7953435114503816,388,0.34536082474226804,0.6682595870206489
hannover,http://www.hannover.de/Leichte-Sprache/Hilfe-und-Tipps/Förderung-von-Kultur-in-der-Region-Hannover/2.-Förderung-für-Projekte-mit-kulturellen-Aufgaben,215,0.627906976744186,0.7951807228915663,496,0.34274193548387094,0.6867114093959731
hannover,http://www.hannover.de/Leichte-Sprache/Hilfe-und-Tipps/Förderung-von-Kultur-in-der-Region-Hannover/3.-Förderung-für-die-Arbeit-in-einem-Chor,202,0.6633663366336634,0.8216993464052288,335,0.3582089552238806,0.6556643356643357
hannover,http://www.hannover.de/Leichte-Sprache/Hilfe-und-Tipps/Förderung-von-Kultur-in-der-Region-Hannover/4.-Förderung-für-Spiel∙pläne,285,0.5017543859649123,0.7369491525423728,485,0.3216494845360825,0.6745871559633028
hannover,http://www.hannover.de/Leichte-Sprache/Hilfe-und-Tipps/Förderung-von-Kultur-in-der-Region-Hannover/7.-Förderung-für-kulturelle-Einrichtungen,136,0.6691176470588235,0.7445977011494253,297,0.3400673400673401,0.6268548387096774
hannover,http://www.hannover.de/Leichte-Sprache/Hilfe-und-Tipps/Förderung-von-Kultur-in-der-Region-Hannover/8.-Förderung-für-Theater,88,0.5681818181818182,0.6389743589743591,152,0.5,0.6811650485436893
hannover,http://www.hannover.de/Leichte-Sprache/Hilfe-und-Tipps/Ideen-und-Beschwerden-an-das-B%C3%BCrger%E2%88%99b%C3%BCro-schicken,290,0.5344827586206896,0.7774273858921161,280,0.36428571428571427,0.6785281385281385
hannover,http://www.hannover.de/Leichte-Sprache/Hilfe-und-Tipps/Notfall/Wer-hilft-mir-bei-welchem-Notfall,664,0.5286144578313253,0.7498861788617887,972,0.31893004115226337,0.6776814734561214
hannover,http://www.hannover.de/Leichte-Sprache/Hilfe-und-Tipps/Notfall/Was-passiert-bei-einer-Evakuierung,604,0.5231788079470199,0.8181261261261261,864,0.26157407407407407,0.6504294478527608
hannover,http://www.hannover.de/Leichte-Sprache/Hilfe-und-Tipps/Notfall/Hilfe-bei-Gewalt,1077,0.46425255338904364,0.785875486381323,400,0.365,0.6646153846153846
hannover,http://www.hannover.de/Leichte-Sprache/Hilfe-und-Tipps/Notfall/Not∙dienste,320,0.546875,0.7921033210332104,242,0.384297520661157,0.6471502590673576
hannover,http://www.hannover.de/Leichte-Sprache/Hilfe-und-Tipps/Notfälle-und-Katastrophen-Hilfe-und-Tipps/Was-passiert-bei-einer-Evakuierung,604,0.5231788079470199,0.8181261261261261,864,0.26157407407407407,0.6504294478527608
hannover,http://www.hannover.de/Leichte-Sprache/Hilfe-und-Tipps/Notfälle-und-Katastrophen-Hilfe-und-Tipps/Strom∙ausfall-Hilfe-für-Menschen-mit-Behinderung,182,0.6813186813186813,0.8345864661654135,411,0.31873479318734793,0.7134254143646409
hannover,http://www.hannover.de/Leichte-Sprache/Hilfe-und-Tipps/Notfälle-und-Katastrophen-Hilfe-und-Tipps/Verhalten-bei-einer-Katastrophe,157,0.6050955414012739,0.7651851851851852,1918,0.20855057351407716,0.6840128410914929
hannover,http://www.hannover.de/Leichte-Sprache/Hilfe-und-Tipps/Notfälle-und-Katastrophen-Hilfe-und-Tipps/Notfall∙pass-für-Menschen-mit-Taub∙blindheit,374,0.5026737967914439,0.7916307692307691,467,0.3083511777301927,0.6396172248803829
hannover,http://www.hannover.de/Leichte-Sprache/Hilfe-und-Tipps/Notfälle-und-Katastrophen-Hilfe-und-Tipps/Wer-hilft-mir-bei-welchem-Notfall,664,0.5286144578313253,0.7498861788617887,972,0.31893004115226337,0.6776814734561214
hannover,http://www.hannover.de/Leichte-Sprache/Hilfe-und-Tipps/Notfälle-und-Katastrophen-Hilfe-und-Tipps/Not∙dienste,320,0.546875,0.7921033210332104,242,0.384297520661157,0.6471502590673576
hannover,http://www.hannover.de/Leichte-Sprache/Hilfe-und-Tipps/Menschen-ohne-Wohnung-Hilfs∙angebote-im-Sommer-und-Winter/Hilfen-im-Sommer-für-Menschen-ohne-Wohnung,545,0.46972477064220186,0.7816935483870968,659,0.2883156297420334,0.6775081967213116
hannover,http://www.hannover.de/Leichte-Sprache/Hilfe-und-Tipps/Menschen-ohne-Wohnung-Hilfs∙angebote-im-Sommer-und-Winter/Hilfen-im-Winter-für-Menschen-ohne-Wohnung,583,0.5042881646655232,0.7602996254681648,911,0.26344676180021953,0.6496519721577726
hannover,http://www.hannover.de/Leichte-Sprache/Nachrichten-und-Veranstaltungen/Nachrichten/Begleit%E2%88%99service-f%C3%BCr-Fahrg%C3%A4ste,290,0.5448275862068965,0.7497095435684648,496,0.3125,0.6359731543624162
hannover,http://www.hannover.de/Leichte-Sprache/Hilfe-und-Tipps/Schwangerschaft-und-Geburt/Fachkräfte-Frühe-Hilfen,467,0.430406852248394,0.8120574162679426,299,0.4080267558528428,0.68024
hannover,http://www.hannover.de/Leichte-Sprache/Hilfe-und-Tipps/Schwangerschaft-und-Geburt/Schwangerschafts∙wegweiser,471,0.5286624203821656,0.8213744075829384,367,0.4114441416893733,0.7122012578616352
hannover,http://www.hannover.de/Leichte-Sprache/Freizeit-und-Tourismus/Feste/Musik∙fest-Fête-de-la-Musique2,2760,0.3789855072463768,0.750866838804869,212,0.38207547169811323,0.6683435582822086
hannover,http://www.hannover.de/Leichte-Sprache/Freizeit-und-Tourismus/Feste/Schützen∙fest-2026,62,0.7903225806451613,0.7861538461538462,178,0.38764044943820225,0.5706976744186046
hannover,http://www.hannover.de/Leichte-Sprache/Freizeit-und-Tourismus/Feste/Entdecker∙tag-2026,54,0.6296296296296297,0.62,250,0.392,0.6827860696517414
hannover,http://www.hannover.de/Leichte-Sprache/Freizeit-und-Tourismus/Feste/Tier∙garten∙fest-2026,439,0.5216400911161732,0.8183076923076923,287,0.39372822299651566,0.591764705882353
hannover,http://www.hannover.de/Leichte-Sprache/Freizeit-und-Tourismus/Draußen/Fahrrad∙fahren-in-der-Region-Hannover,6,1.0,1.0,76,0.6052631578947368,0.6525925925925926
hannover,http://www.hannover.de/Leichte-Sprache/Freizeit-und-Tourismus/Draußen/Spiel･plätze-in-Hannover,436,0.5321100917431193,0.8048062015503875,147,0.46938775510204084,0.6559183673469388
hannover,http://www.hannover.de/Leichte-Sprache/Freizeit-und-Tourismus/Draußen/Grüne-Schätze,1073,0.2898415657036347,0.60412109375,483,0.36438923395445133,0.6634562211981567
hannover,http://www.hannover.de/Leichte-Sprache/Freizeit-und-Tourismus/Drinnen/Kinos,224,0.5580357142857143,0.7113142857142858,168,0.44047619047619047,0.5436974789915967
hannover,http://www.hannover.de/Leichte-Sprache/Lernen-und-Arbeiten/Lernen/Informationen-zur-Kinder∙tages∙stätte,915,0.3650273224043716,0.7360508083140878,1081,0.35430157261794637,0.7094186046511628
hannover,http://www.hannover.de/Leichte-Sprache/Lernen-und-Arbeiten/Lernen/Informationen-zur-Krippe,1062,0.3502824858757062,0.7345903257650542,1124,0.33629893238434166,0.6939720930232558
hannover,http://www.hannover.de/Leichte-Sprache/Lernen-und-Arbeiten/Lernen/Medien･zentrum-der-Region-Hannover,228,0.5526315789473685,0.7316201117318436,129,0.5503875968992248,0.69975
hannover,http://www.hannover.de/Leichte-Sprache/Lernen-und-Arbeiten/Arbeiten/Job･center-von-der-Region-Hannover,116,0.6293103448275862,0.7480597014925373,158,0.47468354430379744,0.6667889908256881
hannover,http://www.hannover.de/Leichte-Sprache/Hannover-und-Region/Politik/Wahlen/Kommunal%E2%88%99wahlen-2026-in-der-Region-Hannover/Fragen-und-Antworten-f%C3%BCr-Wahl%E2%88%99helfer,723,0.43291839557399725,0.769673590504451,682,0.27419354838709675,0.6349131121642969
hannover,http://www.hannover.de/Leichte-Sprache/Hannover-und-Region/Politik/Wahlen/Kommunal%E2%88%99wahlen-2026-in-der-Region-Hannover/Wie-kann-ich-die-Wahl%C2%B7leiter-erreichen,64,0.8125,0.844,212,0.49056603773584906,0.6465030674846626
hannover,http://www.hannover.de/Leichte-Sprache/Hannover-und-Region/Politik/Wahlen/Kommunal%E2%88%99wahlen-2026-in-der-Region-Hannover/Wie-kann-ich-bei-der-Wahl-helfen,280,0.5357142857142857,0.7774891774891775,344,0.3546511627906977,0.668271186440678
hannover,http://www.hannover.de/Leichte-Sprache/Hilfe-und-Tipps/B%C3%BCros-und-%C3%84mter-f%C3%BCr-B%C3%BCrger/Fach%E2%88%99bereich-Teil%E2%88%99habe-bei-der-Region-Hannover,333,0.5285285285285285,0.7464788732394366,871,0.24339839265212398,0.65669099756691
hannover,http://www.hannover.de/Leichte-Sprache/Hilfe-und-Tipps/Sozial%EF%BD%A5leistungen/Informationen-zu-Bildung-und-Teilhabe,643,0.40746500777604977,0.7638720538720539,239,0.42677824267782427,0.676421052631579
hannover,http://www.hannover.de/Leichte-Sprache/Lernen-und-Arbeiten/Lernen/Informationen-zur-Kinder%E2%88%99tages%E2%88%99st%C3%A4tte,915,0.3650273224043716,0.7360508083140878,1081,0.35430157261794637,0.7094186046511628
hannover,http://www.hannover.de/Leichte-Sprache/Hilfe-und-Tipps/Notfälle-und-Katastrophen-Hilfe-und-Tipps/Verhalten-bei-extremem-Wetter/Schnee-und-Glatt∙eis-in-Hannover,1062,0.4444444444444444,0.782507403751234,862,0.29350348027842227,0.6716851168511686
hannover,http://www.hannover.de/Leichte-Sprache/Hilfe-und-Tipps/Notfälle-und-Katastrophen-Hilfe-und-Tipps/Verhalten-bei-extremem-Wetter/Hitze-in-der-Region-Hannover,352,0.48579545454545453,0.7695709570957096,266,0.39097744360902253,0.6987096774193549
hannover,http://www.hannover.de/Leichte-Sprache/Hilfe-und-Tipps/Notfälle-und-Katastrophen-Hilfe-und-Tipps/Verhalten-bei-extremem-Wetter/Hoch∙wasser-in-der-Region-Hannover,672,0.5446428571428571,0.8032423756019262,673,0.32540861812778604,0.7026282051282051
hannover,http://www.hannover.de/Leichte-Sprache/Hilfe-und-Tipps/Notfälle-und-Katastrophen-Hilfe-und-Tipps/Verhalten-bei-extremem-Wetter/Kälte-in-Hannover,1055,0.4767772511848341,0.801272365805169,861,0.31010452961672474,0.6741133004926109
hannover,http://www.hannover.de/Leichte-Sprache/Hilfe-und-Tipps/Notfälle-und-Katastrophen-Hilfe-und-Tipps/Verhalten-bei-extremem-Wetter/Gewitter-und-Sturm-in-Hannover,652,0.48466257668711654,0.7966169154228856,824,0.27427184466019416,0.6542967741935484
hannover,http://www.hannover.de/Leichte-Sprache/Hilfe-und-Tipps/Notfälle-und-Katastrophen-Hilfe-und-Tipps/Verhalten-bei-extremem-Wetter/Wann-fällt-in-Hannover-die-Schule-aus,201,0.5970149253731343,0.7907894736842106,339,0.36578171091445427,0.6451034482758621
hannover,https://www.hannover.de/Leichte-Sprache/Hilfe-und-Tipps/Beratung-und-Unterstützung/Beratung-für-Eltern.-Für-Kinder.-Und-für-Jugendliche/Familien∙beratung-und-Erziehungs∙beratung/Beratungs∙stellen-für-Eltern.-Für-Kinder.-Und-für-Jugendliche/Burgdorf-Beratungs∙stelle-für-Eltern.-Für-Kinder.-Und-für-Jugendliche/Gruppen∙angebot-für-Mütter-mit-Kindern-von-0-bis-12-Monaten,462,0.47619047619047616,0.8077966101694916,394,0.37055837563451777,0.7172753623188406
hannover,https://www.hannover.de/Leichte-Sprache/Nachrichten-und-Veranstaltungen/Nachrichten/Das-ZeitZentrum-Zivil%E2%88%99courage,1251,0.42366107114308554,0.7613311148086522,915,0.26229508196721313,0.6397228637413395
hannover,https://www.hannover.de/Leichte-Sprache/Freizeit-und-Tourismus/Drinnen/Museen-und-Ausstellungen/Das-ZeitZentrum-Zivil%E2%88%99courage/Das-ZeitZentrum-Zivil%E2%88%99courage,1251,0.42366107114308554,0.7613311148086522,915,0.26229508196721313,0.6397228637413395
hannover,https://www.hannover.de/Leichte-Sprache/Freizeit-und-Tourismus/Drinnen/Museen-und-Ausstellungen/Das-ZeitZentrum-Zivil%E2%88%99courage/Ihr-Besuch-im-ZeitZentrum-Zivil%E2%88%99courage,792,0.5050505050505051,0.8054912516823688,1273,0.27258444619010214,0.6559477124183006
hannover,https://www.hannover.de/Leichte-Sprache/Freizeit-und-Tourismus/Drinnen/Museen-und-Ausstellungen/Das-ZeitZentrum-Zivil%E2%88%99courage/Bildungs%E2%88%99angebote-im-ZeitZentrum-Zivil%E2%88%99courage,510,0.4588235294117647,0.781648590021692,599,0.3105175292153589,0.6509818181818182
hannover,https://www.hannover.de/Leichte-Sprache/Hilfe-und-Tipps/Sozial%EF%BD%A5leistungen/BuT-Leistungen-Leit%E2%88%99faden-f%C3%BCr-Mitarbeiter-in-Kitas,542,0.3929889298892989,0.7598377281947262,881,0.24063564131668558,0.635576923076923
hannover,https://www.hannover.de/Leichte-Sprache/Hilfe-und-Tipps/Sozial%EF%BD%A5leistungen/BuT-Leistungen-Leit%E2%88%99faden-f%C3%BCr-Mitarbeiter-in-Kitas/BuT-Leistungen-Kosten-f%C3%BCr-Ausfl%C3%BCge-von-der-Kita-mit-%C3%9Cbernachtung,593,0.36930860033726814,0.729154411764706,1433,0.18492672714584787,0.6149421965317919
hannover,https://www.hannover.de/Leichte-Sprache/Hilfe-und-Tipps/Sozial%EF%BD%A5leistungen/BuT-Leistungen-Leit%E2%88%99faden-f%C3%BCr-Mitarbeiter-in-Kitas/BuT-Leistungen-Kosten-f%C3%BCr-das-Mittag%E2%88%99essen-in-der-Kita,602,0.3521594684385382,0.703616636528029,1306,0.18147013782542112,0.6003659506762132
hannover,https://www.hannover.de/Leichte-Sprache/Hilfe-und-Tipps/Sozial%EF%BD%A5leistungen/BuT-Leistungen-Leit%E2%88%99faden-f%C3%BCr-Mitarbeiter-in-Kitas/BuT-Leistungen-Kosten-f%C3%BCr-Teilhabe%E2%88%99aktivit%C3%A4ten-von-der-Kita,675,0.3762962962962963,0.7177955271565495,1332,0.21771771771771772,0.631223694466095
hannover,https://www.hannover.de/Leichte-Sprache/Hilfe-und-Tipps/Sozial%EF%BD%A5leistungen/BuT-Leistungen-Leit%E2%88%99faden-f%C3%BCr-Mitarbeiter-in-Kitas/BuT-Leistungen-Weitere-Fragen,238,0.5084033613445378,0.7297354497354497,776,0.2268041237113402,0.5957359009628611
hannover,https://www.hannover.de/Leichte-Sprache/Hilfe-und-Tipps/Sozial%EF%BD%A5leistungen/BuT-Leistungen-Leit%E2%88%99faden-f%C3%BCr-Mitarbeiter-in-Kitas/BuT-Leistungen-Kosten-f%C3%BCr-Tages%E2%88%99ausfl%C3%BCge-von-der-Kita,569,0.38137082601054484,0.6875769230769231,1428,0.18277310924369747,0.6067875271936185
hannover,http://www.hannover.de/Leichte-Sprache/Nachrichten-und-Veranstaltungen/Nachrichten/Die-Gedenkstätte-Ahlem/Die-Gedenkstätte-Ahlem-heute,304,0.5592105263157895,0.7338039215686275,451,0.328159645232816,0.6629850746268656
hannover,http://www.hannover.de/Leichte-Sprache/Nachrichten-und-Veranstaltungen/Nachrichten/Die-Gedenkstätte-Ahlem/Die-Geschichte-von-der-Gedenkstätte-Ahlem,352,0.5482954545454546,0.7557755775577558,501,0.3333333333333333,0.6361061946902654
hannover,http://www.hannover.de/Leichte-Sprache/Nachrichten-und-Veranstaltungen/Nachrichten/Die-Gedenkstätte-Ahlem/Lern∙angebote-in-der-Gedenkstätte-Ahlem,472,0.4851694915254237,0.7851063829787235,678,0.2831858407079646,0.6755484896661368
hannover,http://www.hannover.de/Leichte-Sprache/Hilfe-und-Tipps/Gesundheit2/Gesundheits･tipps/Hitze-in-der-Region-Hannover,352,0.48579545454545453,0.7695709570957096,266,0.39097744360902253,0.6987096774193549
hannover,http://www.hannover.de/Leichte-Sprache/Hilfe-und-Tipps/Gesundheit2/Gesundheits%EF%BD%A5tipps/Hitze-in-der-Region-Hannover,352,0.48579545454545453,0.7695709570957096,266,0.39097744360902253,0.6987096774193549
hannover,http://www.hannover.de/Leichte-Sprache/Hilfe-und-Tipps/Gesundheit2/Gesundheits%EF%BD%A5tipps/Hitze-in-der-Region-Hannover/Klima%E2%88%99wandel-und-Klima%E2%88%99anpassung,168,0.5595238095238095,0.773109243697479,365,0.38904109589041097,0.6759493670886075
hannover,http://www.hannover.de/Leichte-Sprache/Nachrichten-und-Veranstaltungen/Nachrichten/Warum-feiern-wir-Silvester-und-Neu%E2%88%99jahr,924,0.461038961038961,0.8061714285714285,225,0.4177777777777778,0.6256818181818182
hannover,http://www.hannover.de/Leichte-Sprache/Hannover-und-Region/Unterwegs-sein/Unterwegs-mit-Bus-und-Bahn/Gro%C3%9Fraum-Verkehr-Hannover,328,0.4847560975609756,0.7291039426523297,428,0.29439252336448596,0.5613192612137203
hannover,http://www.hannover.de/Leichte-Sprache/Hilfe-und-Tipps/Beratung-und-Unterstützung/Hilfe-und-Beratung-für-ältere-Menschen/Kosten∙lose-Beratung,100,0.75,0.7835294117647059,203,0.5221674876847291,0.7106493506493506
hannover,http://www.hannover.de/Leichte-Sprache/Hannover-und-Region/Die-Verwaltung-von-der-Region-Hannover/Die-Hör∙region-Hannover/Gesund-hören/Tipps-für-gutes-Hören,683,0.5109809663250366,0.8209148264984227,905,0.281767955801105,0.6652570093457945
hannover,http://www.hannover.de/Leichte-Sprache/Hannover-und-Region/Die-Verwaltung-von-der-Region-Hannover/Die-Hör∙region-Hannover/Hören-lernen/Gutes-Hören-in-der-Kinder∙tages∙stätte,319,0.5360501567398119,0.7767407407407407,502,0.3784860557768924,0.678719646799117
hannover,http://www.hannover.de/Leichte-Sprache/Hannover-und-Region/Die-Verwaltung-von-der-Region-Hannover/Die-Hör∙region-Hannover/Gesund-hören/Hilfe-für-Menschen-mit-einer-Hör∙beeinträchtigung,357,0.6694677871148459,0.8411038961038961,960,0.28125,0.6884742041712405
hannover,http://www.hannover.de/Leichte-Sprache/Hannover-und-Region/Unterwegs-sein/Unterwegs-mit-Bus-und-Bahn/Begleit∙service-für-Fahrgäste,290,0.5448275862068965,0.7497095435684648,496,0.3125,0.6359731543624162
hannover,http://www.hannover.de/Leichte-Sprache/Hannover-und-Region/Unterwegs-sein/Unterwegs-mit-Bus-und-Bahn/sprinti-in-der-Region-Hannover,269,0.550185873605948,0.7766363636363636,634,0.277602523659306,0.662974358974359
hannover,http://www.hannover.de/Leichte-Sprache/Hannover-und-Region/Unterwegs-sein/Unterwegs-mit-Bus-und-Bahn/Großraum-Verkehr-Hannover,328,0.4847560975609756,0.7291039426523297,428,0.29439252336448596,0.5613192612137203
hannover,http://www.hannover.de/Leichte-Sprache/Hannover-und-Region/Unterwegs-sein/Unterwegs-mit-Bus-und-Bahn/Nacht･stern･verkehr,615,0.45528455284552843,0.7496819787985866,166,0.3795180722891566,0.5432478632478632
hannover,http://www.hannover.de/Leichte-Sprache/Hannover-und-Region/Unterwegs-sein/Unterwegs-mit-Bus-und-Bahn/Fern･busse,286,0.6293706293706294,0.831139240506329,275,0.43272727272727274,0.651061946902655
hannover,http://www.hannover.de/Leichte-Sprache/Hannover-und-Region/Unterwegs-sein/Unterwegs-mit-dem-Taxi/Frauen%EF%BD%A5nacht%EF%BD%A5taxi,581,0.39070567986230637,0.8050751879699248,1626,0.14514145141451415,0.6434876347495244
hannover,http://www.hannover.de/Leichte-Sprache/Hannover-und-Region/Unterwegs-sein/Unterwegs-mit-dem-Taxi/Frauen･nacht･taxi,581,0.39070567986230637,0.8050751879699248,1626,0.14514145141451415,0.6434876347495244
hannover,http://www.hannover.de/Leichte-Sprache/Hilfe-und-Tipps/B%C3%BCros-und-%C3%84mter-f%C3%BCr-B%C3%BCrger/Fach%EF%BD%A5bereich-Soziales-von-der-Stadt-Hannover,74,0.6621621621621622,0.6552,125,0.536,0.6731578947368422
hannover,http://www.hannover.de/Leichte-Sprache/Hilfe-und-Tipps/Vollj%C3%A4hrigkeit-Was-du-mit-18-Jahren-beachten-musst/2.-Jugend%E2%88%99hilfe,562,0.400355871886121,0.7500584795321638,490,0.31020408163265306,0.6769160997732426
hannover,http://www.hannover.de/Leichte-Sprache/Hilfe-und-Tipps/Beratung-und-Unterst%C3%BCtzung/Ansprech%E2%88%99personen-f%C3%BCr-junge-Menschen-mit-Behinderung,522,0.4157088122605364,0.7712050739957717,452,0.30973451327433627,0.625955334987593
hannover,http://www.hannover.de/Leichte-Sprache/Hilfe-und-Tipps/Beratung-und-Unterstützung/Hilfe-und-Beratung-für-ältere-Menschen/Hilfe-für-ältere-Menschen-Beratung-über-den-Schutz-vor-Einbrüchen,202,0.6336633663366337,0.8032679738562092,296,0.4358108108108108,0.7055060728744939
hannover,http://www.hannover.de/Leichte-Sprache/Hilfe-und-Tipps/Beratung-und-Unterstützung/Hilfe-und-Beratung-für-ältere-Menschen/Hilfen-für-Menschen-mit-Hör∙behinderung,227,0.5859030837004405,0.7547191011235955,358,0.4106145251396648,0.7154692556634304
hannover,http://www.hannover.de/Leichte-Sprache/Hilfe-und-Tipps/Beratung-und-Unterstützung/Hilfe-und-Beratung-für-ältere-Menschen/Hilfen-für-Blinde-und-Menschen-mit-Seh∙behinderung,84,0.5833333333333334,0.7291428571428571,582,0.30412371134020616,0.6592120075046904
hannover,http://www.hannover.de/Leichte-Sprache/Hilfe-und-Tipps/Beratung-und-Unterstützung/Hilfe-und-Beratung-für-ältere-Menschen/Info∙broschüre-für-Senioren,172,0.5581395348837209,0.7094308943089431,289,0.43944636678200694,0.67725
hannover,http://www.hannover.de/Leichte-Sprache/Hilfe-und-Tipps/Beratung-und-Unterstützung/Hilfe-und-Beratung-für-ältere-Menschen/Bus-und-Bahn-fahren-Informationen-für-ältere-Menschen,438,0.545662100456621,0.792904884318766,417,0.33573141486810554,0.6867391304347826
hannover,http://www.hannover.de/Leichte-Sprache/Hilfe-und-Tipps/Beratung-und-Unterstützung/Hilfe-und-Beratung-für-ältere-Menschen/Pflege∙beratung-Beratungs∙angebote-und-Sprech∙stunden,33,0.8787878787878788,0.8787878787878788,198,0.5252525252525253,0.690738255033557
hannover,http://www.hannover.de/Leichte-Sprache/Hilfe-und-Tipps/Beratung-und-Unterstützung/Hilfe-und-Beratung-für-ältere-Menschen/Informationen-zum-Senioren∙beirat,310,0.4935483870967742,0.6822988505747127,444,0.32657657657657657,0.6611645569620254
hannover,http://www.hannover.de/Leichte-Sprache/Hilfe-und-Tipps/Beratung-und-Unterstützung/Hilfe-und-Beratung-für-ältere-Menschen/Der-Senioren∙beirat,229,0.5458515283842795,0.7665555555555555,495,0.39595959595959596,0.6606726457399104
hannover,http://www.hannover.de/Leichte-Sprache/Hilfe-und-Tipps/Beratung-und-Unterstützung/Hilfe-und-Beratung-für-ältere-Menschen/Senioren∙telefon-in-der-Stadt-Hannover,95,0.6736842105263158,0.8265217391304348,212,0.4481132075471698,0.6923926380368098
hannover,http://www.hannover.de/Leichte-Sprache/Hilfe-und-Tipps/Beratung-und-Unterstützung/Hilfe-und-Beratung-für-ältere-Menschen/Telefon∙beratung-bei-Problemen-und-Sorgen,96,0.6979166666666666,0.8208510638297872,329,0.4012158054711246,0.6669285714285714
hannover,http://www.hannover.de/Leichte-Sprache/Hilfe-und-Tipps/Beratung-und-Unterstützung/Hilfe-und-Beratung-für-ältere-Menschen/Wohn∙beratung,289,0.5640138408304498,0.7661666666666667,385,0.43376623376623374,0.6792261904761905
hannover,http://www.hannover.de/Leichte-Sprache/Hilfe-und-Tipps/Beratung-und-Unterstützung/Beratung-für-Eltern.-Für-Kinder.-Und-für-Jugendliche/Jugend∙beratung-und-Familien∙beratung-bei-der-Stadt-Hannover,508,0.43503937007874016,0.711111111111111,1473,0.20638153428377462,0.6600702247191012
hannover,http://www.hannover.de/Leichte-Sprache/Hilfe-und-Tipps/Beratung-und-Unterstützung/Beratung-für-Eltern.-Für-Kinder.-Und-für-Jugendliche/Familien∙beratung-und-Erziehungs∙beratung/Beratungs∙stellen-für-Eltern.-Für-Kinder.-Und-für-Jugendliche,325,0.5138461538461538,0.7660869565217391,236,0.3898305084745763,0.6407486631016043
hannover,http://www.hannover.de/Leichte-Sprache/Hilfe-und-Tipps/Beratung-und-Unterstützung/Beratung-für-Eltern.-Für-Kinder.-Und-für-Jugendliche/Familien∙beratung-und-Erziehungs∙beratung,130,0.5461538461538461,0.6296296296296297,211,0.4075829383886256,0.6596296296296297
hannover,http://www.hannover.de/Leichte-Sprache/Hilfe-und-Tipps/Beratung-und-Unterstützung/Beratung-für-Eltern.-Für-Kinder.-Und-für-Jugendliche/Möglichkeiten-für-eine-Beratung,257,0.5369649805447471,0.7958653846153846,1140,0.23508771929824562,0.6511824014665445
hannover,http://www.hannover.de/Leichte-Sprache/Hilfe-und-Tipps/Beratung-und-Unterstützung/Beratung-für-Eltern.-Für-Kinder.-Und-für-Jugendliche/Sprech∙stunden-bei-den-Beratungs∙stellen,241,0.5062240663900415,0.794375,832,0.23317307692307693,0.6537675606641123
hannover,http://www.hannover.de/Leichte-Sprache/Hilfe-und-Tipps/Beratung-und-Unterstützung/Beratung-für-Eltern.-Für-Kinder.-Und-für-Jugendliche/Sprech∙stunde-für-Eltern-mit-Säuglingen-und-Klein∙kindern,187,0.6631016042780749,0.8243478260869564,418,0.39473684210526316,0.7050406504065041
hannover,http://www.hannover.de/Leichte-Sprache/Hilfe-und-Tipps/Beratung-und-Unterstützung/Beratung-für-Eltern.-Für-Kinder.-Und-für-Jugendliche/Angebote-für-Kinder-und-Eltern/Kurse-für-Eltern,408,0.5073529411764706,0.7645125348189414,338,0.3698224852071006,0.68719723183391
hannover,http://www.hannover.de/Leichte-Sprache/Hilfe-und-Tipps/Beratung-und-Unterstützung/Beratung-für-Eltern.-Für-Kinder.-Und-für-Jugendliche/Angebote-für-Kinder-und-Eltern/Gruppen∙angebot-für-Kinder,514,0.4961089494163424,0.7885591397849463,372,0.3225806451612903,0.6481114551083591
hannover,http://www.hannover.de/Leichte-Sprache/Hilfe-und-Tipps/B%C3%BCros-und-%C3%84mter-f%C3%BCr-B%C3%BCrger/Fach%EF%BD%A5bereich-Jugend-der-Region-Hannover,261,0.5555555555555556,0.7343396226415094,81,0.4074074074074074,0.508125
hannover,http://www.hannover.de/Leichte-Sprache/Lernen-und-Arbeiten/Arbeiten/Job%EF%BD%A5center-von-der-Region-Hannover,116,0.6293103448275862,0.7480597014925373,158,0.47468354430379744,0.6667889908256881
hannover,http://www.hannover.de/Leichte-Sprache/Hilfe-und-Tipps/Büros-und-Ämter-für-Bürger/Bürger·ämter-in-Hannover/Termin･vereinbarung-in-den-Bürger･ämtern,328,0.5579268292682927,0.8267383512544803,482,0.3008298755186722,0.6275750577367206
hannover,http://www.hannover.de/Leichte-Sprache/Hilfe-und-Tipps/B%C3%BCros-und-%C3%84mter-f%C3%BCr-B%C3%BCrger/B%C3%BCrger%C2%B7%C3%A4mter-in-Hannover,104,0.4807692307692308,0.5825454545454545,192,0.40625,0.6220979020979022
hannover,http://www.hannover.de/Leichte-Sprache/Hilfe-und-Tipps/Sozial%EF%BD%A5leistungen/Wohn%E2%88%99geld,75,0.5733333333333334,0.6638461538461539,381,0.3228346456692913,0.6293373493975903
hannover,http://www.hannover.de/Leichte-Sprache/Hilfe-und-Tipps/Vollj%C3%A4hrigkeit-Was-du-mit-18-Jahren-beachten-musst/3.-Wohnen,1633,0.3796693202694427,0.8115277777777778,2653,0.17075009423294385,0.6748387096774193
hannover,http://www.hannover.de/Leichte-Sprache/Hilfe-und-Tipps/Vollj%C3%A4hrigkeit-Was-du-mit-18-Jahren-beachten-musst/4.-Geld,1615,0.3591331269349845,0.8026309067688379,1415,0.21696113074204948,0.6841288433382138
hannover,http://www.hannover.de/Leichte-Sprache/Hilfe-und-Tipps/Vollj%C3%A4hrigkeit-Was-du-mit-18-Jahren-beachten-musst/5.-Versicherungen,457,0.5251641137855579,0.8263725490196078,743,0.27456258411843876,0.6449567723342939
hannover,http://www.hannover.de/Leichte-Sprache/Hilfe-und-Tipps/Vollj%C3%A4hrigkeit-Was-du-mit-18-Jahren-beachten-musst/6.-Schule,694,0.41210374639769454,0.781891472868217,517,0.3404255319148936,0.6838034188034188
hannover,http://www.hannover.de/Leichte-Sprache/Hilfe-und-Tipps/Vollj%C3%A4hrigkeit-Was-du-mit-18-Jahren-beachten-musst/7.-Nach-der-Schule,1755,0.36695156695156694,0.7936694021101993,1627,0.21266133988936695,0.6708365019011406
hannover,http://www.hannover.de/Leichte-Sprache/Hilfe-und-Tipps/Vollj%C3%A4hrigkeit-Was-du-mit-18-Jahren-beachten-musst/8.-Gesundheit,239,0.6150627615062761,0.8377894736842105,268,0.47761194029850745,0.7133333333333334
hannover,http://www.hannover.de/Leichte-Sprache/Hilfe-und-Tipps/Vollj%C3%A4hrigkeit-Was-du-mit-18-Jahren-beachten-musst/9.-Freizeit,262,0.6145038167938931,0.8334272300469484,268,0.47761194029850745,0.7393607305936073
hannover,http://www.hannover.de/Leichte-Sprache/Hilfe-und-Tipps/Vollj%C3%A4hrigkeit-Was-du-mit-18-Jahren-beachten-musst/10.-Beratung-und-Hilfen,636,0.4889937106918239,0.7937649063032368,1521,0.23339907955292571,0.6707880434782608
hannover,http://www.hannover.de/Leichte-Sprache/Hilfe-und-Tipps/Vollj%C3%A4hrigkeit-Was-du-mit-18-Jahren-beachten-musst/1.-Vollj%C3%A4hrigkeit,613,0.4535073409461664,0.7876950354609928,973,0.2723535457348407,0.7109090909090909
hannover,http://www.hannover.de/Leichte-Sprache/Hilfe-und-Tipps/Familie-und-Partnerschaft/Koordinierungs∙stelle-Unterstützung-für-Allein∙erziehende/Angebote-für-Allein∙erziehende,103,0.7184466019417476,0.8240740740740741,64,0.6875,0.74
hannover,http://www.hannover.de/Leichte-Sprache/Hilfe-und-Tipps/Gesundheit2/Gesundheits･tipps/Das-müssen-Sie-über-Affen∙pocken-wissen,361,0.5484764542936288,0.816474358974359,495,0.32525252525252524,0.6424663677130046
hannover,http://www.hannover.de/Leichte-Sprache/Hilfe-und-Tipps/Gesundheit2/Gesundheits･tipps/Wie-kann-ich-mich-vor-einer-Erkältung-schützen,1233,0.41686942416869427,0.8120101351351351,1077,0.25719591457753016,0.6624124513618678
hannover,http://www.hannover.de/Leichte-Sprache/Hilfe-und-Tipps/Gesundheit2/Gesundheits･tipps/Hautkrebs-früh-genug-erkennen,300,0.6333333333333333,0.7997609561752989,279,0.41935483870967744,0.6829565217391305
hannover,http://www.hannover.de/Leichte-Sprache/Hilfe-und-Tipps/Gesundheit2/Gesundheits･tipps/Herz·infarkt-und-Schlag·anfall,1101,0.4396003633060854,0.8036311787072243,871,0.24799081515499427,0.6221167883211679
hannover,http://www.hannover.de/Leichte-Sprache/Hilfe-und-Tipps/Gesundheit2/Gesundheits･tipps/Influenza,766,0.4660574412532637,0.7859972105997209,737,0.2876526458616011,0.6686046511627907
hannover,http://www.hannover.de/Leichte-Sprache/Hilfe-und-Tipps/Gesundheit2/Gesundheits･tipps/Was-kann-ich-gegen-Kopf·läuse-tun,1208,0.3923841059602649,0.7479378774805867,551,0.29038112522686027,0.6601593625498008
hannover,http://www.hannover.de/Leichte-Sprache/Hilfe-und-Tipps/Gesundheit2/Gesundheits･tipps/Was-ist-der-Noro-Virus,620,0.4870967741935484,0.8233975481611209,576,0.2986111111111111,0.6826185958254269
hannover,http://www.hannover.de/Leichte-Sprache/Hilfe-und-Tipps/Gesundheit2/Gesundheits･tipps/Das-Masern·schutz·gesetz,795,0.4050314465408805,0.7561126005361931,824,0.24150485436893204,0.6248258064516129
hannover,http://www.hannover.de/Leichte-Sprache/Hilfe-und-Tipps/Gesundheit2/Impfen-und-Impf∙beratung/Das-Masern·schutz·gesetz,795,0.4050314465408805,0.7561126005361931,824,0.24150485436893204,0.6248258064516129
hannover,http://www.hannover.de/Leichte-Sprache/Hilfe-und-Tipps/F%C3%B6rderung-von-Kultur-in-der-Region-Hannover,368,0.46195652173913043,0.7641379310344827,220,0.37272727272727274,0.632046783625731
hannover,http://www.hannover.de/Leichte-Sprache/Hilfe-und-Tipps/F%C3%B6rderung-von-Kultur-in-der-Region-Hannover/2.-F%C3%B6rderung-f%C3%BCr-Projekte-mit-kulturellen-Aufgaben,215,0.627906976744186,0.7951807228915663,496,0.34274193548387094,0.6867114093959731
hannover,http://www.hannover.de/Leichte-Sprache/Hilfe-und-Tipps/F%C3%B6rderung-von-Kultur-in-der-Region-Hannover/7.-F%C3%B6rderung-f%C3%BCr-kulturelle-Einrichtungen,136,0.6691176470588235,0.7445977011494253,297,0.3400673400673401,0.6268548387096774
hannover,http://www.hannover.de/Leichte-Sprache/Hilfe-und-Tipps/F%C3%B6rderung-von-Kultur-in-der-Region-Hannover/8.-F%C3%B6rderung-f%C3%BCr-Theater,88,0.5681818181818182,0.6389743589743591,152,0.5,0.6811650485436893
hannover,http://www.hannover.de/Leichte-Sprache/Hilfe-und-Tipps/F%C3%B6rderung-von-Kultur-in-der-Region-Hannover/4.-F%C3%B6rderung-f%C3%BCr-Spiel%E2%88%99pl%C3%A4ne,285,0.5017543859649123,0.7369491525423728,485,0.3216494845360825,0.6745871559633028
hannover,http://www.hannover.de/Leichte-Sprache/Hilfe-und-Tipps/F%C3%B6rderung-von-Kultur-in-der-Region-Hannover/3.-F%C3%B6rderung-f%C3%BCr-die-Arbeit-in-einem-Chor,202,0.6633663366336634,0.8216993464052288,335,0.3582089552238806,0.6556643356643357
hannover,http://www.hannover.de/Leichte-Sprache/Hilfe-und-Tipps/F%C3%B6rderung-von-Kultur-in-der-Region-Hannover/1.-F%C3%B6rderung-f%C3%BCr-Projekte,311,0.5401929260450161,0.7953435114503816,388,0.34536082474226804,0.6682595870206489
hannover,http://www.hannover.de/Leichte-Sprache/Hilfe-und-Tipps/Notf%C3%A4lle-und-Katastrophen-Hilfe-und-Tipps/Verhalten-bei-einer-Katastrophe,157,0.6050955414012739,0.7651851851851852,1918,0.20855057351407716,0.6840128410914929
hannover,http://www.hannover.de/Leichte-Sprache/Hilfe-und-Tipps/Notf%C3%A4lle-und-Katastrophen-Hilfe-und-Tipps/Was-passiert-bei-einer-Evakuierung,604,0.5231788079470199,0.8181261261261261,864,0.26157407407407407,0.6504294478527608
hannover,http://www.hannover.de/Leichte-Sprache/Hilfe-und-Tipps/Notf%C3%A4lle-und-Katastrophen-Hilfe-und-Tipps/Strom%E2%88%99ausfall-Hilfe-f%C3%BCr-Menschen-mit-Behinderung,182,0.6813186813186813,0.8345864661654135,411,0.31873479318734793,0.7134254143646409
hannover,http://www.hannover.de/Leichte-Sprache/Hilfe-und-Tipps/Schwangerschaft-und-Geburt/Fachkr%C3%A4fte-Fr%C3%BChe-Hilfen,467,0.430406852248394,0.8120574162679426,299,0.4080267558528428,0.68024
hannover,http://www.hannover.de/Leichte-Sprache/Hilfe-und-Tipps/Schwangerschaft-und-Geburt/Schwangerschafts%E2%88%99wegweiser,471,0.5286624203821656,0.8213744075829384,367,0.4114441416893733,0.7122012578616352
hannover,http://www.hannover.de/Leichte-Sprache/Freizeit-und-Tourismus/Feste/Warum-feiern-wir-bestimmte-Feste/Warum-feiern-wir-Ostern,900,0.41444444444444445,0.7721739130434783,692,0.2615606936416185,0.5620217729393469
hannover,http://www.hannover.de/Leichte-Sprache/Freizeit-und-Tourismus/Feste/Warum-feiern-wir-bestimmte-Feste/Warum-feiern-wir-den-1.-Mai,903,0.46068660022148394,0.7747072599531616,347,0.3227665706051873,0.6187919463087248
hannover,http://www.hannover.de/Leichte-Sprache/Freizeit-und-Tourismus/Feste/Warum-feiern-wir-bestimmte-Feste/Warum-feiern-wir-Christi-Himmel∙fahrt,388,0.5412371134020618,0.7889675516224188,204,0.39705882352941174,0.6227096774193548
hannover,http://www.hannover.de/Leichte-Sprache/Freizeit-und-Tourismus/Feste/Warum-feiern-wir-bestimmte-Feste/Warum-feiern-wir-Pfingsten,466,0.5579399141630901,0.814052757793765,223,0.43946188340807174,0.6214942528735632
hannover,http://www.hannover.de/Leichte-Sprache/Freizeit-und-Tourismus/Feste/Warum-feiern-wir-bestimmte-Feste/Warum-feiern-wir-den-Reformations∙tag,642,0.4657320872274143,0.7854637436762225,348,0.3620689655172414,0.6325083612040134
hannover,http://www.hannover.de/Leichte-Sprache/Freizeit-und-Tourismus/Feste/Warum-feiern-wir-bestimmte-Feste/Warum-feiern-wir-den-Martins∙tag,898,0.38084632516703787,0.7443580683156655,219,0.4429223744292237,0.6592941176470588
hannover,http://www.hannover.de/Leichte-Sprache/Freizeit-und-Tourismus/Feste/Warum-feiern-wir-bestimmte-Feste/Warum-feiern-wir-Weihnachten,1404,0.400997150997151,0.7956752767527676,570,0.2982456140350877,0.6290595009596929
hannover,http://www.hannover.de/Leichte-Sprache/Freizeit-und-Tourismus/Feste/Warum-feiern-wir-bestimmte-Feste/Warum-feiern-wir-Silvester-und-Neu∙jahr,924,0.461038961038961,0.8061714285714285,225,0.4177777777777778,0.6256818181818182
hannover,http://www.hannover.de/Leichte-Sprache/Freizeit-und-Tourismus/Draußen/Fahrrad∙fahren-in-der-Region-Hannover/Der-Deister∙kreisel,364,0.4725274725274725,0.7226666666666666,414,0.357487922705314,0.6372054794520549
hannover,http://www.hannover.de/Leichte-Sprache/Freizeit-und-Tourismus/Draußen/Fahrrad∙fahren-in-der-Region-Hannover/Der-Grüne-Ring,175,0.5942857142857143,0.8125396825396825,331,0.41389728096676737,0.6612056737588653
hannover,http://www.hannover.de/Leichte-Sprache/Freizeit-und-Tourismus/Draußen/Fahrrad∙fahren-in-der-Region-Hannover/Die-Hof∙laden∙routen,204,0.5,0.7024516129032258,349,0.37822349570200575,0.6706
hannover,http://www.hannover.de/Leichte-Sprache/Freizeit-und-Tourismus/Draußen/Fahrrad∙fahren-in-der-Region-Hannover/Die-Nord∙hannoversche-Moor∙route,202,0.5841584158415841,0.7924183006535948,351,0.35327635327635326,0.6098013245033113
hannover,http://www.hannover.de/Leichte-Sprache/Freizeit-und-Tourismus/Draußen/Fahrrad∙fahren-in-der-Region-Hannover/Die-Kultur∙route,253,0.5573122529644269,0.7526470588235293,277,0.4548736462093863,0.6721929824561403
hannover,http://www.hannover.de/Leichte-Sprache/Freizeit-und-Tourismus/Draußen/Fahrrad∙fahren-in-der-Region-Hannover/Fahrrad∙fahren-am-Mittel∙land∙kanal,391,0.48081841432225064,0.7648538011695906,527,0.35294117647058826,0.6503347280334728
hannover,http://www.hannover.de/Leichte-Sprache/Freizeit-und-Tourismus/Draußen/Ausflugs･ziele/Sea-Life-Hannover,177,0.6045197740112994,0.82203125,211,0.41232227488151657,0.6532098765432099
hannover,http://www.hannover.de/Leichte-Sprache/Freizeit-und-Tourismus/Draußen/Ausflugs･ziele/Tier∙garten,502,0.5199203187250996,0.7821192052980133,186,0.4838709677419355,0.6524087591240876
hannover,http://www.hannover.de/Leichte-Sprache/Freizeit-und-Tourismus/Draußen/Ausflugs･ziele/Eilenriede,545,0.48807339449541287,0.729516129032258,219,0.45662100456621,0.638235294117647
hannover,http://www.hannover.de/Leichte-Sprache/Lernen-und-Arbeiten/Lernen/Schul∙beginn-Informationen-für-Eltern-und-Kinder/Spielen,390,0.4282051282051282,0.6978299120234605,741,0.2807017543859649,0.6428612716763006
hannover,http://www.hannover.de/Leichte-Sprache/Lernen-und-Arbeiten/Lernen/Schul∙beginn-Informationen-für-Eltern-und-Kinder/Sprache,387,0.37209302325581395,0.660887573964497,403,0.3027295285359802,0.6009039548022599
hannover,http://www.hannover.de/Leichte-Sprache/Lernen-und-Arbeiten/Lernen/Schul∙beginn-Informationen-für-Eltern-und-Kinder/Das-machen-Kinder-von-4-bis-6-Jahren,94,0.6276595744680851,0.7986666666666666,98,0.5,0.6146938775510205
hannover,http://www.hannover.de/Leichte-Sprache/Lernen-und-Arbeiten/Lernen/Schul∙beginn-Informationen-für-Eltern-und-Kinder/Informationen-für-die-Zeit-vor-der-Einschulung,121,0.6198347107438017,0.8291666666666666,62,0.6935483870967742,0.7230769230769231
hannover,http://www.hannover.de/Leichte-Sprache/Lernen-und-Arbeiten/Lernen/Schul∙beginn-Informationen-für-Eltern-und-Kinder/Ideen-und-Informationen-für-zuhause,98,0.6224489795918368,0.7387755102040817,108,0.5462962962962963,0.7288135593220338
hannover,http://www.hannover.de/Leichte-Sprache/Lernen-und-Arbeiten/Lernen/Schul∙beginn-Informationen-für-Eltern-und-Kinder/Mein-Kind-braucht-Unterstützung,100,0.61,0.7937254901960784,77,0.6103896103896104,0.7442857142857143
hannover,http://www.hannover.de/Leichte-Sprache/Lernen-und-Arbeiten/Lernen/F%C3%B6rderung/Hilfe-f%C3%BCr-den-Schul%EF%BD%A5weg,156,0.5576923076923077,0.7755140186915889,208,0.3942307692307692,0.6110691823899371
hannover,http://www.hannover.de/Leichte-Sprache/Lernen-und-Arbeiten/Lernen/Förderung/Hilfe-für-den-Schul･weg,156,0.5576923076923077,0.7755140186915889,208,0.3942307692307692,0.6110691823899371
hannover,http://www.hannover.de/Leichte-Sprache/Hilfe-und-Tipps/Sozial･leistungen/BuT-Leistungen-Leit∙faden-für-Mitarbeiter-in-Kitas,542,0.3929889298892989,0.7598377281947262,881,0.24063564131668558,0.635576923076923
hannover,http://www.hannover.de/Leichte-Sprache/Hilfe-und-Tipps/Sozial･leistungen/Grund∙sicherung-Hilfe-für-ältere-Menschen-und-bei-Berufs∙unfähigkeit,883,0.42355605889014725,0.7816546762589928,1713,0.18972562755399883,0.6079086538461539
hannover,http://www.hannover.de/Leichte-Sprache/Hilfe-und-Tipps/Sozial･leistungen/Sozial･hilfe,495,0.4626262626262626,0.7498206278026907,467,0.3019271948608137,0.6251674641148325
hannover,http://www.hannover.de/Leichte-Sprache/Hilfe-und-Tipps/Sozial･leistungen/Informationen-zu-Bildung-und-Teilhabe,643,0.40746500777604977,0.7638720538720539,239,0.42677824267782427,0.676421052631579
hannover,http://www.hannover.de/Leichte-Sprache/Hilfe-und-Tipps/Sozial･leistungen/Wohn∙geld,75,0.5733333333333334,0.6638461538461539,381,0.3228346456692913,0.6293373493975903
hannover,http://www.hannover.de/Leichte-Sprache/Hilfe-und-Tipps/Sozial･leistungen/Hilfen-für-Menschen-mit-Hör∙behinderung,227,0.5859030837004405,0.7547191011235955,358,0.4106145251396648,0.7154692556634304
hannover,http://www.hannover.de/Leichte-Sprache/Hilfe-und-Tipps/Notf%C3%A4lle-und-Katastrophen-Hilfe-und-Tipps/Verhalten-bei-extremem-Wetter/Gewitter-und-Sturm-in-Hannover,652,0.48466257668711654,0.7966169154228856,824,0.27427184466019416,0.6542967741935484
hannover,http://www.hannover.de/Leichte-Sprache/Hilfe-und-Tipps/Notf%C3%A4lle-und-Katastrophen-Hilfe-und-Tipps/Verhalten-bei-extremem-Wetter/Hitze-in-der-Region-Hannover,352,0.48579545454545453,0.7695709570957096,266,0.39097744360902253,0.6987096774193549
hannover,http://www.hannover.de/Leichte-Sprache/Hilfe-und-Tipps/Notf%C3%A4lle-und-Katastrophen-Hilfe-und-Tipps/Verhalten-bei-extremem-Wetter/K%C3%A4lte-in-Hannover,1055,0.4767772511848341,0.801272365805169,861,0.31010452961672474,0.6741133004926109
hannover,http://www.hannover.de/Leichte-Sprache/Hilfe-und-Tipps/Notf%C3%A4lle-und-Katastrophen-Hilfe-und-Tipps/Verhalten-bei-extremem-Wetter/Wann-f%C3%A4llt-in-Hannover-die-Schule-aus,201,0.5970149253731343,0.7907894736842106,339,0.36578171091445427,0.6451034482758621
hannover,http://www.hannover.de/Leichte-Sprache/Hilfe-und-Tipps/Notf%C3%A4lle-und-Katastrophen-Hilfe-und-Tipps/Verhalten-bei-extremem-Wetter/Hoch%E2%88%99wasser-in-der-Region-Hannover,672,0.5446428571428571,0.8032423756019262,673,0.32540861812778604,0.7026282051282051
hannover,http://www.hannover.de/Leichte-Sprache/Hilfe-und-Tipps/Gesundheit2/Gesundheits･tipps/Hitze-in-der-Region-Hannover/Tipps-für-heiße-Tage,3168,0.36710858585858586,0.8216607887143316,918,0.2679738562091503,0.7119907940161105
hannover,http://www.hannover.de/Leichte-Sprache/Hilfe-und-Tipps/Gesundheit2/Gesundheits･tipps/Hitze-in-der-Region-Hannover/Sonnen∙schutz-für-Kinder,227,0.5594713656387665,0.8144943820224718,460,0.34347826086956523,0.6893917274939173
hannover,http://www.hannover.de/Leichte-Sprache/Hilfe-und-Tipps/Gesundheit2/Gesundheits･tipps/Hitze-in-der-Region-Hannover/Tipps-für-schwangere-Frauen,407,0.5626535626535627,0.8143016759776536,553,0.33634719710669075,0.7161904761904762
hannover,http://www.hannover.de/Leichte-Sprache/Hilfe-und-Tipps/Gesundheit2/Gesundheits･tipps/Hitze-in-der-Region-Hannover/Klima∙wandel-und-Klima∙anpassung,168,0.5595238095238095,0.773109243697479,365,0.38904109589041097,0.6759493670886075
hannover,http://www.hannover.de/Leichte-Sprache/Hilfe-und-Tipps/Notf%C3%A4lle-und-Katastrophen-Hilfe-und-Tipps/Verhalten-bei-extremem-Wetter/Schnee-und-Glatt%E2%88%99eis-in-Hannover,1062,0.4444444444444444,0.782507403751234,862,0.29350348027842227,0.6716851168511686
hannover,https://www.hannover.de/Leichte-Sprache/Hilfe-und-Tipps/Beratung-und-Unterst%C3%BCtzung/Beratung-f%C3%BCr-Eltern.-F%C3%BCr-Kinder.-Und-f%C3%BCr-Jugendliche/Familien%E2%88%99beratung-und-Erziehungs%E2%88%99beratung/Beratungs%E2%88%99stellen-f%C3%BCr-Eltern.-F%C3%BCr-Kinder.-Und-f%C3%BCr-Jugendliche/Burgdorf-Beratungs%E2%88%99stelle-f%C3%BCr-Eltern.-F%C3%BCr-Kinder.-Und-f%C3%BCr-Jugendliche,179,0.5698324022346368,0.7644615384615384,110,0.6,0.7262295081967213
hannover,https://www.hannover.de/Leichte-Sprache/Hilfe-und-Tipps/Beratung-und-Unterst%C3%BCtzung/Beratung-f%C3%BCr-Eltern.-F%C3%BCr-Kinder.-Und-f%C3%BCr-Jugendliche/Familien%E2%88%99beratung-und-Erziehungs%E2%88%99beratung,130,0.5461538461538461,0.6296296296296297,211,0.4075829383886256,0.6596296296296297
hannover,https://www.hannover.de/Leichte-Sprache/Hilfe-und-Tipps/Beratung-und-Unterst%C3%BCtzung/Beratung-f%C3%BCr-Eltern.-F%C3%BCr-Kinder.-Und-f%C3%BCr-Jugendliche/Familien%E2%88%99beratung-und-Erziehungs%E2%88%99beratung/Beratungs%E2%88%99stellen-f%C3%BCr-Eltern.-F%C3%BCr-Kinder.-Und-f%C3%BCr-Jugendliche,325,0.5138461538461538,0.7660869565217391,236,0.3898305084745763,0.6407486631016043
hannover,http://www.hannover.de/Leichte-Sprache/Freizeit-und-Tourismus/Drinnen/Museen-und-Ausstellungen/Die-Gedenkstätte-Ahlem/Die-Geschichte-von-der-Gedenkstätte-Ahlem,352,0.5482954545454546,0.7557755775577558,501,0.3333333333333333,0.6361061946902654
hannover,http://www.hannover.de/Leichte-Sprache/Freizeit-und-Tourismus/Drinnen/Museen-und-Ausstellungen/Die-Gedenkst%C3%A4tte-Ahlem/Die-Geschichte-von-der-Gedenkst%C3%A4tte-Ahlem,352,0.5482954545454546,0.7557755775577558,501,0.3333333333333333,0.6361061946902654
hannover,http://www.hannover.de/Leichte-Sprache/Freizeit-und-Tourismus/Drinnen/Museen-und-Ausstellungen/Die-Gedenkst%C3%A4tte-Ahlem/Lern%E2%88%99angebote-in-der-Gedenkst%C3%A4tte-Ahlem,472,0.4851694915254237,0.7851063829787235,678,0.2831858407079646,0.6755484896661368
hannover,http://www.hannover.de/Leichte-Sprache/Freizeit-und-Tourismus/Drinnen/Museen-und-Ausstellungen/Die-Gedenkst%C3%A4tte-Ahlem/Die-Gedenkst%C3%A4tte-Ahlem-heute,304,0.5592105263157895,0.7338039215686275,451,0.328159645232816,0.6629850746268656
hannover,http://www.hannover.de/Leichte-Sprache/Hilfe-und-Tipps/Gesundheit2/Gesundheits%EF%BD%A5tipps/Hitze-in-der-Region-Hannover/Tipps-f%C3%BCr-hei%C3%9Fe-Tage,3168,0.36710858585858586,0.8216607887143316,918,0.2679738562091503,0.7119907940161105
hannover,http://www.hannover.de/Leichte-Sprache/Hilfe-und-Tipps/B%C3%BCros-und-%C3%84mter-f%C3%BCr-B%C3%BCrger/Standes%E2%88%99amt,32,0.875,0.875,515,0.24660194174757283,0.5716738197424892
hannover,http://www.hannover.de/Leichte-Sprache/Nachrichten-und-Veranstaltungen/Nachrichten/%C3%9CMO-Die-neue-%C3%9Cstra,559,0.41681574239713776,0.7421960784313725,334,0.3502994011976048,0.6251929824561404
hannover,http://www.hannover.de/Leichte-Sprache/Hilfe-und-Tipps/Beratung-und-Unterst%C3%BCtzung/Hilfe-und-Beratung-f%C3%BCr-%C3%A4ltere-Menschen,115,0.7391304347826086,0.7703030303030304,106,0.5943396226415094,0.7610526315789474
hannover,http://www.hannover.de/Leichte-Sprache/Hilfe-und-Tipps/Beratung-und-Unterst%C3%BCtzung/Hilfe-und-Beratung-f%C3%BCr-%C3%A4ltere-Menschen/Hilfen-f%C3%BCr-Blinde-und-Menschen-mit-Seh%E2%88%99behinderung,84,0.5833333333333334,0.7291428571428571,582,0.30412371134020616,0.6592120075046904
hannover,http://www.hannover.de/Leichte-Sprache/Hilfe-und-Tipps/Sozial%EF%BD%A5leistungen/Hilfen-f%C3%BCr-Menschen-mit-H%C3%B6r%E2%88%99behinderung,227,0.5859030837004405,0.7547191011235955,358,0.4106145251396648,0.7154692556634304
hannover,http://www.hannover.de/Leichte-Sprache/Hilfe-und-Tipps/Beratung-und-Unterst%C3%BCtzung/Hilfe-und-Beratung-f%C3%BCr-%C3%A4ltere-Menschen/Bus-und-Bahn-fahren-Informationen-f%C3%BCr-%C3%A4ltere-Menschen,438,0.545662100456621,0.792904884318766,417,0.33573141486810554,0.6867391304347826
hannover,http://www.hannover.de/Leichte-Sprache/Hilfe-und-Tipps/Beratung-und-Unterst%C3%BCtzung/Hilfe-und-Beratung-f%C3%BCr-%C3%A4ltere-Menschen/Der-Senioren%E2%88%99beirat,229,0.5458515283842795,0.7665555555555555,495,0.39595959595959596,0.6606726457399104
hannover,http://www.hannover.de/Leichte-Sprache/Hilfe-und-Tipps/Beratung-und-Unterst%C3%BCtzung/Hilfe-und-Beratung-f%C3%BCr-%C3%A4ltere-Menschen/Info%E2%88%99brosch%C3%BCre-f%C3%BCr-Senioren,172,0.5581395348837209,0.7094308943089431,289,0.43944636678200694,0.67725
hannover,http://www.hannover.de/Leichte-Sprache/Hilfe-und-Tipps/Beratung-und-Unterst%C3%BCtzung/Hilfe-und-Beratung-f%C3%BCr-%C3%A4ltere-Menschen/Senioren%E2%88%99telefon-in-der-Stadt-Hannover,95,0.6736842105263158,0.8265217391304348,212,0.4481132075471698,0.6923926380368098
hannover,http://www.hannover.de/Leichte-Sprache/Hilfe-und-Tipps/Beratung-und-Unterst%C3%BCtzung/Hilfe-und-Beratung-f%C3%BCr-%C3%A4ltere-Menschen/Wohn%E2%88%99beratung,289,0.5640138408304498,0.7661666666666667,385,0.43376623376623374,0.6792261904761905
hannover,http://www.hannover.de/Leichte-Sprache/Hilfe-und-Tipps/Beratung-und-Unterst%C3%BCtzung/Hilfe-und-Beratung-f%C3%BCr-%C3%A4ltere-Menschen/Pflege%E2%88%99beratung-Beratungs%E2%88%99angebote-und-Sprech%E2%88%99stunden,33,0.8787878787878788,0.8787878787878788,198,0.5252525252525253,0.690738255033557
hannover,http://www.hannover.de/Leichte-Sprache/Hilfe-und-Tipps/Beratung-und-Unterst%C3%BCtzung/Hilfe-und-Beratung-f%C3%BCr-%C3%A4ltere-Menschen/Telefon%E2%88%99beratung-bei-Problemen-und-Sorgen,96,0.6979166666666666,0.8208510638297872,329,0.4012158054711246,0.6669285714285714
hannover,http://www.hannover.de/Leichte-Sprache/Hilfe-und-Tipps/Beratung-und-Unterst%C3%BCtzung/Hilfe-und-Beratung-f%C3%BCr-%C3%A4ltere-Menschen/Hilfe-f%C3%BCr-%C3%A4ltere-Menschen-Beratung-%C3%BCber-den-Schutz-vor-Einbr%C3%BCchen,202,0.6336633663366337,0.8032679738562092,296,0.4358108108108108,0.7055060728744939
hannover,http://www.hannover.de/Leichte-Sprache/Hannover-und-Region/Die-Verwaltung-von-der-Region-Hannover/Die-H%C3%B6r%E2%88%99region-Hannover/Gesund-h%C3%B6ren/Hilfe-f%C3%BCr-Menschen-mit-einer-H%C3%B6r%E2%88%99beeintr%C3%A4chtigung,357,0.6694677871148459,0.8411038961038961,960,0.28125,0.6884742041712405
hannover,http://www.hannover.de/Leichte-Sprache/Hannover-und-Region/Die-Verwaltung-von-der-Region-Hannover/Die-H%C3%B6r%E2%88%99region-Hannover/Gesund-h%C3%B6ren/Tipps-f%C3%BCr-gutes-H%C3%B6ren,683,0.5109809663250366,0.8209148264984227,905,0.281767955801105,0.6652570093457945
hannover,http://www.hannover.de/Leichte-Sprache/Hannover-und-Region/Die-Verwaltung-von-der-Region-Hannover/Die-H%C3%B6r%E2%88%99region-Hannover/H%C3%B6ren-lernen/Gutes-H%C3%B6ren-in-der-Kinder%E2%88%99tages%E2%88%99st%C3%A4tte,319,0.5360501567398119,0.7767407407407407,502,0.3784860557768924,0.678719646799117
hannover,http://www.hannover.de/Leichte-Sprache/Hannover-und-Region/Die-Verwaltung-von-der-Region-Hannover/Die-Hör∙region-Hannover/Hören-erleben/Programm-von-der-Hör∙region/Newsletter-von-der-Hör∙region,630,0.4507936507936508,0.7689845094664371,138,0.45652173913043476,0.6658426966292135
hannover,http://www.hannover.de/Leichte-Sprache/Hilfe-und-Tipps/Beratung-und-Unterst%C3%BCtzung/Hilfe-und-Beratung-f%C3%BCr-%C3%A4ltere-Menschen/Kosten%E2%88%99lose-Beratung,100,0.75,0.7835294117647059,203,0.5221674876847291,0.7106493506493506
hannover,http://www.hannover.de/Leichte-Sprache/Nachrichten-und-Veranstaltungen/Nachrichten/Begleit∙service-für-Fahrgäste,290,0.5448275862068965,0.7497095435684648,496,0.3125,0.6359731543624162
hannover,http://www.hannover.de/Leichte-Sprache/Hilfe-und-Tipps/Beratung-und-Unterst%C3%BCtzung/Beratung-f%C3%BCr-Eltern.-F%C3%BCr-Kinder.-Und-f%C3%BCr-Jugendliche/M%C3%B6glichkeiten-f%C3%BCr-eine-Beratung,257,0.5369649805447471,0.7958653846153846,1140,0.23508771929824562,0.6511824014665445
hannover,http://www.hannover.de/Leichte-Sprache/Hilfe-und-Tipps/Beratung-und-Unterst%C3%BCtzung/Beratung-f%C3%BCr-Eltern.-F%C3%BCr-Kinder.-Und-f%C3%BCr-Jugendliche/Sprech%E2%88%99stunden-bei-den-Beratungs%E2%88%99stellen,241,0.5062240663900415,0.794375,832,0.23317307692307693,0.6537675606641123
hannover,http://www.hannover.de/Leichte-Sprache/Hilfe-und-Tipps/Beratung-und-Unterst%C3%BCtzung/Beratung-f%C3%BCr-Eltern.-F%C3%BCr-Kinder.-Und-f%C3%BCr-Jugendliche/Sprech%E2%88%99stunde-f%C3%BCr-Eltern-mit-S%C3%A4uglingen-und-Klein%E2%88%99kindern,187,0.6631016042780749,0.8243478260869564,418,0.39473684210526316,0.7050406504065041
hannover,http://www.hannover.de/Leichte-Sprache/Hilfe-und-Tipps/Beratung-und-Unterst%C3%BCtzung/Beratung-f%C3%BCr-Eltern.-F%C3%BCr-Kinder.-Und-f%C3%BCr-Jugendliche/Angebote-f%C3%BCr-Kinder-und-Eltern/Kurse-f%C3%BCr-Eltern,408,0.5073529411764706,0.7645125348189414,338,0.3698224852071006,0.68719723183391
hannover,http://www.hannover.de/Leichte-Sprache/Hilfe-und-Tipps/Beratung-und-Unterst%C3%BCtzung/Beratung-f%C3%BCr-Eltern.-F%C3%BCr-Kinder.-Und-f%C3%BCr-Jugendliche/Angebote-f%C3%BCr-Kinder-und-Eltern/Gruppen%E2%88%99angebot-f%C3%BCr-Kinder,514,0.4961089494163424,0.7885591397849463,372,0.3225806451612903,0.6481114551083591
hannover,http://www.hannover.de/Leichte-Sprache/Hilfe-und-Tipps/Beratung-und-Unterstützung/Beratung-für-Eltern.-Für-Kinder.-Und-für-Jugendliche/Familien∙beratung-und-Erziehungs∙beratung/Beratungs∙stellen-für-Eltern.-Für-Kinder.-Und-für-Jugendliche/Burgdorf-Beratungs∙stelle-für-Eltern.-Für-Kinder.-Und-für-Jugendliche,179,0.5698324022346368,0.7644615384615384,110,0.6,0.7262295081967213
hannover,http://www.hannover.de/Leichte-Sprache/Hilfe-und-Tipps/Beratung-und-Unterstützung/Beratung-für-Eltern.-Für-Kinder.-Und-für-Jugendliche/Familien∙beratung-und-Erziehungs∙beratung/Beratungs∙stellen-für-Eltern.-Für-Kinder.-Und-für-Jugendliche/Neustadt-Beratungs∙stelle-für-Eltern.-Für-Kinder.-Und-für-Jugendliche,213,0.539906103286385,0.761219512195122,124,0.5725806451612904,0.7085333333333333
hannover,http://www.hannover.de/Leichte-Sprache/Hilfe-und-Tipps/Beratung-und-Unterstützung/Beratung-für-Eltern.-Für-Kinder.-Und-für-Jugendliche/Familien∙beratung-und-Erziehungs∙beratung/Beratungs∙stellen-für-Eltern.-Für-Kinder.-Und-für-Jugendliche/Ronnenberg-Beratungs∙stelle-für-Eltern.-Für-Kinder.-Und-für-Jugendliche,242,0.5289256198347108,0.7797927461139896,195,0.47692307692307695,0.6931506849315069
hannover,http://www.hannover.de/Leichte-Sprache/Hilfe-und-Tipps/Beratung-und-Unterstützung/Beratung-für-Eltern.-Für-Kinder.-Und-für-Jugendliche/Familien∙beratung-und-Erziehungs∙beratung/Möglichkeiten-für-eine-Beratung,257,0.5369649805447471,0.7958653846153846,1140,0.23508771929824562,0.6511824014665445
hannover,http://www.hannover.de/Leichte-Sprache/Hilfe-und-Tipps/Beratung-und-Unterstützung/Beratung-für-Eltern.-Für-Kinder.-Und-für-Jugendliche/Familien∙beratung-und-Erziehungs∙beratung/Jugend∙beratung-und-Familien∙beratung-bei-der-Stadt-Hannover,508,0.43503937007874016,0.711111111111111,1473,0.20638153428377462,0.6600702247191012
hannover,http://www.hannover.de/Leichte-Sprache/Hilfe-und-Tipps/Beratung-und-Unterst%C3%BCtzung/Beratung-f%C3%BCr-Eltern.-F%C3%BCr-Kinder.-Und-f%C3%BCr-Jugendliche/Jugend%E2%88%99beratung-und-Familien%E2%88%99beratung-bei-der-Stadt-Hannover,508,0.43503937007874016,0.711111111111111,1473,0.20638153428377462,0.6600702247191012
hannover,http://www.hannover.de/Leichte-Sprache/Hilfe-und-Tipps/Familie-und-Partnerschaft/Frühe-Hilfen-für-Familien/Angebote-und-Unterstützung-für-Eltern/Frühe-Hilfen-Beratung-und-Unterstützung,658,0.3662613981762918,0.7630213464696224,218,0.42660550458715596,0.6568047337278107
hannover,http://www.hannover.de/Leichte-Sprache/Hilfe-und-Tipps/Familie-und-Partnerschaft/Frühe-Hilfen-für-Familien/Angebote-und-Unterstützung-für-Eltern/Fachkräfte-Frühe-Hilfen,467,0.430406852248394,0.8120574162679426,299,0.4080267558528428,0.68024
hannover,http://www.hannover.de/Leichte-Sprache/Hilfe-und-Tipps/Familie-und-Partnerschaft/Frühe-Hilfen-für-Familien/Angebote-und-Unterstützung-für-Eltern/Frühe-Hilfen-in-der-Kita,315,0.4793650793650794,0.7940601503759398,192,0.4322916666666667,0.6244755244755245
hannover,http://www.hannover.de/Leichte-Sprache/Hilfe-und-Tipps/Familie-und-Partnerschaft/Frühe-Hilfen-für-Familien/Angebote-und-Unterstützung-für-Eltern/Haus∙besuchs∙programme,362,0.5193370165745856,0.8343769968051119,156,0.5961538461538461,0.7431775700934579
hannover,http://www.hannover.de/Leichte-Sprache/Hilfe-und-Tipps/Familie-und-Partnerschaft/Frühe-Hilfen-für-Familien/Angebote-und-Unterstützung-für-Eltern/Team-Tages∙betreuung-informiert-über-Krippe.-Und-Kita.-Und-Schule,827,0.3615477629987908,0.7629820051413883,172,0.45348837209302323,0.6518699186991871
hannover,http://www.hannover.de/Leichte-Sprache/Hilfe-und-Tipps/Familie-und-Partnerschaft/Frühe-Hilfen-für-Familien/Angebote-und-Unterstützung-für-Eltern/Angebote-für-Väter,262,0.5687022900763359,0.7713615023474178,286,0.43006993006993005,0.7417721518987342
hannover,http://www.hannover.de/Leichte-Sprache/Hilfe-und-Tipps/Familie-und-Partnerschaft/Koordinierungs∙stelle-Unterstützung-für-Allein∙erziehende/Angebote-für-Allein∙erziehende/Angebote-für-Freizeit-und-Erholung,210,0.6047619047619047,0.837888198757764,341,0.3225806451612903,0.6617123287671233
hannover,http://www.hannover.de/Leichte-Sprache/Hilfe-und-Tipps/Familie-und-Partnerschaft/Koordinierungs∙stelle-Unterstützung-für-Allein∙erziehende/Angebote-für-Allein∙erziehende/Angebote-für-Kinder,340,0.538235294117647,0.7890721649484537,460,0.3,0.6844768856447688
hannover,http://www.hannover.de/Leichte-Sprache/Hilfe-und-Tipps/Familie-und-Partnerschaft/Koordinierungs∙stelle-Unterstützung-für-Allein∙erziehende/Angebote-für-Allein∙erziehende/Trennung-und-Scheidung-Angebote-für-Paare,483,0.4989648033126294,0.7535483870967742,586,0.38054607508532423,0.6605586592178772
hannover,http://www.hannover.de/Leichte-Sprache/Hilfe-und-Tipps/Familie-und-Partnerschaft/Koordinierungs∙stelle-Unterstützung-für-Allein∙erziehende/Angebote-für-Allein∙erziehende/Angebote-zu-Schwangerschaft-und-Geburt,228,0.5877192982456141,0.7910614525139664,349,0.3209169054441261,0.6906
hannover,http://www.hannover.de/Leichte-Sprache/Hilfe-und-Tipps/Familie-und-Partnerschaft/Koordinierungs∙stelle-Unterstützung-für-Allein∙erziehende/Angebote-für-Allein∙erziehende/Beratung-Fragen-zur-Erziehung,483,0.46790890269151136,0.7453456221198157,648,0.27314814814814814,0.6565609348914858
hannover,http://www.hannover.de/Leichte-Sprache/Hilfe-und-Tipps/Gesundheit2/Gesundheits%EF%BD%A5tipps/Das-Masern%C2%B7schutz%C2%B7gesetz,795,0.4050314465408805,0.7561126005361931,824,0.24150485436893204,0.6248258064516129
hannover,http://www.hannover.de/Leichte-Sprache/Hilfe-und-Tipps/Gesundheit2/Gesundheits%EF%BD%A5tipps/Was-ist-der-Noro-Virus,620,0.4870967741935484,0.8233975481611209,576,0.2986111111111111,0.6826185958254269
hannover,http://www.hannover.de/Leichte-Sprache/Hilfe-und-Tipps/Gesundheit2/Gesundheits%EF%BD%A5tipps/Influenza,766,0.4660574412532637,0.7859972105997209,737,0.2876526458616011,0.6686046511627907
hannover,http://www.hannover.de/Leichte-Sprache/Hilfe-und-Tipps/Gesundheit2/Gesundheits%EF%BD%A5tipps/Was-kann-ich-gegen-Kopf%C2%B7l%C3%A4use-tun,1208,0.3923841059602649,0.7479378774805867,551,0.29038112522686027,0.6601593625498008
hannover,http://www.hannover.de/Leichte-Sprache/Hilfe-und-Tipps/Gesundheit2/Gesundheits%EF%BD%A5tipps/Wie-kann-ich-mich-vor-einer-Erk%C3%A4ltung-sch%C3%BCtzen,1233,0.41686942416869427,0.8120101351351351,1077,0.25719591457753016,0.6624124513618678
hannover,http://www.hannover.de/Leichte-Sprache/Hilfe-und-Tipps/Gesundheit2/Gesundheits%EF%BD%A5tipps/Hautkrebs-fr%C3%BCh-genug-erkennen,300,0.6333333333333333,0.7997609561752989,279,0.41935483870967744,0.6829565217391305
hannover,http://www.hannover.de/Leichte-Sprache/Freizeit-und-Tourismus/Drau%C3%9Fen/Fahrrad%E2%88%99fahren-in-der-Region-Hannover,6,1.0,1.0,76,0.6052631578947368,0.6525925925925926
hannover,http://www.hannover.de/Leichte-Sprache/Freizeit-und-Tourismus/Drau%C3%9Fen/Fahrrad%E2%88%99fahren-in-der-Region-Hannover/Fahrrad%E2%88%99fahren-am-Mittel%E2%88%99land%E2%88%99kanal,391,0.48081841432225064,0.7648538011695906,527,0.35294117647058826,0.6503347280334728
hannover,http://www.hannover.de/Leichte-Sprache/Freizeit-und-Tourismus/Drau%C3%9Fen/Fahrrad%E2%88%99fahren-in-der-Region-Hannover/Die-Hof%E2%88%99laden%E2%88%99routen,204,0.5,0.7024516129032258,349,0.37822349570200575,0.6706
hannover,http://www.hannover.de/Leichte-Sprache/Freizeit-und-Tourismus/Drau%C3%9Fen/Fahrrad%E2%88%99fahren-in-der-Region-Hannover/Die-Kultur%E2%88%99route,253,0.5573122529644269,0.7526470588235293,277,0.4548736462093863,0.6721929824561403
hannover,http://www.hannover.de/Leichte-Sprache/Freizeit-und-Tourismus/Drau%C3%9Fen/Fahrrad%E2%88%99fahren-in-der-Region-Hannover/Die-Nord%E2%88%99hannoversche-Moor%E2%88%99route,202,0.5841584158415841,0.7924183006535948,351,0.35327635327635326,0.6098013245033113
hannover,http://www.hannover.de/Leichte-Sprache/Freizeit-und-Tourismus/Drau%C3%9Fen/Fahrrad%E2%88%99fahren-in-der-Region-Hannover/Der-Gr%C3%BCne-Ring,175,0.5942857142857143,0.8125396825396825,331,0.41389728096676737,0.6612056737588653
hannover,http://www.hannover.de/Leichte-Sprache/Freizeit-und-Tourismus/Drau%C3%9Fen/Fahrrad%E2%88%99fahren-in-der-Region-Hannover/Der-Deister%E2%88%99kreisel,364,0.4725274725274725,0.7226666666666666,414,0.357487922705314,0.6372054794520549
hannover,http://www.hannover.de/Leichte-Sprache/Freizeit-und-Tourismus/Draußen/Ausflugs･ziele/Der-Moor·erlebnis·pfad-Resse/Moor･erlebnisse-für-Alle,323,0.5634674922600619,0.8073722627737226,618,0.25728155339805825,0.5955711775043937
hannover,http://www.hannover.de/Leichte-Sprache/Freizeit-und-Tourismus/Draußen/Ausflugs･ziele/Der-Moor·erlebnis·pfad-Resse/Moor-für-die-Sinne,321,0.5451713395638629,0.7967647058823529,534,0.31086142322097376,0.6344329896907216
hannover,http://www.hannover.de/Leichte-Sprache/Freizeit-und-Tourismus/Draußen/Ausflugs･ziele/Der-Moor·erlebnis·pfad-Resse/Wissen-zum-Moor,499,0.4709418837675351,0.7699111111111111,453,0.293598233995585,0.6236138613861386
hannover,http://www.hannover.de/Leichte-Sprache/Freizeit-und-Tourismus/Drinnen/Museen-und-Ausstellungen/Das-ZeitZentrum-Zivil∙courage/Bildungs∙angebote-im-ZeitZentrum-Zivil∙courage,510,0.4588235294117647,0.781648590021692,599,0.3105175292153589,0.6509818181818182
hannover,http://www.hannover.de/Leichte-Sprache/Freizeit-und-Tourismus/Drinnen/Museen-und-Ausstellungen/Das-ZeitZentrum-Zivil∙courage/Ihr-Besuch-im-ZeitZentrum-Zivil∙courage,792,0.5050505050505051,0.8054912516823688,1273,0.27258444619010214,0.6559477124183006
hannover,http://www.hannover.de/Leichte-Sprache/Freizeit-und-Tourismus/Drinnen/Museen-und-Ausstellungen/Das-ZeitZentrum-Zivil∙courage/Das-ZeitZentrum-Zivil∙courage,1251,0.42366107114308554,0.7613311148086522,915,0.26229508196721313,0.6397228637413395
hannover,http://www.hannover.de/Leichte-Sprache/Freizeit-und-Tourismus/Drinnen/Museen-und-Ausstellungen/Die-Gedenkstätte-Ahlem/Die-Gedenkstätte-Ahlem-heute,304,0.5592105263157895,0.7338039215686275,451,0.328159645232816,0.6629850746268656
hannover,http://www.hannover.de/Leichte-Sprache/Freizeit-und-Tourismus/Drinnen/Museen-und-Ausstellungen/Die-Gedenkstätte-Ahlem/Lern∙angebote-in-der-Gedenkstätte-Ahlem,472,0.4851694915254237,0.7851063829787235,678,0.2831858407079646,0.6755484896661368
hannover,http://www.hannover.de/Leichte-Sprache/Lernen-und-Arbeiten/Lernen/Schul%E2%88%99beginn-Informationen-f%C3%BCr-Eltern-und-Kinder/Sprache,387,0.37209302325581395,0.660887573964497,403,0.3027295285359802,0.6009039548022599
hannover,http://www.hannover.de/Leichte-Sprache/Lernen-und-Arbeiten/Lernen/Schul%E2%88%99beginn-Informationen-f%C3%BCr-Eltern-und-Kinder/Das-machen-Kinder-von-4-bis-6-Jahren,94,0.6276595744680851,0.7986666666666666,98,0.5,0.6146938775510205
hannover,http://www.hannover.de/Leichte-Sprache/Lernen-und-Arbeiten/Lernen/Schul%E2%88%99beginn-Informationen-f%C3%BCr-Eltern-und-Kinder/Das-machen-Kinder-von-4-bis-6-Jahren/Das-machen-viele-Kinder-mit-4-Jahren,511,0.36203522504892366,0.6648484848484849,713,0.29453015427769985,0.6107831325301205
hannover,http://www.hannover.de/Leichte-Sprache/Lernen-und-Arbeiten/Lernen/Schul%E2%88%99beginn-Informationen-f%C3%BCr-Eltern-und-Kinder/Das-machen-Kinder-von-4-bis-6-Jahren/Das-machen-viele-Kinder-mit-5-Jahren,632,0.3971518987341772,0.7290222984562607,738,0.3089430894308943,0.6362844702467344
hannover,http://www.hannover.de/Leichte-Sprache/Lernen-und-Arbeiten/Lernen/Schul%E2%88%99beginn-Informationen-f%C3%BCr-Eltern-und-Kinder/Das-machen-Kinder-von-4-bis-6-Jahren/Das-machen-viele-Kinder-mit-6-Jahren,636,0.389937106918239,0.6891993185689949,818,0.28361858190709044,0.629180754226268
hannover,http://www.hannover.de/Leichte-Sprache/Lernen-und-Arbeiten/Lernen/Schul%E2%88%99beginn-Informationen-f%C3%BCr-Eltern-und-Kinder/Informationen-f%C3%BCr-die-Zeit-vor-der-Einschulung,121,0.6198347107438017,0.8291666666666666,62,0.6935483870967742,0.7230769230769231
hannover,http://www.hannover.de/Leichte-Sprache/Lernen-und-Arbeiten/Lernen/Schul%E2%88%99beginn-Informationen-f%C3%BCr-Eltern-und-Kinder/Informationen-f%C3%BCr-die-Zeit-vor-der-Einschulung/Schul%E2%88%99vorbereitung-im-Kinder%E2%88%99garten,470,0.42340425531914894,0.7193824228028504,739,0.2638700947225981,0.6424637681159421
hannover,http://www.hannover.de/Leichte-Sprache/Lernen-und-Arbeiten/Lernen/Schul%E2%88%99beginn-Informationen-f%C3%BCr-Eltern-und-Kinder/Informationen-f%C3%BCr-die-Zeit-vor-der-Einschulung/Was-passiert-vor-der-Schule,864,0.31828703703703703,0.6901104294478528,1120,0.225,0.6300653594771242
hannover,http://www.hannover.de/Leichte-Sprache/Lernen-und-Arbeiten/Lernen/Schul%E2%88%99beginn-Informationen-f%C3%BCr-Eltern-und-Kinder/Informationen-f%C3%BCr-die-Zeit-vor-der-Einschulung/Was-passiert-in-der-Grund%E2%88%99schule,348,0.3706896551724138,0.6608026755852843,583,0.24871355060034306,0.6138202247191011
hannover,http://www.hannover.de/Leichte-Sprache/Lernen-und-Arbeiten/Lernen/Schul%E2%88%99beginn-Informationen-f%C3%BCr-Eltern-und-Kinder/Ideen-und-Informationen-f%C3%BCr-zuhause,98,0.6224489795918368,0.7387755102040817,108,0.5462962962962963,0.7288135593220338
hannover,http://www.hannover.de/Leichte-Sprache/Lernen-und-Arbeiten/Lernen/Schul%E2%88%99beginn-Informationen-f%C3%BCr-Eltern-und-Kinder/Ideen-und-Informationen-f%C3%BCr-zuhause/Sport%E2%88%99angebote,204,0.49019607843137253,0.7465806451612903,301,0.38205980066445183,0.6811111111111111
hannover,http://www.hannover.de/Leichte-Sprache/Lernen-und-Arbeiten/Lernen/Schul%E2%88%99beginn-Informationen-f%C3%BCr-Eltern-und-Kinder/Ideen-und-Informationen-f%C3%BCr-zuhause/B%C3%BCcher-ausleihen,280,0.5142857142857142,0.729004329004329,504,0.30357142857142855,0.6338461538461538
hannover,http://www.hannover.de/Leichte-Sprache/Lernen-und-Arbeiten/Lernen/Schul%E2%88%99beginn-Informationen-f%C3%BCr-Eltern-und-Kinder/Ideen-und-Informationen-f%C3%BCr-zuhause/Die-Eltern-zuhause,471,0.3991507430997877,0.7067772511848341,683,0.28111273792093705,0.6087381703470032
hannover,http://www.hannover.de/Leichte-Sprache/Lernen-und-Arbeiten/Lernen/Schul%E2%88%99beginn-Informationen-f%C3%BCr-Eltern-und-Kinder/Ideen-und-Informationen-f%C3%BCr-zuhause/Wochen%E2%88%99plan,223,0.5112107623318386,0.7326436781609196,435,0.32873563218390806,0.658238341968912
hannover,http://www.hannover.de/Leichte-Sprache/Lernen-und-Arbeiten/Lernen/Schul%E2%88%99beginn-Informationen-f%C3%BCr-Eltern-und-Kinder/Ideen-und-Informationen-f%C3%BCr-zuhause/Zuhause-lernen,605,0.44958677685950416,0.7703597122302158,796,0.30904522613065327,0.6534672021419009
hannover,http://www.hannover.de/Leichte-Sprache/Lernen-und-Arbeiten/Lernen/Schul%E2%88%99beginn-Informationen-f%C3%BCr-Eltern-und-Kinder/Ideen-und-Informationen-f%C3%BCr-zuhause/Mein-Kind-geht-nicht-in-die-Schule,255,0.44313725490196076,0.6990291262135923,444,0.3153153153153153,0.6554430379746835
hannover,http://www.hannover.de/Leichte-Sprache/Lernen-und-Arbeiten/Lernen/Schul%E2%88%99beginn-Informationen-f%C3%BCr-Eltern-und-Kinder/Mein-Kind-braucht-Unterst%C3%BCtzung,100,0.61,0.7937254901960784,77,0.6103896103896104,0.7442857142857143
hannover,http://www.hannover.de/Leichte-Sprache/Lernen-und-Arbeiten/Lernen/Schul%E2%88%99beginn-Informationen-f%C3%BCr-Eltern-und-Kinder/Mein-Kind-braucht-Unterst%C3%BCtzung/Unterst%C3%BCtzung-in-der-Grund%E2%88%99schule,137,0.43795620437956206,0.6281818181818182,303,0.3102310231023102,0.6356692913385827
hannover,http://www.hannover.de/Leichte-Sprache/Lernen-und-Arbeiten/Lernen/Schul%E2%88%99beginn-Informationen-f%C3%BCr-Eltern-und-Kinder/Mein-Kind-braucht-Unterst%C3%BCtzung/Hilfe-f%C3%BCr-Ihr-Kind,648,0.3611111111111111,0.7104507512520868,831,0.26353790613718414,0.6577493606138107
hannover,http://www.hannover.de/Leichte-Sprache/Lernen-und-Arbeiten/Lernen/Schul%E2%88%99beginn-Informationen-f%C3%BCr-Eltern-und-Kinder/Mein-Kind-braucht-Unterst%C3%BCtzung/Informationen-f%C3%BCr-Eltern-von-Kindern-mit-Behinderung,108,0.6574074074074074,0.7606779661016949,244,0.4139344262295082,0.6660512820512821
hannover,http://www.hannover.de/Leichte-Sprache/Lernen-und-Arbeiten/Lernen/Schul%E2%88%99beginn-Informationen-f%C3%BCr-Eltern-und-Kinder/Spielen,390,0.4282051282051282,0.6978299120234605,741,0.2807017543859649,0.6428612716763006
hannover,http://www.hannover.de/Leichte-Sprache/Lernen-und-Arbeiten/Lernen/Schul∙beginn-Informationen-für-Eltern-und-Kinder/Das-machen-Kinder-von-4-bis-6-Jahren/Das-machen-viele-Kinder-mit-4-Jahren,511,0.36203522504892366,0.6648484848484849,713,0.29453015427769985,0.6107831325301205
hannover,http://www.hannover.de/Leichte-Sprache/Lernen-und-Arbeiten/Lernen/Schul∙beginn-Informationen-für-Eltern-und-Kinder/Das-machen-Kinder-von-4-bis-6-Jahren/Das-machen-viele-Kinder-mit-5-Jahren,632,0.3971518987341772,0.7290222984562607,738,0.3089430894308943,0.6362844702467344
hannover,http://www.hannover.de/Leichte-Sprache/Lernen-und-Arbeiten/Lernen/Schul∙beginn-Informationen-für-Eltern-und-Kinder/Das-machen-Kinder-von-4-bis-6-Jahren/Das-machen-viele-Kinder-mit-6-Jahren,636,0.389937106918239,0.6891993185689949,818,0.28361858190709044,0.629180754226268
hannover,http://www.hannover.de/Leichte-Sprache/Lernen-und-Arbeiten/Lernen/Schul∙beginn-Informationen-für-Eltern-und-Kinder/Informationen-für-die-Zeit-vor-der-Einschulung/Was-passiert-vor-der-Schule,864,0.31828703703703703,0.6901104294478528,1120,0.225,0.6300653594771242
hannover,http://www.hannover.de/Leichte-Sprache/Lernen-und-Arbeiten/Lernen/Schul∙beginn-Informationen-für-Eltern-und-Kinder/Informationen-für-die-Zeit-vor-der-Einschulung/Schul∙vorbereitung-im-Kinder∙garten,470,0.42340425531914894,0.7193824228028504,739,0.2638700947225981,0.6424637681159421
hannover,http://www.hannover.de/Leichte-Sprache/Lernen-und-Arbeiten/Lernen/Schul∙beginn-Informationen-für-Eltern-und-Kinder/Informationen-für-die-Zeit-vor-der-Einschulung/Was-passiert-in-der-Grund∙schule,348,0.3706896551724138,0.6608026755852843,583,0.24871355060034306,0.6138202247191011
hannover,http://www.hannover.de/Leichte-Sprache/Lernen-und-Arbeiten/Lernen/Schul∙beginn-Informationen-für-Eltern-und-Kinder/Ideen-und-Informationen-für-zuhause/Bücher-ausleihen,280,0.5142857142857142,0.729004329004329,504,0.30357142857142855,0.6338461538461538
hannover,http://www.hannover.de/Leichte-Sprache/Lernen-und-Arbeiten/Lernen/Schul∙beginn-Informationen-für-Eltern-und-Kinder/Ideen-und-Informationen-für-zuhause/Die-Eltern-zuhause,471,0.3991507430997877,0.7067772511848341,683,0.28111273792093705,0.6087381703470032
hannover,http://www.hannover.de/Leichte-Sprache/Lernen-und-Arbeiten/Lernen/Schul∙beginn-Informationen-für-Eltern-und-Kinder/Ideen-und-Informationen-für-zuhause/Zuhause-lernen,605,0.44958677685950416,0.7703597122302158,796,0.30904522613065327,0.6534672021419009
hannover,http://www.hannover.de/Leichte-Sprache/Lernen-und-Arbeiten/Lernen/Schul∙beginn-Informationen-für-Eltern-und-Kinder/Ideen-und-Informationen-für-zuhause/Mein-Kind-geht-nicht-in-die-Schule,255,0.44313725490196076,0.6990291262135923,444,0.3153153153153153,0.6554430379746835
hannover,http://www.hannover.de/Leichte-Sprache/Lernen-und-Arbeiten/Lernen/Schul∙beginn-Informationen-für-Eltern-und-Kinder/Ideen-und-Informationen-für-zuhause/Sport∙angebote,204,0.49019607843137253,0.7465806451612903,301,0.38205980066445183,0.6811111111111111
hannover,http://www.hannover.de/Leichte-Sprache/Lernen-und-Arbeiten/Lernen/Schul∙beginn-Informationen-für-Eltern-und-Kinder/Ideen-und-Informationen-für-zuhause/Wochen∙plan,223,0.5112107623318386,0.7326436781609196,435,0.32873563218390806,0.658238341968912
hannover,http://www.hannover.de/Leichte-Sprache/Lernen-und-Arbeiten/Lernen/Schul∙beginn-Informationen-für-Eltern-und-Kinder/Mein-Kind-braucht-Unterstützung/Hilfe-für-Ihr-Kind,648,0.3611111111111111,0.7104507512520868,831,0.26353790613718414,0.6577493606138107
hannover,http://www.hannover.de/Leichte-Sprache/Lernen-und-Arbeiten/Lernen/Schul∙beginn-Informationen-für-Eltern-und-Kinder/Mein-Kind-braucht-Unterstützung/Informationen-für-Eltern-von-Kindern-mit-Behinderung,108,0.6574074074074074,0.7606779661016949,244,0.4139344262295082,0.6660512820512821
hannover,http://www.hannover.de/Leichte-Sprache/Lernen-und-Arbeiten/Lernen/Schul∙beginn-Informationen-für-Eltern-und-Kinder/Mein-Kind-braucht-Unterstützung/Unterstützung-in-der-Grund∙schule,137,0.43795620437956206,0.6281818181818182,303,0.3102310231023102,0.6356692913385827
hannover,http://www.hannover.de/Leichte-Sprache/Hilfe-und-Tipps/Sozial%EF%BD%A5leistungen/Sozial%EF%BD%A5hilfe,495,0.4626262626262626,0.7498206278026907,467,0.3019271948608137,0.6251674641148325
hannover,http://www.hannover.de/Leichte-Sprache/Hilfe-und-Tipps/Sozial･leistungen/BuT-Leistungen-Leit∙faden-für-Mitarbeiter-in-Kitas/BuT-Leistungen-Kosten-für-Tages∙ausflüge-von-der-Kita,569,0.38137082601054484,0.6875769230769231,1428,0.18277310924369747,0.6067875271936185
hannover,http://www.hannover.de/Leichte-Sprache/Hilfe-und-Tipps/Sozial･leistungen/BuT-Leistungen-Leit∙faden-für-Mitarbeiter-in-Kitas/BuT-Leistungen-Kosten-für-Ausflüge-von-der-Kita-mit-Übernachtung,593,0.36930860033726814,0.729154411764706,1433,0.18492672714584787,0.6149421965317919
hannover,http://www.hannover.de/Leichte-Sprache/Hilfe-und-Tipps/Sozial･leistungen/BuT-Leistungen-Leit∙faden-für-Mitarbeiter-in-Kitas/BuT-Leistungen-Kosten-für-das-Mittag∙essen-in-der-Kita,602,0.3521594684385382,0.703616636528029,1306,0.18147013782542112,0.6003659506762132
hannover,http://www.hannover.de/Leichte-Sprache/Hilfe-und-Tipps/Sozial･leistungen/BuT-Leistungen-Leit∙faden-für-Mitarbeiter-in-Kitas/BuT-Leistungen-Kosten-für-Teilhabe∙aktivitäten-von-der-Kita,675,0.3762962962962963,0.7177955271565495,1332,0.21771771771771772,0.631223694466095
hannover,http://www.hannover.de/Leichte-Sprache/Hilfe-und-Tipps/Sozial･leistungen/BuT-Leistungen-Leit∙faden-für-Mitarbeiter-in-Kitas/BuT-Leistungen-Weitere-Fragen,238,0.5084033613445378,0.7297354497354497,776,0.2268041237113402,0.5957359009628611
hannover,http://www.hannover.de/Leichte-Sprache/Hilfe-und-Tipps/Beratung-und-Unterstützung/Beratung-für-Eltern.-Für-Kinder.-Und-für-Jugendliche/Familien∙beratung-und-Erziehungs∙beratung/Beratungs∙stellen-für-Eltern.-Für-Kinder.-Und-für-Jugendliche/Burgdorf-Beratungs∙stelle-für-Eltern.-Für-Kinder.-Und-für-Jugendliche/Gruppen∙angebot-für-Mütter-mit-Kindern-von-0-bis-12-Monaten,462,0.47619047619047616,0.8077966101694916,394,0.37055837563451777,0.7172753623188406
hannover,http://www.hannover.de/Leichte-Sprache/Freizeit-und-Tourismus/Drinnen/Museen-und-Ausstellungen/Das-ZeitZentrum-Zivil%E2%88%99courage/Das-ZeitZentrum-Zivil%E2%88%99courage,1251,0.42366107114308554,0.7613311148086522,915,0.26229508196721313,0.6397228637413395
hannover,http://www.hannover.de/Leichte-Sprache/Freizeit-und-Tourismus/Drinnen/Museen-und-Ausstellungen/Das-ZeitZentrum-Zivil%E2%88%99courage/Ihr-Besuch-im-ZeitZentrum-Zivil%E2%88%99courage,792,0.5050505050505051,0.8054912516823688,1273,0.27258444619010214,0.6559477124183006
hannover,http://www.hannover.de/Leichte-Sprache/Nachrichten-und-Veranstaltungen/Nachrichten/Das-ZeitZentrum-Zivil%E2%88%99courage,1251,0.42366107114308554,0.7613311148086522,915,0.26229508196721313,0.6397228637413395
hannover,http://www.hannover.de/Leichte-Sprache/Freizeit-und-Tourismus/Drinnen/Museen-und-Ausstellungen/Das-ZeitZentrum-Zivil%E2%88%99courage/Bildungs%E2%88%99angebote-im-ZeitZentrum-Zivil%E2%88%99courage,510,0.4588235294117647,0.781648590021692,599,0.3105175292153589,0.6509818181818182
hannover,http://www.hannover.de/Leichte-Sprache/Hilfe-und-Tipps/Sozial%EF%BD%A5leistungen/BuT-Leistungen-Leit%E2%88%99faden-f%C3%BCr-Mitarbeiter-in-Kitas,542,0.3929889298892989,0.7598377281947262,881,0.24063564131668558,0.635576923076923
hannover,http://www.hannover.de/Leichte-Sprache/Hilfe-und-Tipps/Sozial%EF%BD%A5leistungen/BuT-Leistungen-Leit%E2%88%99faden-f%C3%BCr-Mitarbeiter-in-Kitas/BuT-Leistungen-Kosten-f%C3%BCr-Ausfl%C3%BCge-von-der-Kita-mit-%C3%9Cbernachtung,593,0.36930860033726814,0.729154411764706,1433,0.18492672714584787,0.6149421965317919
hannover,http://www.hannover.de/Leichte-Sprache/Hilfe-und-Tipps/Sozial%EF%BD%A5leistungen/BuT-Leistungen-Leit%E2%88%99faden-f%C3%BCr-Mitarbeiter-in-Kitas/BuT-Leistungen-Kosten-f%C3%BCr-das-Mittag%E2%88%99essen-in-der-Kita,602,0.3521594684385382,0.703616636528029,1306,0.18147013782542112,0.6003659506762132
hannover,http://www.hannover.de/Leichte-Sprache/Hilfe-und-Tipps/Sozial%EF%BD%A5leistungen/BuT-Leistungen-Leit%E2%88%99faden-f%C3%BCr-Mitarbeiter-in-Kitas/BuT-Leistungen-Kosten-f%C3%BCr-Teilhabe%E2%88%99aktivit%C3%A4ten-von-der-Kita,675,0.3762962962962963,0.7177955271565495,1332,0.21771771771771772,0.631223694466095
hannover,http://www.hannover.de/Leichte-Sprache/Hilfe-und-Tipps/Sozial%EF%BD%A5leistungen/BuT-Leistungen-Leit%E2%88%99faden-f%C3%BCr-Mitarbeiter-in-Kitas/BuT-Leistungen-Weitere-Fragen,238,0.5084033613445378,0.7297354497354497,776,0.2268041237113402,0.5957359009628611
hannover,http://www.hannover.de/Leichte-Sprache/Hilfe-und-Tipps/Sozial%EF%BD%A5leistungen/BuT-Leistungen-Leit%E2%88%99faden-f%C3%BCr-Mitarbeiter-in-Kitas/BuT-Leistungen-Kosten-f%C3%BCr-Tages%E2%88%99ausfl%C3%BCge-von-der-Kita,569,0.38137082601054484,0.6875769230769231,1428,0.18277310924369747,0.6067875271936185
hannover,http://www.hannover.de/Leichte-Sprache/Hilfe-und-Tipps/Beratung-und-Unterst%C3%BCtzung/Beratung-f%C3%BCr-Eltern.-F%C3%BCr-Kinder.-Und-f%C3%BCr-Jugendliche/Familien%E2%88%99beratung-und-Erziehungs%E2%88%99beratung/Beratungs%E2%88%99stellen-f%C3%BCr-Eltern.-F%C3%BCr-Kinder.-Und-f%C3%BCr-Jugendliche/Burgdorf-Beratungs%E2%88%99stelle-f%C3%BCr-Eltern.-F%C3%BCr-Kinder.-Und-f%C3%BCr-Jugendliche,179,0.5698324022346368,0.7644615384615384,110,0.6,0.7262295081967213
hannover,http://www.hannover.de/Leichte-Sprache/Hilfe-und-Tipps/Beratung-und-Unterst%C3%BCtzung/Beratung-f%C3%BCr-Eltern.-F%C3%BCr-Kinder.-Und-f%C3%BCr-Jugendliche/Familien%E2%88%99beratung-und-Erziehungs%E2%88%99beratung,130,0.5461538461538461,0.6296296296296297,211,0.4075829383886256,0.6596296296296297
hannover,http://www.hannover.de/Leichte-Sprache/Hilfe-und-Tipps/Beratung-und-Unterst%C3%BCtzung/Beratung-f%C3%BCr-Eltern.-F%C3%BCr-Kinder.-Und-f%C3%BCr-Jugendliche/Familien%E2%88%99beratung-und-Erziehungs%E2%88%99beratung/Beratungs%E2%88%99stellen-f%C3%BCr-Eltern.-F%C3%BCr-Kinder.-Und-f%C3%BCr-Jugendliche,325,0.5138461538461538,0.7660869565217391,236,0.3898305084745763,0.6407486631016043
apotheken,https://www.apotheken-umschau.de/einfache-sprache/krankheiten/weitsichtigkeit-753261.html,1685,0.3376854599406528,0.7656601466992664,748,0.30080213903743314,0.6772246065808297
apotheken,https://www.apotheken-umschau.de/einfache-sprache/medikamente-heilpflanzen/baldrian-769821.html,872,0.45871559633027525,0.8092102065613609,935,0.3754010695187166,0.7197516930022574
apotheken,https://www.apotheken-umschau.de/einfache-sprache/krankheiten/magenschleimhaut-entzuendung-722625.html,1078,0.4007421150278293,0.8054227405247814,658,0.33586626139817627,0.6815763546798029
apotheken,https://www.apotheken-umschau.de/einfache-sprache/krankheiten/zwangsstoerung-912051.html,1413,0.40905874026893135,0.8234897360703812,1062,0.2937853107344633,0.6654689042448174
apotheken,https://www.apotheken-umschau.de/einfache-sprache/krankheiten/mandelentzuendung-722661.html,1082,0.41404805914972276,0.8105905130687319,770,0.33116883116883117,0.6942857142857143
apotheken,https://www.apotheken-umschau.de/einfache-sprache/krankheiten/reisedurchfall-769781.html,1020,0.4166666666666667,0.8244284243048403,660,0.3712121212121212,0.7027823240589197
apotheken,https://www.apotheken-umschau.de/einfache-sprache/untersuchungen-therapien/darmspiegelung-722805.html,1084,0.37822878228782286,0.7876135265700482,777,0.296010296010296,0.6376648351648352
apotheken,https://www.apotheken-umschau.de/einfache-sprache/medikamente-heilpflanzen/antibiotika-richtig-einnehmen-761829.html,663,0.45248868778280543,0.7888599348534202,782,0.28005115089514065,0.6627557980900409
apotheken,https://www.apotheken-umschau.de/einfache-sprache/untersuchungen-therapien/migraene-apps-837725.html,580,0.506896551724138,0.8450094161958569,483,0.35403726708074534,0.6930875576036867
apotheken,https://www.apotheken-umschau.de/einfache-sprache/krankheiten/neurodermitis-723297.html,4363,0.31262892505157003,0.8221835883171071,917,0.31406761177753545,0.7060599078341014
apotheken,https://www.apotheken-umschau.de/einfache-sprache/krankheiten/wechseljahre-722097.html,245,0.6489795918367347,0.7891836734693878,691,0.3125904486251809,0.683582554517134
apotheken,https://www.apotheken-umschau.de/einfache-sprache/krankheiten/diabetes-typ-1-862049.html,847,0.4923258559622196,0.8125062656641604,716,0.3226256983240223,0.6638980509745127
apotheken,https://www.apotheken-umschau.de/einfache-sprache/krankheiten/kopflaeuse-769767.html,1341,0.4250559284116331,0.8421826625386997,821,0.3507917174177832,0.6968652849740933
apotheken,https://www.apotheken-umschau.de/einfache-sprache/verhuetung/kupferspirale-937179.html,1725,0.34202898550724636,0.7941646778042959,787,0.3036848792884371,0.6478319783197832
apotheken,https://www.apotheken-umschau.de/einfache-sprache/untersuchungen-therapien/stuhlgang-753637.html,795,0.47044025157232705,0.809142091152815,703,0.3399715504978663,0.7109785932721713
apotheken,https://www.apotheken-umschau.de/einfache-sprache/krankheiten/knochenbruch-788579.html,306,0.5784313725490197,0.8295719844357976,605,0.32727272727272727,0.6778776978417266
apotheken,https://www.apotheken-umschau.de/einfache-sprache/medikamente-heilpflanzen/flohsamen-769873.html,649,0.46070878274268107,0.7826666666666667,810,0.3234567901234568,0.6843626806833114
apotheken,https://www.apotheken-umschau.de/einfache-sprache/krankheiten/oberschenkelhals-bruch-769825.html,1281,0.3950039032006245,0.7750974025974026,712,0.32162921348314605,0.6835595776772248
apotheken,https://www.apotheken-umschau.de/einfache-sprache/krankheiten/schilddruesenueberfunktion-722735.html,2432,0.35773026315789475,0.8015358791439362,833,0.3325330132052821,0.7139795918367347
apotheken,https://www.apotheken-umschau.de/einfache-sprache/erste-hilfe/erste-hilfe-apps-837713.html,477,0.5345911949685535,0.8494859813084111,624,0.328525641025641,0.7013565217391304
apotheken,https://www.apotheken-umschau.de/einfache-sprache/krankheiten/spinalkanal-stenose-911545.html,1399,0.41100786275911366,0.7691407407407407,541,0.33826247689463956,0.6763821138211382
apotheken,https://www.apotheken-umschau.de/einfache-sprache/erste-hilfe/wiederbelebung-796359.html,2271,0.3038309114927345,0.785040504050405,471,0.37579617834394907,0.6377725118483412
apotheken,https://www.apotheken-umschau.de/einfache-sprache/krankheiten/syphilis-769763.html,1324,0.40105740181268884,0.8054117647058824,1156,0.2828719723183391,0.7075519421860885
apotheken,https://www.apotheken-umschau.de/einfache-sprache/krankheiten/geschwuere-im-magen-und-zwoelffingerdarm-786353.html,2920,0.3219178082191781,0.7893625914315571,1017,0.25467059980334317,0.6247520661157024
apotheken,https://www.apotheken-umschau.de/einfache-sprache/medikamente-heilpflanzen/l-thyroxin-722969.html,946,0.4608879492600423,0.8105685618729097,815,0.3128834355828221,0.6940992167101827
apotheken,https://www.apotheken-umschau.de/einfache-sprache/medikamente-heilpflanzen/traubensilberkerze-769869.html,405,0.5728395061728395,0.8406741573033707,551,0.3647912885662432,0.7346613545816734
apotheken,https://www.apotheken-umschau.de/einfache-sprache/krankheiten/thrombose-749541.html,2934,0.3476482617586912,0.818835355285962,828,0.3140096618357488,0.6942490372272144
apotheken,https://www.apotheken-umschau.de/einfache-sprache/erste-hilfe/defibrillator-896773.html,749,0.4712950600801068,0.7876285714285715,518,0.3436293436293436,0.6414925373134329
apotheken,https://www.apotheken-umschau.de/einfache-sprache/krankheiten/rueckenschmerzen-906277.html,2066,0.4191674733785092,0.8275557759048091,757,0.309114927344782,0.6728531073446328
apotheken,https://www.apotheken-umschau.de/einfache-sprache/krankheiten/haemorriden-723237.html,1424,0.41151685393258425,0.8110109090909091,903,0.301218161683278,0.6717564402810304
apotheken,https://www.apotheken-umschau.de/einfache-sprache/untersuchungen-therapien/richtig-inhalieren-942573.html,826,0.4612590799031477,0.8593564993564994,528,0.36742424242424243,0.7164926931106471
apotheken,https://www.apotheken-umschau.de/einfache-sprache/krankheiten/kurzsichtigkeit-723523.html,806,0.48759305210918114,0.8247291941875826,684,0.32894736842105265,0.6885669291338583
apotheken,https://www.apotheken-umschau.de/einfache-sprache/krankheiten/bipolare-stoerung-1118963.html,1385,0.3956678700361011,0.8240119760479043,1041,0.2747358309317964,0.6620362903225806
apotheken,https://www.apotheken-umschau.de/einfache-sprache/krankheiten/sehnenscheidenentzuendung-722089.html,1217,0.4272801972062449,0.792945205479452,562,0.37544483985765126,0.6768031189083821
apotheken,https://www.apotheken-umschau.de/einfache-sprache/erste-hilfe/erste-hilfe-fremdkoerper-im-auge-788185.html,269,0.5204460966542751,0.7305454545454545,351,0.36182336182336183,0.6336423841059603
apotheken,https://www.apotheken-umschau.de/einfache-sprache/medikamente-heilpflanzen/antazida-769857.html,525,0.5028571428571429,0.8169747899159664,504,0.3531746031746032,0.673142857142857
apotheken,https://www.apotheken-umschau.de/einfache-sprache/untersuchungen-therapien/impfungen-fuer-kinder-und-erwachsene-800069.html,1660,0.3313253012048193,0.7833643699565487,853,0.3083235638921454,0.6938557213930349
apotheken,https://www.apotheken-umschau.de/einfache-sprache/medikamente-heilpflanzen/arnika-775213.html,228,0.6578947368421053,0.8558659217877095,439,0.39635535307517084,0.6685641025641026
apotheken,https://www.apotheken-umschau.de/einfache-sprache/krankheiten/herzbeutel-entzuendung-936561.html,2015,0.36426799007444166,0.7948423194303154,911,0.29857299670691545,0.6322737819025522
apotheken,https://www.apotheken-umschau.de/einfache-sprache/untersuchungen-therapien/fieber-richtig-messen-761839.html,835,0.4119760479041916,0.7852671755725191,834,0.3009592326139089,0.6613248407643312
apotheken,https://www.apotheken-umschau.de/einfache-sprache/krankheiten/gerstenkorn-722641.html,929,0.4025834230355221,0.7905,945,0.2931216931216931,0.6792857142857143
apotheken,https://www.apotheken-umschau.de/einfache-sprache/wegweiser-gesundheitssystem/e-rezept-einfache-sprache-1109215.html,1263,0.3515439429928741,0.7686820428336079,698,0.2693409742120344,0.6324499229583975
apotheken,https://www.apotheken-umschau.de/einfache-sprache/krankheiten/akute-bauchspeicheldruesenentzuendung-726169.html,1238,0.3998384491114701,0.7820353238015139,452,0.3915929203539823,0.6700248138957816
apotheken,https://www.apotheken-umschau.de/einfache-sprache/wegweiser-gesundheitssystem/telemedizin-837701.html,931,0.4317937701396348,0.8094331065759637,748,0.30213903743315507,0.6341630901287554
apotheken,https://www.apotheken-umschau.de/einfache-sprache/krankheiten/analfissur-723191.html,1249,0.4411529223378703,0.8239166666666667,589,0.4091680814940577,0.7367407407407407
apotheken,https://www.apotheken-umschau.de/einfache-sprache/medikamente-heilpflanzen/johanniskraut-769807.html,487,0.5770020533880903,0.8494977168949771,607,0.38220757825370677,0.7075268817204301
apotheken,https://www.apotheken-umschau.de/einfache-sprache/krankheiten/karies-761741.html,1500,0.38666666666666666,0.7999448656099242,1117,0.2820053715308863,0.682247191011236
apotheken,https://www.apotheken-umschau.de/einfache-sprache/krankheiten/kraetze-722743.html,1955,0.3667519181585678,0.8049842602308499,668,0.40119760479041916,0.7464297253634895
apotheken,https://www.apotheken-umschau.de/einfache-sprache/krankheiten/aids-953305.html,2239,0.30638677981241624,0.7905296803652968,1199,0.2527105921601334,0.65
apotheken,https://www.apotheken-umschau.de/einfache-sprache/medikamente-heilpflanzen/teufelskralle-769865.html,423,0.5200945626477541,0.8512299465240643,522,0.3620689655172414,0.7008879492600423
apotheken,https://www.apotheken-umschau.de/einfache-sprache/erste-hilfe/unterkuehlungen-800819.html,2116,0.361531190926276,0.8096952104499274,854,0.34543325526932084,0.7040496894409938
apotheken,https://www.apotheken-umschau.de/einfache-sprache/krankheiten/kropf-750463.html,479,0.5427974947807933,0.8312093023255814,515,0.3553398058252427,0.6639914163090129
apotheken,https://www.apotheken-umschau.de/einfache-sprache/krankheiten/bandscheibenvorfall-722983.html,1381,0.3736422881969587,0.7661411411411412,906,0.32671081677704195,0.6899649941656942
apotheken,https://www.apotheken-umschau.de/einfache-sprache/verhuetung/kondom-1104727.html,824,0.46237864077669905,0.8214709677419355,1106,0.24593128390596744,0.6398297067171239
apotheken,https://www.apotheken-umschau.de/einfache-sprache/krankheiten/parodontitis-753269.html,1665,0.3783783783783784,0.7726485148514851,1104,0.3070652173913043,0.7062180094786731
apotheken,https://www.apotheken-umschau.de/einfache-sprache/krankheiten/phobien-865741.html,3410,0.3158357771260997,0.7938470693246057,938,0.255863539445629,0.645376827896513
apotheken,https://www.apotheken-umschau.de/einfache-sprache/krankheiten/akute-mittelohr-entzuendung-722797.html,1439,0.3627519110493398,0.7929928057553957,522,0.34674329501915707,0.689556025369979
apotheken,https://www.apotheken-umschau.de/einfache-sprache/untersuchungen-therapien/blutbild-937621.html,1007,0.38927507447864945,0.7691022964509394,609,0.2791461412151067,0.5844642857142858
apotheken,https://www.apotheken-umschau.de/einfache-sprache/krankheiten/lebensmittel-vergiftung-722055.html,1126,0.4351687388987567,0.8175301764159703,851,0.33607520564042304,0.6945885286783041
apotheken,https://www.apotheken-umschau.de/einfache-sprache/verhuetung/verhuetungsring-862665.html,1048,0.41030534351145037,0.7905105105105106,837,0.31899641577060933,0.6563451776649747
apotheken,https://www.apotheken-umschau.de/einfache-sprache/erste-hilfe/erste-hilfe-bei-einem-schlaganfall-oder-einem-herzinfarkt-797059.html,225,0.6266666666666667,0.8192045454545455,496,0.3407258064516129,0.6554809843400448
apotheken,https://www.apotheken-umschau.de/einfache-sprache/untersuchungen-therapien/corona-tests-800247.html,3077,0.29119272018199543,0.7901849405548216,853,0.2977725674091442,0.6579850746268656
apotheken,https://www.apotheken-umschau.de/einfache-sprache/krankheiten/multiple-sklerose-722701.html,1678,0.3951132300357569,0.8041252302025783,908,0.3447136563876652,0.7294528521536671
apotheken,https://www.apotheken-umschau.de/einfache-sprache/krankheiten/schlafstoerungen-936207.html,2366,0.3596787827557058,0.8203539059128183,1093,0.2845379688929552,0.6581800766283524
apotheken,https://www.apotheken-umschau.de/einfache-sprache/verhuetung/apps-fuer-die-familienplanung-837787.html,595,0.4823529411764706,0.8143956043956043,768,0.3072916666666667,0.6684561891515994
apotheken,https://www.apotheken-umschau.de/einfache-sprache/untersuchungen-therapien/digitales-blutdruck-management-837841.html,611,0.502454991816694,0.8270462633451957,788,0.2906091370558376,0.6654668470906631
apotheken,https://www.apotheken-umschau.de/einfache-sprache/krankheiten/schluesselbeinbruch-753253.html,1065,0.4347417840375587,0.7863582677165355,690,0.3289855072463768,0.6623400936037441
apotheken,https://www.apotheken-umschau.de/einfache-sprache/erste-hilfe/stabile-seitenlage-796347.html,283,0.5441696113074205,0.7477777777777778,577,0.35701906412478335,0.6124621212121212
apotheken,https://www.apotheken-umschau.de/einfache-sprache/medikamente-heilpflanzen/schmerzmittel-welches-hilft-wann-753623.html,1130,0.4584070796460177,0.8387789084181314,768,0.3125,0.7304311543810847
apotheken,https://www.apotheken-umschau.de/einfache-sprache/krankheiten/entzuendung-der-eileiter-und-eierstoecke-896987.html,1036,0.4266409266409266,0.7915501519756839,658,0.32674772036474165,0.6538587848932677
apotheken,https://www.apotheken-umschau.de/einfache-sprache/medikamente-heilpflanzen/tilidin-761733.html,558,0.449820788530466,0.7821218074656189,643,0.3265940902021773,0.6941077441077441
apotheken,https://www.apotheken-umschau.de/einfache-sprache/untersuchungen-therapien/zyklus-apps-837717.html,602,0.4750830564784053,0.825750452079566,585,0.347008547008547,0.6705597014925373
apotheken,https://www.apotheken-umschau.de/einfache-sprache/krankheiten/hexenschuss-750365.html,995,0.457286432160804,0.8061310782241015,570,0.38596491228070173,0.7008445297504798
apotheken,https://www.apotheken-umschau.de/einfache-sprache/krankheiten/rheuma-722071.html,249,0.5823293172690763,0.8208,315,0.46984126984126984,0.7296992481203007
apotheken,https://www.apotheken-umschau.de/einfache-sprache/krankheiten/alkohol-sucht-725867.html,1417,0.4163726182074806,0.8253654970760234,934,0.30513918629550324,0.6825084745762712
apotheken,https://www.apotheken-umschau.de/einfache-sprache/untersuchungen-therapien/psychotherapie-954435.html,1778,0.35039370078740156,0.8132562174667437,1041,0.28338136407300674,0.63875
apotheken,https://www.apotheken-umschau.de/einfache-sprache/krankheiten/laktose-intoleranz-1098199.html,1987,0.3804730749874182,0.8175438596491229,828,0.30193236714975846,0.6665468549422336
apotheken,https://www.apotheken-umschau.de/einfache-sprache/krankheiten/gallensteine-769771.html,2040,0.34852941176470587,0.7920040180813662,734,0.3242506811989101,0.686014598540146
apotheken,https://www.apotheken-umschau.de/einfache-sprache/erste-hilfe/vergiftungen-800827.html,511,0.5185909980430529,0.8079653679653679,705,0.32340425531914896,0.6425609756097561
apotheken,https://www.apotheken-umschau.de/einfache-sprache/wegweiser-gesundheitssystem/disease-management-programme-1247821.html,512,0.458984375,0.7526997840172787,510,0.3568627450980392,0.7178741865509761
apotheken,https://www.apotheken-umschau.de/einfache-sprache/medikamente-heilpflanzen/cayennepfeffer-769889.html,423,0.5366430260047281,0.8060427807486631,508,0.41141732283464566,0.694161220043573
apotheken,https://www.apotheken-umschau.de/einfache-sprache/krankheiten/adipositas-769803.html,3392,0.33667452830188677,0.8249835477116363,1032,0.2810077519379845,0.6911698880976602
apotheken,https://www.apotheken-umschau.de/einfache-sprache/krankheiten/zahnwurzel-entzuendung-1119187.html,1596,0.37092731829573933,0.7710148674854557,763,0.29226736566186107,0.6456022408963585
apotheken,https://www.apotheken-umschau.de/einfache-sprache/erste-hilfe/wunden-richtig-versorgen-788179.html,825,0.43393939393939396,0.8253092783505154,1015,0.258128078817734,0.6467080745341616
apotheken,https://www.apotheken-umschau.de/einfache-sprache/krankheiten/nagelbett-entzuendung-722761.html,1602,0.3645443196004994,0.793715389568577,952,0.32563025210084034,0.6792912513842746
apotheken,https://www.apotheken-umschau.de/einfache-sprache/krankheiten/spezifische-rueckenschmerzen-912043.html,2066,0.4191674733785092,0.8275557759048091,678,0.30678466076696165,0.6836883942766296
apotheken,https://www.apotheken-umschau.de/einfache-sprache/untersuchungen-therapien/wadenwickel-1120431.html,988,0.4757085020242915,0.8170607028753993,717,0.3193863319386332,0.6620059880239522
apotheken,https://www.apotheken-umschau.de/einfache-sprache/krankheiten/nicht-spezifische-rueckenschmerzen-906943.html,2066,0.4191674733785092,0.8275557759048091,701,0.3594864479315264,0.6923926380368098
apotheken,https://www.apotheken-umschau.de/einfache-sprache/krankheiten/grauer-star-1100087.html,1137,0.436235708003518,0.7913602941176471,935,0.2877005347593583,0.6487358916478555
apotheken,https://www.apotheken-umschau.de/einfache-sprache/krankheiten/kehlkopf-entzuendung-753607.html,1293,0.4037122969837587,0.802700964630225,964,0.3278008298755187,0.6856830601092896
apotheken,https://www.apotheken-umschau.de/einfache-sprache/krankheiten/distale-radiusfraktur-771193.html,1386,0.36075036075036077,0.7697980553477936,784,0.31760204081632654,0.6666666666666666
apotheken,https://www.apotheken-umschau.de/einfache-sprache/medikamente-heilpflanzen/wie-verwendet-man-fluessige-arzneimittel-769757.html,396,0.5606060606060606,0.8521613832853026,753,0.30677290836653387,0.6747443181818181
apotheken,https://www.apotheken-umschau.de/einfache-sprache/krankheiten/lungenkrebs-769843.html,1896,0.3850210970464135,0.7952896589063346,1036,0.2886100386100386,0.6722188449848024
apotheken,https://www.apotheken-umschau.de/einfache-sprache/erste-hilfe/verbrennungen-858533.html,803,0.47322540473225405,0.7848010610079575,766,0.31462140992167104,0.6687587168758717
apotheken,https://www.apotheken-umschau.de/einfache-sprache/krankheiten/besenreiser-722837.html,852,0.45774647887323944,0.8142216687422166,650,0.3676923076923077,0.6920133111480865
apotheken,https://www.apotheken-umschau.de/einfache-sprache/krankheiten/erkaeltung-761557.html,379,0.5303430079155673,0.8069090909090908,952,0.3476890756302521,0.7459579180509414
apotheken,https://www.apotheken-umschau.de/einfache-sprache/medikamente-heilpflanzen/medikamente-gegen-covid-19-724673.html,1540,0.3551948051948052,0.7793024815560027,964,0.27282157676348545,0.6664480874316939
apotheken,https://www.apotheken-umschau.de/einfache-sprache/erste-hilfe/insektenstich-821989.html,387,0.5322997416020672,0.7903550295857987,591,0.3333333333333333,0.6366420664206642
apotheken,https://www.apotheken-umschau.de/einfache-sprache/krankheiten/schleimbeutel-entzuendung-723391.html,1449,0.41752933057280883,0.8070285714285713,796,0.32537688442211055,0.6876840696117805
apotheken,https://www.apotheken-umschau.de/einfache-sprache/medikamente-heilpflanzen/amlodipin-769839.html,1078,0.4025974025974026,0.7924392614188532,812,0.29926108374384236,0.6837221494102227
apotheken,https://www.apotheken-umschau.de/einfache-sprache/krankheiten/zahnfleisch-entzuendung-1101701.html,1278,0.4303599374021909,0.7946948738812042,1118,0.2924865831842576,0.6813470533208607
apotheken,https://www.apotheken-umschau.de/einfache-sprache/medikamente-heilpflanzen/citalopram-wirkung-und-nebenwirkungen-725981.html,397,0.5163727959697733,0.7938505747126436,562,0.3398576512455516,0.6861988304093567
apotheken,https://www.apotheken-umschau.de/einfache-sprache/verhuetung/pille-805349.html,3294,0.3132969034608379,0.8161787365177195,896,0.28348214285714285,0.6685242030696577
apotheken,https://www.apotheken-umschau.de/einfache-sprache/medikamente-heilpflanzen/ingwer-769861.html,932,0.5418454935622318,0.8224462061155153,554,0.35379061371841153,0.7000792079207921
apotheken,https://www.apotheken-umschau.de/einfache-sprache/krankheiten/ohrenschmerzen-1126409.html,735,0.47346938775510206,0.8157142857142857,1094,0.26051188299817185,0.6283827751196172
apotheken,https://www.apotheken-umschau.de/einfache-sprache/krankheiten/fusspilz-1104659.html,2181,0.3796423658872077,0.8301688555347092,1380,0.25,0.6584673178061607
apotheken,https://www.apotheken-umschau.de/einfache-sprache/krankheiten/depressive-verstimmung-1153459.html,805,0.47080745341614905,0.8181216931216931,809,0.33127317676143386,0.6843157894736842
apotheken,https://www.apotheken-umschau.de/einfache-sprache/medikamente-heilpflanzen/paracetamol-723403.html,481,0.5446985446985447,0.7919444444444445,655,0.37709923664122136,0.7309240924092409
apotheken,https://www.apotheken-umschau.de/einfache-sprache/medikamente-heilpflanzen/thymian-774199.html,447,0.5257270693512305,0.8014572864321609,546,0.3516483516483517,0.678953722334004
apotheken,https://www.apotheken-umschau.de/einfache-sprache/krankheiten/osteoporose-896995.html,1751,0.39805825242718446,0.819048178613396,774,0.33204134366925064,0.663503448275862
apotheken,https://www.apotheken-umschau.de/einfache-sprache/krankheiten/posttraumatische-belastungsstoerung-ptbs-1097581.html,600,0.49333333333333335,0.8039201451905625,826,0.29539951573849876,0.6611068211068211
apotheken,https://www.apotheken-umschau.de/einfache-sprache/krankheiten/asthma-768147.html,1409,0.37757274662881474,0.7867352941176471,879,0.3162684869169511,0.7241686746987951
apotheken,https://www.apotheken-umschau.de/einfache-sprache/krankheiten/niedriger-blutdruck-723115.html,2455,0.3437881873727088,0.7871487946799668,836,0.3588516746411483,0.7509021601016519
apotheken,https://www.apotheken-umschau.de/einfache-sprache/untersuchungen-therapien/blut-transfusion-768157.html,1016,0.41338582677165353,0.7940641158221303,667,0.31334332833583206,0.6450485436893204
apotheken,https://www.apotheken-umschau.de/einfache-sprache/medikamente-heilpflanzen/diclofenac-723415.html,815,0.4687116564417178,0.8088250652741513,648,0.36419753086419754,0.722804674457429
apotheken,https://www.apotheken-umschau.de/einfache-sprache/medikamente-heilpflanzen/hausmittel-gegen-schnupfen-769789.html,1733,0.3681477207155222,0.8157838479809976,1002,0.27944111776447106,0.6801888772298007
apotheken,https://www.apotheken-umschau.de/einfache-sprache/krankheiten/lippenherpes-761569.html,2745,0.33224043715846996,0.8150445103857568,1130,0.3601769911504425,0.7487326549491212
apotheken,https://www.apotheken-umschau.de/einfache-sprache/verhuetung/verhuetungsstaebchen-857815.html,954,0.4591194968553459,0.822475138121547,720,0.33055555555555555,0.6483159463487332
apotheken,https://www.apotheken-umschau.de/einfache-sprache/krankheiten/muskelfaserriss-und-muskelzerrung-723303.html,1170,0.4282051282051282,0.7992506690454951,754,0.3129973474801061,0.7059574468085106
apotheken,https://www.apotheken-umschau.de/einfache-sprache/krankheiten/sprunggelenksbruch-801063.html,1313,0.4021325209444021,0.7731803797468354,587,0.3202725724020443,0.6272118959107806
apotheken,https://www.apotheken-umschau.de/einfache-sprache/verhuetung/verhuetungspflaster-862847.html,1045,0.41626794258373206,0.8092771084337349,791,0.3324905183312263,0.6706199460916442
apotheken,https://www.apotheken-umschau.de/einfache-sprache/medikamente-heilpflanzen/ibuprofen-722713.html,1116,0.4336917562724014,0.8142080599812559,776,0.35051546391752575,0.7150756533700138
apotheken,https://www.apotheken-umschau.de/einfache-sprache/krankheiten/sodbrennen-862575.html,989,0.4327603640040445,0.8210212765957446,671,0.34873323397913564,0.6889389067524115
apotheken,https://www.apotheken-umschau.de/einfache-sprache/krankheiten/parkinson-750505.html,2570,0.34552529182879377,0.805085283617612,1103,0.27923844061650044,0.6763567362428843
apotheken,https://www.apotheken-umschau.de/einfache-sprache/medikamente-heilpflanzen/magensaeure-blocker-936185.html,757,0.5019815059445178,0.835225988700565,466,0.34549356223175964,0.6317026378896883
apotheken,https://www.apotheken-umschau.de/einfache-sprache/medikamente-heilpflanzen/hausmittel-bei-husten-722633.html,955,0.4712041884816754,0.8245033112582781,1042,0.31094049904030713,0.7100906344410877
apotheken,https://www.apotheken-umschau.de/einfache-sprache/krankheiten/baenderriss-am-sprunggelenk-723251.html,1710,0.3695906432748538,0.7910174593618303,855,0.2970760233918129,0.6894044665012407
apotheken,https://www.apotheken-umschau.de/einfache-sprache/krankheiten/akute-bronchitis-750471.html,1002,0.4091816367265469,0.8174396642182581,827,0.32285368802902054,0.7108740359897171
apotheken,https://www.apotheken-umschau.de/einfache-sprache/krankheiten/ringelroeteln-1136041.html,1314,0.4101978691019787,0.8045059288537549,769,0.293888166449935,0.6798888888888889
apotheken,https://www.apotheken-umschau.de/einfache-sprache/krankheiten/morbus-bechterew-912075.html,1837,0.3799673380511704,0.7991387024608501,633,0.33965244865718797,0.688527397260274
apotheken,https://www.apotheken-umschau.de/einfache-sprache/wegweiser-gesundheitssystem/seelsorge-794415.html,126,0.7063492063492064,0.78,235,0.41702127659574467,0.6056989247311828
apotheken,https://www.apotheken-umschau.de/einfache-sprache/krankheiten/schilddruesenunterfunktion-722601.html,1506,0.4150066401062417,0.8036925188743994,712,0.3609550561797753,0.7109502262443439
apotheken,https://www.apotheken-umschau.de/einfache-sprache/verhuetung/dreimonatsspritze-868523.html,1073,0.4249767008387698,0.80708984375,1024,0.3076171875,0.6847794871794871
apotheken,https://www.apotheken-umschau.de/einfache-sprache/medikamente-heilpflanzen/pfefferminze-802797.html,546,0.5054945054945055,0.8076056338028169,614,0.3534201954397394,0.6749380530973452
apotheken,https://www.apotheken-umschau.de/einfache-sprache/krankheiten/noroviren-infektion-750387.html,1033,0.441432720232333,0.8417073170731707,873,0.32989690721649484,0.7403398058252427
apotheken,https://www.apotheken-umschau.de/einfache-sprache/krankheiten/mumps-937211.html,936,0.4444444444444444,0.821826381059752,759,0.35177865612648224,0.6820845070422534
apotheken,https://www.apotheken-umschau.de/einfache-sprache/krankheiten/arthrose-der-hand-und-fingergelenke-722669.html,1570,0.4171974522292994,0.8045233399079553,560,0.375,0.6941682974559686
apotheken,https://www.apotheken-umschau.de/einfache-sprache/krankheiten/nierenbecken-entzuendung-722933.html,1172,0.4274744027303754,0.7949243098842387,749,0.3324432576769025,0.6804285714285715
apotheken,https://www.apotheken-umschau.de/einfache-sprache/krankheiten/schock-800055.html,283,0.5441696113074205,0.7477777777777778,753,0.3187250996015936,0.6294318181818181
apotheken,https://www.apotheken-umschau.de/einfache-sprache/krankheiten/pfeiffersches-druesenfieber-722063.html,1638,0.3803418803418803,0.8226809314033984,627,0.38596491228070173,0.7089619377162629
apotheken,https://www.apotheken-umschau.de/einfache-sprache/erste-hilfe/erste-hilfe-blutungen-richtig-versorgen-807921.html,414,0.5169082125603864,0.8008767123287671,458,0.36681222707423583,0.6551100244498778
apotheken,https://www.apotheken-umschau.de/einfache-sprache/krankheiten/bindehaut-entzuendung-722019.html,1478,0.34709066305818675,0.8015955213435969,621,0.35104669887278583,0.6976923076923076
apotheken,https://www.apotheken-umschau.de/einfache-sprache/krankheiten/diabetes-typ-2-868609.html,977,0.44933469805527126,0.7846551724137931,857,0.29171528588098017,0.66509900990099
apotheken,https://www.apotheken-umschau.de/einfache-sprache/erste-hilfe/erfrierungen-801001.html,2116,0.361531190926276,0.8096952104499274,814,0.36855036855036855,0.7312679738562091
apotheken,https://www.apotheken-umschau.de/einfache-sprache/krankheiten/nikotin-abhaengigkeit-910543.html,1230,0.45203252032520325,0.8188823031329382,558,0.3781362007168459,0.6919842829076621
apotheken,https://www.apotheken-umschau.de/einfache-sprache/krankheiten/blasenentzuendung-722027.html,2416,0.3365066225165563,0.8037262357414449,657,0.3394216133942161,0.7036842105263158
apotheken,https://www.apotheken-umschau.de/einfache-sprache/krankheiten/arzneimittel-allergie-953249.html,924,0.4383116883116883,0.8138971428571429,738,0.31029810298102983,0.6710014513788098
apotheken,https://www.apotheken-umschau.de/einfache-sprache/krankheiten/krampfadern-723287.html,4696,0.3260221465076661,0.8124467398321498,747,0.3668005354752343,0.7048997134670487
apotheken,https://www.apotheken-umschau.de/einfache-sprache/medikamente-heilpflanzen/medikamente-was-sind-wechselwirkungen-761795.html,567,0.47971781305114636,0.8289575289575289,433,0.3741339491916859,0.7122395833333334
apotheken,https://www.apotheken-umschau.de/einfache-sprache/krankheiten/corona-virus-723743.html,1584,0.3806818181818182,0.7989315960912051,1009,0.2794846382556987,0.67925
apotheken,https://www.apotheken-umschau.de/einfache-sprache/krankheiten/fsme-939565.html,1112,0.44964028776978415,0.8159736594543744,748,0.3409090909090909,0.6845207439198856
apotheken,https://www.apotheken-umschau.de/einfache-sprache/krankheiten/schlafapnoe-1104695.html,1151,0.45178105994787143,0.8039745916515426,948,0.29641350210970463,0.6813125695216907
apotheken,https://www.apotheken-umschau.de/einfache-sprache/medikamente-heilpflanzen/baerentraube-777515.html,277,0.5667870036101083,0.7963157894736842,456,0.40131578947368424,0.7075184275184274
apotheken,https://www.apotheken-umschau.de/einfache-sprache/krankheiten/gallenblasenentzuendung-869551.html,790,0.43291139240506327,0.7791632928475034,445,0.3595505617977528,0.6165151515151516
apotheken,https://www.apotheken-umschau.de/einfache-sprache/krankheiten/nachtschweiss-1098937.html,1211,0.4624277456647399,0.8305163511187608,866,0.3083140877598152,0.6907955936352509
apotheken,https://www.apotheken-umschau.de/einfache-sprache/untersuchungen-therapien/impfung-und-covid-19-762305.html,1467,0.3728698023176551,0.8076868829337094,1287,0.2618492618492618,0.7022132471728595
apotheken,https://www.apotheken-umschau.de/einfache-sprache/wegweiser-gesundheitssystem/kinderkrankentage-1164647.html,1308,0.3470948012232416,0.7805559968228754,962,0.26195426195426197,0.6474917853231106
wiesbaden,https://www.wiesbaden.de/vv/oe/05/34/Stadtpolizei-Verkehr?sp%3Aeasylanguage=1,228,0.5614035087719298,0.7319553072625699,259,0.4247104247104247,0.6258095238095239
wiesbaden,https://www.wiesbaden.de/leben-in-wiesbaden/freizeit/natur-erleben/stadtwald/stadtwald-multitalent?sp%3Aeasylanguage=1,489,0.5623721881390593,0.8358636363636363,318,0.5534591194968553,0.7559851301115242
wiesbaden,https://www.wiesbaden.de/vv/produkte/34/Grossraum-und-Schwerverkehr-Ausnahmen-und-Erlaubnisse?sp%3Aeasylanguage=1,68,0.8088235294117647,0.8768421052631579,51,0.5098039215686274,0.51
wiesbaden,https://www.wiesbaden.de/leben-in-wiesbaden/gesellschaft-soziales/inklusion/arbeitskreis-inklusion-und-barrierefreiheit?sp%3Aeasylanguage=1,178,0.550561797752809,0.7153488372093023,192,0.4895833333333333,0.7530069930069929
wiesbaden,https://www.wiesbaden.de/rathaus/smart-city/sensor-bike?sp%3Aeasylanguage=1,418,0.5358851674641149,0.7950677506775068,258,0.49612403100775193,0.7736842105263158
wiesbaden,https://www.wiesbaden.de/vv/produkte/34/Haltverbote-bei-Baustellen-Lieferungen?sp%3Aeasylanguage=1,233,0.6738197424892703,0.8479347826086957,46,0.782608695652174,0.782608695652174
wiesbaden,https://www.wiesbaden.de/vv/produkte/51/jugendarbeit-wi-and-you/Inklusion-fuer-Kinder-und-Jugendliche-Beratung-und-Information?sp%3Aeasylanguage=1,171,0.5672514619883041,0.7727868852459017,126,0.5634920634920635,0.7067532467532468
wiesbaden,https://www.wiesbaden.de/rathaus/smart-city/smart-city-in-wiesbaden?sp%3Aeasylanguage=1,420,0.45714285714285713,0.7631805929919138,307,0.43973941368078173,0.7249612403100775
wiesbaden,https://www.wiesbaden.de/rathaus/smart-city/smart-ubilabs?sp%3Aeasylanguage=1,243,0.5596707818930041,0.7669072164948454,261,0.4099616858237548,0.7145283018867924
wiesbaden,https://www.wiesbaden.de/rathaus/smart-city/mobile-datenmessung?sp%3Aeasylanguage=1,257,0.5992217898832685,0.8171153846153847,205,0.5073170731707317,0.743974358974359
wiesbaden,https://www.wiesbaden.de/vv/produkte/34/Bewohnerparken-Ausnahmegenehmigungen?sp%3Aeasylanguage=1,234,0.5683760683760684,0.7418378378378379,58,0.5344827586206896,0.5711111111111111
wiesbaden,https://www.wiesbaden.de/kultur/kultur-erleben/film/filmstadt-wiesbaden?sp%3Aeasylanguage=1,252,0.5079365079365079,0.7030541871921182,109,0.48623853211009177,0.587
wiesbaden,https://www.wiesbaden.de/vv/produkte/34/Aufgrabungen-Genehmigung-beantragen?sp%3Aeasylanguage=1,79,0.8354430379746836,0.8966666666666666,72,0.6111111111111112,0.6860869565217392
wiesbaden,https://www.wiesbaden.de/vv/oe/05/34/Stadtpolizei-Gefahrenabwehr?sp%3Aeasylanguage=1,318,0.5849056603773585,0.7714498141263941,295,0.47796610169491527,0.6855284552845528
wiesbaden,https://www.wiesbaden.de/kultur/kultur-erleben/film/caligari?sp%3Aeasylanguage=1,105,0.6190476190476191,0.7025,109,0.48623853211009177,0.587
wiesbaden,https://www.wiesbaden.de/vv/produkte/34/Behindertenparkplaetze?sp%3Aeasylanguage=1,165,0.703030303030303,0.8577586206896551,97,0.5154639175257731,0.6441666666666667
wiesbaden,https://www.wiesbaden.de/vv/produkte/34/Handwerkerparkausweis-fuer-die-Region-Frankfurt-Rhein-Main?sp%3Aeasylanguage=1,227,0.5814977973568282,0.7704494382022471,52,0.6153846153846154,0.6066666666666666
wiesbaden,https://www.wiesbaden.de/rathaus/smart-city/?sp%3Aeasylanguage=1,479,0.5135699373695198,0.7757674418604651,272,0.4264705882352941,0.7294170403587443
wiesbaden,https://www.wiesbaden.de/kultur/kultur-erleben/film/murnau-filmtheater?sp%3Aeasylanguage=1,87,0.6206896551724138,0.7331578947368421,109,0.48623853211009177,0.587
wiesbaden,https://www.wiesbaden.de/leben-in-wiesbaden/umwelt-natur-klima/nachhaltiges-wirtschaften/oekoprofit_klub?sp%3Aeasylanguage=1,260,0.6538461538461539,0.8042654028436018,60,0.75,0.7981818181818181
wiesbaden,https://www.wiesbaden.de/vv/oe/05/34/Verwarngeldstelle?sp%3Aeasylanguage=1,193,0.6373056994818653,0.7972222222222222,172,0.5581395348837209,0.7461788617886179
wiesbaden,https://www.wiesbaden.de/vv/oe/07/31/ordnungsamt?sp%3Aeasylanguage=1,164,0.6524390243902439,0.8019130434782609,57,0.7192982456140351,0.7424999999999999
wiesbaden,https://www.wiesbaden.de/rathaus/smart-city/stadtteil-app?sp%3Aeasylanguage=1,141,0.574468085106383,0.7352173913043478,143,0.4755244755244755,0.6834042553191488
wiesbaden,https://www.wiesbaden.de/leben-in-wiesbaden/umwelt-natur-klima/luftqualitaet/lufthygiene?sp%3Aeasylanguage=1,434,0.5138248847926268,0.770025974025974,153,0.5882352941176471,0.7561538461538462
wiesbaden,https://www.wiesbaden.de/leben-in-wiesbaden/gesellschaft-soziales/engagement/aktionswoche-wiesbaden-engagiert?sp%3Aeasylanguage=1,295,0.6135593220338983,0.8360975609756098,194,0.5154639175257731,0.736
wiesbaden,https://www.wiesbaden.de/rathaus/smart-city/Smart-City-in-Wiesbaden_159092_159093?sp%3Aeasylanguage=1,114,0.6140350877192983,0.799076923076923,174,0.5574712643678161,0.7352000000000001
wiesbaden,https://www.wiesbaden.de/leben-in-wiesbaden/umwelt-natur-klima/nachhaltiges-wirtschaften/fortgeschrittene?sp%3Aeasylanguage=1,32,0.875,0.875,60,0.75,0.7981818181818181
wiesbaden,https://www.wiesbaden.de/vv/produkte/34/Altkleidercontainer-Sondernutzungserlaubnis-beantragen?sp%3Aeasylanguage=1,126,0.7380952380952381,0.8174025974025974,69,0.5797101449275363,0.641
wiesbaden,https://www.wiesbaden.de/vv/produkte/34/Online-Anhoerung?sp%3Aeasylanguage=1,138,0.6231884057971014,0.749438202247191,156,0.5064102564102564,0.7201869158878504
wiesbaden,https://www.wiesbaden.de/rathaus/smart-city/smart-city-kampagne?sp%3Aeasylanguage=1,66,0.696969696969697,0.7376470588235293,174,0.5574712643678161,0.7352000000000001
wiesbaden,https://www.wiesbaden.de/rathaus/smart-city/digitaler-zwilling?sp%3Aeasylanguage=1,891,0.44219977553310885,0.7885510688836105,1027,0.2755598831548199,0.7227402862985686
wiesbaden,https://www.wiesbaden.de/vv/produkte/51/Verfahrenslotse-junge-Menschen-Behinderung?sp%3Aeasylanguage=1,262,0.5419847328244275,0.7762441314553991,110,0.6090909090909091,0.720327868852459
wiesbaden,https://www.wiesbaden.de/vv/produkte/34/Umzug-und-Ausnahmegenehmigung?sp%3Aeasylanguage=1,155,0.6709677419354839,0.7732075471698114,55,0.6545454545454545,0.65
wiesbaden,https://www.wiesbaden.de/vv/produkte/34/Umweltzone-Ausnahmegenehmigungen-zum-Befahren?sp%3Aeasylanguage=1,169,0.7514792899408284,0.8674999999999999,56,0.625,0.6457142857142858
wiesbaden,https://www.wiesbaden.de/rathaus/smart-city/virtuelle_stadtentwicklung?sp%3Aeasylanguage=1,204,0.5784313725490197,0.8116129032258065,196,0.5051020408163265,0.6956462585034014
wiesbaden,https://www.wiesbaden.de/vv/oe/05/34/stabstelle-oeffentlichkeitsarbeit-amtskoordination/stabstelle-oeffentlichkeitsarbeit-amtskoordination?sp%3Aeasylanguage=1,273,0.5311355311355311,0.7408035714285715,57,0.7368421052631579,0.7775000000000001
wiesbaden,https://www.wiesbaden.de/vv/produkte/34/Ordnungswidrigkeiten-im-Strassenverkehr?sp%3Aeasylanguage=1,344,0.5406976744186046,0.7949152542372881,403,0.38461538461538464,0.7055932203389831
wiesbaden,https://www.wiesbaden.de/vv/oe/02/15-1/amt-fuer-innovation-organisation-und-digitalisierung?sp%3Aeasylanguage=1,273,0.5824175824175825,0.7895535714285714,164,0.5365853658536586,0.6937391304347826
wiesbaden,https://www.wiesbaden.de/leben-in-wiesbaden/umwelt-natur-klima/luftqualitaet/luftreinhalteplan?sp%3Aeasylanguage=1,297,0.5589225589225589,0.7731451612903226,153,0.5882352941176471,0.7561538461538462
wiesbaden,https://www.wiesbaden.de/kultur/kultur-erleben/film/natourale?sp%3Aeasylanguage=1,187,0.5347593582887701,0.7478260869565218,109,0.48623853211009177,0.587
wiesbaden,https://www.wiesbaden.de/leben-in-wiesbaden/umwelt-natur-klima/nachhaltiges-wirtschaften/netzwerk?sp%3Aeasylanguage=1,355,0.5971830985915493,0.781437908496732,60,0.75,0.7981818181818181
