source,as_url,token_ratio,as_tokens,ls_tokens,ner_recall,as_ent_count,ls_ent_count,semantic_similarity,as_lexical_density,ls_lexical_density,as_adj_ratio,ls_adj_ratio,as_noun_ratio,ls_noun_ratio,as_verb_ratio,ls_verb_ratio,as_conj_ratio,ls_conj_ratio
behindertenbeauftragter,https://www.behindertenbeauftragter.de/DE/AS/der-beauftragte/gesetzliche-aufgabe/gesetzliche-aufgabe-node.html              ,0.7973856209150327,612,488,0.2222222222222222,9,14,0.9735997915267944,0.477124183006536,0.4262295081967213,0.06699346405228758,0.022540983606557378,0.28267973856209155,0.2540983606557377,0.09313725490196079,0.10245901639344263,0.057189542483660136,0.05942622950819672
behindertenbeauftragter,https://www.behindertenbeauftragter.de/SharedDocs/DerBeauftragteAktuell/DE/AS/2021/20211216_Bericht_GewaltschutzInEinrichtungen.html              ,0.8049573344169036,2461,1981,0.2608695652173913,69,76,0.7572498321533203,0.4685087362860626,0.44724886420999493,0.04388459975619667,0.01867743563856638,0.2815928484355953,0.27763755678950025,0.06948394961397805,0.09035840484603735,0.054855749695245835,0.035840484603735484
behindertenbeauftragter,https://www.behindertenbeauftragter.de/DE/AS/kultur-im-kleisthaus/salon-im-kleisthaus/gaeste/_documents/Raul-Krauthausen_inhalt.html              ,0.2148997134670487,349,75,0.058823529411764705,17,4,0.3449067175388336,0.48424068767908307,0.48,0.04297994269340974,0.05333333333333334,0.2979942693409742,0.22666666666666666,0.06303724928366762,0.10666666666666667,0.060171919770773644,0.013333333333333334
behindertenbeauftragter,https://www.behindertenbeauftragter.de/DE/AS/rechtliches/un-brk/un-brk-node.html              ,0.3502454991816694,611,214,0.42105263157894735,19,8,0.9407883286476135,0.486088379705401,0.4439252336448598,0.07692307692307693,0.03271028037383177,0.3126022913256956,0.2757009345794392,0.057283142389525366,0.08878504672897196,0.0425531914893617,0.018691588785046728
behindertenbeauftragter,https://www.behindertenbeauftragter.de/DE/AS/kultur-im-kleisthaus/kultur-im-kleisthaus-node.html              ,0.8091872791519434,283,229,0.09090909090909091,11,13,0.8736622333526611,0.45229681978798586,0.43231441048034935,0.038869257950530034,0.021834061135371178,0.3109540636042403,0.296943231441048,0.038869257950530034,0.05240174672489083,0.053003533568904596,0.048034934497816595
behindertenbeauftragter,https://www.behindertenbeauftragter.de/DE/AS/presse-und-aktuelles/veranstaltungen/sonderseiten/arbeit/ankuendigung.html              ,1.4226044226044225,407,579,0.7,10,25,0.8228716254234314,0.5503685503685504,0.48186528497409326,0.07862407862407862,0.04317789291882556,0.40540540540540543,0.2918825561312608,0.029484029484029485,0.07599309153713299,0.04176904176904177,0.02072538860103627
behindertenbeauftragter,https://www.behindertenbeauftragter.de/DE/AS/kultur-im-kleisthaus/salon-im-kleisthaus/gaeste/_documents/ninialagrande_inhalt.html              ,1.3725490196078431,153,210,0.5,12,8,0.7245030403137207,0.477124183006536,0.47619047619047616,0.0196078431372549,0.01904761904761905,0.392156862745098,0.3380952380952381,0.0457516339869281,0.1,0.08496732026143791,0.052380952380952375
behindertenbeauftragter,https://www.behindertenbeauftragter.de/DE/AS/presse-und-aktuelles/inklusionsnewsletter/inklusionsnewsletter-node.html              ,1.4444444444444444,216,312,0.07692307692307693,13,17,0.5457298159599304,0.5462962962962963,0.5224358974358975,0.08796296296296297,0.07051282051282051,0.3611111111111111,0.3814102564102564,0.027777777777777776,0.035256410256410256,0.013888888888888888,0.038461538461538464
behindertenbeauftragter,https://www.behindertenbeauftragter.de/SharedDocs/Pressemitteilungen/DE/AS/2021/PM19_DresdnerPositionen.html              ,1.5582255083179297,541,843,0.4117647058823529,17,53,0.895442008972168,0.48613678373382624,0.4460260972716489,0.09242144177449169,0.05338078291814947,0.2975970425138632,0.3013048635824436,0.051756007393715345,0.05693950177935943,0.029574861367837338,0.011862396204033215
behindertenbeauftragter,https://www.behindertenbeauftragter.de/SharedDocs/DerBeauftragteAktuell/DE/AS/2024/20240131_T4_Ankuendigung.html              ,1.5070422535211268,355,535,0.38095238095238093,21,24,0.8250948190689087,0.4422535211267606,0.4392523364485981,0.056338028169014086,0.048598130841121495,0.3154929577464789,0.28598130841121494,0.036619718309859155,0.07289719626168224,0.04507042253521127,0.03177570093457944
behindertenbeauftragter,https://www.behindertenbeauftragter.de/DE/AS/kultur-im-kleisthaus/erinnerungskultur-t4/erinnerungskultur-t4-node.html              ,0.6553398058252428,206,135,0.2727272727272727,11,7,0.8657928705215454,0.4563106796116505,0.4148148148148148,0.06310679611650485,0.02962962962962963,0.28640776699029125,0.22962962962962963,0.038834951456310676,0.08888888888888889,0.038834951456310676,0.02962962962962963
behindertenbeauftragter,https://www.behindertenbeauftragter.de/DE/AS/kultur-im-kleisthaus/kulturveranstaltungen/kulturveranstaltungen-node.html              ,1.1329479768786128,173,196,0.5,4,4,0.9029217958450317,0.47398843930635837,0.4387755102040816,0.05202312138728324,0.02040816326530612,0.2543352601156069,0.22448979591836735,0.06358381502890173,0.08163265306122448,0.07514450867052022,0.04081632653061224
behindertenbeauftragter,https://www.behindertenbeauftragter.de/DE/AS/rechtliches/rechtliches-node.html              ,0.10434782608695652,345,36,0.0,13,0,0.6648997068405151,0.4782608695652174,0.5,0.06086956521739131,0.05555555555555555,0.2927536231884058,0.2777777777777778,0.07536231884057971,0.1111111111111111,0.034782608695652174,0.0
behindertenbeauftragter,https://www.behindertenbeauftragter.de/SharedDocs/Pressemitteilungen/DE/AS/2021/PM20_Schweigen_brechen.html              ,1.6412776412776413,814,1336,0.3870967741935484,31,44,0.8689385652542114,0.4864864864864865,0.469311377245509,0.051597051597051594,0.038922155688622756,0.28378378378378377,0.3181137724550898,0.06265356265356266,0.06212574850299401,0.04422604422604423,0.011976047904191617
behindertenbeauftragter,https://www.behindertenbeauftragter.de/DE/AS/schwerpunkte/schwerpunkte-node.html              ,0.2026726057906459,449,91,0.21428571428571427,14,6,0.8915628790855408,0.4922048997772829,0.4945054945054945,0.062360801781737196,0.02197802197802198,0.2806236080178174,0.3956043956043956,0.06904231625835189,0.054945054945054944,0.0423162583518931,0.01098901098901099
behindertenbeauftragter,https://www.behindertenbeauftragter.de/DE/AS/rechtliches/behindertengleichstellungsgesetz/behindertengleichstellungsgesetz-node.html              ,0.5931477516059958,467,277,0.25,16,14,0.8695676326751709,0.5010706638115632,0.44765342960288806,0.08137044967880086,0.05054151624548736,0.32119914346895073,0.2996389891696751,0.055674518201284794,0.04693140794223827,0.034261241970021415,0.02888086642599278
behindertenbeauftragter,https://www.behindertenbeauftragter.de/DE/AS/schwerpunkte/wohnen/wohnen-node.html              ,0.7,210,147,0.14285714285714285,7,5,0.8095475435256958,0.4666666666666667,0.47619047619047616,0.06666666666666667,0.047619047619047616,0.2571428571428571,0.19727891156462585,0.03333333333333333,0.09523809523809523,0.02857142857142857,0.08843537414965985
behindertenbeauftragter,https://www.behindertenbeauftragter.de/DE/AS/rechtliches/allgemeines-gleichbehandlungsgesetz/allgemeines-gleichbehandlungsgesetz-node.html              ,0.7401032702237521,581,430,0.3888888888888889,18,22,0.7902479767799377,0.46987951807228917,0.4720930232558139,0.06196213425129088,0.046511627906976744,0.2736660929432014,0.29534883720930233,0.07917383820998279,0.08837209302325581,0.04475043029259897,0.02558139534883721
behindertenbeauftragter,https://www.behindertenbeauftragter.de/DE/AS/schwerpunkte/teilhabe-am-arbeitsleben/teilhabe-am-arbeitsleben-node.html              ,0.6589986468200271,739,487,0.05263157894736842,19,12,0.7783910036087036,0.5290933694181326,0.45585215605749485,0.10284167794316644,0.030800821355236138,0.2571041948579161,0.1950718685831622,0.07307171853856563,0.07802874743326489,0.05277401894451962,0.057494866529774126
behindertenbeauftragter,https://www.behindertenbeauftragter.de/DE/AS/presse-und-aktuelles/medienbereich/pressefotos/pressefotos-node.html              ,0.9734513274336283,339,330,1.0,2,2,0.9219484329223633,0.5634218289085545,0.5636363636363636,0.061946902654867256,0.06363636363636363,0.4631268436578171,0.4636363636363636,0.0029498525073746312,0.0030303030303030303,0.0029498525073746312,0.0030303030303030303
behindertenbeauftragter,https://www.behindertenbeauftragter.de/DE/AS/presse-und-aktuelles/veranstaltungen/veranstaltungen-node.html              ,0.2690152121697358,1249,336,0.012658227848101266,79,29,0.43073493242263794,0.5148118494795837,0.4732142857142857,0.059247397918334666,0.023809523809523808,0.3979183346677342,0.3630952380952381,0.03122497998398719,0.0625,0.04083266613290632,0.005952380952380952
behindertenbeauftragter,https://www.behindertenbeauftragter.de/SharedDocs/DerBeauftragteAktuell/DE/AS/2026/20260128_T4_Ankuendigung.html              ,1.3660130718954249,459,627,0.5,34,37,0.6672996878623962,0.4749455337690632,0.46411483253588515,0.06535947712418301,0.04784688995215311,0.3507625272331155,0.3062200956937799,0.034858387799564274,0.07017543859649122,0.054466230936819175,0.03349282296650718
behindertenbeauftragter,https://www.behindertenbeauftragter.de/DE/AS/kultur-im-kleisthaus/kultur-im-kleisthaus-node.html              ,0.4381625441696113,283,124,0.09090909090909091,11,4,0.8857872486114502,0.45229681978798586,0.4838709677419355,0.038869257950530034,0.016129032258064516,0.3109540636042403,0.3064516129032258,0.038869257950530034,0.04838709677419355,0.053003533568904596,0.04838709677419355
behindertenbeauftragter,https://www.behindertenbeauftragter.de/SharedDocs/Pressemitteilungen/DE/AS/2022/PM04_Gefl%C3%BCchtete_Ukraine.html              ,2.579710144927536,483,1246,0.2727272727272727,11,47,0.8619391322135925,0.4782608695652174,0.4550561797752809,0.07660455486542443,0.04012841091492777,0.3084886128364389,0.25280898876404495,0.047619047619047616,0.08828250401284109,0.05383022774327122,0.03451043338683788
behindertenbeauftragter,https://www.behindertenbeauftragter.de/DE/AS/kultur-im-kleisthaus/salon-im-kleisthaus/gaeste/_documents/Helga-Schubert_inhalt.html              ,1.4264705882352942,204,291,0.7777777777777778,9,11,0.8841685056686401,0.45098039215686275,0.46735395189003437,0.04411764705882353,0.03436426116838488,0.29901960784313725,0.3367697594501718,0.05392156862745098,0.054982817869415807,0.049019607843137254,0.03436426116838488
behindertenbeauftragter,https://www.behindertenbeauftragter.de/DE/AS/kultur-im-kleisthaus/salon-im-kleisthaus/gaeste/_documents/Roth-und-Levit_inhalt.html              ,2.38996138996139,259,619,0.38461538461538464,13,33,0.581805944442749,0.47104247104247104,0.49434571890145396,0.06563706563706563,0.05654281098546042,0.3127413127413127,0.32310177705977383,0.03861003861003861,0.05331179321486268,0.04633204633204633,0.01938610662358643
behindertenbeauftragter,https://www.behindertenbeauftragter.de/DE/AS/presse-und-aktuelles/veranstaltungen/sonderseiten/BRKKonferenz/2024_brk-konferenz.html              ,1.3515439429928742,421,569,0.38095238095238093,21,23,0.8631005883216858,0.4845605700712589,0.4305799648506151,0.04275534441805225,0.01757469244288225,0.3586698337292161,0.31282952548330406,0.0332541567695962,0.0492091388400703,0.030878859857482184,0.040421792618629174
behindertenbeauftragter,https://www.behindertenbeauftragter.de/DE/AS/presse-und-aktuelles/presse-und-aktuelles-node.html              ,0.016069221260815822,1618,26,0.0,60,0,0.5501002073287964,0.5166872682323856,0.46153846153846156,0.06365883807169345,0.0,0.40667490729295425,0.3076923076923077,0.02533992583436341,0.07692307692307693,0.027194066749072928,0.15384615384615385
behindertenbeauftragter,https://www.behindertenbeauftragter.de/DE/AS/presse-und-aktuelles/veranstaltungen/sonderseiten/bts/Ankuendigung_bts.html              ,0.7584415584415585,385,292,0.19047619047619047,21,12,0.768365204334259,0.5532467532467532,0.4589041095890411,0.07532467532467532,0.03424657534246575,0.412987012987013,0.29452054794520544,0.03896103896103896,0.06164383561643835,0.025974025974025976,0.010273972602739725
behindertenbeauftragter,https://www.behindertenbeauftragter.de/DE/AS/presse-und-aktuelles/veranstaltungen/sonderseiten/gesundheitsversorgung/ankuendigung.html              ,1.2835595776772248,663,851,0.0,11,28,0.815148115158081,0.45098039215686275,0.44418331374853115,0.058823529411764705,0.03407755581668625,0.27300150829562597,0.25499412455934195,0.05128205128205128,0.08343125734430082,0.0603318250377074,0.03290246768507638
behindertenbeauftragter,https://www.behindertenbeauftragter.de/DE/AS/presse-und-aktuelles/publikationen-und-erklaerungen/publikationen-und-erklaerungen-node.html              ,0.6163265306122448,490,302,0.2222222222222222,18,10,0.6332807540893555,0.49387755102040815,0.4900662251655629,0.053061224489795916,0.08609271523178808,0.33877551020408164,0.31788079470198677,0.04897959183673469,0.056291390728476824,0.02857142857142857,0.046357615894039736
behindertenbeauftragter,https://www.behindertenbeauftragter.de/DE/AS/der-beauftragte/der-beauftragte-node.html              ,0.13496932515337423,163,22,0.125,8,3,0.7123283743858337,0.48466257668711654,0.45454545454545453,0.04294478527607362,0.0,0.3374233128834356,0.2727272727272727,0.05521472392638037,0.09090909090909091,0.006134969325153374,0.0
behindertenbeauftragter,https://www.behindertenbeauftragter.de/DE/AS/kultur-im-kleisthaus/salon-im-kleisthaus/gaeste/_documents/Lea-Streisand_inhalt.html              ,0.19736842105263158,380,75,0.15,20,4,0.5347842574119568,0.4763157894736842,0.48,0.06315789473684211,0.05333333333333334,0.2868421052631579,0.22666666666666666,0.06315789473684211,0.10666666666666667,0.04473684210526316,0.013333333333333334
behindertenbeauftragter,https://www.behindertenbeauftragter.de/DE/AS/presse-und-aktuelles/veranstaltungen/veranstaltungen-node.html              ,0.18654923939151322,1249,233,0.0,79,7,0.3868591785430908,0.5148118494795837,0.49356223175965663,0.059247397918334666,0.0,0.3979183346677342,0.48497854077253216,0.03122497998398719,0.004291845493562232,0.04083266613290632,0.0
behindertenbeauftragter,https://www.behindertenbeauftragter.de/DE/AS/presse-und-aktuelles/medienbereich/medienbereich-node.html              ,0.7874015748031497,127,100,0.6,5,3,0.8408635854721069,0.5118110236220472,0.42,0.023622047244094488,0.02,0.41732283464566927,0.32,0.031496062992125984,0.04,0.047244094488188976,0.04
behindertenbeauftragter,https://www.behindertenbeauftragter.de/DE/AS/der-beauftragte/behindertenbeauftragte-in-bundeslaendern/behindertenbeauftragte-in-bundeslaendern-node.html              ,1.0925925925925926,162,177,0.0,2,22,0.622527003288269,0.47530864197530864,0.5310734463276836,0.043209876543209874,0.02824858757062147,0.35185185185185186,0.4915254237288136,0.04938271604938271,0.005649717514124294,0.07407407407407407,0.011299435028248588
behindertenbeauftragter,https://www.behindertenbeauftragter.de/DE/AS/kultur-im-kleisthaus/salon-im-kleisthaus/gaeste/_documents/Johann-Koenig_inhalt.html              ,1.85,100,185,0.8571428571428571,7,10,0.8663296103477478,0.49,0.4810810810810811,0.06,0.010810810810810811,0.33,0.3081081081081081,0.07,0.0972972972972973,0.02,0.05405405405405406
behindertenbeauftragter,https://www.behindertenbeauftragter.de/DE/AS/schwerpunkte/gesundheit/gesundheit-node.html              ,0.6491405460060667,989,642,0.17647058823529413,17,16,0.938772439956665,0.4711830131445905,0.46417445482866043,0.06167846309403438,0.05451713395638629,0.2659251769464105,0.21806853582554517,0.07381193124368049,0.06853582554517133,0.04246713852376137,0.045171339563862926
behindertenbeauftragter,https://www.behindertenbeauftragter.de/DE/AS/der-beauftragte/lebenslauf/lebenslauf-node.html              ,1.6398305084745763,236,387,0.5882352941176471,17,24,0.6395465731620789,0.5127118644067796,0.4806201550387597,0.05508474576271186,0.028423772609819122,0.423728813559322,0.35658914728682173,0.0211864406779661,0.046511627906976744,0.029661016949152543,0.03875968992248062
behindertenbeauftragter,https://www.behindertenbeauftragter.de/DE/AS/kultur-im-kleisthaus/teilhabe-an-kunst-und-kultur/teilhabe-an-kunst-und-kultur-node.html              ,0.5841836734693877,392,229,0.09090909090909091,11,9,0.7725059986114502,0.4387755102040816,0.43231441048034935,0.04591836734693878,0.013100436681222707,0.27040816326530615,0.24017467248908297,0.05102040816326531,0.06550218340611354,0.03571428571428572,0.0611353711790393
behindertenbeauftragter,https://www.behindertenbeauftragter.de/DE/AS/presse-und-aktuelles/veranstaltungen/sonderseiten/bildung/ankuendigung.html              ,1.2640586797066016,409,517,0.42857142857142855,14,27,0.8109058141708374,0.5501222493887531,0.4912959381044487,0.07579462102689487,0.048355899419729204,0.4180929095354523,0.3191489361702128,0.03178484107579462,0.07930367504835589,0.034229828850855744,0.02127659574468085
behindertenbeauftragter,https://www.behindertenbeauftragter.de/DE/AS/kultur-im-kleisthaus/salon-im-kleisthaus/salon-im-kleisthaus-node.html              ,0.6244131455399061,213,133,0.4,5,4,0.9191404581069946,0.4460093896713615,0.45112781954887216,0.056338028169014086,0.045112781954887216,0.3192488262910798,0.2932330827067669,0.03755868544600939,0.05263157894736842,0.046948356807511735,0.05263157894736842
behindertenbeauftragter,https://www.behindertenbeauftragter.de/SharedDocs/DerBeauftragteAktuell/DE/AS/2023/20230510_Salon_Streisand.html              ,0.2236842105263158,380,85,0.15,20,4,0.4878653287887573,0.4763157894736842,0.49411764705882355,0.06315789473684211,0.058823529411764705,0.2868421052631579,0.23529411764705882,0.06315789473684211,0.10588235294117647,0.04473684210526316,0.011764705882352941
behindertenbeauftragter,https://www.behindertenbeauftragter.de/DE/AS/presse-und-aktuelles/veranstaltungen/sonderseiten/T4/ankuendigung-as.html              ,1.4907275320970044,701,1045,0.5121951219512195,41,53,0.6640306115150452,0.4950071326676177,0.4478468899521531,0.0456490727532097,0.02966507177033493,0.35805991440798857,0.30526315789473685,0.0442225392296719,0.06124401913875598,0.0442225392296719,0.028708133971291867
behindertenbeauftragter,https://www.behindertenbeauftragter.de/SharedDocs/Pressemitteilungen/DE/AS/2021/PM21_Schlichtungsstelle_Geburtstag.html              ,1.3442088091353996,613,824,0.3333333333333333,9,31,0.757599949836731,0.44861337683523655,0.47936893203883496,0.06525285481239804,0.05218446601941747,0.2756933115823817,0.29854368932038833,0.053833605220228384,0.06067961165048544,0.040783034257748776,0.01699029126213592
behindertenbeauftragter,https://www.behindertenbeauftragter.de/DE/AS/rechtliches/sozialgesetzbuch-und-bundesteilhabegesetz/sozialgesetzbuch-und-bundesteilhabegesetz-node.html              ,0.7638888888888888,504,385,0.2857142857142857,14,23,0.5133607983589172,0.49603174603174605,0.4935064935064935,0.06944444444444445,0.07532467532467532,0.33333333333333337,0.34545454545454546,0.061507936507936505,0.046753246753246755,0.03373015873015873,0.023376623376623377
behindertenbeauftragter,https://www.behindertenbeauftragter.de/SharedDocs/DerBeauftragteAktuell/DE/AS/2022/20220321_Welt_DS_Tag.html              ,1.0631067961165048,824,876,1.0,24,29,0.8547030687332153,0.42475728155339804,0.4349315068493151,0.01699029126213592,0.014840182648401826,0.24150485436893204,0.2465753424657534,0.0970873786407767,0.09703196347031963,0.03155339805825243,0.02968036529680365
behindertenbeauftragter,https://www.behindertenbeauftragter.de/DE/AS/schwerpunkte/barrierefreiheit/barrierefreiheit-node.html              ,0.5205078125,1024,533,0.25,24,19,0.9308772087097168,0.4921875,0.5046904315196998,0.0712890625,0.043151969981238276,0.259765625,0.2589118198874296,0.0595703125,0.06941838649155722,0.052734375,0.02626641651031895
behindertenbeauftragter,https://www.behindertenbeauftragter.de/DE/AS/kultur-im-kleisthaus/salon-im-kleisthaus/gaeste/_documents/wedel-und-caglar_inhalt.html              ,2.0945121951219514,328,687,0.5,18,31,0.6753296852111816,0.47560975609756095,0.4759825327510917,0.057926829268292686,0.026200873362445413,0.2682926829268293,0.314410480349345,0.08536585365853659,0.06550218340611354,0.06097560975609757,0.023289665211062592
behindertenbeauftragter,https://www.behindertenbeauftragter.de/DE/AS/presse-und-aktuelles/medienbereich/medienbereich-node.html              ,0.4015748031496063,127,51,0.4,5,3,0.818610668182373,0.5118110236220472,0.4117647058823529,0.023622047244094488,0.0196078431372549,0.41732283464566927,0.3137254901960784,0.031496062992125984,0.0392156862745098,0.047244094488188976,0.0392156862745098
behindertenbeauftragter,https://www.behindertenbeauftragter.de/DE/AS/der-beauftragte/dienstsitz/dienstsitz-node.html              ,0.9186440677966101,590,542,0.34375,32,28,0.7718698978424072,0.47627118644067795,0.47232472324723246,0.07288135593220339,0.04797047970479705,0.3016949152542373,0.2785977859778598,0.05423728813559322,0.06642066420664207,0.03389830508474576,0.01845018450184502
behindertenbeauftragter,https://www.behindertenbeauftragter.de/DE/AS/service/barrierefreiheit/barrierefreiheit_node.html              ,0.6732851985559567,554,373,0.21052631578947367,19,11,0.6445954442024231,0.4602888086642599,0.42091152815013405,0.04332129963898917,0.013404825737265416,0.2942238267148014,0.23592493297587133,0.06859205776173286,0.08847184986595175,0.03429602888086643,0.040214477211796246
behindertenbeauftragter,https://www.behindertenbeauftragter.de/SharedDocs/DerBeauftragteAktuell/DE/AS/2025/20250129_T4_Ankuendigung.html              ,1.4892601431980907,419,624,0.34615384615384615,26,25,0.7387641668319702,0.45346062052505964,0.4423076923076923,0.050119331742243436,0.046474358974358976,0.35083532219570407,0.2980769230769231,0.026252983293556086,0.06570512820512821,0.0477326968973747,0.025641025641025644
behindertenbeauftragter,https://www.behindertenbeauftragter.de/DE/AS/schwerpunkte/kinder-und-jugendliche-mit-behinderungen/kinder-und-jugendliche-mit-behinderungen-node.html              ,0.5205930807248764,607,316,0.10526315789473684,19,12,0.8023295402526855,0.47775947281713343,0.4620253164556962,0.06754530477759473,0.04746835443037975,0.27677100494233936,0.24367088607594936,0.060955518945634266,0.07911392405063292,0.0642504118616145,0.07278481012658228
behindertenbeauftragter,https://www.behindertenbeauftragter.de/DE/AS/der-beauftragte/behindertenbeauftragte-in-bundeslaendern/behindertenbeauftragte-in-bundeslaendern-node.html              ,1.0987654320987654,162,178,0.0,2,22,0.6026183366775513,0.47530864197530864,0.5280898876404494,0.043209876543209874,0.028089887640449437,0.35185185185185186,0.48876404494382025,0.04938271604938271,0.0056179775280898875,0.07407407407407407,0.011235955056179775
behindertenbeauftragter,https://www.behindertenbeauftragter.de/DE/AS/presse-und-aktuelles/presse-und-aktuelles-node.html              ,0.016069221260815822,1618,26,0.0,60,0,0.5501002073287964,0.5166872682323856,0.46153846153846156,0.06365883807169345,0.0,0.40667490729295425,0.3076923076923077,0.02533992583436341,0.07692307692307693,0.027194066749072928,0.15384615384615385
behindertenbeauftragter,https://www.behindertenbeauftragter.de/DE/AS/schwerpunkte/umsetzung-bundesteilhabegesetz/umsetzung-bundesteilhabegesetz-node.html              ,0.7048458149779736,454,320,0.05,20,13,0.63665771484375,0.4911894273127753,0.4625,0.0881057268722467,0.028125,0.27973568281938327,0.24375000000000002,0.07709251101321586,0.090625,0.050660792951541855,0.06874999999999999
behindertenbeauftragter,https://www.behindertenbeauftragter.de/SharedDocs/DerBeauftragteAktuell/DE/AS/2023/20230616_Digitaltag.html              ,1.0863309352517985,139,151,0.4,5,7,0.8529911041259766,0.4676258992805755,0.4304635761589404,0.08633093525179857,0.006622516556291391,0.2589928057553957,0.2582781456953642,0.07913669064748201,0.11258278145695365,0.02877697841726619,0.0
behindertenbeauftragter,https://www.behindertenbeauftragter.de/DE/AS/rechtliches/schwerbehinderung/schwerbehinderung-node.html              ,0.6208791208791209,546,339,0.5714285714285714,14,19,0.8168621063232422,0.43223443223443225,0.4749262536873156,0.040293040293040296,0.038348082595870206,0.2692307692307693,0.2448377581120944,0.06593406593406594,0.07964601769911504,0.05128205128205129,0.035398230088495575
behindertenbeauftragter,https://www.behindertenbeauftragter.de/DE/AS/kultur-im-kleisthaus/salon-im-kleisthaus/gaeste/_documents/Felix-Klieser_inhalt.html              ,0.3706896551724138,232,86,0.07142857142857142,14,5,0.5658604502677917,0.5129310344827587,0.4883720930232558,0.05172413793103448,0.023255813953488372,0.33620689655172414,0.2558139534883721,0.08189655172413793,0.11627906976744186,0.03879310344827586,0.023255813953488372
brandeins,,2.013157894736842,76,153,0.0,3,5,0.4643854796886444,0.40789473684210525,0.46405228758169936,0.06578947368421052,0.013071895424836602,0.2236842105263158,0.1830065359477124,0.039473684210526314,0.1111111111111111,0.039473684210526314,0.032679738562091505
brandeins,,1.0044843049327354,223,224,0.0,5,5,0.5529452562332153,0.4304932735426009,0.40625,0.053811659192825115,0.008928571428571428,0.24663677130044842,0.21875,0.06726457399103139,0.08482142857142858,0.022421524663677132,0.03125
brandeins,,1.03862660944206,233,242,0.0,5,1,0.7054042816162109,0.45493562231759654,0.47107438016528924,0.0815450643776824,0.045454545454545456,0.22746781115879827,0.20661157024793386,0.07296137339055794,0.10743801652892562,0.05150214592274678,0.0371900826446281
brandeins,,0.9655172413793104,203,196,0.0,3,3,0.49932700395584106,0.4630541871921182,0.4336734693877551,0.09359605911330049,0.030612244897959183,0.2512315270935961,0.14285714285714285,0.08374384236453201,0.11224489795918367,0.08374384236453203,0.03571428571428571
brandeins,,0.8049792531120332,241,194,0.0,2,2,0.727403998374939,0.4149377593360996,0.4020618556701031,0.024896265560165973,0.015463917525773196,0.16182572614107885,0.15979381443298968,0.0954356846473029,0.12371134020618557,0.024896265560165973,0.02577319587628866
brandeins,,1.0360824742268042,194,201,0.6666666666666666,3,6,0.8141977787017822,0.4639175257731959,0.4079601990049751,0.07216494845360824,0.01990049751243781,0.22680412371134018,0.19402985074626866,0.0979381443298969,0.08955223880597014,0.05154639175257732,0.009950248756218905
brandeins,,1.017921146953405,279,284,0.3333333333333333,12,11,0.8055763840675354,0.5053763440860215,0.4894366197183099,0.043010752688172046,0.02112676056338028,0.26164874551971323,0.28169014084507044,0.07885304659498207,0.10915492957746478,0.03942652329749104,0.03169014084507042
brandeins,,0.9886792452830189,265,262,0.0,4,3,0.7085648775100708,0.4377358490566038,0.4389312977099237,0.033962264150943396,0.0,0.22641509433962265,0.1946564885496183,0.09433962264150944,0.1183206106870229,0.04905660377358491,0.026717557251908396
brandeins,,1.0526315789473684,190,200,0.0,4,8,0.5524876117706299,0.4631578947368421,0.5,0.06842105263157895,0.025,0.24210526315789474,0.285,0.08947368421052632,0.1,0.04736842105263158,0.015
brandeins,,0.9953488372093023,215,214,0.2222222222222222,9,11,0.6022061109542847,0.4511627906976744,0.4532710280373832,0.06046511627906977,0.02336448598130841,0.25116279069767444,0.23831775700934577,0.08372093023255814,0.09813084112149532,0.046511627906976744,0.028037383177570093
brandeins,,0.9323308270676691,266,248,0.0,6,8,0.6118736267089844,0.4323308270676692,0.42338709677419356,0.05639097744360902,0.012096774193548387,0.23684210526315788,0.24596774193548387,0.07518796992481203,0.0967741935483871,0.03383458646616541,0.05241935483870967
brandeins,,1.1075697211155378,251,278,0.3333333333333333,3,4,0.7039188146591187,0.4940239043824701,0.45323741007194246,0.0796812749003984,0.050359712230215826,0.250996015936255,0.19424460431654678,0.0796812749003984,0.08273381294964029,0.03585657370517928,0.017985611510791366
brandeins,,1.2307692307692308,195,240,0.16666666666666666,6,5,0.6491107940673828,0.49743589743589745,0.4708333333333333,0.08717948717948718,0.020833333333333332,0.29743589743589743,0.22083333333333333,0.05128205128205128,0.10833333333333334,0.041025641025641026,0.020833333333333332
brandeins,,0.012903225806451613,465,6,0.0625,16,1,0.46536844968795776,0.40860215053763443,0.3333333333333333,0.021505376344086023,0.0,0.2236559139784946,0.16666666666666666,0.06451612903225806,0.16666666666666666,0.03655913978494624,0.0
brandeins,,0.8943396226415095,265,237,0.0,1,1,0.6863539814949036,0.4,0.379746835443038,0.04150943396226415,0.012658227848101266,0.12075471698113208,0.1350210970464135,0.09433962264150944,0.11814345991561181,0.052830188679245285,0.012658227848101266
brandeins,,1.0289855072463767,207,213,0.125,8,4,0.6339027881622314,0.4830917874396135,0.4413145539906103,0.0821256038647343,0.03755868544600939,0.17391304347826086,0.18309859154929578,0.09178743961352658,0.09859154929577464,0.043478260869565216,0.03755868544600939
brandeins,,1.1623931623931625,234,272,0.5,4,15,0.6678027510643005,0.49572649572649574,0.4485294117647059,0.12393162393162394,0.029411764705882353,0.2435897435897436,0.21323529411764705,0.07692307692307693,0.08823529411764706,0.08974358974358974,0.04779411764705882
brandeins,,1.0097087378640777,206,208,0.0,6,0,0.5958958864212036,0.441747572815534,0.4519230769230769,0.12135922330097088,0.019230769230769232,0.1796116504854369,0.1778846153846154,0.06796116504854369,0.09615384615384616,0.02912621359223301,0.019230769230769232
brandeins,,1.1758793969849246,199,234,0.1111111111111111,9,3,0.6448793411254883,0.47738693467336685,0.45726495726495725,0.09547738693467336,0.029914529914529916,0.27638190954773867,0.23076923076923078,0.05527638190954774,0.1111111111111111,0.02512562814070352,0.025641025641025644
brandeins,,0.9678571428571429,280,271,0.46153846153846156,13,12,0.7316247224807739,0.4392857142857143,0.46863468634686345,0.04642857142857143,0.02214022140221402,0.19642857142857142,0.22140221402214022,0.1,0.1033210332103321,0.02857142857142857,0.033210332103321034
brandeins,,1.0123456790123457,243,246,0.2,5,7,0.7401660084724426,0.4156378600823045,0.43902439024390244,0.04526748971193416,0.008130081300813009,0.205761316872428,0.2032520325203252,0.06995884773662552,0.09349593495934959,0.04526748971193416,0.036585365853658534
brandeins,,0.8995983935742972,249,224,0.125,8,3,0.7251306772232056,0.44176706827309237,0.5267857142857143,0.06827309236947791,0.026785714285714284,0.2289156626506024,0.24107142857142858,0.07630522088353414,0.12946428571428573,0.04417670682730923,0.03125
brandeins,,0.049079754601226995,163,8,0.0,10,0,0.04559919983148575,0.4785276073619632,0.375,0.09815950920245399,0.0,0.27607361963190186,0.125,0.04294478527607362,0.125,0.04294478527607362,0.0
brandeins,,1.106060606060606,198,219,0.0,3,5,0.8540804386138916,0.43434343434343436,0.4383561643835616,0.0707070707070707,0.0136986301369863,0.20707070707070707,0.2146118721461187,0.08585858585858586,0.0958904109589041,0.06060606060606061,0.0182648401826484
brandeins,,2.4705882352941178,85,210,0.0,1,7,0.5795490741729736,0.5647058823529412,0.4380952380952381,0.12941176470588237,0.014285714285714285,0.29411764705882354,0.20952380952380953,0.08235294117647059,0.10476190476190476,0.03529411764705882,0.023809523809523808
brandeins,,0.9867109634551495,301,297,0.125,8,10,0.7133256196975708,0.40863787375415284,0.468013468013468,0.04318936877076412,0.010101010101010102,0.21926910299003322,0.22895622895622897,0.0664451827242525,0.09090909090909091,0.06976744186046512,0.026936026936026935
brandeins,,1.116182572614108,241,269,0.2,10,5,0.6777502298355103,0.49377593360995853,0.4758364312267658,0.0954356846473029,0.02973977695167286,0.2572614107883818,0.2304832713754647,0.06639004149377593,0.08921933085501858,0.04564315352697095,0.03717472118959107
brandeins,,1.0289855072463767,276,284,0.0,3,7,0.49333032965660095,0.4057971014492754,0.4471830985915493,0.043478260869565216,0.02464788732394366,0.20289855072463767,0.2676056338028169,0.06159420289855073,0.09507042253521127,0.028985507246376812,0.02112676056338028
brandeins,,1.043956043956044,91,95,0.0,3,2,0.6855782866477966,0.4835164835164835,0.47368421052631576,0.03296703296703297,0.0,0.1978021978021978,0.2,0.0989010989010989,0.12631578947368421,0.054945054945054944,0.021052631578947368
brandeins,,0.925531914893617,188,174,0.09090909090909091,11,10,0.7622946500778198,0.4574468085106383,0.46551724137931033,0.07446808510638298,0.04597701149425287,0.3191489361702128,0.27586206896551724,0.0425531914893617,0.09195402298850575,0.026595744680851064,0.017241379310344827
brandeins,,1.0,200,200,0.125,8,3,0.6656556129455566,0.5,0.43,0.07,0.02,0.3,0.19,0.055,0.11,0.06,0.03
brandeins,,1.0920245398773005,163,178,0.0,7,2,0.6111975312232971,0.5521472392638037,0.46629213483146065,0.12269938650306748,0.02247191011235955,0.2883435582822086,0.1853932584269663,0.0736196319018405,0.10112359550561797,0.04294478527607362,0.02247191011235955
stuttgart,https://www.stuttgart.de/leben/gesundheit/vorsorge/suchtpraevention,1.1262553802008608,697,785,0.2916666666666667,24,37,0.9605741500854492,0.5222381635581061,0.4929936305732484,0.09469153515064563,0.05477707006369427,0.3428981348637016,0.3006369426751592,0.04878048780487805,0.07006369426751592,0.058823529411764705,0.047133757961783436
stuttgart,https://www.stuttgart.de/organigramm/leistungen/wohnsitz-anmelden-als-hauptwohnsitz,0.2622908622908623,3885,1019,0.0425531914893617,47,25,0.9251223802566528,0.47876447876447875,0.4337585868498528,0.0537966537966538,0.02453385672227674,0.2669240669240669,0.22963689892051029,0.06177606177606178,0.0971540726202159,0.05302445302445302,0.021589793915603533
stuttgart,https://www.stuttgart.de/organigramm/leistungen/reisepass-beantragen-erstmalig-oder-nach-ablauf,0.28203083466241363,3762,1061,0.11904761904761904,42,36,0.6911724209785461,0.48086124401913877,0.46277097078228085,0.05715045188729399,0.034872761545711596,0.2727272727272727,0.23279924599434496,0.05582137161084529,0.09613572101790764,0.0544922913343966,0.021677662582469368
stuttgart,https://www.stuttgart.de/organigramm/leistungen/ehefaehigkeitszeugnis-ausstellung-beantragen,0.41858736059479557,1345,563,0.09523809523809523,42,23,0.9272539615631104,0.521189591078067,0.45293072824156305,0.04535315985130112,0.047957371225577264,0.3509293680297398,0.2682060390763765,0.05650557620817844,0.07992895204262877,0.046096654275092935,0.02486678507992895
stuttgart,https://www.stuttgart.de/organigramm/leistungen/wohnsitz-ummelden-innerhalb-von-stuttgart,0.2648442092886537,3402,901,0.047619047619047616,42,30,0.7391984462738037,0.4808935920047031,0.4339622641509434,0.05496766607877719,0.023307436182019976,0.2721928277483833,0.24084350721420641,0.06025867136978248,0.0932297447280799,0.05379188712522046,0.017758046614872364
stuttgart,https://www.stuttgart.de/organigramm/leistungen/eingliederungshilfe-fuer-menschen-mit-behinderung,1.4912891986062717,574,856,0.11764705882352941,17,16,0.8707252740859985,0.47909407665505227,0.4532710280373832,0.05226480836236934,0.030373831775700934,0.32578397212543553,0.2850467289719626,0.05226480836236934,0.07009345794392523,0.05226480836236934,0.030373831775700934
stuttgart,https://www.stuttgart.de/leben/soziales/sozialplanung/,0.14397689768976898,2424,349,0.057971014492753624,69,20,0.9453082084655762,0.5132013201320133,0.5300859598853869,0.08704620462046204,0.06303724928366762,0.33292079207920794,0.30945558739255014,0.05734323432343234,0.08595988538681948,0.06105610561056106,0.034383954154727794
stuttgart,https://www.stuttgart.de/leben/gesundheit/gesundheitsberatung/,0.65,240,156,0.14285714285714285,7,12,0.9585187435150146,0.5541666666666667,0.5448717948717948,0.10416666666666667,0.0641025641025641,0.37083333333333335,0.39743589743589747,0.03333333333333333,0.05128205128205128,0.0875,0.03205128205128205
stuttgart,https://www.stuttgart.de/buergerinnen-und-buerger/senioren/buergerservice-leben-im-alter,0.5236051502145923,699,366,0.125,24,13,0.9543946981430054,0.525035765379113,0.4726775956284153,0.06437768240343347,0.02185792349726776,0.3390557939914163,0.3224043715846995,0.06723891273247497,0.08743169398907104,0.06580829756795423,0.04918032786885246
stuttgart,https://www.stuttgart.de/leben/sport/sportprogramme/bewegt-und-aktiv,0.805247225025227,991,798,0.0967741935483871,31,15,0.9554698467254639,0.5045408678102926,0.4724310776942356,0.07063572149344097,0.040100250626566414,0.29364278506559033,0.18671679197994986,0.07870837537840565,0.10651629072681704,0.07063572149344097,0.05263157894736842
stuttgart,https://www.stuttgart.de/buergerinnen-und-buerger/menschen-mit-behinderung/die-beauftragte-fuer-menschen-mit-behinderung/inklusion-teilhabe,1.5344827586206897,464,712,0.5454545454545454,11,36,0.8518248796463013,0.5,0.4606741573033708,0.06896551724137931,0.03651685393258427,0.2887931034482759,0.27247191011235955,0.08405172413793104,0.07865168539325842,0.05818965517241379,0.03089887640449438
stuttgart,https://www.stuttgart.de/organigramm/leistungen/reisepass-beantragen-vorlaeufig,0.11834639286679276,3701,438,0.16279069767441862,43,22,0.7908062934875488,0.4820318832747906,0.4726027397260274,0.0572818157254796,0.0593607305936073,0.2728992164279924,0.26712328767123283,0.055660632261550935,0.0684931506849315,0.05674142123750338,0.0091324200913242
stuttgart,https://www.stuttgart.de/leben/soziales/beratung-und-hilfe/rechtliche-betreuung/,2.119186046511628,344,729,0.0,4,9,0.9558492302894592,0.5,0.4567901234567901,0.06686046511627906,0.04526748971193416,0.2703488372093023,0.2373113854595336,0.0872093023255814,0.10699588477366255,0.06976744186046512,0.015089163237311385
stuttgart,https://www.stuttgart.de/organigramm/leistungen/eheschliessung-anmelden,0.6567335243553009,1745,1146,0.40476190476190477,42,39,0.6651943325996399,0.5071633237822349,0.46335078534031415,0.04699140401146132,0.028795811518324606,0.34040114613180517,0.2670157068062827,0.05100286532951289,0.09511343804537521,0.04928366762177651,0.02530541012216405
stuttgart,https://www.stuttgart.de/leben/wohnen/foerderung-und-wohnungshilfe/sozialmietwohnungen,1.5080645161290323,372,561,0.15384615384615385,13,23,0.9469826817512512,0.478494623655914,0.45098039215686275,0.06182795698924731,0.0374331550802139,0.2876344086021505,0.24420677361853832,0.08333333333333333,0.0855614973262032,0.0456989247311828,0.021390374331550804
stuttgart,https://www.stuttgart.de/leben/gesundheit/vorsorge/,1.0774193548387097,155,167,0.2857142857142857,7,5,0.9359670281410217,0.4967741935483871,0.47305389221556887,0.05161290322580645,0.029940119760479042,0.3096774193548387,0.2754491017964072,0.06451612903225806,0.0718562874251497,0.06451612903225806,0.041916167664670656
stuttgart,https://www.stuttgart.de/buergerinnen-und-buerger/menschen-mit-behinderung/die-beauftragte-fuer-menschen-mit-behinderung,1.3696060037523452,533,730,0.5,16,29,0.9110578298568726,0.47654784240150094,0.4671232876712329,0.03189493433395872,0.026027397260273973,0.35647279549718575,0.3232876712328767,0.06566604127579738,0.0684931506849315,0.0600375234521576,0.036986301369863014
stuttgart,https://www.stuttgart.de/buergerinnen-und-buerger/senioren/gesund-aelter-werden,1.2172739541160593,741,902,0.2,15,36,0.9836779832839966,0.48582995951417,0.45787139689578715,0.06747638326585695,0.045454545454545456,0.2699055330634278,0.24611973392461198,0.07557354925775979,0.0787139689578714,0.06072874493927126,0.038802660753880266
stuttgart,https://www.stuttgart.de/leben/soziales/beratung-und-hilfe/,0.9462857142857143,875,828,0.3,20,28,0.7026777863502502,0.5165714285714286,0.4722222222222222,0.08,0.04106280193236715,0.3417142857142857,0.2995169082125604,0.05828571428571429,0.07367149758454106,0.07542857142857143,0.04710144927536232
stuttgart,https://www.stuttgart.de/organigramm/leistungen/personalausweis-ausstellung-wegen-namensaenderung-beantragen-heirat-oder-scheidung-,0.1843012463537523,3771,695,0.07692307692307693,39,21,0.8431992530822754,0.48024396711747547,0.48201438848920863,0.05833996287456908,0.06474820143884892,0.27340228056218513,0.27482014388489207,0.05489260143198091,0.07625899280575539,0.053566693184831614,0.014388489208633094
stuttgart,https://www.stuttgart.de/leben/wohnen/foerderung-und-wohnungshilfe/seniorenmietwohnungen,1.2554347826086956,184,231,0.0,4,11,0.97074955701828,0.4945652173913043,0.43722943722943725,0.07608695652173914,0.030303030303030304,0.24456521739130435,0.24675324675324675,0.08695652173913043,0.08225108225108226,0.08152173913043478,0.03463203463203463
stuttgart,https://www.stuttgart.de/leben/soziales/generationenhaus,0.8176638176638177,351,287,0.3125,16,21,0.978842556476593,0.5470085470085471,0.4912891986062718,0.03418803418803419,0.03832752613240418,0.46153846153846156,0.3519163763066202,0.03418803418803419,0.04529616724738676,0.08547008547008546,0.06620209059233449
stuttgart,https://www.stuttgart.de/buergerinnen-und-buerger/menschen-mit-behinderung/politik-von-menschen-mit-behinderung/beirat-inklusion,1.3348837209302327,215,287,0.2727272727272727,11,12,0.9209719896316528,0.5209302325581395,0.519163763066202,0.05116279069767442,0.05226480836236934,0.4,0.3484320557491289,0.03255813953488372,0.05574912891986063,0.08837209302325581,0.04878048780487805
stuttgart,https://www.stuttgart.de/organigramm/leistungen/lebenspartnerschaft-umwandlung-in-eine-ehe-beantragen,0.35840368380660015,1303,467,0.029411764705882353,34,17,0.8972933292388916,0.5141980046047583,0.4346895074946467,0.044512663085188024,0.047109207708779445,0.350729086722947,0.2762312633832976,0.052954719877206444,0.06423982869379015,0.04758250191864927,0.019271948608137045
stuttgart,https://www.stuttgart.de/leben/soziales/soziale-leistungen/,1.178125,640,754,0.18181818181818182,22,20,0.9372307062149048,0.6,0.47480106100795755,0.14375,0.04907161803713528,0.384375,0.27851458885941643,0.0453125,0.07824933687002653,0.057812499999999996,0.04111405835543767
stuttgart,https://www.stuttgart.de/leben/arbeit/arbeitsuchende/hilfe-beim-wiedereinstieg,1.5021008403361344,476,715,0.375,8,20,0.9610899686813354,0.49789915966386555,0.46293706293706294,0.07352941176470588,0.05454545454545454,0.3004201680672269,0.2573426573426573,0.06722689075630252,0.08251748251748252,0.07563025210084034,0.04895104895104895
stuttgart,https://www.stuttgart.de/organigramm/leistungen/personalausweis-beantragen-erstmalig-oder-nach-ablauf,0.3432367149758454,4140,1421,0.19230769230769232,52,49,0.9397466778755188,0.4782608695652174,0.46798029556650245,0.05652173913043478,0.03940886699507389,0.27246376811594203,0.2674173117522871,0.05748792270531401,0.08374384236453201,0.05072463768115942,0.020408163265306124
stuttgart,https://www.stuttgart.de/buergerinnen-und-buerger/chancengleichheit/hilfe-bei-gewalt/gewalt-in-haeuslicher-pflege,2.6045454545454545,220,573,1.0,1,7,0.9640320539474487,0.5,0.4956369982547993,0.07727272727272727,0.04712041884816754,0.2590909090909091,0.23211169284467711,0.07272727272727272,0.1082024432809773,0.08636363636363636,0.04712041884816753
stuttgart,https://www.stuttgart.de/buergerinnen-und-buerger/menschen-mit-behinderung/beratungsangebote-fuer-menschen-mit-behinderung/,0.442495126705653,1539,681,0.0625,64,29,0.955922544002533,0.4951267056530214,0.49632892804698975,0.07992202729044834,0.0631424375917768,0.3651721897335932,0.29955947136563876,0.03183885640025991,0.07782672540381791,0.06042884990253411,0.032305433186490456
stuttgart,https://www.stuttgart.de/buergerinnen-und-buerger/heiraten/eheschliessung,0.20577281191806332,1074,221,0.03225806451612903,31,11,0.9529757499694824,0.5353817504655494,0.416289592760181,0.038175046554934824,0.03167420814479638,0.36312849162011174,0.21719457013574658,0.054003724394785846,0.08597285067873303,0.05027932960893855,0.03619909502262444
stuttgart,https://www.stuttgart.de/organigramm/leistungen/schwerbehinderten-ausweis-beantragen,1.9162679425837321,418,801,0.15789473684210525,19,36,0.820870041847229,0.4784688995215311,0.4631710362047441,0.0430622009569378,0.02122347066167291,0.3014354066985646,0.2721598002496879,0.07894736842105263,0.08239700374531835,0.04066985645933014,0.017478152309612985
stuttgart,https://www.stuttgart.de/service/behoerdennummer-115/,1.5660377358490567,265,415,0.16666666666666666,6,19,0.8131216168403625,0.4226415094339623,0.40481927710843374,0.026415094339622643,0.03132530120481928,0.2528301886792453,0.21927710843373494,0.06792452830188679,0.07228915662650602,0.06037735849056604,0.03132530120481928
stuttgart,https://www.stuttgart.de/buergerinnen-und-buerger/menschen-mit-behinderung/politik-von-menschen-mit-behinderung/,1.47,300,441,0.36363636363636365,11,9,0.978670597076416,0.5,0.4603174603174603,0.07333333333333333,0.03854875283446712,0.33666666666666667,0.27891156462585037,0.05333333333333334,0.06575963718820861,0.06,0.036281179138321996
stuttgart,https://www.stuttgart.de/buergerinnen-und-buerger/senioren/beratung-und-angebote,1.8041237113402062,97,175,1.0,2,8,0.9210999011993408,0.5360824742268041,0.49142857142857144,0.09278350515463918,0.06285714285714286,0.3402061855670103,0.24000000000000002,0.061855670103092786,0.08,0.061855670103092786,0.04
stuttgart,https://www.stuttgart.de/organigramm/leistungen/wohnsitz-anmelden-durch-den-wohnungsgeber-bescheinigung-vom-wohnungsgeber-,0.16907675194660735,3596,608,0.0,39,14,0.8747665882110596,0.478587319243604,0.4457236842105263,0.05672969966629588,0.019736842105263157,0.2675194660734149,0.26973684210526316,0.056451612903225805,0.0805921052631579,0.055895439377085646,0.023026315789473683
stuttgart,https://www.stuttgart.de/leben/gesundheit/vorsorge/impfungen,0.44538407329105,1419,632,0.08571428571428572,35,19,0.9504833817481995,0.49612403100775193,0.4699367088607595,0.06060606060606061,0.03164556962025317,0.2713178294573643,0.25,0.07188160676532769,0.10443037974683544,0.05496828752642706,0.02373417721518987
stuttgart,https://www.stuttgart.de/leben/gesundheit/infektionsschutz/,1.7222222222222223,198,341,0.2,5,11,0.9690213203430176,0.5404040404040404,0.4662756598240469,0.09090909090909091,0.02932551319648094,0.36363636363636365,0.31085043988269795,0.050505050505050504,0.07917888563049853,0.07070707070707072,0.026392961876832845
stuttgart,https://www.stuttgart.de/leben/gesundheit/umweltmedizin/,1.3924050632911393,395,550,0.2,5,19,0.9639977216720581,0.5164556962025316,0.48727272727272725,0.08607594936708861,0.05818181818181818,0.32151898734177214,0.30727272727272725,0.06582278481012659,0.056363636363636366,0.08354430379746836,0.04727272727272727
stuttgart,https://www.stuttgart.de/organigramm/leistungen/ehenamen-bestimmen,0.3995468277945619,1324,529,0.46153846153846156,39,33,0.8005950450897217,0.5151057401812689,0.4820415879017013,0.04078549848942598,0.03969754253308128,0.3512084592145015,0.29111531190926276,0.04984894259818731,0.07183364839319471,0.044561933534743206,0.02457466918714556
stuttgart,https://www.stuttgart.de/leichte-sprache-index,1.0,49,49,1.0,5,5,1.0,0.673469387755102,0.673469387755102,0.12244897959183673,0.12244897959183673,0.4897959183673469,0.4897959183673469,0.02040816326530612,0.02040816326530612,0.10204081632653061,0.10204081632653061
stuttgart,https://www.stuttgart.de/buergerinnen-und-buerger/menschen-mit-behinderung/wege-in-die-arbeit/,0.8038229376257545,2982,2397,0.20754716981132076,53,72,0.8833763599395752,0.48054996646545944,0.4659991656236963,0.06203890006706908,0.04714226115978306,0.2964453386988598,0.29203170629954106,0.07075788061703554,0.0755110554860242,0.06807511737089202,0.04130162703379224
stuttgart,https://www.stuttgart.de/organigramm/leistungen/wohnberechtigungsschein-beantragen,1.185792349726776,549,651,0.11764705882352941,17,31,0.6708805561065674,0.47176684881602915,0.45161290322580644,0.04007285974499089,0.02457757296466974,0.2950819672131148,0.2642089093701997,0.06739526411657559,0.07834101382488479,0.03825136612021858,0.016897081413210446
hamburg,https://www.hamburg.de/politik-und-verwaltung/behoerden/bukea/themen/klima/starkregen-946792,1.6206896551724137,1653,2679,0.175,40,58,0.42932915687561035,0.4676346037507562,0.4501679731243001,0.050816696914700546,0.021649869354236656,0.2552934059286146,0.24300111982082867,0.09739866908650938,0.09630459126539753,0.07259528130671505,0.0335946248600224
hamburg,https://www.hamburg.de/politik-und-verwaltung/behoerden/bjv/themen/verbraucherschutz/kundenschutz/kontakt-beratung-88526,2.49185667752443,307,765,0.25,16,24,0.6687290668487549,0.40716612377850164,0.4222222222222222,0.04560260586319218,0.023529411764705882,0.30618892508143325,0.28366013071895424,0.02280130293159609,0.06535947712418301,0.03908794788273615,0.036601307189542485
hamburg,https://www.hamburg.de/politik-und-verwaltung/behoerden/sozialbehoerde/themen/pflege/beratung/pflegestuetzpunkte/pflegestuetzpunkte-hamburg-85942,1.6430594900849858,353,580,0.4,15,22,0.7992175221443176,0.47875354107648727,0.4379310344827586,0.06232294617563739,0.01896551724137931,0.2776203966005666,0.2827586206896552,0.06515580736543909,0.08103448275862069,0.053824362606232294,0.022413793103448276
hamburg,https://www.hamburg.de/politik-und-verwaltung/behoerden/bwfg/einrichtungen/hamburgisches-krebsregister/informationen-patienten-196606,2.397894736842105,475,1139,0.1111111111111111,9,24,0.6662994027137756,0.5515789473684211,0.46707638279192276,0.06526315789473684,0.029850746268656716,0.3368421052631579,0.27480245829675154,0.06947368421052631,0.09043020193151888,0.056842105263157895,0.023705004389815626
hamburg,https://www.hamburg.de/politik-und-verwaltung/behoerden/sozialbehoerde/themen/behinderung/mobilitaet/behindertenfahrten-43710,1.2845528455284554,615,790,0.029411764705882353,34,24,0.5887386798858643,0.5089430894308943,0.41265822784810124,0.07642276422764227,0.026582278481012658,0.3463414634146342,0.2569620253164557,0.04552845528455285,0.09367088607594937,0.04715447154471545,0.05822784810126583
hamburg,https://www.hamburg.de/politik-und-verwaltung/senat/senat-236762,0.8620689655172413,261,225,0.0,11,13,0.8423062562942505,0.45977011494252873,0.49777777777777776,0.06513409961685823,0.04888888888888889,0.27586206896551724,0.36444444444444446,0.07279693486590039,0.07111111111111111,0.04597701149425287,0.017777777777777778
hamburg,https://www.hamburg.de/politik-und-verwaltung/behoerden/bukea/themen/wasser/grundwasser/wassersparen/wertvoll-unser-trinkwasser-176418,1.0093023255813953,430,434,0.2727272727272727,11,15,0.7735265493392944,0.49767441860465117,0.4815668202764977,0.06511627906976744,0.027649769585253458,0.2255813953488372,0.28110599078341014,0.07441860465116279,0.07373271889400922,0.05116279069767442,0.018433179723502304
hamburg,https://www.hamburg.de/politik-und-verwaltung/bezirke/harburg/themen/gesundheit/kinder-jugend-gesundheitsdienst-64382,0.9916567342073898,839,832,0.0,15,36,0.8887873888015747,0.48152562574493446,0.4483173076923077,0.06793802145411204,0.04326923076923077,0.3039332538736591,0.28125,0.06197854588796186,0.07692307692307693,0.08104886769964242,0.04567307692307693
hamburg,https://www.hamburg.de/politik-und-verwaltung/behoerden/bjv/services/schoeffen-215578,1.1468253968253967,252,289,0.0,3,4,0.5585281252861023,0.40476190476190477,0.4532871972318339,0.031746031746031744,0.03460207612456748,0.24206349206349206,0.2422145328719723,0.07142857142857142,0.10034602076124567,0.06746031746031746,0.03460207612456748
hamburg,https://www.hamburg.de/politik-und-verwaltung/behoerden/bjv/services/justizkasse-215516,2.0,119,238,0.2222222222222222,9,16,0.8105654716491699,0.4789915966386555,0.42436974789915966,0.06722689075630252,0.02100840336134454,0.3277310924369748,0.2815126050420168,0.05042016806722689,0.09663865546218488,0.08403361344537816,0.0546218487394958
hamburg,https://www.hamburg.de/politik-und-verwaltung/behoerden/bukea/themen/klima/duerre-946800,1.8751458576429405,857,1607,0.23076923076923078,26,39,0.7245513200759888,0.4982497082847141,0.4984443061605476,0.051341890315052506,0.03360298693217175,0.24620770128354727,0.27878033602986935,0.10035005834305717,0.09956440572495333,0.06301050175029171,0.031113876789047916
hamburg,https://www.hamburg.de/politik-und-verwaltung/behoerden/bjv/themen/justizvollzug/justizvollzugsanstalten/jva-fuhlsbuettel/informationen-und-kontakt-214904,4.2407407407407405,216,916,0.14285714285714285,7,24,0.6551247835159302,0.4675925925925926,0.39192139737991266,0.032407407407407406,0.014192139737991267,0.2962962962962963,0.23580786026200873,0.06018518518518518,0.08406113537117904,0.027777777777777776,0.03056768558951965
hamburg,https://www.hamburg.de/tourismus/sehenswuerdigkeiten/landungsbruecken-artikel-298738,0.6998223801065719,563,394,0.12195121951219512,41,28,0.743825376033783,0.47424511545293074,0.434010152284264,0.0674955595026643,0.017766497461928935,0.27886323268206037,0.2817258883248731,0.06927175843694494,0.07360406091370558,0.047957371225577264,0.03299492385786802
hamburg,https://www.hamburg.de/politik-und-verwaltung/bezirke/mitte/themen/gesundheit/pflegestuetzpunkt-67526,1.528688524590164,244,373,0.4166666666666667,12,17,0.6640006899833679,0.4672131147540984,0.4262734584450402,0.05327868852459016,0.00804289544235925,0.29098360655737704,0.2761394101876675,0.06967213114754098,0.08310991957104558,0.05737704918032787,0.02680965147453083
hamburg,https://www.hamburg.de/politik-und-verwaltung/behoerden/sozialbehoerde/themen/gesundheit/arztruf-hamburg-32384,3.5354330708661417,127,449,0.2,5,11,0.8476256132125854,0.5118110236220472,0.40311804008908686,0.09448818897637795,0.035634743875278395,0.28346456692913385,0.22271714922049,0.07086614173228346,0.0957683741648107,0.023622047244094488,0.04008908685968819
hamburg,https://www.hamburg.de/freizeit/ausfluege/in-hamburg/ausfluege-in-hamburg-368184,0.44677871148459386,1428,638,0.02531645569620253,79,36,0.3298560380935669,0.4796918767507003,0.45454545454545453,0.06442577030812324,0.03134796238244514,0.2822128851540616,0.25235109717868337,0.06092436974789916,0.09404388714733543,0.0469187675070028,0.018808777429467082
hamburg,https://www.hamburg.de/politik-und-verwaltung/bezirke/mitte/themen/gesundheit/behinderung/beratungsstelle-fuer-koerperbehinderte-67506,2.5526315789473686,228,582,0.2,5,25,0.8073227405548096,0.4692982456140351,0.4415807560137457,0.06140350877192982,0.027491408934707903,0.3201754385964912,0.27319587628865977,0.04824561403508772,0.08762886597938144,0.06578947368421052,0.044673539518900345
hamburg,https://www.hamburg.de/politik-und-verwaltung/bezirke/harburg/themen/soziales/integration/harburger-integrationskonzept-64842,1.1181102362204725,254,284,0.5,12,16,0.5388941764831543,0.5,0.4612676056338028,0.07086614173228346,0.03873239436619718,0.32677165354330706,0.27112676056338025,0.05905511811023622,0.09859154929577464,0.03543307086614173,0.017605633802816902
hamburg,https://www.hamburg.de/politik-und-verwaltung/bezirke/harburg/themen/soziales/integration/harburger-integrationsrat-64780,0.8911290322580645,248,221,0.2,10,11,0.7084707021713257,0.4637096774193548,0.46153846153846156,0.04838709677419355,0.02262443438914027,0.2943548387096774,0.28959276018099545,0.08870967741935484,0.1085972850678733,0.06854838709677419,0.04524886877828054
hamburg,https://www.hamburg.de/politik-und-verwaltung/behoerden/bukea/themen/luft-laerm-elektromagnetische-felder/nachbarschaft-164004,0.8734622144112478,1138,994,0.08333333333333333,12,13,0.813949465751648,0.45869947275922673,0.43762575452716296,0.05799648506151142,0.02414486921529175,0.2618629173989455,0.23440643863179075,0.06766256590509666,0.09054325955734406,0.0641476274165202,0.0482897384305835
hamburg,https://www.hamburg.de/politik-und-verwaltung/behoerden/behoerde-fuer-inneres-und-sport/themen/katastrophenschutz/sturmflut-massnahmen-93280,1.3097199341021417,607,795,0.11428571428571428,35,21,0.4755629897117615,0.47611202635914335,0.42138364779874216,0.042833607907743,0.028930817610062894,0.3393739703459637,0.24150943396226415,0.057660626029654036,0.10566037735849057,0.054365733113673806,0.03773584905660377
hamburg,https://www.hamburg.de/politik-und-verwaltung/behoerden/behoerde-fuer-stadtentwicklung-und-wohnen/themen/wohnen/wohnraumschutz/hmbwoschg-190974,1.7621951219512195,164,289,0.2,5,7,0.771779477596283,0.4573170731707317,0.39792387543252594,0.06097560975609756,0.010380622837370242,0.25609756097560976,0.23875432525951557,0.07317073170731707,0.10726643598615918,0.06707317073170732,0.02768166089965398
hamburg,https://www.hamburg.de/politik-und-verwaltung/behoerden/sozialbehoerde/themen/behinderung/schlichtungsstelle-behinderung/infos-zum-gesetz-43316,1.8203125,128,233,0.0,4,9,0.7845879197120667,0.515625,0.463519313304721,0.0859375,0.04291845493562232,0.34375,0.3090128755364807,0.0625,0.055793991416309016,0.0859375,0.06866952789699571
hamburg,https://www.hamburg.de/politik-und-verwaltung/behoerden/behoerde-fuer-inneres-und-sport/themen/katastrophenschutz/sturmflut-fragen-und-anworten-94034,0.338879645036051,1803,611,0.058823529411764705,51,16,0.5037468075752258,0.468663338879645,0.4582651391162029,0.056572379367720464,0.03764320785597381,0.2778702163061564,0.2569558101472995,0.06156405990016639,0.054009819967266774,0.03716028840820854,0.027823240589198037
hamburg,https://www.hamburg.de/politik-und-verwaltung/behoerden/sozialbehoerde/themen/behinderung/schlichtungsstelle-behinderung/start-43312,1.7318718381112985,593,1027,0.46153846153846156,13,13,0.7604330778121948,0.40472175379426645,0.41382667964946446,0.045531197301854974,0.021421616358325218,0.22934232715008432,0.22882181110029212,0.07251264755480608,0.08763388510223953,0.04721753794266442,0.04089581304771178
hamburg,https://www.hamburg.de/politik-und-verwaltung/behoerden/bjv/themen/justizvollzug/justizvollzugsanstalten/jva-billwerder/informationen-und-kontakt-214876,7.6923076923076925,169,1300,0.1,10,32,0.349319189786911,0.47337278106508873,0.38769230769230767,0.08284023668639054,0.011538461538461539,0.3254437869822485,0.23307692307692307,0.029585798816568046,0.08615384615384615,0.029585798816568046,0.03307692307692307
hamburg,https://www.hamburg.de/politik-und-verwaltung/bezirke/harburg/themen/freizeit-kultur/sport/sport-64348,1.3653250773993808,323,441,0.0,8,26,0.8054219484329224,0.4582043343653251,0.48299319727891155,0.04024767801857585,0.015873015873015872,0.28792569659442724,0.3242630385487528,0.05263157894736842,0.09523809523809523,0.06811145510835913,0.03401360544217687
hamburg,https://www.hamburg.de/politik-und-verwaltung/behoerden/bjv/themen/verbraucherschutz/lebensmittel/lebensmittelverschwendung-88828,1.1584362139917694,486,563,0.1,20,13,0.8155019879341125,0.5164609053497943,0.42984014209591476,0.06995884773662552,0.014209591474245116,0.3395061728395062,0.20959147424511546,0.03909465020576132,0.10301953818827708,0.043209876543209874,0.028419182948490232
hamburg,https://www.hamburg.de/politik-und-verwaltung/behoerden/sozialbehoerde/themen/pflege/demenz/allgemeine-informationen-86144,0.2767895878524946,2305,638,0.0,16,11,0.5673953294754028,0.49718004338394794,0.4843260188087774,0.0824295010845987,0.034482758620689655,0.27462039045553144,0.24608150470219436,0.06594360086767896,0.1238244514106583,0.06117136659436009,0.034482758620689655
hamburg,https://www.hamburg.de/politik-und-verwaltung/behoerden/finanzbehoerde/faq-207490,0.0429827417779225,3071,132,0.0,38,5,0.545227587223053,0.4493650276782807,0.4015151515151515,0.06447411266688376,0.03787878787878788,0.2546401823510257,0.21212121212121213,0.07652230543796809,0.10606060606060606,0.04493650276782807,0.007575757575757576
hamburg,https://www.hamburg.de/politik-und-verwaltung/behoerden/bukea/themen/klima/hochwasser-946796,1.9756457564575647,1355,2677,0.16279069767441862,43,78,0.669392466545105,0.4826568265682657,0.4732909973851326,0.057564575645756455,0.040717220769518114,0.26420664206642064,0.27381397086290626,0.0988929889298893,0.08516996638027644,0.06863468634686347,0.028389988793425476
hamburg,https://www.hamburg.de/politik-und-verwaltung/bezirke/wandsbek/ihr-bezirksamt/barrierefrei-75148,1.2829457364341086,258,331,0.36363636363636365,11,12,0.6035641431808472,0.4573643410852713,0.44410876132930516,0.031007751937984496,0.02416918429003021,0.2868217054263566,0.2870090634441088,0.06201550387596899,0.0755287009063444,0.031007751937984496,0.012084592145015106
hamburg,https://www.hamburg.de/politik-und-verwaltung/behoerden/bukea/park-knigge-282402,0.6750629722921915,397,268,0.0,6,7,0.7470155954360962,0.47103274559193953,0.45149253731343286,0.030226700251889168,0.014925373134328358,0.181360201511335,0.2126865671641791,0.10579345088161209,0.12313432835820895,0.0654911838790932,0.029850746268656712
hamburg,https://www.hamburg.de/politik-und-verwaltung/behoerden/bukea/naturschutz-knigge-282398,0.6407407407407407,270,173,0.0,1,5,0.7043849229812622,0.48148148148148145,0.3930635838150289,0.03333333333333333,0.023121387283236993,0.2,0.23121387283236994,0.1,0.11560693641618497,0.05925925925925926,0.04046242774566474
hamburg,https://www.hamburg.de/politik-und-verwaltung/bezirke/bergedorf/themen/gesundheit/schulzahnarzt-56606,1.0901960784313725,255,278,0.07142857142857142,14,11,0.683912456035614,0.5294117647058824,0.42805755395683454,0.07058823529411765,0.0539568345323741,0.36078431372549025,0.2697841726618705,0.054901960784313725,0.06115107913669065,0.047058823529411764,0.02877697841726619
hamburg,https://www.hamburg.de/tourismus/sehenswuerdigkeiten/michel-hamburg-306340,0.836241610738255,1490,1246,0.2,70,52,0.3106518089771271,0.46241610738255035,0.4478330658105939,0.06174496644295302,0.024879614767255216,0.2818791946308725,0.26725521669341895,0.06442953020134229,0.07062600321027288,0.03758389261744967,0.018459069020866775
hamburg,https://www.hamburg.de/politik-und-verwaltung/bezirke/wandsbek/themen/soziales/pflegestuetzpunkt-77634,1.5110132158590308,227,343,0.3333333333333333,6,12,0.6133342385292053,0.4845814977973568,0.4518950437317784,0.039647577092511016,0.029154518950437316,0.3039647577092511,0.29154518950437314,0.06607929515418502,0.09037900874635568,0.048458149779735685,0.029154518950437316
hamburg,https://www.hamburg.de/politik-und-verwaltung/behoerden/bjv/themen/justizvollzug/resozialisierung-214978,1.0088202866593163,907,915,0.0,23,16,0.7770713567733765,0.48511576626240355,0.492896174863388,0.05622932745314223,0.03169398907103825,0.29437706725468576,0.2808743169398907,0.0804851157662624,0.09726775956284153,0.057331863285556776,0.028415300546448086
hamburg,https://www.hamburg.de/politik-und-verwaltung/behoerden/sozialbehoerde/themen/gesundheit/gesundheitsfoerderung/schwangerschaftskonfliktberatung/schwangerschaftskonflikte-34970,1.3823529411764706,816,1128,0.0,4,10,0.46171998977661133,0.42401960784313725,0.38652482269503546,0.05024509803921569,0.01950354609929078,0.1924019607843137,0.18971631205673758,0.08333333333333333,0.10904255319148937,0.07230392156862744,0.050531914893617025
hamburg,https://www.hamburg.de/politik-und-verwaltung/behoerden/sozialbehoerde/themen/behinderung/anerkennung/schwerbehindertenausweis/schwerbehindertenausweis-22870,0.4483333333333333,1800,807,0.20588235294117646,34,33,0.5878706574440002,0.4572222222222222,0.4312267657992565,0.06666666666666667,0.026022304832713755,0.2411111111111111,0.2664188351920694,0.06388888888888888,0.08921933085501858,0.04,0.035935563816604704
hamburg,https://www.hamburg.de/politik-und-verwaltung/behoerden/bukea/themen/klima/hitze-946798,1.7413394919168592,1299,2262,0.2222222222222222,18,57,0.7528418898582458,0.5042340261739799,0.49292661361626877,0.07082371054657428,0.044650751547303275,0.25558121632024633,0.27276746242263483,0.10238645111624327,0.09416445623342175,0.07082371054657428,0.028735632183908046
hamburg,https://www.hamburg.de/politik-und-verwaltung/behoerden/sozialbehoerde/themen/gesundheit/gesundheitsfoerderung/kindergesundheit/guter-start-33646,1.0845771144278606,201,218,0.5,4,5,0.7418804168701172,0.47761194029850745,0.44495412844036697,0.07462686567164178,0.01834862385321101,0.2338308457711443,0.26605504587155965,0.0845771144278607,0.09174311926605505,0.05970149253731343,0.05504587155963303
hamburg,https://www.hamburg.de/politik-und-verwaltung/behoerden/bukea/wasser-knigge-282406,0.8430335097001763,567,478,0.0625,16,21,0.7643297910690308,0.47795414462081126,0.4246861924686193,0.03880070546737213,0.010460251046025104,0.20811287477954143,0.22594142259414227,0.10052910052910052,0.100418410041841,0.059964726631393295,0.03556485355648535
hamburg,https://www.hamburg.de/politik-und-verwaltung/behoerden/bukea/themen/abfall-entsorgung/siedlungsabfaelle/altmedikamente-159982,2.7032640949554896,337,911,0.07692307692307693,13,22,0.5282332897186279,0.5014836795252225,0.43798024149286496,0.06824925816023739,0.026344676180021953,0.2729970326409496,0.23161361141602635,0.08011869436201781,0.09440175631174534,0.044510385756676554,0.015367727771679473
hamburg,https://www.hamburg.de/politik-und-verwaltung/behoerden/sozialbehoerde/themen/gesundheit/gesundheitsfoerderung/nichtrauchen/schluss-mit-dem-rauchen-33740,0.7286135693215339,678,494,0.13636363636363635,22,20,0.8510117530822754,0.4837758112094395,0.4331983805668016,0.084070796460177,0.03643724696356275,0.2817109144542773,0.26113360323886636,0.06342182890855458,0.08502024291497975,0.05752212389380531,0.03643724696356275
hamburg,https://www.hamburg.de/politik-und-verwaltung/behoerden/sozialbehoerde/themen/behinderung/schlichtungsstelle-behinderung/details-zum-verfahren-43314,2.004878048780488,205,411,0.0,3,4,0.4215014576911926,0.4292682926829268,0.43552311435523117,0.04390243902439024,0.012165450121654502,0.2048780487804878,0.23357664233576642,0.1073170731707317,0.09245742092457421,0.04878048780487805,0.046228710462287104
hamburg,https://www.hamburg.de/politik-und-verwaltung/behoerden/bsfb/themen/ganztag/ferienbetreuung-141126,1.4759615384615385,208,307,0.0,2,7,0.6692149639129639,0.4519230769230769,0.4364820846905538,0.052884615384615384,0.009771986970684038,0.23557692307692307,0.24429967426710097,0.08173076923076923,0.11074918566775244,0.038461538461538464,0.03257328990228013
hamburg,https://www.hamburg.de/politik-und-verwaltung/behoerden/bsfb/familie/kinderbetreuung/krankheitssymptome-35072,1.7107438016528926,363,621,0.16666666666666666,6,12,0.7923129796981812,0.46005509641873277,0.4750402576489533,0.06887052341597796,0.04508856682769726,0.25619834710743805,0.2528180354267311,0.05785123966942149,0.08051529790660225,0.05509641873278237,0.03542673107890499
hamburg,https://www.hamburg.de/politik-und-verwaltung/behoerden/sozialbehoerde/themen/gesundheit/impfen/impfkampagne-hamburg-34426,1.1666666666666667,528,616,0.13333333333333333,15,26,0.7789821624755859,0.4810606060606061,0.4772727272727273,0.056818181818181816,0.037337662337662336,0.2878787878787879,0.26623376623376627,0.06818181818181818,0.0762987012987013,0.03787878787878787,0.01948051948051948
hamburg,https://www.hamburg.de/politik-und-verwaltung/senat/rathaus-hamburg/rathausfuehrungen-237546,0.4996041171813143,1263,631,0.03225806451612903,31,13,0.4329414367675781,0.42755344418052255,0.40729001584786056,0.0665083135391924,0.03486529318541997,0.28741092636579574,0.2551505546751189,0.027711797307996833,0.058637083993660855,0.025336500395882817,0.022187004754358162
hamburg,https://www.hamburg.de/politik-und-verwaltung/bezirke/harburg/themen/familie-jugend-senior-innen/kinderschutz-64022,0.8538283062645011,431,368,0.15384615384615385,13,14,0.6560903787612915,0.4965197215777262,0.41032608695652173,0.06728538283062645,0.019021739130434784,0.30394431554524365,0.2554347826086957,0.058004640371229696,0.10597826086956522,0.04640371229698376,0.04076086956521739
hamburg,https://www.hamburg.de/politik-und-verwaltung/senat/buergermeister-236760,1.236,250,309,0.3333333333333333,6,23,0.7128173112869263,0.488,0.49514563106796117,0.096,0.05825242718446602,0.252,0.3656957928802589,0.1,0.061488673139158574,0.064,0.012944983818770227
hamburg,https://www.hamburg.de/politik-und-verwaltung/behoerden/finanzbehoerde/themen/grundsteuer/fragen-und-antworten-zur-neuen-grundsteuer-969932,0.5157860824742269,3104,1601,0.06451612903225806,62,64,0.5791300535202026,0.4375,0.462211118051218,0.061855670103092786,0.03310430980637102,0.26288659793814434,0.2954403497813866,0.061855670103092786,0.07995003123048094,0.04155927835051546,0.021861336664584632
hamburg,https://www.hamburg.de/politik-und-verwaltung/behoerden/bvm/die-themen-der-behoerde/fussverkehr/fussgaengerleitsystem-414328,1.12890625,256,289,0.1111111111111111,18,11,0.7541879415512085,0.5,0.4809688581314879,0.07421875,0.05190311418685121,0.26953125,0.25951557093425603,0.0703125,0.08996539792387544,0.08984375,0.024221453287197235
hamburg,https://www.hamburg.de/politik-und-verwaltung/behoerden/sozialbehoerde/themen/behinderung/mobilitaet/behindertenparkplaetze-31264,1.595890410958904,146,233,0.3333333333333333,3,17,0.795606791973114,0.5136986301369864,0.463519313304721,0.08904109589041095,0.030042918454935622,0.3150684931506849,0.2789699570815451,0.07534246575342465,0.09012875536480687,0.02054794520547945,0.030042918454935622
hamburg,https://www.hamburg.de/politik-und-verwaltung/behoerden/bukea/themen/energie/beratung-und-foerderung/stromspar-check-158188,0.5862831858407079,452,265,0.14285714285714285,14,15,0.52250736951828,0.47123893805309736,0.4339622641509434,0.05752212389380531,0.026415094339622643,0.2699115044247788,0.2641509433962264,0.06858407079646017,0.09056603773584905,0.061946902654867256,0.026415094339622643
hamburg,https://www.hamburg.de/politik-und-verwaltung/behoerden/finanzbehoerde/themen/bezirke-und-bezirksverwaltung/startseite-bezirke-85604,0.5205479452054794,219,114,0.06666666666666667,15,9,0.7463017702102661,0.45662100456621,0.4824561403508772,0.0365296803652968,0.03508771929824561,0.3059360730593607,0.3421052631578947,0.0776255707762557,0.07894736842105263,0.0639269406392694,0.02631578947368421
koeln,https://web.archive.org/web/20220401090142/https://www.stadt-koeln.de/service/produkt/unterhaltsvorschuss-1,1.6980645161290322,775,1316,0.07142857142857142,14,34,0.7012012004852295,0.4309677419354839,0.4004559270516717,0.04903225806451613,0.011398176291793313,0.2503225806451613,0.22872340425531915,0.08129032258064516,0.1094224924012158,0.04387096774193548,0.04027355623100304
koeln,https://web.archive.org/web/20220907093626/https://www.stadt-koeln.de/service/produkt/widerspruchsrecht-gegen-weitergabe-von-meldedaten,2.0826446280991737,363,756,0.2222222222222222,9,23,0.7644469738006592,0.42424242424242425,0.38756613756613756,0.049586776859504134,0.027777777777777776,0.27823691460055094,0.2261904761904762,0.05234159779614325,0.0873015873015873,0.05785123966942149,0.04365079365079365
koeln,https://web.archive.org/web/20220305180227/https://www.stadt-koeln.de/service/produkt/fuehrerschein-wiedererteilung-der-fahrerlaubnis,1.7635746606334841,884,1559,0.07692307692307693,26,64,0.5323737263679504,0.4298642533936652,0.40667094291212313,0.053167420814479636,0.01667735728030789,0.25,0.2328415651058371,0.0757918552036199,0.09236690186016677,0.04411764705882353,0.04874919820397691
koeln,https://web.archive.org/web/20220305053556/https://www.stadt-koeln.de/service/produkt/wiederannahme-des-geburtsnamens,1.7442528735632183,348,607,0.2,10,23,0.85573410987854,0.4224137931034483,0.41680395387149916,0.03735632183908046,0.03130148270181219,0.23275862068965517,0.20757825370675453,0.10057471264367816,0.11037891268533773,0.06896551724137931,0.051070840197693576
koeln,https://web.archive.org/web/20220301233608/https://www.stadt-koeln.de/service/produkt/fischerpruefung,2.946296296296296,540,1591,0.4444444444444444,9,53,0.6515969038009644,0.45740740740740743,0.41043368950345693,0.06851851851851852,0.026398491514770583,0.24259259259259258,0.22061596480201132,0.07962962962962963,0.09428032683846638,0.05555555555555555,0.047768698931489634
koeln,https://web.archive.org/web/20201203194412/https://www.stadt-koeln.de/service/produkt/beratung-vor-anmeldung-einer-eheschliessung-bei-auslaendischer-staatsangehoerigkeit,2.592334494773519,287,744,0.0,4,27,0.7510718107223511,0.40069686411149824,0.3870967741935484,0.04529616724738676,0.01747311827956989,0.20905923344947736,0.22043010752688172,0.06620209059233449,0.08870967741935484,0.05574912891986063,0.033602150537634407
koeln,https://web.archive.org/web/20220401090906/https://www.stadt-koeln.de/service/produkt/ausbildungsfoerderung-fuer-schuelerinnen-und-schueler,2.4315068493150687,438,1065,0.18181818181818182,11,37,0.7335813641548157,0.4748858447488584,0.4225352112676056,0.0776255707762557,0.023474178403755867,0.2968036529680365,0.24694835680751173,0.0593607305936073,0.09483568075117371,0.04794520547945205,0.036619718309859155
koeln,https://web.archive.org/web/20220305053545/https://www.stadt-koeln.de/service/produkt/sachkundenachweis-fuer-hundehalterinnen-und-halter,1.1218424962852898,673,755,0.0,20,31,0.7325979471206665,0.4635958395245171,0.42251655629139073,0.05943536404160475,0.03443708609271523,0.2823179791976226,0.2582781456953642,0.06240713224368499,0.08741721854304636,0.06686478454680535,0.04503311258278146
koeln,https://web.archive.org/web/20220305053605/https://www.stadt-koeln.de/service/produkt/kinderreisepass,1.4160873882820257,1007,1426,0.16666666666666666,30,30,0.775475263595581,0.4548162859980139,0.4109396914446003,0.05263157894736842,0.03155680224403927,0.25620655412115195,0.21739130434782608,0.0814299900695134,0.10729312762973352,0.055610724925521354,0.0455820476858345
koeln,https://web.archive.org/web/20220305053552/https://www.stadt-koeln.de/service/produkt/aenderung-nebenwohnsitz-hauptwohnsitz,2.2829457364341086,258,589,0.125,8,18,0.3064361810684204,0.49612403100775193,0.3701188455008489,0.046511627906976744,0.010186757215619695,0.2868217054263566,0.2071307300509338,0.07751937984496124,0.1035653650254669,0.05426356589147287,0.035653650254668934
koeln,https://web.archive.org/web/20220529191846/https://www.stadt-koeln.de/service/produkt/zulassung-eines-neufahrzeuges,2.657762938230384,599,1592,0.14285714285714285,14,37,0.6932655572891235,0.4524207011686144,0.4064070351758794,0.04006677796327212,0.015703517587939697,0.27879799666110183,0.2198492462311558,0.0667779632721202,0.09547738693467336,0.05676126878130217,0.04648241206030151
koeln,https://web.archive.org/web/20220305053632/https://www.stadt-koeln.de/service/produkt/beratungstelefon-fuer-senioren-und-menschen-mit-behinderung-1,4.56989247311828,93,425,0.0,2,16,0.8073859810829163,0.5268817204301075,0.46588235294117647,0.03225806451612903,0.03294117647058824,0.3763440860215054,0.2376470588235294,0.06451612903225806,0.10823529411764705,0.043010752688172046,0.018823529411764704
koeln,https://web.archive.org/web/20220529192412/https://www.stadt-koeln.de/service/produkt/aenderung-des-vor-oder-familiennamens,1.0682926829268293,615,657,0.26666666666666666,15,25,0.5547839999198914,0.4666666666666667,0.3972602739726027,0.07642276422764227,0.0182648401826484,0.2747967479674797,0.2176560121765601,0.06991869918699187,0.106544901065449,0.06991869918699187,0.0563165905631659
koeln,https://web.archive.org/web/20220529192825/https://www.stadt-koeln.de/service/produkte/wohngeld,0.6086508753861998,1942,1182,0.17073170731707318,41,41,0.6800683736801147,0.46189495365602473,0.42470389170896783,0.04325437693099897,0.021996615905245348,0.26982492276004116,0.22927241962774958,0.07415036045314109,0.10829103214890017,0.05149330587023687,0.04737732656514382
koeln,https://web.archive.org/web/20220529191746/https://www.stadt-koeln.de/service/produkt/kurzzeitkennzeichen-1,1.5702875399361023,626,983,0.16666666666666666,12,32,0.5876704454421997,0.4536741214057508,0.392675483214649,0.03514376996805112,0.021363173957273652,0.29073482428115016,0.21770091556459817,0.05910543130990415,0.09562563580874874,0.05910543130990415,0.05188199389623602
koeln,https://web.archive.org/web/20220529192915/https://www.stadt-koeln.de/leben-in-koeln/soziales/wohnsitz-abmelden,1.0,775,775,1.0,29,29,1.0,0.3716129032258065,0.3716129032258065,0.024516129032258065,0.024516129032258065,0.2,0.2,0.09290322580645162,0.09290322580645162,0.04387096774193548,0.04387096774193548
koeln,https://web.archive.org/web/20180529035217/http://www.stadt-koeln.de/service/produkt/verlust-von-ausweispapieren-1,1.9854227405247813,686,1362,0.25,16,42,0.7935477495193481,0.44169096209912534,0.39500734214390604,0.048104956268221574,0.020558002936857563,0.25510204081632654,0.21659324522760645,0.07434402332361516,0.0947136563876652,0.04518950437317784,0.04552129221732746
koeln,https://web.archive.org/web/20220305145310/https://www.stadt-koeln.de/politik-und-verwaltung/wahlen/kommunal,2.2028985507246377,138,304,0.2857142857142857,7,21,0.5581536293029785,0.5434782608695652,0.47039473684210525,0.07246376811594203,0.03289473684210526,0.40579710144927533,0.2993421052631579,0.036231884057971016,0.08223684210526316,0.028985507246376812,0.03289473684210526
koeln,https://web.archive.org/web/20220307225225/https://www.stadt-koeln.de/politik-und-verwaltung/mitwirkung/systematische-oeffentlichkeitsbeteiligung/ueberblick,1.5612648221343874,506,790,0.3333333333333333,12,27,0.673197329044342,0.4683794466403162,0.4291139240506329,0.05731225296442688,0.013924050632911392,0.2885375494071146,0.24936708860759493,0.06719367588932806,0.10632911392405063,0.04743083003952569,0.03417721518987342
koeln,https://web.archive.org/web/20220401090431/https://www.stadt-koeln.de/service/produkt/tagespflege-fuer-ihr-kind-2,2.1374321880650995,553,1182,0.1111111111111111,9,31,0.6532983779907227,0.4448462929475588,0.41539763113367173,0.04701627486437613,0.021150592216582064,0.28571428571428575,0.24027072758037227,0.06871609403254973,0.09475465313028765,0.048824593128390596,0.043147208121827416
koeln,https://web.archive.org/web/20220305053553/https://www.stadt-koeln.de/service/produkt/selbsthilfegruppen-im-sozialen-bereich-foerderung,2.0129310344827585,232,467,0.5454545454545454,11,22,0.7721280455589294,0.5043103448275862,0.46466809421841543,0.0603448275862069,0.034261241970021415,0.34913793103448276,0.297644539614561,0.07327586206896551,0.09421841541755889,0.06896551724137931,0.029978586723768734
koeln,https://web.archive.org/web/20220207095147/https://www.stadt-koeln.de/service/produkte/wohnungsberatung,5.366279069767442,172,923,0.5,6,34,0.5262867212295532,0.5058139534883721,0.4322860238353196,0.06395348837209303,0.03358613217768147,0.29069767441860467,0.2145178764897075,0.08139534883720931,0.10292524377031419,0.029069767441860465,0.04008667388949079
koeln,https://web.archive.org/web/20220529191208/https://www.stadt-koeln.de/service/produkt/elternbeitraege-der-kindertageseinrichtungen,2.4023668639053253,507,1218,0.14285714285714285,14,36,0.6186075210571289,0.44970414201183434,0.4318555008210181,0.0670611439842209,0.028735632183908046,0.2583826429980276,0.235632183908046,0.0650887573964497,0.09688013136288999,0.03353057199211045,0.034482758620689655
koeln,https://web.archive.org/web/20220529192233/https://www.stadt-koeln.de/service/produkt/personalausweis-vorlaeufig,1.0868320610687023,1048,1139,0.11538461538461539,26,28,0.6393654942512512,0.44083969465648853,0.4135206321334504,0.060114503816793896,0.04741000877963126,0.23091603053435114,0.19490781387181738,0.08587786259541985,0.10272168568920105,0.047709923664122134,0.050921861281826165
koeln,https://web.archive.org/web/20230203003312/https://www.stadt-koeln.de/service/produkt/beurkundung-von-geburten-1,0.9383647798742139,795,746,0.15384615384615385,13,23,0.8063631057739258,0.4591194968553459,0.42091152815013405,0.05660377358490566,0.03351206434316354,0.27672955974842767,0.2319034852546917,0.06289308176100629,0.09919571045576407,0.05031446540880503,0.054959785522788206
koeln,https://web.archive.org/web/20191119233009/https://www.stadt-koeln.de/service/produkt/ummeldung-ihres-wohnsitzes,1.5629032258064517,620,969,0.05,40,42,0.27362680435180664,0.41935483870967744,0.4200206398348813,0.03064516129032258,0.02476780185758514,0.27741935483870966,0.2435500515995872,0.07096774193548387,0.09494324045407637,0.05161290322580645,0.04540763673890609
koeln,https://web.archive.org/web/20220305135009/https://www.stadt-koeln.de/service/produkt/einbuergerung-den-deutschen-staatsverband-1,1.4560509554140126,785,1143,0.2692307692307692,26,43,0.7372169494628906,0.44331210191082804,0.4094488188976378,0.05987261146496815,0.03762029746281715,0.2522292993630573,0.22922134733158356,0.08662420382165605,0.09098862642169729,0.05859872611464968,0.046369203849518814
koeln,https://web.archive.org/web/20180610174347/http://www.stadt-koeln.de/service/produkt/beglaubigungen-1,1.7182835820895523,536,921,0.2857142857142857,7,31,0.5655162334442139,0.44776119402985076,0.42779587404994573,0.06343283582089553,0.035830618892508145,0.2611940298507463,0.249728555917481,0.07649253731343283,0.09229098805646037,0.061567164179104475,0.04668838219326819
koeln,https://web.archive.org/web/20220529191301/https://www.stadt-koeln.de/service/produkt/elternbeitraege-fuer-die-kindertagespflege,2.018633540372671,483,975,0.125,8,28,0.5429993271827698,0.4492753623188406,0.42256410256410254,0.06832298136645963,0.028717948717948718,0.2505175983436853,0.22564102564102564,0.07246376811594203,0.09846153846153846,0.022774327122153208,0.031794871794871796
koeln,https://web.archive.org/web/20220529193005/https://www.stadt-koeln.de/service/produkt/anmeldung-ihres-wohnsitzes,1.4297520661157024,847,1211,0.13333333333333333,15,33,0.6580203771591187,0.4155844155844156,0.3914120561519405,0.03896103896103896,0.02559867877786953,0.24321133412042503,0.20809248554913293,0.07910271546635184,0.0990916597853014,0.05785123966942149,0.042939719240297276
koeln,https://web.archive.org/web/20220529190745/https://www.stadt-koeln.de/leben-in-koeln/soziales/behinderung/merkzeichen-im-schwerbehindertenausweis,0.9096573208722741,963,876,0.13636363636363635,22,37,0.6445463299751282,0.45794392523364486,0.4520547945205479,0.059190031152647975,0.0365296803652968,0.26791277258566976,0.24429223744292236,0.07165109034267912,0.10730593607305935,0.041536863966770504,0.05365296803652968
koeln,https://web.archive.org/web/20220529191112/https://www.stadt-koeln.de/service/produkt/bestellung-einer-eheurkunde,1.8390151515151516,528,971,0.16666666666666666,6,29,0.8029451370239258,0.4602272727272727,0.388259526261586,0.03598484848484849,0.02059732234809475,0.28219696969696967,0.20288362512873329,0.08333333333333333,0.11122554067971163,0.0625,0.044284243048403706
koeln,https://web.archive.org/web/20220529192550/https://www.stadt-koeln.de/service/produkt/bestellung-von-sterbeurkunden-1,2.160891089108911,404,873,0.0,6,22,0.6403499841690063,0.4603960396039604,0.37915234822451316,0.034653465346534656,0.019473081328751432,0.2722772277227723,0.21191294387170675,0.0891089108910891,0.10652920962199312,0.04702970297029703,0.044673539518900345
koeln,https://web.archive.org/web/20220305134741/https://www.stadt-koeln.de/service/produkt/bescheinigung-belehrung-frueher-gesundheitszeugnis,0.8153846153846154,1170,954,0.08333333333333333,24,24,0.51195228099823,0.45897435897435895,0.3951781970649895,0.03418803418803419,0.013626834381551363,0.28461538461538466,0.2190775681341719,0.07435897435897436,0.09853249475890985,0.03504273504273504,0.05345911949685535
koeln,https://web.archive.org/web/20220305233530/https://www.stadt-koeln.de/service/produkt/seniorenberatung,1.4114583333333333,192,271,0.0,7,9,0.7395858764648438,0.5260416666666666,0.42066420664206644,0.06770833333333333,0.033210332103321034,0.32291666666666663,0.2177121771217712,0.052083333333333336,0.08856088560885608,0.06770833333333333,0.033210332103321034
koeln,https://web.archive.org/web/20220714221030/https://www.stadt-koeln.de/service/produkt/anmeldung-eines-hundes-1,1.3798319327731092,595,821,0.0,13,27,0.9032959342002869,0.4436974789915966,0.40194884287454324,0.058823529411764705,0.0194884287454324,0.26722689075630257,0.22289890377588306,0.07226890756302522,0.09500609013398295,0.05546218487394958,0.04506699147381242
koeln,https://web.archive.org/web/20220529190654/https://www.stadt-koeln.de/leben-in-koeln/soziales/behinderung/grad-der-behinderung,1.0212014134275618,283,289,0.0,5,12,0.7717841267585754,0.38869257950530034,0.46366782006920415,0.028268551236749116,0.04844290657439446,0.20141342756183744,0.25259515570934254,0.07773851590106007,0.07612456747404844,0.04946996466431095,0.03460207612456748
koeln,https://web.archive.org/web/20220305234955/https://www.stadt-koeln.de/service/produkt/trinkwasser,1.6531440162271804,493,815,0.2857142857142857,21,31,0.8681013584136963,0.460446247464503,0.4294478527607362,0.05476673427991886,0.025766871165644172,0.28600405679513186,0.25398773006134967,0.07302231237322515,0.0736196319018405,0.04259634888438134,0.033128834355828224
koeln,https://web.archive.org/web/20220305113104/https://www.stadt-koeln.de/leben-in-koeln/soziales/gesetzliche-betreuung,0.8493506493506493,770,654,0.6153846153846154,13,18,0.8359975814819336,0.461038961038961,0.42507645259938837,0.06363636363636363,0.0382262996941896,0.2584415584415584,0.26452599388379205,0.07532467532467532,0.0779816513761468,0.05584415584415585,0.04434250764525994
main_taunus,https://web.archive.org/web/20210225194538/https://www.lebenshilfe-main-taunus.de/reisen.html,2.4390243902439024,41,100,0.3333333333333333,3,3,0.6846659183502197,0.6097560975609756,0.43,0.12195121951219512,0.04,0.3902439024390244,0.22999999999999998,0.04878048780487805,0.07,0.024390243902439025,0.03
main_taunus,https://web.archive.org/web/20210117033610/https://www.lebenshilfe-main-taunus.de/haus-flesch.html,1.1928571428571428,140,167,0.5,8,9,0.7964076995849609,0.5071428571428571,0.4491017964071856,0.03571428571428571,0.023952095808383235,0.2642857142857143,0.2574850299401198,0.09285714285714286,0.09580838323353294,0.03571428571428571,0.041916167664670656
main_taunus,https://web.archive.org/web/20210117022018/https://www.lebenshilfe-main-taunus.de/die-wohnhaeuser-der-lebenshilfe.html,0.8046875,128,103,0.8,10,10,0.47468000650405884,0.5,0.5728155339805825,0.0390625,0.009708737864077669,0.3515625,0.34951456310679613,0.0703125,0.11650485436893204,0.0234375,0.009708737864077669
main_taunus,https://web.archive.org/web/20220401084555/https://www.lebenshilfe-main-taunus.de/kunstforum.html,1.563157894736842,380,594,0.0625,16,18,0.5881297588348389,0.5184210526315789,0.41414141414141414,0.0868421052631579,0.021885521885521887,0.32105263157894737,0.22390572390572389,0.04736842105263158,0.10774410774410774,0.05,0.05050505050505051
main_taunus,https://web.archive.org/web/20210117025640/https://www.lebenshilfe-main-taunus.de/was-wir-bieten.html,1.1107266435986158,289,321,0.35714285714285715,14,19,0.7227910757064819,0.4740484429065744,0.4797507788161994,0.04498269896193772,0.037383177570093455,0.31141868512110726,0.29283489096573206,0.0657439446366782,0.09657320872274143,0.05536332179930796,0.0529595015576324
main_taunus,https://web.archive.org/web/20210225192022/https://www.lebenshilfe-main-taunus.de/buecherei-126.html,1.3363636363636364,110,147,0.75,4,7,0.9022064208984375,0.41818181818181815,0.4217687074829932,0.03636363636363636,0.027210884353741496,0.2909090909090909,0.2585034013605442,0.06363636363636363,0.08843537414965986,0.05454545454545455,0.034013605442176874
main_taunus,https://web.archive.org/web/20201124200727/https://www.lebenshilfe-main-taunus.de/unser-infomaterial.html,0.5109170305676856,229,117,0.15384615384615385,13,6,0.39340153336524963,0.5676855895196506,0.5042735042735043,0.06986899563318777,0.05128205128205128,0.4497816593886463,0.35042735042735046,0.021834061135371178,0.05128205128205128,0.03056768558951965,0.008547008547008548
main_taunus,https://web.archive.org/web/20210122214824/https://www.lebenshilfe-main-taunus.de/aktuelles-und-termine.html,1.4024390243902438,82,115,0.0,3,7,0.4973835349082947,0.5975609756097561,0.4782608695652174,0.07317073170731707,0.05217391304347826,0.40243902439024387,0.28695652173913044,0.08536585365853659,0.11304347826086956,0.06097560975609756,0.017391304347826087
main_taunus,https://web.archive.org/web/20220401085011/https://www.lebenshilfe-main-taunus.de/leichte-sprache.html,0.5233918128654971,342,179,0.0,9,3,0.6911336779594421,0.48830409356725146,0.44692737430167595,0.06725146198830409,0.027932960893854747,0.2807017543859649,0.18435754189944134,0.07894736842105263,0.12290502793296089,0.03216374269005848,0.03910614525139665
main_taunus,https://web.archive.org/web/20200926184140/https://www.lebenshilfe-main-taunus.de/familienunterstuetzender-dienst-fud.html,1.575268817204301,186,293,0.0,2,7,0.84540855884552,0.45698924731182794,0.37542662116040953,0.05913978494623656,0.017064846416382253,0.24731182795698925,0.20136518771331058,0.08064516129032258,0.10921501706484642,0.06451612903225806,0.03754266211604096
main_taunus,https://web.archive.org/web/20210123112625/https://www.lebenshilfe-main-taunus.de/treffpunkt-leichte-sprache-m-65/,1.0536912751677852,149,157,0.3333333333333333,3,4,0.7495485544204712,0.47651006711409394,0.5222929936305732,0.040268456375838924,0.06369426751592357,0.2684563758389262,0.2356687898089172,0.06711409395973154,0.08917197452229299,0.053691275167785234,0.025477707006369428
main_taunus,https://web.archive.org/web/20210117022640/https://www.lebenshilfe-main-taunus.de/haus-walburga.html,1.9821428571428572,112,222,1.0,2,3,0.7876296043395996,0.5,0.45495495495495497,0.09821428571428571,0.02702702702702703,0.25,0.26126126126126126,0.09821428571428571,0.10810810810810811,0.03571428571428571,0.03153153153153153
main_taunus,https://web.archive.org/web/20211203004518/https://www.lebenshilfe-main-taunus.de/helfen.html,1.146417445482866,321,368,0.1111111111111111,9,3,0.8092678785324097,0.49221183800623053,0.44021739130434784,0.06230529595015576,0.024456521739130436,0.22429906542056074,0.1847826086956522,0.12461059190031153,0.12228260869565218,0.06230529595015576,0.07608695652173914
main_taunus,https://web.archive.org/web/20210117030816/https://www.lebenshilfe-main-taunus.de/betreutes-wohnen.html,0.9130434782608695,115,105,0.0,1,4,0.7820561528205872,0.45217391304347826,0.45714285714285713,0.06956521739130435,0.047619047619047616,0.2608695652173913,0.29523809523809524,0.06956521739130435,0.06666666666666667,0.05217391304347826,0.009523809523809525
main_taunus,https://web.archive.org/web/20220401083927/https://www.lebenshilfe-main-taunus.de/informationen-zum-betreuten-wohnen.html,0.9257142857142857,350,324,0.25,4,8,0.6002877950668335,0.49714285714285716,0.42901234567901236,0.08571428571428572,0.030864197530864196,0.32,0.19753086419753085,0.06,0.1111111111111111,0.05714285714285714,0.037037037037037035
main_taunus,https://web.archive.org/web/20220529142722/https://www.lebenshilfe-main-taunus.de/haus-wehr-betreute-wohngemeinschaft-179.html,1.401639344262295,122,171,0.4,10,11,0.838133692741394,0.5245901639344263,0.4502923976608187,0.08196721311475409,0.017543859649122806,0.360655737704918,0.2807017543859649,0.06557377049180328,0.08771929824561403,0.05737704918032787,0.04093567251461988
main_taunus,https://web.archive.org/web/20220401084728/https://www.lebenshilfe-main-taunus.de/informationen-und-pressestimmen.html,1.4782608695652173,253,374,0.045454545454545456,22,7,0.733974814414978,0.5810276679841897,0.4786096256684492,0.09090909090909091,0.0481283422459893,0.3596837944664032,0.2647058823529412,0.06324110671936758,0.0962566844919786,0.04743083003952569,0.02406417112299465
main_taunus,https://web.archive.org/web/20210117034921/https://www.lebenshilfe-main-taunus.de/wohnheim-floersheim.html,1.5779816513761469,109,172,0.4,5,5,0.8977556228637695,0.45871559633027525,0.47093023255813954,0.11926605504587157,0.023255813953488372,0.24770642201834864,0.2965116279069767,0.045871559633027525,0.09883720930232558,0.05504587155963303,0.06976744186046512
main_taunus,https://web.archive.org/web/20210225193352/https://www.lebenshilfe-main-taunus.de/kunst.html,2.0729166666666665,96,199,1.0,1,7,0.5669034719467163,0.5208333333333334,0.5025125628140703,0.09375,0.02512562814070352,0.2916666666666667,0.2562814070351759,0.10416666666666667,0.12060301507537688,0.05208333333333333,0.06030150753768844
main_taunus,https://web.archive.org/web/20200812064850/https://www.lebenshilfe-main-taunus.de/buecherei-74.html,1.6506024096385543,83,137,0.6666666666666666,3,5,0.9251763820648193,0.42168674698795183,0.4233576642335766,0.03614457831325301,0.0364963503649635,0.3132530120481928,0.26277372262773724,0.04819277108433735,0.08029197080291971,0.060240963855421686,0.043795620437956206
main_taunus,https://web.archive.org/web/20210126080139/https://www.lebenshilfe-main-taunus.de/ueber-uns.html,1.5925925925925926,162,258,0.3333333333333333,3,2,0.9497789144515991,0.49382716049382713,0.4108527131782946,0.06790123456790123,0.015503875968992248,0.2901234567901234,0.24031007751937983,0.05555555555555555,0.10077519379844961,0.06172839506172839,0.05426356589147287
main_taunus,https://web.archive.org/web/20210126082007/https://www.lebenshilfe-main-taunus.de/vorstand.html,1.6330275229357798,109,178,1.0,13,18,0.7039639949798584,0.5596330275229358,0.5168539325842697,0.009174311926605505,0.0,0.5229357798165137,0.44382022471910115,0.027522935779816515,0.06179775280898876,0.0,0.011235955056179775
main_taunus,https://web.archive.org/web/20210624015858/https://www.lebenshilfe-main-taunus.de/fruehfoerderung.html,0.456575682382134,403,184,0.0,22,2,0.7814829349517822,0.46153846153846156,0.45108695652173914,0.062034739454094295,0.043478260869565216,0.31017369727047145,0.1956521739130435,0.052109181141439205,0.10869565217391304,0.05955334987593052,0.06521739130434782
main_taunus,https://web.archive.org/web/20210117032049/https://www.lebenshilfe-main-taunus.de/wohnen.html,1.1618497109826589,173,201,0.16666666666666666,6,10,0.8402119874954224,0.4624277456647399,0.417910447761194,0.04046242774566474,0.029850746268656716,0.2774566473988439,0.17412935323383083,0.06936416184971098,0.11442786069651742,0.057803468208092484,0.03482587064676617
main_taunus,https://web.archive.org/web/20210117021759/https://www.lebenshilfe-main-taunus.de/beratungsstelle-wohnen-12.html,0.6242424242424243,165,103,0.0,2,1,0.7793227434158325,0.4666666666666667,0.3883495145631068,0.06060606060606061,0.038834951456310676,0.2606060606060606,0.18446601941747573,0.06060606060606061,0.10679611650485436,0.07878787878787878,0.04854368932038834
main_taunus,https://web.archive.org/web/20210225184957/https://www.lebenshilfe-main-taunus.de/programm-des-familienunterstuetzenden-diensts.html,1.5405405405405406,74,114,1.0,0,0,0.7850723266601562,0.5,0.40350877192982454,0.0945945945945946,0.017543859649122806,0.28378378378378377,0.23684210526315788,0.06756756756756757,0.09649122807017543,0.04054054054054054,0.043859649122807015
main_taunus,https://web.archive.org/web/20210117021537/https://www.lebenshilfe-main-taunus.de/tagesstruktur.html,1.8064516129032258,93,168,0.5,2,5,0.81706702709198,0.45161290322580644,0.47619047619047616,0.021505376344086023,0.011904761904761904,0.3118279569892473,0.30952380952380953,0.07526881720430108,0.1130952380952381,0.06451612903225806,0.047619047619047616
main_taunus,https://web.archive.org/web/20220401084923/https://www.lebenshilfe-main-taunus.de/treffpunkt-leichte-sprache.html,1.0536912751677852,149,157,0.3333333333333333,3,4,0.8619406223297119,0.47651006711409394,0.5222929936305732,0.040268456375838924,0.06369426751592357,0.2684563758389262,0.2356687898089172,0.06711409395973154,0.08917197452229299,0.053691275167785234,0.025477707006369428
main_taunus,https://web.archive.org/web/20220401085118/https://www.lebenshilfe-main-taunus.de/schulungen.html,1.1363636363636365,110,125,0.2,5,8,0.868537962436676,0.4818181818181818,0.448,0.05454545454545454,0.072,0.2909090909090909,0.248,0.07272727272727272,0.096,0.06363636363636363,0.048
main_taunus,https://web.archive.org/web/20210117023228/https://www.lebenshilfe-main-taunus.de/projekt-mitleben.html,0.2903225806451613,310,90,0.09090909090909091,11,4,0.6020157933235168,0.4645161290322581,0.4111111111111111,0.08064516129032258,0.011111111111111112,0.27741935483870966,0.25555555555555554,0.06129032258064516,0.1,0.05161290322580645,0.05555555555555555
main_taunus,https://web.archive.org/web/20210117032634/https://www.lebenshilfe-main-taunus.de/villa-luce-5.html,1.330708661417323,127,169,0.4,5,5,0.780225932598114,0.5196850393700787,0.44970414201183434,0.07086614173228346,0.029585798816568046,0.3543307086614173,0.2485207100591716,0.05511811023622047,0.11242603550295859,0.07086614173228346,0.05325443786982249
main_taunus,https://web.archive.org/web/20220401084159/https://www.lebenshilfe-main-taunus.de/beratung-und-foerderung.html,0.9821428571428571,112,110,0.0,4,1,0.8972272276878357,0.49107142857142855,0.4727272727272727,0.05357142857142857,0.01818181818181818,0.3035714285714286,0.3090909090909091,0.11607142857142858,0.1,0.05357142857142857,0.05454545454545454
main_taunus,https://web.archive.org/web/20210225192653/https://www.lebenshilfe-main-taunus.de/haus-trappen-9.html,1.0747126436781609,174,187,0.6,5,9,0.8333051204681396,0.47126436781609193,0.45989304812834225,0.05172413793103448,0.0213903743315508,0.30459770114942525,0.2620320855614973,0.06896551724137931,0.10160427807486631,0.05747126436781609,0.016042780748663103
main_taunus,https://web.archive.org/web/20210124001158/https://www.lebenshilfe-main-taunus.de/spenden-helfen-mitmachen.html,0.8228346456692913,254,209,0.2,5,5,0.9460365176200867,0.5118110236220472,0.430622009569378,0.051181102362204724,0.0430622009569378,0.29133858267716534,0.21531100478468898,0.09448818897637795,0.09090909090909091,0.07874015748031496,0.04784688995215311
main_taunus,https://web.archive.org/web/20210225195237/https://www.lebenshilfe-main-taunus.de/freizeit.html,0.6187050359712231,139,86,0.0,2,3,0.8005384802818298,0.4748201438848921,0.5,0.08633093525179857,0.023255813953488372,0.2589928057553957,0.19767441860465115,0.08633093525179857,0.13953488372093023,0.08633093525179855,0.046511627906976744
main_taunus,https://web.archive.org/web/20210123233551/https://www.lebenshilfe-main-taunus.de/beratung-und-foerderung-m-79/,1.0091743119266054,109,110,0.0,4,1,0.8972272276878357,0.47706422018348627,0.4727272727272727,0.03669724770642202,0.01818181818181818,0.30275229357798167,0.3090909090909091,0.11926605504587157,0.1,0.05504587155963303,0.05454545454545454
mdr,https://www.mdr.de/nachrichten/sachsen/wetter-fruehling-wochenende-waldbrand-gefahr-102.html,0.5702005730659025,349,199,0.14285714285714285,21,13,0.6081192493438721,0.5673352435530086,0.49748743718592964,0.07736389684813753,0.01507537688442211,0.30945558739255014,0.24623115577889448,0.08022922636103152,0.10050251256281408,0.03724928366762178,0.04522613065326633
mdr,https://www.mdr.de/nachrichten/thueringen/warnstreik-nahverkehr-oepnv-102.html,0.4512683578104139,749,338,0.1568627450980392,51,35,0.7425044775009155,0.4712950600801068,0.47041420118343197,0.03471295060080107,0.014792899408284023,0.27102803738317754,0.29881656804733725,0.08945260347129506,0.09171597633136094,0.044058744993324434,0.0650887573964497
mdr,https://www.mdr.de/nachrichten/sachsen-anhalt/magdeburg/harz/quedlinburg-cannabis-samen-netto-kaufen-104.html,0.29390018484288355,541,159,0.18181818181818182,22,9,0.7603462934494019,0.4898336414048059,0.5094339622641509,0.036968576709796676,0.031446540880503145,0.2587800369685767,0.3081761006289308,0.10166358595194085,0.07547169811320754,0.04436229205175601,0.031446540880503145
mdr,https://www.mdr.de/nachrichten/sachsen-anhalt/magdeburg/magdeburg/fcm-ausschreitungen-gewalt-fussball-sponsor-rueckzug-100.html,0.7320754716981132,265,194,0.15789473684210525,19,12,0.5653051137924194,0.5094339622641509,0.5051546391752577,0.045283018867924525,0.020618556701030927,0.28679245283018867,0.32474226804123707,0.09433962264150944,0.08247422680412371,0.03018867924528302,0.015463917525773196
mdr,https://www.mdr.de/sport/fussball_2bl/fcm-geldstrafe-dfb-100.html,0.6071428571428571,280,170,0.07142857142857142,14,12,0.6474305391311646,0.44285714285714284,0.5117647058823529,0.07142857142857142,0.047058823529411764,0.26785714285714285,0.2823529411764706,0.05714285714285714,0.08823529411764706,0.02857142857142857,0.03529411764705882
mdr,https://www.mdr.de/nachrichten/sachsen/stoerung-zugverkehr-leipzig-chemnitz-ersatzverkehr-100.html,0.589622641509434,212,125,0.375,16,10,0.7810627818107605,0.47641509433962265,0.504,0.02830188679245283,0.04,0.29245283018867924,0.272,0.10377358490566038,0.088,0.03773584905660378,0.048
mdr,https://www.mdr.de/nachrichten/sachsen/leipzig/leipzig-leipzig-land/frost-eisflaechen-gefahr-100.html,1.4158415841584158,303,429,0.1875,16,18,0.7160184383392334,0.5214521452145214,0.4522144522144522,0.04950495049504951,0.02097902097902098,0.2508250825082508,0.19114219114219114,0.10231023102310231,0.07925407925407925,0.04950495049504951,0.05594405594405595
mdr,https://www.mdr.de/nachrichten/thueringen/ost-thueringen/altenburg/bundesliga-skatverein-kartenspiel-100.html,0.2903225806451613,806,234,0.1875,32,17,0.5852462649345398,0.44292803970223327,0.4700854700854701,0.03970223325062035,0.05555555555555555,0.20719602977667495,0.28205128205128205,0.09181141439205956,0.04700854700854701,0.03970223325062035,0.021367521367521368
mdr,https://www.mdr.de/nachrichten/thueringen/ost-thueringen/saale-holzland/kahla-porzellan-insolvenz-104.html,0.6431718061674009,227,146,0.5,10,10,0.7828325629234314,0.5286343612334802,0.4863013698630137,0.05286343612334802,0.0410958904109589,0.26872246696035246,0.3082191780821918,0.11013215859030837,0.0821917808219178,0.01762114537444934,0.04794520547945205
mdr,https://www.mdr.de/nachrichten/sachsen-anhalt/landtagswahl/wahl-ministerpraesident-schulze-102.html,1.156595191682911,1539,1780,0.42168674698795183,83,73,0.7960669994354248,0.49057829759584143,0.46123595505617976,0.03898635477582846,0.02752808988764045,0.29239766081871343,0.2606741573033708,0.09161793372319688,0.10674157303370786,0.03443794671864847,0.01797752808988764
mdr,https://www.mdr.de/nachrichten/sachsen/warnstreik-verdi-nahverkehr-bus-faehre-kirnitzschtalbahn-102.html,0.6882661996497373,571,393,0.15873015873015872,63,29,0.5415099859237671,0.4886164623467601,0.46564885496183206,0.03677758318739054,0.04580152671755725,0.3485113835376532,0.26717557251908397,0.06304728546409807,0.08142493638676845,0.03677758318739054,0.043256997455470736
mdr,https://www.mdr.de/nachrichten/sachsen/dresden/dresden-radebeul/hauptbahnhof-bahn-umleitung-ausfall-bauarbeiten-102.html,0.38177874186550975,461,176,0.12121212121212122,33,15,0.8249645233154297,0.5249457700650759,0.4772727272727273,0.07158351409978309,0.028409090909090908,0.3318872017353579,0.2897727272727273,0.06941431670281996,0.07954545454545454,0.049891540130151846,0.03977272727272727
mdr,https://www.mdr.de/nachrichten/sachsen-anhalt/krankenversicherung-clearingstelle-gesundheitsversorgung-100.html,0.7777777777777778,234,182,0.15384615384615385,13,10,0.8407175540924072,0.47863247863247865,0.46153846153846156,0.05128205128205128,0.04395604395604396,0.2948717948717949,0.2857142857142857,0.10683760683760683,0.07692307692307693,0.03418803418803419,0.049450549450549455
mdr,https://www.mdr.de/nachrichten/thueringen/west-thueringen/wartburgkreis/eisenach-knockout-urteile-neonazis-100.html,0.6492537313432836,402,261,0.125,16,8,0.6804567575454712,0.44029850746268656,0.42528735632183906,0.06716417910447761,0.06130268199233716,0.24378109452736318,0.2222222222222222,0.07213930348258707,0.08812260536398467,0.04477611940298508,0.04597701149425287
mdr,https://www.mdr.de/nachrichten/thueringen/nord-thueringen/unstrut-hainich/foerdermittel-thueringentherme-sanierung-100.html,1.0391061452513966,179,186,0.3,10,9,0.5596281886100769,0.49162011173184356,0.44623655913978494,0.0446927374301676,0.03225806451612903,0.3016759776536313,0.27956989247311825,0.07262569832402235,0.06989247311827956,0.06145251396648045,0.016129032258064516
mdr,https://www.mdr.de/nachrichten/sachsen-anhalt/magdeburg/jerichow/storch-stoerche-rueckkehrer-104.html,0.7456140350877193,228,170,0.3684210526315789,19,12,0.7784490585327148,0.5263157894736842,0.5117647058823529,0.039473684210526314,0.047058823529411764,0.2982456140350877,0.28823529411764703,0.08333333333333333,0.07058823529411765,0.017543859649122806,0.029411764705882353
mdr,https://www.mdr.de/nachrichten/sachsen/sondervermoegen-staedte-gemeinden-investitionen-strassen-schulen-milliarden-102.html,0.48703170028818443,347,169,0.14814814814814814,27,10,0.9028688073158264,0.5100864553314121,0.5207100591715976,0.04899135446685879,0.07692307692307693,0.33717579250720464,0.33136094674556216,0.06340057636887608,0.0650887573964497,0.040345821325648415,0.04142011834319527
mdr,https://www.mdr.de/nachrichten/deutschland/politik/bahn-sanierung-hamburg-berlin-100.html,1.4753086419753085,324,478,0.4,20,27,0.7872946858406067,0.4783950617283951,0.48326359832635984,0.030864197530864196,0.04602510460251046,0.27469135802469136,0.25523012552301255,0.08333333333333333,0.08577405857740586,0.037037037037037035,0.03765690376569038
mdr,https://www.mdr.de/nachrichten/deutschland/politik/verdi-streik-oepnv-nahverkehr-sachsen-anhalt-thueringen-102.html,0.4772117962466488,373,178,0.05555555555555555,36,12,0.6973947286605835,0.514745308310992,0.46629213483146065,0.045576407506702415,0.016853932584269662,0.29222520107238603,0.2696629213483146,0.07506702412868632,0.08426966292134831,0.045576407506702415,0.06741573033707865
mdr,https://www.mdr.de/nachrichten/sachsen/leipzig/leipzig-leipzig-land/carbon-beton-werk-bauen-forschung-100.html,2.3373493975903616,166,388,0.375,16,18,0.8839088678359985,0.5180722891566265,0.4690721649484536,0.060240963855421686,0.059278350515463915,0.3072289156626506,0.23969072164948454,0.08433734939759036,0.08505154639175258,0.03614457831325302,0.041237113402061855
mdr,https://www.mdr.de/nachrichten/thueringen/mitte-thueringen/soemmerda/kmg-klinikum-gynaekologie-brustzentrum-schliessen-krankenhausreform-100.html,1.3418367346938775,196,263,0.08333333333333333,12,8,0.6270169019699097,0.4846938775510204,0.43346007604562736,0.07142857142857142,0.045627376425855515,0.28061224489795916,0.22053231939163498,0.07653061224489796,0.08365019011406843,0.04591836734693877,0.04182509505703422
mdr,https://www.mdr.de/sport/fussball_pokal/dfb-pokal/bericht-dfb-pokal-frauen-fc-carl-zeiss-jena-sc-sand-100.html,0.5487804878048781,328,180,0.17647058823529413,17,18,0.852275013923645,0.5091463414634146,0.5277777777777778,0.051829268292682924,0.03888888888888889,0.28658536585365857,0.3611111111111111,0.07926829268292683,0.06666666666666667,0.04268292682926829,0.011111111111111112
mdr,https://www.mdr.de/nachrichten/sachsen-anhalt/magdeburg/magdeburg/baustelle-innenstadt-verkehr-strassenbahn-106.html,0.9529411764705882,340,324,0.23529411764705882,17,20,0.7860755920410156,0.47058823529411764,0.4783950617283951,0.058823529411764705,0.046296296296296294,0.27058823529411763,0.25,0.09117647058823529,0.08333333333333333,0.03529411764705882,0.043209876543209874
mdr,https://www.mdr.de/nachrichten/thueringen/voigt-afd-misstrauensvotum-abstimmung-100.html,0.6839506172839506,405,277,0.2564102564102564,39,22,0.7883279323577881,0.47901234567901235,0.47653429602888087,0.0345679012345679,0.02888086642599278,0.3234567901234568,0.3140794223826715,0.09382716049382717,0.10469314079422383,0.022222222222222223,0.02527075812274368
mdr,https://www.mdr.de/nachrichten/sachsen/dresden/dresden-radebeul/gedenken-krieg-zerstoerung-demos-erinnerung-kultur-100.html,0.6586402266288952,706,465,0.21951219512195122,41,16,0.8762754797935486,0.4603399433427762,0.46881720430107526,0.05807365439093484,0.04946236559139785,0.24362606232294617,0.23870967741935484,0.08781869688385269,0.09032258064516129,0.046742209631728045,0.04086021505376344
mdr,https://www.mdr.de/nachrichten/sachsen-anhalt/dessau/dessau-rosslau/apotheke-liefert-medikamente-per-drohne-100.html,0.21558441558441557,770,166,0.045454545454545456,22,6,0.603971004486084,0.487012987012987,0.4819277108433735,0.04285714285714286,0.03614457831325301,0.2181818181818182,0.21084337349397592,0.08441558441558442,0.0963855421686747,0.033766233766233764,0.03614457831325301
mdr,https://www.mdr.de/nachrichten/sachsen/dresden/warnstreik-nahverkehr-verdi-dvs-saechsische-schweiz-osterzgebirge-regionalverkehr-102.html,1.0121951219512195,246,249,0.06666666666666667,15,28,0.4949386715888977,0.46747967479674796,0.46184738955823296,0.06910569105691057,0.04819277108433735,0.26422764227642276,0.285140562248996,0.08536585365853659,0.06827309236947791,0.03252032520325203,0.0682730923694779
mdr,https://www.mdr.de/nachrichten/sachsen-anhalt/dessau/wittenberg/serie-von-wohnungseinbruechen-wittenberg-aufgeklaert-106.html,0.3062645011600928,431,132,0.2916666666666667,24,13,0.800586998462677,0.4733178654292343,0.4696969696969697,0.03480278422273782,0.022727272727272728,0.29930394431554525,0.3106060606060606,0.07424593967517401,0.09090909090909091,0.04640371229698376,0.022727272727272728
mdr,https://www.mdr.de/nachrichten/sachsen-anhalt/ki-sexualisierte-gewalt-im-internet-alltag-vieler-frauen-102.html,0.5387243735763098,878,473,0.07894736842105263,38,14,0.5096311569213867,0.5136674259681093,0.47568710359408034,0.06719817767653759,0.0613107822410148,0.25740318906605925,0.23044397463002114,0.08314350797266515,0.07610993657505286,0.04328018223234624,0.052854122621564484
mdr,https://www.mdr.de/nachrichten/deutschland/wirtschaft/inklusion-arbeitsmarkt-schwerbehinderung-unternehmen-100.html,0.2968617472434266,1179,350,0.10256410256410256,39,15,0.6530371904373169,0.49363867684478374,0.4657142857142857,0.06530958439355386,0.022857142857142857,0.270568278201866,0.2857142857142857,0.07972858354537744,0.07428571428571429,0.043256997455470736,0.04857142857142857
mdr,https://www.mdr.de/nachrichten/sachsen-anhalt/magdeburg/harz/mann-brocken-gerettet-feuerwehr-104.html,0.6590909090909091,264,174,0.1875,16,9,0.8157488703727722,0.5265151515151515,0.4425287356321839,0.045454545454545456,0.028735632183908046,0.32575757575757575,0.23563218390804597,0.08712121212121213,0.08620689655172414,0.045454545454545456,0.022988505747126436
mdr,https://www.mdr.de/nachrichten/deutschland/gesellschaft/schulstreik-wehrpflicht-schueler-streik-sachsen-anhalt-thueringen-100.html,1.0944309927360776,413,452,0.1724137931034483,29,18,0.6020509600639343,0.4745762711864407,0.4225663716814159,0.03631961259079903,0.0420353982300885,0.31234866828087166,0.23672566371681417,0.06537530266343826,0.08628318584070796,0.031476997578692496,0.03982300884955752
mdr,https://www.mdr.de/nachrichten/deutschland/gesellschaft/behoerden-it-panne-betrifft-behinderte-100.html,0.43238434163701067,1124,486,0.09523809523809523,42,21,0.8110218644142151,0.4884341637010676,0.44238683127572015,0.05249110320284697,0.024691358024691357,0.26690391459074736,0.24074074074074073,0.07829181494661921,0.10082304526748971,0.04626334519572954,0.04526748971193416
mdr,https://www.mdr.de/nachrichten/thueringen/mitte-thueringen/erfurt/brand-domplatz-haus-schwelbrand-silvester-100.html,0.6475770925110133,227,147,0.16666666666666666,6,7,0.7641102075576782,0.4977973568281938,0.46258503401360546,0.06607929515418502,0.034013605442176874,0.2643171806167401,0.23809523809523808,0.08370044052863436,0.10204081632653061,0.03524229074889868,0.04081632653061225
mdr,https://www.mdr.de/nachrichten/sachsen/verdi-streik-nahverkehr-erzgebirge-meissen-chemnitz-100.html,0.7098591549295775,355,252,0.14814814814814814,27,23,0.3431128263473511,0.48450704225352115,0.46825396825396826,0.0647887323943662,0.027777777777777776,0.29295774647887324,0.2777777777777778,0.07042253521126761,0.0873015873015873,0.04507042253521126,0.05952380952380952
mdr,https://www.mdr.de/nachrichten/deutschland/panorama/glatteis-glaette-unfaelle-schnee-sachsen-anhalt-thueringen-unwetter-warnung-100.html,0.5655608214849921,633,358,0.03508771929824561,57,23,0.6539987325668335,0.5055292259083728,0.48044692737430167,0.04265402843601896,0.025139664804469275,0.31121642969984203,0.23184357541899442,0.07266982622432859,0.0893854748603352,0.0315955766192733,0.04748603351955308
mdr,https://www.mdr.de/nachrichten/sachsen-anhalt/magdeburg/harz/unwetter-wind-sturm-brocken-104.html,1.0187265917602997,267,272,0.3333333333333333,21,17,0.8428877592086792,0.4868913857677903,0.5,0.04868913857677903,0.0661764705882353,0.299625468164794,0.26838235294117646,0.07116104868913857,0.08455882352941177,0.033707865168539325,0.011029411764705883
mdr,https://www.mdr.de/nachrichten/deutschland/politik/lufthansa-streik-flug-ausfaelle-leipzig-dresden-freitag-100.html,0.5614973262032086,374,210,0.1935483870967742,31,10,0.8823152780532837,0.48128342245989303,0.4523809523809524,0.03208556149732621,0.03333333333333333,0.3262032085561497,0.2619047619047619,0.07754010695187166,0.09047619047619047,0.040106951871657755,0.05714285714285715
mdr,https://www.mdr.de/nachrichten/sachsen/bahn-verspaetung-bauarbeiten-ersatzverkehr-fahrplan-100.html,1.6171875,128,207,0.3333333333333333,15,21,0.768618106842041,0.5,0.45893719806763283,0.015625,0.024154589371980676,0.34375,0.2995169082125604,0.0859375,0.07246376811594203,0.015625,0.043478260869565216
mdr,https://www.mdr.de/sport/andere_sportarten/biathlon-frauen-verfolgung-weltcup-oberhof-vanessa-voigt-100.html,0.9837837837837838,185,182,0.05263157894736842,19,13,0.6726934909820557,0.5567567567567567,0.5,0.08108108108108109,0.06043956043956044,0.31351351351351353,0.3076923076923077,0.07027027027027027,0.06043956043956044,0.016216216216216217,0.02197802197802198
mdr,https://www.mdr.de/nachrichten/sachsen/schule-schwaenzen-schulverweigerer-bildung-100.html,0.9915254237288136,236,234,0.3,10,10,0.8087514042854309,0.4661016949152542,0.46153846153846156,0.046610169491525424,0.021367521367521368,0.2330508474576271,0.24786324786324787,0.08050847457627118,0.09829059829059829,0.01694915254237288,0.017094017094017096
mdr,https://www.mdr.de/kultur/ausflug-tipps/hainich-quedlinburg-muldental-wohin-am-wochenende-tipps-100.html,0.45901639344262296,793,364,0.021739130434782608,46,23,0.48347562551498413,0.5233291298865069,0.46703296703296704,0.06305170239596469,0.038461538461538464,0.36317780580075665,0.23901098901098902,0.05044136191677175,0.09065934065934066,0.036569987389659525,0.024725274725274728
mdr,https://www.mdr.de/sport/andere_sportarten/olympische-winterspiele-skeleton-susanne-kreher-jacqueline-pfeifer-100.html,0.6142857142857143,350,215,0.0967741935483871,31,16,0.6486190557479858,0.5028571428571429,0.5116279069767442,0.05142857142857143,0.05116279069767442,0.3142857142857143,0.3023255813953488,0.07142857142857142,0.07906976744186046,0.025714285714285714,0.037209302325581395
mdr,https://www.mdr.de/nachrichten/sachsen-anhalt/magdeburg/magdeburg/erste-queere-buchmesse-magdequeer-kultur-news-100.html,0.3613138686131387,548,198,0.23809523809523808,21,12,0.8736014366149902,0.49452554744525545,0.4898989898989899,0.05291970802919708,0.08080808080808081,0.2718978102189781,0.2474747474747475,0.07116788321167883,0.0707070707070707,0.04744525547445255,0.0404040404040404
mdr,https://www.mdr.de/nachrichten/sachsen-anhalt/halle/halle/halle-neustadt-chlorgas-schwimmhalle-102.html,1.8585858585858586,99,184,0.25,8,8,0.6879445910453796,0.5252525252525253,0.44021739130434784,0.010101010101010102,0.016304347826086956,0.31313131313131315,0.24456521739130435,0.09090909090909091,0.08695652173913043,0.010101010101010102,0.03260869565217391
mdr,https://www.mdr.de/nachrichten/thueringen/mitte-thueringen/erfurt/women-in-the-dark-ausstellung-kunst-installation-gewalt-gegen-frauen-kultur-news-100.html,0.686046511627907,774,531,0.2,20,29,0.4546862840652466,0.4625322997416021,0.4764595103578154,0.04263565891472868,0.04143126177024482,0.2777777777777778,0.2711864406779661,0.08010335917312661,0.0847457627118644,0.046511627906976744,0.047080979284369114
mdr,https://www.mdr.de/nachrichten/sachsen/chemnitz/chemnitz-stollberg/congress-hotel-mitarbeiter-kaempfen-jobs-100.html,0.7416974169741697,271,201,0.3076923076923077,13,11,0.8889367580413818,0.43911439114391143,0.4427860696517413,0.033210332103321034,0.03482587064676617,0.25092250922509224,0.25870646766169153,0.07749077490774908,0.0945273631840796,0.033210332103321034,0.029850746268656716
mdr,https://www.mdr.de/nachrichten/sachsen/nahverkehr-tarifeinigung-warnstreik-arbeitgeber-verdi-100.html,0.8611898016997167,353,304,0.14285714285714285,28,19,0.7132970094680786,0.5042492917847026,0.4473684210526316,0.0679886685552408,0.03618421052631579,0.3002832861189802,0.26973684210526316,0.0821529745042493,0.08552631578947369,0.025495750708215296,0.03618421052631579
mdr,https://www.mdr.de/nachrichten/thueringen/ost-thueringen/saale-orla/saalburg-elektro-dampfer-ms-gera-bleilochtalsperre-104.html,0.4131147540983607,305,126,0.14285714285714285,14,8,0.8402868509292603,0.49508196721311476,0.49206349206349204,0.019672131147540985,0.03968253968253968,0.2721311475409836,0.2857142857142857,0.10491803278688525,0.07936507936507936,0.022950819672131147,0.023809523809523808
mdr,https://www.mdr.de/nachrichten/thueringen/west-thueringen/wartburgkreis/heilwasser-bad-liebenstein-100.html,1.135,200,227,0.2222222222222222,9,9,0.8218455910682678,0.47,0.4889867841409692,0.05,0.039647577092511016,0.255,0.2555066079295154,0.1,0.09251101321585903,0.045,0.039647577092511016
mdr,https://www.mdr.de/nachrichten/sachsen/leipzig/leipzig-leipzig-land/naturkundemuseum-foerderung-umbau-millionen-euro-bowlingtreff-100.html,0.45209580838323354,334,151,0.125,24,11,0.8396312594413757,0.47005988023952094,0.5033112582781457,0.05089820359281437,0.059602649006622516,0.281437125748503,0.25165562913907286,0.0748502994011976,0.059602649006622516,0.04790419161676647,0.006622516556291391
mdr,https://www.mdr.de/nachrichten/thueringen/stromversorgung-anschlag-berlin-maier-teag-100.html,0.8526011560693642,346,295,0.3,20,23,0.728887677192688,0.5028901734104047,0.4576271186440678,0.03468208092485549,0.020338983050847456,0.2601156069364162,0.24745762711864405,0.08959537572254335,0.0847457627118644,0.017341040462427744,0.03728813559322034
mdr,https://www.mdr.de/nachrichten/sachsen-anhalt/magdeburg/magdeburg/gebeine-otto-grosse-dom-magdeburg-authentisch-kultur-news-100.html,0.4368131868131868,364,159,0.17391304347826086,23,11,0.748813271522522,0.5054945054945055,0.44025157232704404,0.06593406593406594,0.03773584905660377,0.2967032967032967,0.27044025157232704,0.07142857142857142,0.08176100628930817,0.027472527472527472,0.025157232704402517
mdr,https://www.mdr.de/nachrichten/sachsen-anhalt/halle/mansfeld/luchs-reisst-dutzende-schafe-100.html,0.4837662337662338,308,149,0.15384615384615385,13,6,0.8879262804985046,0.5064935064935064,0.4697986577181208,0.05844155844155844,0.026845637583892617,0.2694805194805195,0.2483221476510067,0.08441558441558442,0.09395973154362416,0.03896103896103896,0.04697986577181208
mdr,https://www.mdr.de/nachrichten/sachsen/dresden/dippoldiswalde-sebnitz/altenberg-buergermeister-wahl-vorzeitig-102.html,0.40441176470588236,408,165,0.25,32,12,0.818800151348114,0.5122549019607843,0.49696969696969695,0.04656862745098039,0.03636363636363636,0.3112745098039216,0.3151515151515152,0.07352941176470588,0.07272727272727272,0.03431372549019608,0.01818181818181818
mdr,https://www.mdr.de/nachrichten/sachsen/chemnitz/chemnitz-stollberg/brand-feuer-toter-altersheim-senioren-100.html,0.6057692307692307,312,189,0.21428571428571427,14,12,0.818636417388916,0.46474358974358976,0.4126984126984127,0.04487179487179487,0.021164021164021163,0.28525641025641024,0.21693121693121692,0.09294871794871795,0.10582010582010581,0.03205128205128205,0.031746031746031744
mdr,https://www.mdr.de/nachrichten/sachsen/dresden/dresden-radebeul/prozess-antifa-ost-kronzeuge-linksextremismus-100.html,1.0343915343915344,378,391,0.10526315789473684,19,8,0.7427729964256287,0.47354497354497355,0.42710997442455245,0.047619047619047616,0.03836317135549872,0.2751322751322751,0.22250639386189258,0.0873015873015873,0.08695652173913043,0.0291005291005291,0.03580562659846548
mdr,https://www.mdr.de/nachrichten/thueringen/nord-thueringen/eichsfeld/musashi-sozialplan-auto-zulieferer-entlassungen-100.html,0.7769516728624535,269,209,0.4666666666666667,15,13,0.6039759516716003,0.49070631970260226,0.48325358851674644,0.03717472118959108,0.023923444976076555,0.31226765799256506,0.3014354066985646,0.08921933085501858,0.0861244019138756,0.03345724907063197,0.03827751196172249
mdr,https://www.mdr.de/nachrichten/sachsen-anhalt/magdeburg/harz/mann-brocken-gerettet-feuerwehr-104.html,0.6022727272727273,264,159,0.1875,16,8,0.7086941599845886,0.5265151515151515,0.4716981132075472,0.045454545454545456,0.031446540880503145,0.32575757575757575,0.23270440251572327,0.08712121212121213,0.0880503144654088,0.045454545454545456,0.031446540880503145
mdr,https://www.mdr.de/nachrichten/sachsen/wetter-heute-regen-gewitter-fruehling-100.html,1.9305555555555556,216,417,0.3333333333333333,12,14,0.5698335766792297,0.49537037037037035,0.4676258992805755,0.023148148148148147,0.019184652278177457,0.2777777777777778,0.23261390887290168,0.08333333333333333,0.08393285371702638,0.041666666666666664,0.050359712230215826
mdr,https://www.mdr.de/nachrichten/sachsen-anhalt/magdeburg/magdeburg/fuenfundzwanzigster-prozesstag-anschlag-weihnachtsmarkt-102.html,0.9928571428571429,280,278,0.4444444444444444,9,17,0.6545791029930115,0.5,0.4784172661870504,0.017857142857142856,0.025179856115107913,0.2571428571428572,0.27697841726618705,0.10714285714285714,0.09712230215827339,0.04642857142857143,0.02877697841726619
mdr,https://www.mdr.de/nachrichten/sachsen-anhalt/magdeburg/magdeburg/polizei-warnung-betrug-karten-108.html,1.0344827586206897,261,270,0.2727272727272727,11,7,0.5579996705055237,0.5057471264367817,0.4444444444444444,0.07279693486590039,0.04814814814814815,0.25287356321839083,0.22222222222222224,0.10727969348659004,0.1037037037037037,0.03065134099616858,0.02222222222222222
mdr,https://www.mdr.de/nachrichten/sachsen/dresden/grossenhain-riesa/waldbrand-ursache-gohrischheide-phosphor-feuerwehr-100.html,2.037837837837838,185,377,0.5,10,16,0.8547564148902893,0.5297297297297298,0.46419098143236076,0.06486486486486487,0.04774535809018567,0.2648648648648649,0.23872679045092837,0.10810810810810811,0.08222811671087533,0.02702702702702703,0.03183023872679045
mdr,https://www.mdr.de/nachrichten/sachsen-anhalt/landespolitik/landtag-kita-foerderung-stellen-100.html,1.0945945945945945,222,243,0.36363636363636365,11,10,0.8644651770591736,0.5225225225225225,0.4691358024691358,0.07207207207207207,0.04938271604938271,0.3108108108108108,0.25925925925925924,0.08558558558558559,0.09465020576131687,0.04504504504504504,0.06584362139917696
mdr,https://www.mdr.de/nachrichten/sachsen/krankenhaeuser-gesundheit-landtag-investitionen-100.html,0.3128390596745027,553,173,0.16129032258064516,31,16,0.8205370306968689,0.4755877034358047,0.49710982658959535,0.048824593128390596,0.05202312138728324,0.2694394213381555,0.2774566473988439,0.08499095840867993,0.07514450867052024,0.0325497287522604,0.017341040462427744
mdr,https://www.mdr.de/nachrichten/deutschland/politik/warnstreik-oeffentlicher-dienst-schulen-kitas-kliniken-104.html,0.7254545454545455,550,399,0.24,50,36,0.6735261082649231,0.48727272727272725,0.46115288220551376,0.05090909090909091,0.042606516290726815,0.33636363636363636,0.2832080200501253,0.05818181818181818,0.07268170426065163,0.050909090909090904,0.045112781954887216
mdr,https://www.mdr.de/nachrichten/sachsen/dresden/dresden-radebeul/bahnhof-neustadt-empfangshalle-gesperrt-einschraenkungen-100.html,0.8364485981308412,214,179,0.375,16,16,0.8938822150230408,0.4953271028037383,0.4581005586592179,0.056074766355140186,0.027932960893854747,0.2616822429906542,0.2849162011173184,0.07009345794392523,0.0670391061452514,0.028037383177570093,0.02793296089385475
mdr,https://www.mdr.de/nachrichten/sachsen/dresden/dresden-radebeul/panda-zoo-tiere-100.html,0.9811320754716981,212,208,0.26666666666666666,15,12,0.9190633296966553,0.5377358490566038,0.47596153846153844,0.08962264150943396,0.052884615384615384,0.25943396226415094,0.22596153846153846,0.08962264150943396,0.09134615384615384,0.05188679245283019,0.03365384615384616
mdr,https://www.mdr.de/nachrichten/sachsen/polizeigesetz-taser-drohnen-abwehr-kritik-opposition-100.html,0.8263888888888888,288,238,0.20833333333333334,24,13,0.7558782696723938,0.4722222222222222,0.47478991596638653,0.04861111111111111,0.05042016806722689,0.2847222222222222,0.23109243697478993,0.07291666666666667,0.08403361344537816,0.03125,0.025210084033613446
mdr,https://www.mdr.de/nachrichten/sachsen/chemnitz/bahn-preise-fahrkarte-tickets-teurer-dresden-vvo-vms-100.html,0.8198198198198198,222,182,0.4,10,12,0.6552900075912476,0.509009009009009,0.4835164835164835,0.04504504504504504,0.027472527472527472,0.30180180180180183,0.2692307692307692,0.06756756756756757,0.06593406593406594,0.018018018018018018,0.027472527472527476
mdr,https://www.mdr.de/sport/fussball_pokal/vorschau-mdr-sport-im-osten-sachsenpokal-fsa-pokal-thueringenpokal-100.html,0.46101231190150477,731,337,0.10638297872340426,47,31,0.6751767992973328,0.4637482900136799,0.5014836795252225,0.03283173734610123,0.04154302670623145,0.25718194254445964,0.31750741839762614,0.09302325581395349,0.08011869436201781,0.03283173734610123,0.011869436201780416
mdr,https://www.mdr.de/nachrichten/sachsen-anhalt/magdeburg/magdeburg/prozess-attentaeter-taleb-a-tag-siebzehn-106.html,0.7206611570247934,605,436,0.3333333333333333,12,19,0.738574743270874,0.46611570247933887,0.4793577981651376,0.049586776859504134,0.03211009174311927,0.25950413223140495,0.22935779816513763,0.0859504132231405,0.10779816513761468,0.03471074380165289,0.05504587155963303
mdr,https://www.mdr.de/nachrichten/sachsen/leipzig/leipzig-leipzig-land/bahn-fahrplan-aenderungen-bauarbeiten-100.html,0.5188679245283019,212,110,0.3,20,11,0.803688108921051,0.5235849056603774,0.5272727272727272,0.04245283018867924,0.06363636363636363,0.3632075471698113,0.3181818181818182,0.08018867924528301,0.08181818181818182,0.04716981132075471,0.03636363636363636
mdr,https://www.mdr.de/nachrichten/sachsen/leipzig/delitzsch-eilenburg-torgau/mieter-heizung-waermeversorgung-streit-vermieter-energierversorger-100.html,1.6914285714285715,175,296,0.15384615384615385,13,16,0.8087483644485474,0.49714285714285716,0.48986486486486486,0.06285714285714286,0.02364864864864865,0.29714285714285715,0.27702702702702703,0.09714285714285714,0.07432432432432433,0.022857142857142857,0.02702702702702703
mdr,https://www.mdr.de/nachrichten/sachsen-anhalt/halle/halle/hfc-fans-greifen-polizisten-an-100.html,0.891156462585034,147,131,0.5,8,9,0.8788349628448486,0.48299319727891155,0.4961832061068702,0.02040816326530612,0.05343511450381679,0.29931972789115646,0.29007633587786263,0.10204081632653061,0.08396946564885496,0.04081632653061224,0.022900763358778626
mdr,https://www.mdr.de/nachrichten/thueringen/sued-thueringen/hildburghausen/schleusingen-lindenschule-unterricht-frist-100.html,1.1066666666666667,150,166,0.25,8,12,0.8433189392089844,0.54,0.46987951807228917,0.02666666666666667,0.018072289156626505,0.3,0.2469879518072289,0.07333333333333333,0.10240963855421686,0.02666666666666667,0.048192771084337345
mdr,https://www.mdr.de/nachrichten/sachsen/dresden/gefluegelpest-vogelgrippe-ausbruch-zahlen-infektion-100.html,0.5317220543806647,331,176,0.25,20,11,0.6143345832824707,0.5075528700906344,0.4318181818181818,0.04833836858006042,0.017045454545454544,0.27492447129909364,0.24431818181818182,0.09365558912386707,0.07386363636363637,0.03927492447129909,0.03977272727272727
mdr,https://www.mdr.de/nachrichten/thueringen/blindenschule-diesterweg-schliessung-bildungsminister-100.html,0.35,620,217,0.14285714285714285,21,12,0.8254179358482361,0.4483870967741935,0.47465437788018433,0.02903225806451613,0.041474654377880185,0.22580645161290322,0.23963133640552994,0.1032258064516129,0.09216589861751152,0.04193548387096774,0.04608294930875576
mdr,https://www.mdr.de/kultur/ausflug-tipps/hainich-quedlinburg-muldental-wohin-am-wochenende-tipps-100.html,0.519546027742749,793,412,0.021739130434782608,46,28,0.41931435465812683,0.5233291298865069,0.46359223300970875,0.06305170239596469,0.0412621359223301,0.36317780580075665,0.2621359223300971,0.05044136191677175,0.10194174757281553,0.036569987389659525,0.029126213592233007
mdr,https://www.mdr.de/nachrichten/sachsen-anhalt/dessau/dessau-rosslau/muldestausee-freizeitanlage-jugendrat-102.html,0.6772908366533864,502,340,0.2631578947368421,19,21,0.6422751545906067,0.45219123505976094,0.5,0.03187250996015936,0.052941176470588235,0.20916334661354583,0.27941176470588236,0.08565737051792828,0.07647058823529412,0.04980079681274901,0.03529411764705882
mdr,https://www.mdr.de/nachrichten/thueringen/voigt-doktortitel-aberkannt-100.html,0.4017391304347826,575,231,0.14285714285714285,28,13,0.6856513023376465,0.4852173913043478,0.4675324675324675,0.057391304347826085,0.03463203463203463,0.26956521739130435,0.2857142857142857,0.09043478260869565,0.09523809523809523,0.02434782608695652,0.05627705627705627
mdr,https://www.mdr.de/nachrichten/thueringen/mitte-thueringen/weimar/gedenkstaette-buchenwald-widerstand-gegen-ki-fake-holocaust-bilder-kultur-news-100.html,0.48171701112877585,629,303,0.1935483870967742,31,14,0.7550272941589355,0.492845786963434,0.48514851485148514,0.057233704292527825,0.039603960396039604,0.22734499205087438,0.21782178217821782,0.08426073131955485,0.11221122112211221,0.030206677265500793,0.033003300330033
mdr,https://www.mdr.de/nachrichten/sachsen/dresden/warnstreik-nahverkehr-verdi-dvs-saechsische-schweiz-osterzgebirge-regionalverkehr-102.html,0.6951219512195121,246,171,0.13333333333333333,15,11,0.7385880947113037,0.46747967479674796,0.49707602339181284,0.06910569105691057,0.03508771929824561,0.26422764227642276,0.2631578947368421,0.08536585365853659,0.0935672514619883,0.03252032520325203,0.03508771929824561
mdr,https://www.mdr.de/nachrichten/sachsen-anhalt/magdeburg/harz/harzklinikum-krankenhaus-geld-kreistag-102.html,0.948,250,237,0.15,20,9,0.7827876806259155,0.512,0.48523206751054854,0.032,0.04219409282700422,0.308,0.29957805907172996,0.088,0.07172995780590717,0.032,0.02531645569620253
mdr,https://www.mdr.de/nachrichten/sachsen-anhalt/magdeburg/magdeburg/magdeburg-einschraenkungen-bahnverkehr-nach-gueterzugbrand-104.html,0.6059322033898306,236,143,0.14285714285714285,14,11,0.7171798944473267,0.5042372881355932,0.5034965034965035,0.0211864406779661,0.04195804195804196,0.3093220338983051,0.2517482517482518,0.08898305084745763,0.1048951048951049,0.01694915254237288,0.04895104895104895
mdr,https://www.mdr.de/nachrichten/sachsen/chemnitz/chemnitz-stollberg/kardiologisches-zentrum-klinikum-eroeffnet-100.html,1.4491017964071857,167,242,0.23529411764705882,17,19,0.8279542922973633,0.5269461077844312,0.4669421487603306,0.0658682634730539,0.04132231404958678,0.31736526946107785,0.2727272727272727,0.05389221556886228,0.07851239669421488,0.023952095808383235,0.024793388429752067
mdr,https://www.mdr.de/nachrichten/thueringen/west-thueringen/gotha/bahnhof-sanierung-foerdermittel-100.html,0.8075117370892019,213,172,0.4444444444444444,9,11,0.8471794724464417,0.49765258215962443,0.47674418604651164,0.03286384976525822,0.03488372093023256,0.3145539906103286,0.2558139534883721,0.07511737089201878,0.0755813953488372,0.023474178403755867,0.03488372093023256
mdr,https://www.mdr.de/nachrichten/thueringen/ost-thueringen/altenburg/pflege-azubis-aus-vietnam-neue-perspektiven-100.html,0.7099236641221374,393,279,0.15789473684210525,19,20,0.7278977632522583,0.4681933842239186,0.4336917562724014,0.04580152671755725,0.03225806451612903,0.20865139949109415,0.24731182795698925,0.10178117048346055,0.1039426523297491,0.027989821882951654,0.02150537634408602
mdr,https://www.mdr.de/sport/andere_sportarten/rodeln-em-oberhof-eggert-mueller-unterliegen-wendl-arlt-100.html,0.5852713178294574,258,151,0.046511627906976744,43,14,0.5272725820541382,0.4806201550387597,0.4900662251655629,0.03488372093023256,0.059602649006622516,0.38372093023255816,0.2781456953642384,0.050387596899224806,0.059602649006622516,0.06589147286821706,0.019867549668874173
mdr,https://www.mdr.de/kultur/ausflug-tipps/hainich-quedlinburg-muldental-wohin-am-wochenende-tipps-100.html,0.5598991172761665,793,444,0.0,46,25,0.3717876672744751,0.5233291298865069,0.4797297297297297,0.06305170239596469,0.036036036036036036,0.36317780580075665,0.2792792792792793,0.05044136191677175,0.08783783783783784,0.036569987389659525,0.04279279279279279
mdr,https://www.mdr.de/nachrichten/sachsen-anhalt/magdeburg/gewerkschaft-kuendigt-lehrerstreik-an-tarifvertrag-102.html,1.4098360655737705,122,172,0.6875,16,21,0.6502403020858765,0.5655737704918032,0.47093023255813954,0.04918032786885246,0.05232558139534884,0.39344262295081966,0.3081395348837209,0.08196721311475409,0.06976744186046512,0.02459016393442623,0.03488372093023256
mdr,https://www.mdr.de/nachrichten/sachsen/leipzig/leipzig-leipzig-land/baerlauch-diebe-diebstahl-auwald-kontrolle-polizei-100.html,2.2290076335877864,131,292,0.6,5,11,0.772645115852356,0.5114503816793893,0.4691780821917808,0.015267175572519083,0.017123287671232876,0.2900763358778626,0.25,0.10687022900763359,0.09246575342465753,0.04580152671755725,0.0410958904109589
mdr,https://www.mdr.de/nachrichten/sachsen/leipzig/leipzig-leipzig-land/connewitz-demo-linke-polizei-straftaten-100.html,2.893081761006289,159,460,0.5,10,19,0.737960696220398,0.5031446540880503,0.45652173913043476,0.0440251572327044,0.041304347826086954,0.2830188679245283,0.25869565217391305,0.0880503144654088,0.09347826086956522,0.0440251572327044,0.04782608695652174
mdr,https://www.mdr.de/nachrichten/sachsen/chemnitz/zwickau/insolvenz-crimmitschau-wohnunsggesellschaft-100.html,1.5692307692307692,130,204,0.3076923076923077,13,14,0.6842727661132812,0.5153846153846153,0.46568627450980393,0.06923076923076923,0.03431372549019608,0.2846153846153846,0.27941176470588236,0.1,0.06372549019607843,0.038461538461538464,0.0392156862745098
mdr,https://www.mdr.de/nachrichten/deutschland/politik/software-umstellung-sachsen-anhalt-buerokratie-chaos-bussgelder-100.html,0.21565217391304348,1150,248,0.06382978723404255,47,12,0.815117359161377,0.47304347826086957,0.4596774193548387,0.042608695652173914,0.03225806451612903,0.25478260869565217,0.2379032258064516,0.08434782608695653,0.08870967741935484,0.042608695652173914,0.06048387096774194
mdr,https://www.mdr.de/nachrichten/thueringen/sued-thueringen/suhl/rennsteig-beschilderung-wandern-modernisieren-100.html,0.7317073170731707,164,120,0.3,10,13,0.5929770469665527,0.5304878048780488,0.5083333333333333,0.08536585365853659,0.08333333333333333,0.28658536585365857,0.26666666666666666,0.08536585365853659,0.075,0.036585365853658534,0.025
mdr,https://www.mdr.de/nachrichten/thueringen/nord-thueringen/nordhausen/luchs-harz-wieder-angesiedelt-100.html,1.2291666666666667,144,177,0.1875,16,11,0.8199282884597778,0.5277777777777778,0.4858757062146893,0.05555555555555555,0.03954802259887006,0.2777777777777778,0.2655367231638418,0.06944444444444445,0.096045197740113,0.020833333333333332,0.03954802259887005
mdr,https://www.mdr.de/kultur/buchmesse/leipzig-highlights-messe-bilanz-kultur-news-104.html,0.29260182876142976,1203,352,0.15584415584415584,77,24,0.8278706073760986,0.5029093931837074,0.48863636363636365,0.0714879467996675,0.045454545454545456,0.31255195344970904,0.3068181818181818,0.06816292601828762,0.07670454545454546,0.03906899418121363,0.022727272727272728
mdr,https://www.mdr.de/nachrichten/sachsen-anhalt/halle/halle/bahn-liegen-geblieben-fahrgaeste-sitzen-fest-100.html,0.9794520547945206,146,143,0.2222222222222222,9,9,0.8579927682876587,0.4794520547945205,0.46853146853146854,0.0410958904109589,0.03496503496503497,0.3150684931506849,0.23776223776223776,0.0821917808219178,0.09090909090909091,0.0136986301369863,0.02097902097902098
mdr,https://www.mdr.de/sport/andere_sportarten/wintersport-vierschanzentournee-innsbruch-felix-hoffmann-100.html,0.7794117647058824,272,212,0.23529411764705882,17,20,0.8307525515556335,0.5220588235294118,0.47641509433962265,0.08088235294117647,0.05188679245283019,0.27205882352941174,0.2783018867924528,0.08823529411764706,0.07075471698113207,0.01838235294117647,0.014150943396226415
mdr,https://www.mdr.de/nachrichten/sachsen/rettung-millionen-flughafen-leipzig-halle-dresden-100.html,0.32170542635658916,516,166,0.11428571428571428,35,11,0.8356239795684814,0.4689922480620155,0.46987951807228917,0.040697674418604654,0.024096385542168676,0.31589147286821706,0.2891566265060241,0.060077519379844964,0.0783132530120482,0.029069767441860465,0.048192771084337345
mdr,https://www.mdr.de/nachrichten/sachsen-anhalt/magdeburg/harz/harz-schneehoehe-skifahren-rodeln-wintersport-loipen-bedingungen-104.html,0.7920792079207921,303,240,0.1724137931034483,29,19,0.8083933591842651,0.5082508250825083,0.475,0.0462046204620462,0.029166666666666667,0.3069306930693069,0.26666666666666666,0.0594059405940594,0.07083333333333333,0.04290429042904291,0.029166666666666667
mdr,https://www.mdr.de/nachrichten/sachsen-anhalt/magdeburg/magdeburg/rhinoceros-ausstellung-nashorn-itamar-gov-kultur-news-100.html,0.19008264462809918,847,161,0.08571428571428572,35,11,0.7688151001930237,0.4498229043683589,0.4782608695652174,0.04014167650531287,0.08074534161490683,0.25737898465171194,0.2546583850931677,0.07083825265643448,0.062111801242236024,0.05667060212514757,0.024844720496894408
mdr,https://www.mdr.de/nachrichten/sachsen-anhalt/magdeburg/magdeburg/fcm-statement-konsequenzen-ausschreitungen-dynamo-dresden-102.html,0.8914027149321267,442,394,0.2222222222222222,18,25,0.8022264838218689,0.5180995475113123,0.467005076142132,0.049773755656108594,0.03807106598984772,0.29638009049773756,0.2563451776649746,0.08597285067873303,0.09644670050761421,0.03167420814479638,0.03299492385786802
mdr,https://www.mdr.de/nachrichten/sachsen/warnstreik-verdi-nahverkehr-bus-faehre-kirnitzschtalbahn-102.html,0.30122591943957966,571,172,0.14285714285714285,63,14,0.6978297233581543,0.4886164623467601,0.47674418604651164,0.03677758318739054,0.03488372093023256,0.3485113835376532,0.27906976744186046,0.06304728546409807,0.0755813953488372,0.03677758318739054,0.058139534883720936
mdr,https://www.mdr.de/nachrichten/sachsen-anhalt/magdeburg/magdeburg/fcm-ausschreitungen-fanausschluss-geldstrafe-100.html,0.8131868131868132,182,148,0.23076923076923078,13,11,0.7623580694198608,0.5164835164835165,0.5,0.06043956043956044,0.06756756756756757,0.3131868131868132,0.2972972972972973,0.08241758241758242,0.08108108108108109,0.01098901098901099,0.02702702702702703
mdr,https://www.mdr.de/nachrichten/sachsen-anhalt/magdeburg/boerde/diesel-diebstahl-lkw-102.html,0.7175572519083969,262,188,0.35714285714285715,14,10,0.6132662296295166,0.49236641221374045,0.48936170212765956,0.022900763358778626,0.031914893617021274,0.3053435114503817,0.26595744680851063,0.06870229007633588,0.0851063829787234,0.022900763358778626,0.02127659574468085
mdr,https://www.mdr.de/kultur/buchmesse/absage-veranstaltung-afd-politiker-maximilian-krah-buch-kultur-news-100.html,0.83399209486166,253,211,0.21428571428571427,14,8,0.7678888440132141,0.5059288537549407,0.46919431279620855,0.07509881422924901,0.05687203791469194,0.28063241106719367,0.2654028436018957,0.09881422924901186,0.08530805687203792,0.023715415019762844,0.037914691943127965
mdr,https://www.mdr.de/nachrichten/thueringen/afd-voigt-misstrauens-votum-100.html,3.063063063063063,111,340,0.36363636363636365,11,16,0.6482012271881104,0.5045045045045045,0.45588235294117646,0.06306306306306306,0.04411764705882353,0.34234234234234234,0.26176470588235295,0.07207207207207207,0.08823529411764706,0.018018018018018018,0.032352941176470584
mdr,https://www.mdr.de/nachrichten/sachsen-anhalt/magdeburg/magdeburg/landesverwaltungsamt-entschaedigung-anschlag-weihnachtsmarkt-102.html,1.5142857142857142,175,265,0.2222222222222222,9,8,0.7527744770050049,0.46285714285714286,0.43018867924528303,0.02857142857142857,0.03018867924528302,0.32,0.23018867924528302,0.05714285714285714,0.10566037735849057,0.022857142857142857,0.05283018867924528
mdr,https://www.mdr.de/nachrichten/thueringen/sued-thueringen/sonneberg/unfall-regionalzug-postauto-verletzter-104.html,1.679245283018868,106,178,0.2857142857142857,7,14,0.4962916374206543,0.4811320754716981,0.43820224719101125,0.018867924528301886,0.02247191011235955,0.3113207547169811,0.25842696629213485,0.10377358490566038,0.0898876404494382,0.03773584905660377,0.02247191011235955
mdr,https://www.mdr.de/nachrichten/sachsen/chemnitz/chemnitz-stollberg/marx-kopf-restaurierung-nischel-denkmal-100.html,0.8708487084870848,271,236,0.35714285714285715,14,12,0.7713049054145813,0.4612546125461255,0.4915254237288136,0.01845018450184502,0.029661016949152543,0.25830258302583026,0.2711864406779661,0.08487084870848709,0.1016949152542373,0.03690036900369004,0.0423728813559322
mdr,https://www.mdr.de/nachrichten/sachsen/chemnitz/annaberg-aue-schwarzenberg/abrafaxe-comic-erzgebirge-mosaik-ddr-kultur-news100.html,0.5040983606557377,488,246,0.22857142857142856,35,16,0.8056243658065796,0.5040983606557377,0.45121951219512196,0.05942622950819672,0.032520325203252036,0.3012295081967213,0.24796747967479676,0.06762295081967214,0.09349593495934959,0.03483606557377049,0.032520325203252036
mdr,https://www.mdr.de/nachrichten/sachsen-anhalt/sicherheit-bahnverkehr-zuege-hueskens-100.html,0.895397489539749,239,214,0.09090909090909091,11,7,0.7455935478210449,0.4811715481171548,0.4439252336448598,0.03765690376569038,0.03271028037383177,0.3138075313807531,0.24299065420560748,0.07531380753138076,0.08411214953271028,0.058577405857740586,0.04205607476635514
mdr,https://www.mdr.de/nachrichten/sachsen/chemnitz/vogtland/plauen-strassenbahn-insolvenz-rettung-betriebsversammung-100.html,0.40691489361702127,376,153,0.15384615384615385,26,10,0.8540220260620117,0.5292553191489362,0.49019607843137253,0.06914893617021277,0.0392156862745098,0.2872340425531915,0.28104575163398693,0.07446808510638298,0.08496732026143791,0.010638297872340425,0.06535947712418301
mdr,https://www.mdr.de/nachrichten/sachsen/chemnitz/zwickau/bus-streik-strassenbahn-schuelerverkehr-ausfall-montag-104.html,0.20351758793969849,1194,243,0.1568627450980392,51,26,0.7797229290008545,0.42546063651591287,0.46502057613168724,0.052763819095477386,0.024691358024691357,0.24958123953098826,0.2716049382716049,0.0728643216080402,0.09465020576131687,0.035175879396984924,0.04938271604938272
mdr,https://www.mdr.de/nachrichten/sachsen-anhalt/magdeburg/harz/feininger-museum-quedlinburg-sonderausstellung-die-blauen-vier-kultur-news-100.html,0.334716459197787,723,242,0.20512820512820512,39,17,0.709247350692749,0.4467496542185339,0.44214876033057854,0.04702627939142462,0.049586776859504134,0.2600276625172891,0.2892561983471075,0.08575380359612725,0.06611570247933884,0.042876901798063624,0.012396694214876033
mdr,https://www.mdr.de/nachrichten/sachsen-anhalt/magdeburg/boerde/schamanin-archaeologie-rehgeweih-114.html,3.9565217391304346,92,364,0.2,10,20,0.7159686088562012,0.5869565217391305,0.46153846153846156,0.05434782608695652,0.0521978021978022,0.3804347826086957,0.2774725274725275,0.07608695652173914,0.07142857142857142,0.043478260869565216,0.01098901098901099
mdr,https://www.mdr.de/nachrichten/sachsen-anhalt/magdeburg/magdeburg/ticker-anschlag-weihnachtsmarkt-prozess-tag-fuenfzehn-100.html,0.24375,1280,312,0.16666666666666666,18,8,0.6856251955032349,0.43515625,0.4423076923076923,0.040625,0.04807692307692308,0.20390625,0.21153846153846154,0.1046875,0.08012820512820513,0.03828125,0.01923076923076923
mdr,https://www.mdr.de/nachrichten/sachsen/dresden/dresden-radebeul/filmfest-dresden-programm-kino-kurzfilme-kultur-news-100.html,0.48717948717948717,468,228,0.1111111111111111,18,6,0.8579707145690918,0.4829059829059829,0.4649122807017544,0.07264957264957266,0.06140350877192982,0.27564102564102566,0.21929824561403508,0.07478632478632478,0.10526315789473684,0.038461538461538464,0.043859649122807015
mdr,https://www.mdr.de/kultur/ausflug-tipps/hainich-quedlinburg-muldental-wohin-am-wochenende-tipps-100.html,0.41740226986128626,793,331,0.0,46,18,0.335540235042572,0.5233291298865069,0.47129909365558914,0.06305170239596469,0.03323262839879154,0.36317780580075665,0.26586102719033233,0.05044136191677175,0.09969788519637462,0.036569987389659525,0.03625377643504532
mdr,https://www.mdr.de/nachrichten/sachsen/leipzig/delitzsch-eilenburg-torgau/grundwasser-gift-verbot-gefahr-schadstoffe-100.html,0.6099290780141844,282,172,0.10526315789473684,19,8,0.7647456526756287,0.5070921985815603,0.47674418604651164,0.04964539007092199,0.05813953488372093,0.2695035460992908,0.2441860465116279,0.08865248226950355,0.08139534883720931,0.028368794326241134,0.029069767441860465
mdr,https://www.mdr.de/nachrichten/sachsen-anhalt/magdeburg/magdeburg/fcm-dynamo-dresden-ausschreitungen-polizei-festnahme100.html,0.23878437047756873,691,165,0.11904761904761904,42,9,0.6184220314025879,0.4963820549927641,0.49696969696969695,0.05209840810419682,0.04242424242424243,0.2981186685962373,0.3151515151515152,0.07959479015918958,0.08484848484848485,0.03473227206946454,0.030303030303030304
mdr,https://www.mdr.de/nachrichten/sachsen/dresden/dresden-radebeul/festspielhaus-hellerau-theater-preis-kultur-news-102.html,0.31860036832412525,543,173,0.25,24,14,0.8403662443161011,0.4972375690607735,0.5028901734104047,0.05156537753222836,0.03468208092485549,0.30386740331491713,0.2947976878612717,0.08287292817679558,0.09248554913294797,0.03867403314917127,0.028901734104046242
mdr,https://www.mdr.de/nachrichten/thueringen/nord-thueringen/eichsfeld/heise-fretterode-spiegel-tv-angriff-100.html,0.47560975609756095,328,156,0.25,20,9,0.7549220323562622,0.45426829268292684,0.46794871794871795,0.027439024390243903,0.03205128205128205,0.3018292682926829,0.2692307692307692,0.07926829268292683,0.10897435897435898,0.04878048780487805,0.019230769230769232
mdr,https://www.mdr.de/nachrichten/sachsen-anhalt/halle/halle/sirenen-alarm-cyberangriff-attacke-lka-halle-102.html,0.7860082304526749,243,191,0.3,10,11,0.7764933109283447,0.4691358024691358,0.4607329842931937,0.037037037037037035,0.020942408376963352,0.2674897119341564,0.23036649214659688,0.10699588477366255,0.1099476439790576,0.03292181069958848,0.05759162303664922
mdr,https://www.mdr.de/sport/fussball_rl/rot-weiss-erfurt-insolvenzverfahren-ende-100.html,0.4116022099447514,362,149,0.16666666666666666,24,11,0.7692299485206604,0.5276243093922652,0.5167785234899329,0.049723756906077346,0.026845637583892617,0.2983425414364641,0.32885906040268453,0.07734806629834254,0.06040268456375839,0.022099447513812154,0.03355704697986577
mdr,https://www.mdr.de/nachrichten/sachsen/leipzig/delitzsch-eilenburg-torgau/tafel-wiedereroeffnung-wasserschaden-neues-domizil-100.html,1.194915254237288,118,141,0.2222222222222222,9,5,0.828437089920044,0.5,0.49645390070921985,0.07627118644067797,0.028368794326241134,0.3050847457627119,0.3049645390070922,0.059322033898305086,0.07801418439716312,0.025423728813559324,0.02127659574468085
mdr,https://www.mdr.de/nachrichten/sachsen-anhalt/bahn-berlin-anbindung-nasa-fahrplanaenderung-100.html,0.7205240174672489,229,165,0.2857142857142857,21,15,0.8624429106712341,0.5327510917030568,0.4727272727272727,0.039301310043668124,0.03636363636363636,0.3406113537117904,0.3151515151515151,0.07860262008733625,0.06060606060606061,0.03056768558951965,0.03636363636363636
mdr,https://www.mdr.de/kultur/ausflug-tipps/hainich-quedlinburg-muldental-wohin-am-wochenende-tipps-100.html,0.41866330390920553,793,332,0.0,46,26,0.5350881218910217,0.5233291298865069,0.4819277108433735,0.06305170239596469,0.045180722891566265,0.36317780580075665,0.29216867469879515,0.05044136191677175,0.07228915662650602,0.036569987389659525,0.02108433734939759
mdr,https://www.mdr.de/nachrichten/sachsen-anhalt/magdeburg/harz/wernigerode-stolperstein-verlegt-euthanasie-opfer-102.html,0.947265625,512,485,0.13333333333333333,30,20,0.4829293191432953,0.4609375,0.43917525773195876,0.03515625,0.05154639175257732,0.25,0.2639175257731959,0.08984375,0.07216494845360824,0.033203125,0.03505154639175258
mdr,https://www.mdr.de/nachrichten/sachsen/schueler-mathematik-rechenschwaeche-dyskalkulie-102.html,2.68,200,536,0.42857142857142855,14,28,0.620818018913269,0.5,0.45149253731343286,0.055,0.029850746268656716,0.32,0.26865671641791045,0.065,0.08955223880597014,0.04,0.03544776119402985
mdr,https://www.mdr.de/nachrichten/sachsen/software-panne-polizei-kritik-100.html,0.5054151624548736,831,420,0.03125,32,18,0.684954047203064,0.4861612515042118,0.4523809523809524,0.05535499398315283,0.05238095238095238,0.24067388688327315,0.2285714285714286,0.08784596871239471,0.0880952380952381,0.03489771359807461,0.05476190476190476
mdr,https://www.mdr.de/nachrichten/sachsen/dresden/dresden-radebeul/carolabruecke-blindgaenger-evakuierung-bombe-gefahr-100.html,0.9843260188087775,319,314,0.15384615384615385,13,14,0.7374913096427917,0.4670846394984326,0.4426751592356688,0.07523510971786834,0.03184713375796178,0.25391849529780564,0.22611464968152867,0.0877742946708464,0.07961783439490445,0.018808777429467086,0.025477707006369428
mdr,https://www.mdr.de/nachrichten/sachsen/leipzig/leipzig-leipzig-land/hauptbahnhof-gewalt-kriminalitaet-sicherheit-polizei-100.html,0.9243243243243243,185,171,0.23076923076923078,13,17,0.8561021089553833,0.4918918918918919,0.5146198830409356,0.05405405405405406,0.05263157894736842,0.31891891891891894,0.2807017543859649,0.07027027027027027,0.06432748538011696,0.03783783783783784,0.023391812865497075
mdr,https://www.mdr.de/nachrichten/thueringen/mitte-thueringen/erfurt/nationalsozialismus-gedenken-topf-und-soehne-100.html,0.5526627218934911,845,467,0.42857142857142855,28,28,0.6357945203781128,0.42485207100591715,0.4689507494646681,0.01893491124260355,0.03640256959314775,0.22248520710059172,0.2826552462526767,0.09349112426035502,0.09850107066381156,0.07218934911242603,0.044967880085653104
mdr,https://www.mdr.de/nachrichten/sachsen/bautzen/goerlitz-weisswasser-zittau/ausstellung-schatz-goetter-bronzezeit-kaisertrutz-kultur-news-100.html,0.4559386973180077,783,357,0.14285714285714285,21,21,0.34705477952957153,0.48659003831417624,0.484593837535014,0.04980842911877394,0.04201680672268908,0.25287356321839083,0.29971988795518206,0.07407407407407407,0.08123249299719888,0.03065134099616858,0.022408963585434174
mdr,https://www.mdr.de/nachrichten/sachsen/dresden/dresden-radebeul/filmfest-dresden-programm-kino-kurzfilme-kultur-news-100.html,0.5128205128205128,468,240,0.2222222222222222,18,13,0.8223471641540527,0.4829059829059829,0.4625,0.07264957264957266,0.058333333333333334,0.27564102564102566,0.24583333333333332,0.07478632478632478,0.08333333333333333,0.038461538461538464,0.03333333333333333
mdr,https://www.mdr.de/nachrichten/sachsen/bautzen/bautzen-hoyerswerda-kamenz/ottendorf-okrilla-huegelgrab-schnurkeramik-perlen-100.html,1.4210526315789473,133,189,0.375,8,9,0.8824766874313354,0.5037593984962406,0.48148148148148145,0.08270676691729323,0.047619047619047616,0.2932330827067669,0.25396825396825395,0.07518796992481203,0.07936507936507936,0.03759398496240601,0.037037037037037035
mdr,https://www.mdr.de/nachrichten/sachsen-anhalt/landespolitik/taleb-a-kritik-zweifel-arzt-anschlag-magdeburg-weihnachtsmarkt-100.html,0.93717277486911,191,179,0.18181818181818182,11,9,0.4056837260723114,0.4869109947643979,0.44692737430167595,0.05759162303664921,0.0335195530726257,0.2984293193717278,0.2737430167597765,0.08376963350785341,0.061452513966480445,0.031413612565445025,0.0223463687150838
mdr,https://www.mdr.de/nachrichten/sachsen/chemnitz/zwickau/vw-krise-zwickau-zukunft-recyclingstrecke-100.html,0.5787831513260531,641,371,0.12,25,16,0.7159024477005005,0.47425897035881437,0.4797843665768194,0.0390015600624025,0.04851752021563342,0.21372854914196568,0.24797843665768193,0.10764430577223089,0.09164420485175202,0.0390015600624025,0.02425876010781671
mdr,https://www.mdr.de/nachrichten/sachsen/fussball-dynamo-fans-hertha-gewalt-innenminister-102.html,0.2588597842835131,649,168,0.15625,32,14,0.8216172456741333,0.514637904468413,0.4642857142857143,0.06779661016949153,0.02976190476190476,0.29275808936825887,0.2619047619047619,0.08012326656394453,0.08928571428571429,0.04160246533127889,0.02976190476190476
mdr,https://www.mdr.de/nachrichten/sachsen/leipzig/leipzig-leipzig-land/strassenbahn-lvb-entgleist-ausfall-stoerung-100.html,1.2923076923076924,130,168,0.3,10,12,0.7805410623550415,0.45384615384615384,0.44642857142857145,0.015384615384615385,0.023809523809523808,0.2923076923076923,0.25,0.1,0.09523809523809523,0.038461538461538464,0.047619047619047616
mdr,https://www.mdr.de/nachrichten/thueringen/sondervermoegen-bund-projekte-100.html,0.4574314574314574,693,317,0.13636363636363635,22,16,0.6558474898338318,0.4675324675324675,0.48264984227129337,0.03318903318903319,0.056782334384858045,0.27849927849927847,0.277602523659306,0.07647907647907648,0.09779179810725552,0.046176046176046176,0.04416403785488959
mdr,https://www.mdr.de/nachrichten/sachsen-anhalt/magdeburg/harz/thale-tierpark-baeren-winterschlaf-beendet-100.html,0.6927710843373494,166,115,0.2857142857142857,7,9,0.8625130653381348,0.5,0.5217391304347826,0.024096385542168676,0.05217391304347826,0.27710843373493976,0.3217391304347826,0.0963855421686747,0.0782608695652174,0.060240963855421686,0.043478260869565216
mdr,https://www.mdr.de/nachrichten/deutschland/wirtschaft/heizkosten-gestiegen-sachsen-anhalt-thueringen-verbrauch-januar-100.html,0.6876355748373102,461,317,0.3157894736842105,19,14,0.7214115262031555,0.5032537960954447,0.43217665615141954,0.0368763557483731,0.00946372239747634,0.29067245119305857,0.26813880126182965,0.0650759219088937,0.0694006309148265,0.02386117136659436,0.03785488958990536
mdr,https://www.mdr.de/nachrichten/sachsen-anhalt/magdeburg/salzland/harzer-polizei-findet-munition-wieder-102.html,0.9534883720930233,172,164,0.2222222222222222,9,10,0.8002524375915527,0.47674418604651164,0.4268292682926829,0.040697674418604654,0.042682926829268296,0.26744186046511625,0.25609756097560976,0.09302325581395349,0.06707317073170732,0.023255813953488372,0.03048780487804878
mdr,https://www.mdr.de/nachrichten/sachsen-anhalt/halle/saalekreis/merseburg-stadtrat-fuer-erweiterung-chemiepark-leuna-drei-100.html,0.37425149700598803,334,125,0.15384615384615385,26,10,0.65999436378479,0.49700598802395207,0.464,0.05389221556886228,0.048,0.2994011976047904,0.248,0.08383233532934131,0.08,0.029940119760479042,0.032
mdr,https://www.mdr.de/kultur/ausflug-tipps/hainich-quedlinburg-muldental-wohin-am-wochenende-tipps-100.html,0.4110970996216898,793,326,0.021739130434782608,46,22,0.49284687638282776,0.5233291298865069,0.4785276073619632,0.06305170239596469,0.046012269938650305,0.36317780580075665,0.2822085889570552,0.05044136191677175,0.10122699386503067,0.036569987389659525,0.024539877300613498
mdr,https://www.mdr.de/nachrichten/sachsen-anhalt/magdeburg/kommunen-planen-fruejahrsputz-aktionen-100.html,0.6168582375478927,261,161,0.5,14,12,0.7680454254150391,0.5440613026819924,0.5279503105590062,0.07662835249042145,0.062111801242236024,0.33333333333333337,0.25465838509316774,0.0842911877394636,0.11801242236024845,0.04597701149425287,0.024844720496894408
mdr,https://www.mdr.de/nachrichten/sachsen/regiobahn-akkuzug-chemnitz-leipzig-100.html,0.597457627118644,236,141,0.15,20,13,0.7856761813163757,0.5042372881355932,0.48936170212765956,0.06779661016949153,0.04964539007092199,0.3008474576271186,0.28368794326241137,0.046610169491525424,0.06382978723404255,0.02542372881355932,0.035460992907801414
mdr,https://www.mdr.de/nachrichten/sachsen/drogen-handel-spaeti-leipzig-razzia-100.html,0.20385674931129477,1089,222,0.10714285714285714,28,9,0.8132966160774231,0.472910927456382,0.4864864864864865,0.03673094582185491,0.036036036036036036,0.21763085399449036,0.26576576576576577,0.11202938475665748,0.06306306306306306,0.04315886134067952,0.05405405405405405
mdr,https://www.mdr.de/nachrichten/sachsen/raumfahrt-satellit-mission-weltall-100.html,1.5316455696202531,158,242,0.16666666666666666,18,11,0.8628709316253662,0.5316455696202531,0.43388429752066116,0.04430379746835443,0.03305785123966942,0.3227848101265823,0.2644628099173554,0.08860759493670886,0.10743801652892562,0.02531645569620253,0.024793388429752067
mdr,https://www.mdr.de/nachrichten/sachsen-anhalt/landespolitik/afd-kommission-anstellungen-kein-sonderparteitag-100.html,3.3741935483870966,155,523,0.38461538461538464,13,21,0.7400182485580444,0.5161290322580645,0.44933078393881454,0.03870967741935484,0.030592734225621414,0.31612903225806455,0.25239005736137665,0.10967741935483871,0.09560229445506692,0.025806451612903226,0.045889101338432124
mdr,https://www.mdr.de/kultur/buchmesse/leipzig-weimer-kritik-protest-buchhandlungspreis-kultur-news-100.html,0.7205240174672489,687,495,0.1388888888888889,36,27,0.6299726963043213,0.4774381368267831,0.46464646464646464,0.040756914119359534,0.052525252525252523,0.2954876273653566,0.2868686868686869,0.08005822416302766,0.06464646464646465,0.023289665211062592,0.022222222222222223
mdr,https://www.mdr.de/nachrichten/sachsen/leipzig/leipzig-leipzig-land/sanierung-citytunnel-bahn-rolltreppe-barrierefrei-100.html,1.3225806451612903,248,328,0.25,16,14,0.8630489110946655,0.4798387096774194,0.4695121951219512,0.04838709677419355,0.042682926829268296,0.3024193548387097,0.24390243902439024,0.08064516129032258,0.08231707317073171,0.04435483870967742,0.039634146341463415
mdr,https://www.mdr.de/nachrichten/sachsen/politik/bildungsticket-preiserhoehung-haushaltsluecke-100.html,0.4006568144499179,609,244,0.10526315789473684,19,11,0.6545653343200684,0.451559934318555,0.4385245901639344,0.027914614121510674,0.02459016393442623,0.21839080459770113,0.26639344262295084,0.10673234811165845,0.0942622950819672,0.047619047619047616,0.036885245901639344
mdr,https://www.mdr.de/nachrichten/thueringen/mitte-thueringen/erfurt/moschee-ahmadiyya-marbach-eroeffnung-100.html,1.091503267973856,306,334,0.043478260869565216,23,17,0.7832878828048706,0.4934640522875817,0.4550898203592814,0.06535947712418301,0.059880239520958084,0.2875816993464052,0.2574850299401198,0.08496732026143791,0.07784431137724551,0.026143790849673203,0.038922155688622756
mdr,https://www.mdr.de/nachrichten/sachsen/warnstreik-nahverkehr-streik-busse-regionalverkehr-100.html,1.012012012012012,333,337,0.3684210526315789,38,30,0.6507931351661682,0.5435435435435435,0.4688427299703264,0.06906906906906907,0.017804154302670624,0.36036036036036034,0.27893175074183973,0.06906906906906907,0.0771513353115727,0.039039039039039033,0.050445103857566766
mdr,https://www.mdr.de/nachrichten/thueringen/mitte-thueringen/erfurt/nach-autobrand-in-erfurt-tatverdaechtige-ermittelt-100.html,1.3076923076923077,91,119,0.6666666666666666,3,11,0.8941980600357056,0.43956043956043955,0.46218487394957986,0.01098901098901099,0.025210084033613446,0.23076923076923078,0.2857142857142857,0.10989010989010989,0.08403361344537816,0.01098901098901099,0.025210084033613446
mdr,https://www.mdr.de/sport/andere_sportarten/olympia-rodeln-einzel-maenner-langenhan-100.html,2.090909090909091,220,460,0.23529411764705882,17,28,0.750067949295044,0.509090909090909,0.49130434782608695,0.07272727272727272,0.04565217391304348,0.2863636363636364,0.29565217391304344,0.08181818181818182,0.07173913043478261,0.01818181818181818,0.017391304347826087
mdr,https://www.mdr.de/nachrichten/sachsen-anhalt/dessau/wittenberg/ice-gestrandet-oberleitung-bahn-zuege-umleitung-108.html,0.7399103139013453,223,165,0.17647058823529413,17,8,0.8122613430023193,0.49327354260089684,0.47878787878787876,0.03587443946188341,0.04242424242424243,0.3094170403587444,0.2484848484848485,0.1031390134529148,0.09696969696969697,0.04035874439461884,0.024242424242424242
mdr,https://www.mdr.de/nachrichten/thueringen/mitte-thueringen/weimar/gedenken-kz-gedenkstaette-buchenwald-kerkeling-100.html,0.6569148936170213,1128,741,0.078125,64,22,0.6770797967910767,0.45567375886524825,0.4534412955465587,0.0425531914893617,0.043184885290148446,0.2765957446808511,0.24291497975708504,0.0851063829787234,0.09986504723346828,0.038120567375886524,0.04453441295546559
mdr,https://www.mdr.de/nachrichten/deutschland/politik/tarifeinigung-beschaeftigte-oeffentlicher-dienst-laender-abschluss-100.html,0.5676229508196722,488,277,0.030303030303030304,33,11,0.7113040089607239,0.4979508196721312,0.49097472924187724,0.03278688524590164,0.05054151624548736,0.32172131147540983,0.2888086642599278,0.06147540983606557,0.07942238267148015,0.04098360655737705,0.02888086642599278
mdr,https://www.mdr.de/nachrichten/sachsen/chemnitz/chemnitz-stollberg/toetungsdelikt-pflegeheim-polizei-bernsdorf-todesursache-100.html,1.472,125,184,0.5,6,9,0.8028429746627808,0.456,0.44565217391304346,0.032,0.03260869565217391,0.32,0.2391304347826087,0.08,0.09782608695652174,0.016,0.03260869565217391
mdr,https://www.mdr.de/nachrichten/sachsen/sexualisierte-gewalt-schutz-frauen-hilfe-collien-fernandes-100.html,0.5349544072948328,658,352,0.0967741935483871,31,13,0.740455150604248,0.4908814589665654,0.48579545454545453,0.041033434650455926,0.05397727272727273,0.2826747720364742,0.2528409090909091,0.0972644376899696,0.11079545454545454,0.0425531914893617,0.05113636363636363
mdr,https://www.mdr.de/nachrichten/thueringen/ost-thueringen/greiz/brand-muell-deponie-feuerwehr-zeulenroda-102.html,0.5038167938931297,262,132,0.23076923076923078,13,7,0.6929473876953125,0.4618320610687023,0.4772727272727273,0.03435114503816794,0.045454545454545456,0.26717557251908397,0.2272727272727273,0.0916030534351145,0.11363636363636363,0.03816793893129771,0.03787878787878788
mdr,https://www.mdr.de/nachrichten/sachsen-anhalt/magdeburg/harz/ddr-zug-absolviert-erste-probefahrt-104.html,0.6297872340425532,235,148,0.5,14,12,0.8505555987358093,0.48936170212765956,0.47297297297297297,0.05106382978723404,0.033783783783783786,0.3021276595744681,0.27702702702702703,0.06808510638297872,0.08108108108108109,0.03829787234042553,0.04054054054054054
mdr,https://www.mdr.de/nachrichten/sachsen-anhalt/halle/saalekreis/querfurt-sirenen-alarm-ermittlungen-polizei-104.html,0.3532710280373832,535,189,0.24242424242424243,33,10,0.779621958732605,0.4953271028037383,0.4444444444444444,0.052336448598130844,0.015873015873015872,0.28598130841121494,0.25396825396825395,0.09345794392523364,0.09523809523809523,0.04485981308411215,0.037037037037037035
mdr,https://www.mdr.de/nachrichten/sachsen/dresden/dresden-radebeul/sicherheit-schutz-demos-gedenken-allgemeinverfuegung-100.html,1.0697115384615385,416,445,0.42857142857142855,14,17,0.815588116645813,0.45913461538461536,0.47415730337078654,0.04567307692307692,0.056179775280898875,0.2932692307692308,0.2606741573033708,0.0625,0.08764044943820225,0.02403846153846154,0.060674157303370786
mdr,https://www.mdr.de/sport/volleyball/nachklapp-laura-berger-volleyball-pokal-finale-vfb-suhl-mtv-stuttgart-100.html,0.3867924528301887,424,164,0.26666666666666666,15,16,0.6539298295974731,0.4386792452830189,0.4634146341463415,0.03537735849056604,0.024390243902439025,0.23113207547169812,0.2987804878048781,0.09198113207547169,0.07317073170731707,0.025943396226415092,0.024390243902439025
mdr,https://www.mdr.de/nachrichten/thueringen/ost-thueringen/greiz/betrug-hohe-geldsumme-polizei-102.html,1.8214285714285714,140,255,0.14285714285714285,7,12,0.6652414798736572,0.4642857142857143,0.47058823529411764,0.05,0.03529411764705882,0.2857142857142857,0.24313725490196078,0.1,0.10980392156862745,0.02142857142857143,0.03529411764705882
mdr,https://www.mdr.de/nachrichten/sachsen-anhalt/landespolitik/software-debakel-landtag-ohne-einblick-in-landesfinanzen-102.html,0.5620328849028401,669,376,0.22727272727272727,22,14,0.8054762482643127,0.49327354260089684,0.4574468085106383,0.04932735426008968,0.0425531914893617,0.24962630792227203,0.22872340425531915,0.09267563527653214,0.10638297872340426,0.03587443946188341,0.05319148936170213
mdr,https://www.mdr.de/nachrichten/thueringen/sued-thueringen/schmalkalden-meiningen/osterspaziergang-wandern-ostersonntag-vorbei-100.html,1.3533834586466165,399,540,0.08695652173913043,23,27,0.6635459661483765,0.47117794486215536,0.4537037037037037,0.06766917293233082,0.05185185185185185,0.3132832080200501,0.3037037037037037,0.040100250626566414,0.05555555555555555,0.045112781954887216,0.03333333333333333
mdr,https://www.mdr.de/nachrichten/sachsen-anhalt/magdeburg/magdeburg/brand-sternstrasse-hasselbachplatz-feuerwehr-106.html,2.297752808988764,178,409,0.13333333333333333,15,30,0.8298325538635254,0.5056179775280899,0.4889975550122249,0.028089887640449437,0.0488997555012225,0.28651685393258425,0.29095354523227385,0.09550561797752809,0.09290953545232274,0.033707865168539325,0.02444987775061125
mdr,https://www.mdr.de/nachrichten/thueringen/mitte-thueringen/soemmerda/runneburg-weissensee-brand-feuer-100.html,0.7383966244725738,237,175,0.1875,16,8,0.6967685222625732,0.4641350210970464,0.44,0.029535864978902954,0.045714285714285714,0.32489451476793246,0.24571428571428572,0.08016877637130802,0.09142857142857143,0.02109704641350211,0.03428571428571429
mdr,https://www.mdr.de/nachrichten/thueringen/mitte-thueringen/erfurt/domplatz-brand-haus-abgerissen-102.html,0.6578073089700996,301,198,0.125,16,13,0.7374317646026611,0.47840531561461797,0.4696969696969697,0.059800664451827246,0.03535353535353535,0.25249169435215946,0.24242424242424243,0.10299003322259136,0.1111111111111111,0.03322259136212624,0.020202020202020204
mdr,https://www.mdr.de/nachrichten/sachsen-anhalt/halle/burgenland/weissenfels-ausgrabungen-neubau-promenade-100.html,1.4466019417475728,103,149,0.2222222222222222,9,8,0.7534904479980469,0.5048543689320388,0.5100671140939598,0.06796116504854369,0.0738255033557047,0.32038834951456313,0.2751677852348993,0.07766990291262135,0.10067114093959731,0.04854368932038835,0.040268456375838924
mdr,https://www.mdr.de/nachrichten/sachsen-anhalt/elektronische-akte-justiz-einfuehrung-verschoben-100.html,0.49224806201550386,516,254,0.1,20,9,0.801577091217041,0.48255813953488375,0.4645669291338583,0.05232558139534884,0.047244094488188976,0.2751937984496124,0.2322834645669291,0.08333333333333333,0.08661417322834646,0.036821705426356585,0.03937007874015748
mdr,https://www.mdr.de/nachrichten/sachsen/sextortion-erpressung-nacktbilder-bilianz-lovescamming-100.html,0.8198970840480274,583,478,0.25,16,19,0.8137261867523193,0.4751286449399657,0.4121338912133891,0.04631217838765009,0.01882845188284519,0.2607204116638079,0.2301255230125523,0.09433962264150944,0.09414225941422594,0.0411663807890223,0.04393305439330544
mdr,https://www.mdr.de/nachrichten/sachsen/politik/bildungsurlaub-anspruch-abstimmung-beschluss-landtag-100.html,0.7660550458715596,654,501,0.1875,32,20,0.6734634041786194,0.4969418960244648,0.4411177644710579,0.053516819571865444,0.04790419161676647,0.2691131498470948,0.249500998003992,0.09938837920489296,0.10179640718562874,0.039755351681957186,0.023952095808383235
mdr,https://www.mdr.de/nachrichten/sachsen-anhalt/halle/burgenland/bus-streik-burgenlandkreis-104.html,0.6819571865443425,327,223,0.21739130434782608,23,17,0.6638318300247192,0.4801223241590214,0.47085201793721976,0.045871559633027525,0.026905829596412557,0.2874617737003058,0.2600896860986547,0.0764525993883792,0.08520179372197309,0.04281345565749235,0.05829596412556054
mdr,https://www.mdr.de/nachrichten/sachsen-anhalt/dessau/wittenberg/graefenhainichen-unfall-toter-eis-groebener-see-feuerwehr-warnt-100.html,0.75,256,192,0.25,12,9,0.8108805418014526,0.49609375,0.4635416666666667,0.02734375,0.041666666666666664,0.26171875,0.22916666666666666,0.09765625,0.08333333333333333,0.03125,0.03125
mdr,https://www.mdr.de/nachrichten/sachsen-anhalt/halle/halle/zecken-fsme-risikogebiet-impfung-100.html,1.0,216,216,0.14285714285714285,14,11,0.8057525157928467,0.47685185185185186,0.4675925925925926,0.027777777777777776,0.023148148148148147,0.2638888888888889,0.2824074074074074,0.11574074074074074,0.07407407407407407,0.05092592592592592,0.032407407407407406
mdr,https://www.mdr.de/nachrichten/sachsen/dresden/dresden-radebeul/prozess-saechsische-separatisten-gericht-100.html,0.5334507042253521,568,303,0.21739130434782608,23,15,0.752448320388794,0.44190140845070425,0.45874587458745875,0.0528169014084507,0.056105610561056105,0.27464788732394363,0.24752475247524752,0.07570422535211267,0.0924092409240924,0.029929577464788734,0.0165016501650165
mdr,https://www.mdr.de/nachrichten/sachsen/chemnitz/chemnitz-stollberg/congress-hotel-kuendigung-arbeitslos-abfindung-100.html,0.8952879581151832,191,171,0.2727272727272727,11,9,0.8801756501197815,0.4712041884816754,0.49122807017543857,0.04712041884816754,0.04678362573099415,0.2879581151832461,0.27485380116959063,0.07329842931937172,0.08187134502923976,0.015706806282722512,0.029239766081871343
mdr,https://www.mdr.de/nachrichten/thueringen/mitte-thueringen/erfurt/grossbrand-domplatz-silvester-stadt-boellerverbotszone-100.html,0.5274725274725275,273,144,0.3,20,13,0.8750522136688232,0.4908424908424908,0.4583333333333333,0.05860805860805861,0.034722222222222224,0.2673992673992674,0.25,0.08791208791208792,0.09722222222222222,0.040293040293040296,0.034722222222222224
mdr,https://www.mdr.de/sport/andere_sportarten/olympia-bob-zweier-francesco-friedrich-cortina-dampezzo-100.html,0.7437722419928826,281,209,0.17857142857142858,28,27,0.6688087582588196,0.5160142348754448,0.4688995215311005,0.05338078291814947,0.05741626794258373,0.33807829181494664,0.3157894736842105,0.08185053380782918,0.06698564593301436,0.028469750889679714,0.03827751196172249
mdr,https://www.mdr.de/nachrichten/sachsen-anhalt/nahverkehr-warnstreik-tarif-bus-bahn-110.html,0.3388704318936877,602,204,0.14893617021276595,47,12,0.6950269937515259,0.526578073089701,0.47058823529411764,0.05813953488372093,0.029411764705882353,0.3156146179401993,0.2696078431372549,0.07308970099667775,0.09313725490196079,0.021594684385382062,0.06862745098039216
mdr,https://www.mdr.de/sport/fussball_1bl/regionalliga-absagen-wochenende-spieltag-winter-100.html,0.8947368421052632,209,187,0.15,20,11,0.7681063413619995,0.4880382775119617,0.45454545454545453,0.05741626794258373,0.0374331550802139,0.3157894736842105,0.2566844919786096,0.06698564593301436,0.06417112299465241,0.023923444976076555,0.03208556149732621
mdr,https://www.mdr.de/nachrichten/deutschland/wirtschaft/iran-krieg-benzinpreise-spritpreise-oelpreise-gaspreise-erdgas-100.html,0.6023054755043228,694,418,0.11538461538461539,52,19,0.6408289670944214,0.484149855907781,0.4688995215311005,0.043227665706051875,0.03588516746411483,0.27521613832853026,0.24401913875598086,0.07348703170028818,0.05980861244019139,0.03314121037463977,0.045454545454545456
mdr,https://www.mdr.de/nachrichten/sachsen/dresden/dresden-radebeul/farbwerk-inklusion-tanz-schauspiel-ensemble-kultur-news-100.html,0.18723994452149792,721,135,0.12,25,10,0.676842987537384,0.4798890429958391,0.4666666666666667,0.06934812760055478,0.037037037037037035,0.24549237170596394,0.2740740740740741,0.08183079056865465,0.06666666666666667,0.041608876560332866,0.04444444444444444
mdr,https://www.mdr.de/nachrichten/sachsen-anhalt/halle/burgenland/neue-s-bahn-zuege-mireo-100.html,2.1375,80,171,0.375,8,14,0.7890328168869019,0.5375,0.49122807017543857,0.0875,0.05847953216374269,0.3375,0.27485380116959063,0.075,0.08771929824561403,0.05,0.029239766081871343
mdr,https://www.mdr.de/nachrichten/sachsen-anhalt/halle/burgenland/naumburger-dom-kunst-film-triegel-cranach-kultur-news-100.html,0.41935483870967744,806,338,0.13333333333333333,30,25,0.27050507068634033,0.47518610421836227,0.45857988165680474,0.062034739454094295,0.04142011834319527,0.24689826302729528,0.26331360946745563,0.0880893300248139,0.08875739644970414,0.03225806451612903,0.02958579881656805
mdr,https://www.mdr.de/nachrichten/sachsen/polarlichter-sonne-nachthimmel-100.html,0.4328767123287671,365,158,0.18181818181818182,22,13,0.7723426222801208,0.5150684931506849,0.45569620253164556,0.057534246575342465,0.04430379746835443,0.29041095890410956,0.28481012658227844,0.0821917808219178,0.0759493670886076,0.0136986301369863,0.02531645569620253
mdr,https://www.mdr.de/nachrichten/sachsen-anhalt/magdeburg/magdeburg/bombardierung-aktionswoche-eine-stadt-fuer-alle-veranstaltungen-kultur-news-100.html,0.6066115702479339,605,367,0.15625,32,17,0.8302374482154846,0.4743801652892562,0.45231607629427795,0.04462809917355372,0.051771117166212535,0.30082644628099175,0.26430517711171664,0.05950413223140496,0.08446866485013624,0.03636363636363636,0.0326975476839237
mdr,https://www.mdr.de/nachrichten/sachsen-anhalt/landespolitik/haseloff-ruecktritt-schulze-wechsel-ministerpraesident-cdu-spd-fdp-100.html,0.6863207547169812,424,291,0.26666666666666666,30,20,0.7746437191963196,0.5070754716981132,0.4879725085910653,0.05188679245283019,0.037800687285223365,0.29952830188679247,0.3161512027491409,0.09433962264150944,0.058419243986254296,0.03537735849056604,0.044673539518900345
mdr,https://www.mdr.de/nachrichten/deutschland/gesellschaft/handy-verbot-grundschule-smartphone-unterricht-100.html,0.26174496644295303,596,156,0.06666666666666667,15,10,0.8974243402481079,0.4597315436241611,0.4423076923076923,0.040268456375838924,0.02564102564102564,0.22483221476510068,0.25,0.10067114093959731,0.08333333333333333,0.05704697986577181,0.05128205128205128
mdr,https://www.mdr.de/nachrichten/deutschland/wirtschaft/ruestung-industrie-osten-chancen-sondervermoegen-100.html,0.3914590747330961,843,330,0.024390243902439025,41,16,0.742209792137146,0.4804270462633452,0.4727272727272727,0.046263345195729534,0.04242424242424243,0.2431791221826809,0.2696969696969697,0.08896797153024912,0.08484848484848485,0.03440094899169632,0.0393939393939394
mdr,https://www.mdr.de/nachrichten/thueringen/warnstreik-bus-strassenbahn-erfurt-jena-gera-102.html,0.25626423690205014,878,225,0.2,65,24,0.7912870645523071,0.4601366742596811,0.4488888888888889,0.05353075170842825,0.022222222222222223,0.28018223234624146,0.2888888888888889,0.07061503416856492,0.08444444444444445,0.04441913439635536,0.05333333333333334
mdr,https://www.mdr.de/nachrichten/deutschland/panorama/glatteis-unfaelle-gehweg-streupflicht-nicht-eingehalten-100.html,0.29848484848484846,660,197,0.08333333333333333,24,8,0.635262668132782,0.48787878787878786,0.4517766497461929,0.04696969696969697,0.03553299492385787,0.2181818181818182,0.2081218274111675,0.0893939393939394,0.08629441624365482,0.05606060606060606,0.06091370558375635
mdr,https://www.mdr.de/nachrichten/thueringen/sued-thueringen/suhl/wald-naturschutz-baeche-moore-bergwiesen-100.html,0.6401869158878505,214,137,0.2857142857142857,7,10,0.8224385976791382,0.5,0.48175182481751827,0.07009345794392523,0.08029197080291971,0.2803738317757009,0.2773722627737226,0.08878504672897196,0.06569343065693431,0.0794392523364486,0.043795620437956206
mdr,https://www.mdr.de/nachrichten/sachsen/dresden/dresden-radebeul/vonovia-miete-streit-klagen-gericht-100.html,0.4658119658119658,468,218,0.16666666666666666,18,9,0.8549883961677551,0.4594017094017094,0.43119266055045874,0.03418803418803419,0.013761467889908258,0.24572649572649574,0.25688073394495414,0.10897435897435898,0.0779816513761468,0.059829059829059825,0.04128440366972477
mdr,https://www.mdr.de/nachrichten/sachsen/dresden/dresden-radebeul/polizei-zwinger-einbruch-versuch-cyberangriff-porzellansammlung-100.html,1.2117647058823529,255,309,0.35714285714285715,14,26,0.7844544649124146,0.5019607843137255,0.4627831715210356,0.08235294117647059,0.05501618122977346,0.2941176470588235,0.26537216828478966,0.0784313725490196,0.08090614886731391,0.03137254901960784,0.025889967637540454
mdr,https://www.mdr.de/nachrichten/sachsen/chemnitz/chemnitz-stollberg/congress-hotel-schliesst-zukunft-unklar-100.html,0.38028169014084506,497,189,0.3333333333333333,21,8,0.8473507761955261,0.45875251509054327,0.4656084656084656,0.03219315895372234,0.031746031746031744,0.26156941649899396,0.25396825396825395,0.0925553319919517,0.10052910052910052,0.04225352112676056,0.047619047619047616
mdr,https://www.mdr.de/kultur/ausflug-tipps/hainich-quedlinburg-muldental-wohin-am-wochenende-tipps-100.html,0.5485498108448928,793,435,0.0,46,17,0.30326229333877563,0.5233291298865069,0.45517241379310347,0.06305170239596469,0.05057471264367816,0.36317780580075665,0.23218390804597702,0.05044136191677175,0.08505747126436781,0.036569987389659525,0.034482758620689655
mdr,https://www.mdr.de/nachrichten/sachsen-anhalt/armut-gefaehrdung-berechnungen-100.html,1.7912087912087913,273,489,0.17647058823529413,17,14,0.7978094816207886,0.5201465201465202,0.4458077709611452,0.0695970695970696,0.018404907975460124,0.2783882783882784,0.2556237218813906,0.08424908424908426,0.09611451942740286,0.025641025641025644,0.03680981595092025
mdr,https://www.mdr.de/nachrichten/deutschland/wirtschaft/lufthansa-streik-fluege-gestrichen-leipzig-halle-dresden-102.html,0.45989304812834225,374,172,0.14814814814814814,27,10,0.8454920053482056,0.5026737967914439,0.42441860465116277,0.05614973262032086,0.046511627906976744,0.2994652406417112,0.23837209302325582,0.09090909090909091,0.09883720930232558,0.034759358288770054,0.046511627906976744
mdr,https://www.mdr.de/sport/fussball_rl/bus-ausgebrannt-hallescher-fc-frankfurt-100.html,1.8295454545454546,88,161,0.5,6,14,0.7113966941833496,0.48863636363636365,0.484472049689441,0.07954545454545454,0.037267080745341616,0.3068181818181818,0.3105590062111801,0.07954545454545454,0.06832298136645963,0.03409090909090909,0.012422360248447204
mdr,https://www.mdr.de/nachrichten/deutschland/panorama/razzia-sachsen-anhalt-thueringen-vietnamesinnen-bordelle-chemnitz-halle-100.html,1.3248945147679325,237,314,0.27586206896551724,29,19,0.6424999237060547,0.5021097046413502,0.445859872611465,0.029535864978902954,0.03821656050955414,0.35443037974683544,0.2643312101910828,0.05063291139240506,0.08917197452229299,0.05907172995780591,0.05732484076433121
mdr,https://www.mdr.de/nachrichten/thueringen/ost-thueringen/jena/ausstellung-wagner-hommage-meese-kunstsammlung-kultur-news-100.html,0.9807162534435262,363,356,0.16666666666666666,18,27,0.45735055208206177,0.4986225895316804,0.5,0.046831955922865015,0.05898876404494382,0.349862258953168,0.3286516853932584,0.05234159779614325,0.07303370786516854,0.02203856749311295,0.016853932584269662
mdr,https://www.mdr.de/nachrichten/sachsen-anhalt/landespolitik/haseloff-ruecktritt-offiziell-100.html,1.3636363636363635,176,240,0.34615384615384615,26,17,0.7155150175094604,0.5284090909090909,0.4666666666666667,0.03409090909090909,0.029166666666666667,0.3693181818181818,0.29583333333333334,0.08522727272727272,0.07083333333333333,0.03409090909090909,0.020833333333333336
mdr,https://www.mdr.de/kultur/buchmesse/leipzig-buecher-leichte-einfache-sprache-trend-inklusion-kultur-news-102.html,0.6967930029154519,686,478,0.12903225806451613,31,12,0.7675797939300537,0.5087463556851312,0.50418410041841,0.06997084548104957,0.06694560669456066,0.25510204081632654,0.24686192468619247,0.08892128279883382,0.10251046025104603,0.03644314868804665,0.041841004184100423
mdr,https://www.mdr.de/nachrichten/sachsen-anhalt/stendal/stendal/denken-ohne-gelaender-schueler-erinnern-ns-verbrechen-102.html,0.21994535519125682,732,161,0.1111111111111111,27,10,0.8908416032791138,0.4672131147540984,0.4968944099378882,0.045081967213114756,0.043478260869565216,0.24043715846994534,0.2857142857142857,0.09289617486338798,0.09937888198757763,0.056010928961748634,0.0
mdr,https://www.mdr.de/nachrichten/sachsen-anhalt/halle/burgenland/luetzen-foerdermittel-investition-104.html,0.731629392971246,313,229,0.2,15,15,0.4977349042892456,0.46006389776357826,0.4585152838427948,0.03514376996805112,0.039301310043668124,0.2747603833865815,0.25327510917030566,0.07987220447284345,0.05240174672489083,0.038338658146964855,0.03930131004366812
mdr,https://www.mdr.de/nachrichten/thueringen/nord-thueringen/nordhausen/mittelbau-dora-gedenken-106.html,1.5833333333333333,312,494,0.125,24,25,0.7304377555847168,0.4807692307692308,0.4291497975708502,0.0673076923076923,0.03441295546558704,0.2884615384615385,0.2692307692307692,0.0673076923076923,0.0708502024291498,0.04487179487179487,0.048582995951417005
mdr,https://www.mdr.de/nachrichten/sachsen/winter-wetter-neuschnee-unfaelle-glaette-autobahn-stau-100.html,1.0261627906976745,344,353,0.058823529411764705,34,23,0.8246761560440063,0.5087209302325582,0.45042492917847027,0.040697674418604654,0.031161473087818695,0.3081395348837209,0.24929178470254956,0.07267441860465117,0.07932011331444759,0.0436046511627907,0.0453257790368272
mdr,https://www.mdr.de/nachrichten/sachsen-anhalt/landtag-beschliesst-reform-sozialverwaltung-100.html,1.9639639639639639,222,436,0.36363636363636365,11,18,0.697395920753479,0.5225225225225225,0.47477064220183485,0.05855855855855856,0.045871559633027525,0.2747747747747748,0.23853211009174313,0.0990990990990991,0.10321100917431193,0.040540540540540536,0.0389908256880734
mdr,https://www.mdr.de/nachrichten/sachsen-anhalt/halle/halle/archaeologie-roemer-lager-fund-kultur-news-100.html,0.41798941798941797,567,237,0.20512820512820512,39,17,0.7490959167480469,0.5308641975308642,0.4767932489451477,0.08289241622574955,0.05063291139240506,0.2716049382716049,0.2742616033755274,0.08641975308641975,0.08016877637130802,0.03880070546737213,0.03375527426160337
mdr,https://www.mdr.de/nachrichten/sachsen/dresden/freital-pirna/brand-feuerstelle-saechsische-schweiz-elbsandsteingebirge-100.html,0.886986301369863,292,259,0.14285714285714285,14,16,0.7606291174888611,0.4554794520547945,0.4517374517374517,0.04452054794520548,0.023166023166023165,0.2602739726027397,0.23938223938223938,0.09931506849315068,0.0888030888030888,0.04794520547945205,0.03088803088803089
mdr,https://www.mdr.de/nachrichten/sachsen/leipzig/leipzig-leipzig-land/flughafen-airport-sommerflugplan-urlaub-fluege-102.html,0.8600682593856656,293,252,0.1506849315068493,73,28,0.7924073934555054,0.515358361774744,0.4642857142857143,0.027303754266211604,0.027777777777777776,0.4402730375426621,0.3055555555555556,0.034129692832764506,0.06349206349206349,0.013651877133105802,0.027777777777777776
mdr,https://www.mdr.de/sport/fussball_rl/bericht-regionalliga-nordost-fc-lok-leipzig-fc-carl-zeiss-jena-110.html,0.6953125,384,267,0.1,30,13,0.8465296626091003,0.53125,0.5243445692883895,0.049479166666666664,0.033707865168539325,0.2916666666666667,0.352059925093633,0.08854166666666667,0.06741573033707865,0.03645833333333333,0.026217228464419477
mdr,https://www.mdr.de/nachrichten/thueringen/mitte-thueringen/arnstadt-ilmkreis/woelfe-kalmberg-rudolstadt-territorium-100.html,1.0526315789473684,171,180,0.625,16,19,0.8621548414230347,0.5321637426900585,0.45555555555555555,0.05263157894736842,0.044444444444444446,0.2807017543859649,0.25555555555555554,0.08771929824561403,0.08333333333333333,0.04678362573099415,0.05
mdr,https://www.mdr.de/nachrichten/sachsen/leipzig/leipzig-leipzig-land/windkraft-buergerentscheid-naunhof-wahl-abstimmung-104.html,0.35638297872340424,376,134,0.5,12,11,0.8762229084968567,0.4654255319148936,0.44029850746268656,0.031914893617021274,0.014925373134328358,0.27925531914893614,0.27611940298507465,0.09574468085106383,0.07462686567164178,0.02925531914893617,0.04477611940298507
mdr,https://www.mdr.de/nachrichten/thueringen/ost-thueringen/greiz/brand-muell-deponie-feuerwehr-zeulenroda-102.html,1.0877862595419847,262,285,0.46153846153846156,13,18,0.7757759690284729,0.4618320610687023,0.45964912280701753,0.03435114503816794,0.02456140350877193,0.26717557251908397,0.25263157894736843,0.0916030534351145,0.08070175438596491,0.03816793893129771,0.03508771929824561
mdr,https://www.mdr.de/nachrichten/sachsen-anhalt/magdeburg/magdeburg/fcm-dynamo-dresden-ausschreitungen-polizei-festnahme100.html,0.38205499276411,691,264,0.11904761904761904,42,10,0.6631830334663391,0.4963820549927641,0.48863636363636365,0.05209840810419682,0.03787878787878788,0.2981186685962373,0.26136363636363635,0.07959479015918958,0.10606060606060606,0.03473227206946454,0.04924242424242424
mdr,https://www.mdr.de/nachrichten/sachsen/chemnitz/annaberg-aue-schwarzenberg/zwoenitz-toedlicher-unfall-glatt-strasse-100.html,1.165680473372781,338,394,0.2,20,29,0.7314059734344482,0.47928994082840237,0.44923857868020306,0.029585798816568046,0.030456852791878174,0.2958579881656805,0.22081218274111675,0.07988165680473373,0.08121827411167512,0.04142011834319527,0.03553299492385787
mdr,https://www.mdr.de/nachrichten/thueringen/wildkatze-verbreitung-nicht-mitnehmen-bund-100.html,0.4479166666666667,384,172,0.2777777777777778,18,13,0.8318004012107849,0.4895833333333333,0.4883720930232558,0.059895833333333336,0.040697674418604654,0.2526041666666667,0.2558139534883721,0.06770833333333333,0.08139534883720931,0.046875,0.058139534883720936
mdr,https://www.mdr.de/nachrichten/sachsen/bautzen/bautzen-hoyerswerda-kamenz/scheibe-see-boot-mole-tourismus-100.html,1.5733333333333333,150,236,0.25,12,12,0.7822210192680359,0.4533333333333333,0.4449152542372881,0.03333333333333333,0.0423728813559322,0.29333333333333333,0.2754237288135593,0.07333333333333333,0.07203389830508475,0.03333333333333333,0.03389830508474576
mdr,https://www.mdr.de/sport/skispringen-vierschanzentournee-garmisch-felix-hoffmann-100.html,1.3767441860465117,215,296,0.16,25,23,0.6335774064064026,0.5162790697674419,0.5,0.05116279069767442,0.05405405405405406,0.31627906976744186,0.33783783783783783,0.06976744186046512,0.07432432432432433,0.04186046511627907,0.016891891891891893
mdr,https://www.mdr.de/nachrichten/sachsen-anhalt/dessau/anhalt/klinik-zerbst-wieder-in-kommunaler-hand-102.html,1.8468468468468469,222,410,0.5,18,17,0.7938885688781738,0.509009009009009,0.43658536585365854,0.09009009009009009,0.02195121951219512,0.2792792792792793,0.25365853658536586,0.06306306306306306,0.08292682926829269,0.013513513513513514,0.051219512195121955
mdr,https://www.mdr.de/nachrichten/sachsen/dresden/dresden-radebeul/csd-demo-veranstaltung-entscheidung-strassenfest-100.html,1.303834808259587,339,442,0.4666666666666667,15,23,0.8117421865463257,0.5132743362831859,0.4592760180995475,0.07964601769911504,0.04072398190045249,0.30383480825958703,0.27601809954751133,0.0855457227138643,0.06334841628959276,0.035398230088495575,0.042986425339366516
mdr,https://www.mdr.de/nachrichten/sachsen/warnstreik-mehr-gehalt-schulen-gew-102.html,0.5378378378378378,370,199,0.17391304347826086,23,12,0.7846928238868713,0.5027027027027027,0.457286432160804,0.04864864864864865,0.020100502512562814,0.27297297297297296,0.2562814070351759,0.08648648648648649,0.11055276381909548,0.04054054054054054,0.035175879396984924
mdr,https://www.mdr.de/nachrichten/sachsen-anhalt/evangelische-kirche-ekm-gegen-afd-wahlkampf-kultur-news-100.html,0.3234100135317997,739,239,0.1794871794871795,39,14,0.8228631019592285,0.4587280108254398,0.4560669456066946,0.04059539918809202,0.04602510460251046,0.2476319350473613,0.25523012552301255,0.08930987821380243,0.08786610878661087,0.037889039242219216,0.03765690376569038
mdr,https://www.mdr.de/nachrichten/thueringen/mitte-thueringen/erfurt/strassenbahn-umleitung-evag-anger-domplatz-100.html,0.5245283018867924,265,139,0.1111111111111111,27,15,0.8491507768630981,0.4716981132075472,0.48201438848920863,0.033962264150943396,0.02877697841726619,0.3320754716981132,0.2733812949640288,0.06415094339622641,0.10071942446043165,0.03773584905660377,0.03597122302158273
sozialpolitik,https://www.sozialpolitik.com/arbeitslosigkeit-und-arbeitslosenversicherung,0.36369958275382475,1438,523,0.1111111111111111,18,9,0.660442590713501,0.4631432545201669,0.42638623326959846,0.05006954102920723,0.0248565965583174,0.2454798331015299,0.2084130019120459,0.0799721835883171,0.08795411089866156,0.05910987482614742,0.03632887189292543
sozialpolitik,https://www.sozialpolitik.com/digitalisierung,0.22098421541318478,1077,238,0.0,18,2,0.7375814914703369,0.4948932219127205,0.40756302521008403,0.056638811513463325,0.029411764705882353,0.22934076137418757,0.2184873949579832,0.09656453110492108,0.07983193277310924,0.050139275766016705,0.025210084033613446
sozialpolitik,https://www.sozialpolitik.com/armut-und-reichtum,0.5020746887966805,1446,726,0.30434782608695654,23,22,0.8564735651016235,0.44951590594744123,0.4283746556473829,0.058782849239280774,0.049586776859504134,0.23789764868603044,0.2603305785123967,0.07607192254495158,0.06336088154269973,0.04426002766251729,0.024793388429752067
sozialpolitik,https://www.sozialpolitik.com/soziale-gerechtigkeit,0.33958333333333335,960,326,0.11764705882352941,17,14,0.4446319341659546,0.4739583333333333,0.42024539877300615,0.05520833333333333,0.03374233128834356,0.24479166666666666,0.24233128834355827,0.08854166666666667,0.07975460122699386,0.059375,0.030674846625766874
sozialpolitik,https://www.sozialpolitik.com/soziales-europa,0.6393700787401575,635,406,0.3333333333333333,36,23,0.7184956073760986,0.48031496062992124,0.43596059113300495,0.07244094488188976,0.027093596059113302,0.26771653543307083,0.2561576354679803,0.06929133858267716,0.07881773399014778,0.04251968503937008,0.02955665024630542
sozialpolitik,https://www.sozialpolitik.com/opferentschaedigung,0.371824480369515,433,161,0.0,12,0,0.6807679533958435,0.4780600461893764,0.40372670807453415,0.06004618937644342,0.06832298136645963,0.23787528868360275,0.22981366459627328,0.09699769053117784,0.07453416149068323,0.05542725173210162,0.018633540372670808
sozialpolitik,https://www.sozialpolitik.com/alterssicherung,0.44866920152091255,789,354,0.1,10,8,0.609264612197876,0.4841571609632446,0.4378531073446328,0.07224334600760456,0.031073446327683617,0.2509505703422053,0.23163841807909605,0.07858048162230671,0.11016949152542373,0.035487959442332066,0.031073446327683614
sozialpolitik,https://www.sozialpolitik.com/ausbildung-und-studium,0.7292225201072386,373,272,0.09090909090909091,44,13,0.8131308555603027,0.5040214477211796,0.4338235294117647,0.06166219839142091,0.01838235294117647,0.3485254691689008,0.2647058823529412,0.064343163538874,0.10294117647058823,0.05630026809651474,0.04779411764705883
sozialpolitik,https://www.sozialpolitik.com/praktische-hilfen-zum-berufseinstieg,0.40976645435244163,942,386,0.07407407407407407,27,17,0.747626781463623,0.46496815286624205,0.4170984455958549,0.04777070063694268,0.02849740932642487,0.2653927813163482,0.23316062176165803,0.08067940552016985,0.10362694300518134,0.04246284501061571,0.044041450777202076
sozialpolitik,https://www.sozialpolitik.com/lebensrisiken,0.28167730173199634,1097,309,0.0,13,5,0.6533716320991516,0.4676390154968095,0.3818770226537217,0.04831358249772106,0.009708737864077669,0.24065633546034637,0.20064724919093851,0.08386508659981769,0.11003236245954692,0.05195989061075661,0.05501618122977346
sozialpolitik,https://www.sozialpolitik.com/arbeitsrecht,0.4422348484848485,1056,467,0.0,14,8,0.7639906406402588,0.4649621212121212,0.3961456102783726,0.0634469696969697,0.02569593147751606,0.24621212121212122,0.24197002141327623,0.06628787878787878,0.08137044967880086,0.045454545454545456,0.05995717344753747
sozialpolitik,https://www.sozialpolitik.com/arbeitswelt-von-morgen,0.4953271028037383,642,318,0.05263157894736842,19,8,0.6977205872535706,0.4797507788161994,0.4339622641509434,0.059190031152647975,0.018867924528301886,0.24454828660436137,0.2358490566037736,0.0778816199376947,0.0880503144654088,0.04672897196261682,0.03459119496855346
sozialpolitik,https://www.sozialpolitik.com/das-sozialstaatprinzip,0.6578730420445177,1213,798,0.10526315789473684,19,23,0.9092344045639038,0.45094806265457543,0.41353383458646614,0.02720527617477329,0.018796992481203006,0.2753503709810387,0.23684210526315788,0.08244023083264633,0.09649122807017543,0.060181368507831824,0.040100250626566414
sozialpolitik,https://www.sozialpolitik.com/leben-und-arbeiten-mit-behinderung,0.5392231530845393,1313,708,0.125,40,17,0.5783957242965698,0.44935262757044936,0.4477401129943503,0.04493526275704494,0.018361581920903956,0.23686214775323688,0.2754237288135593,0.07844630616907845,0.09322033898305085,0.044173648134044174,0.03672316384180791
sozialpolitik,https://www.sozialpolitik.com/mitbestimmungsrecht,0.3986013986013986,1001,399,0.08823529411764706,34,12,0.7200899720191956,0.42857142857142855,0.42857142857142855,0.030969030969030968,0.02756892230576441,0.23176823176823175,0.2581453634085213,0.0919080919080919,0.08521303258145363,0.06093906093906094,0.045112781954887216
hannover,https://www.hannover.de/Leben-in-der-Region-Hannover/Verwaltungen-Kommunen/Die-Verwaltung-der-Region-Hannover/Pressebereich-Region-Hannover/Aktuelle-Pressemitteilungen/Krebsvorsorge-Impfung-Region-Han­no­ver-fährt-mit-Infobus-an-rund-30-Schulen,1.4077669902912622,618,870,0.36363636363636365,22,20,0.7519081830978394,0.47249190938511326,0.4436781609195402,0.06634304207119741,0.035632183908045977,0.27184466019417475,0.296551724137931,0.06634304207119741,0.07011494252873564,0.0372168284789644,0.027586206896551724
hannover,https://www.hannover.de/Veranstaltungskalender/Sport/Die-Finals-Hannover,0.5837209302325581,430,251,0.15384615384615385,26,18,0.8552882075309753,0.4627906976744186,0.3944223107569721,0.07906976744186046,0.043824701195219126,0.33488372093023255,0.27490039840637454,0.027906976744186046,0.043824701195219126,0.03488372093023256,0.03187250996015936
hannover,https://www.hannover.de/Service/Presse-Medien/Landeshauptstadt-Hannover/Aktuelle-Meldungen-und-Veranstaltungen/Neue-Bewohner*innen-Parkzonen-ab-Mai-2026,2.6234177215189876,316,829,0.4,20,26,0.7895998954772949,0.46835443037974683,0.3823884197828709,0.05063291139240506,0.021712907117008445,0.2974683544303797,0.24125452352231605,0.06329113924050633,0.08202653799758745,0.0379746835443038,0.021712907117008445
hannover,https://www.hannover.de/Service/Presse-Medien/Hannover.de/Aktuelles/Service-2026/Neues-Luft­li­nien-Ta­rif­mo­dell-mit-der-„ÜSTRA-easy“-App,1.0730979612133267,2011,2158,0.1875,48,39,0.6550898551940918,0.4445549477871706,0.3901760889712697,0.048731974142217804,0.015291936978683966,0.22874191944306316,0.2196478220574606,0.08453505718547986,0.08943466172381835,0.04574838388861263,0.016682113067655237
hannover,https://www.hannover.de/Leben-in-der-Region-Hannover/Soziales/Menschen-mit-Behinderung/Aktuelles/Meldungen/Helena-Klintschar-ist-„Be­hin­der­ten­­sport­­lerin-des-Jahres“-2026,0.3506944444444444,576,202,0.07692307692307693,26,9,0.40051567554473877,0.4670138888888889,0.41089108910891087,0.0625,0.019801980198019802,0.2899305555555556,0.2920792079207921,0.059027777777777776,0.07920792079207921,0.04861111111111111,0.0049504950495049506
hannover,https://www.hannover.de/Veranstaltungskalender/Messen-Kongresse/Inklusion-2026-Jugend-und-Erlebnis­­messe,1.6873065015479876,323,545,0.1,10,11,0.5656734108924866,0.42724458204334365,0.41284403669724773,0.06191950464396285,0.04036697247706422,0.23839009287925697,0.24954128440366974,0.06501547987616099,0.07706422018348624,0.061919504643962855,0.022018348623853212
hannover,https://www.hannover.de/Leben-in-der-Region-Hannover/Bürger-Service/Bürger-Service-in-der-Landeshauptstadt-Hannover/Ideen-und-Beschwerden,1.0850439882697946,341,370,0.23529411764705882,17,9,0.6039391160011292,0.4222873900293255,0.37567567567567567,0.02346041055718475,0.024324324324324326,0.29032258064516125,0.2,0.07331378299120235,0.07837837837837838,0.03812316715542522,0.02972972972972973
hannover,https://www.hannover.de/Service/Presse-Medien/Hannover.de/Aktuelles/Aktuelle-Service­in­for­ma­tio­nen-aus-Stadt-und-Re­gion-Hannover/Was-tun-bei-Notfällen-in-Bussen-und-Bahnen,1.6320754716981132,530,865,0.13043478260869565,23,25,0.7875044345855713,0.4509433962264151,0.40115606936416187,0.045283018867924525,0.03468208092485549,0.28679245283018867,0.22196531791907514,0.07358490566037736,0.08786127167630058,0.062264150943396226,0.026589595375722544
hannover,https://www.hannover.de/Leben-in-der-Region-Hannover/Umwelt-Nachhaltigkeit/Klimawandel-und-anpassung/Die-Region-Hannover-im-Klimawandel/Starkregenhinweiskarte-für-die-Region-Hannover,8.140495867768594,121,985,0.6666666666666666,6,20,0.7817093133926392,0.5041322314049587,0.40812182741116754,0.06611570247933884,0.029441624365482234,0.3140495867768595,0.22639593908629443,0.06611570247933884,0.08121827411167512,0.01652892561983471,0.03451776649746193
hannover,https://www.hannover.de/Datenschutz,0.18482207697893974,8262,1527,0.036101083032490974,277,41,0.5386176109313965,0.45715323166303556,0.3785199738048461,0.049140643911885745,0.0183366077275704,0.30416364076494795,0.21480026195153895,0.06414911643669814,0.08513425016371971,0.04127329944323408,0.024885396201702686
hannover,https://www.hannover.de/Leben-in-der-Region-Hannover/Soziales/Menschen-mit-Behinderung/Barriere­freiheits­erklärung,2.1482035928143715,668,1435,0.3333333333333333,30,32,0.6659666299819946,0.4535928143712575,0.4299651567944251,0.05688622754491018,0.0313588850174216,0.281437125748503,0.24181184668989547,0.06287425149700598,0.08222996515679443,0.04341317365269461,0.027177700348432057
hannover,https://www.hannover.de/Netiquette,5.132231404958677,121,621,0.0,3,8,0.6561497449874878,0.48760330578512395,0.4251207729468599,0.09917355371900827,0.04186795491143317,0.30578512396694213,0.23349436392914655,0.049586776859504134,0.1111111111111111,0.06611570247933884,0.02254428341384863
hannover,https://www.hannover.de/Leben-in-der-Region-Hannover/Soziales/Menschen-mit-Behinderung/Warum-Leichte-Sprache-auf-Hannover.de,1.1880597014925374,335,398,0.26666666666666666,15,14,0.8816713094711304,0.4597014925373134,0.43467336683417085,0.06567164179104477,0.05025125628140704,0.2417910447761194,0.2638190954773869,0.056716417910447764,0.0678391959798995,0.050746268656716415,0.03015075376884422
hannover,https://www.hannover.de/Service/Presse-Medien/Hannover.de/Hilfen-zur-Be­die­nung-von-Han­no­ver.de,1.096774193548387,1953,2142,0.3389830508474576,59,59,0.6809488534927368,0.4336917562724014,0.42296918767507,0.04198668714797747,0.032679738562091505,0.2345110087045571,0.21708683473389356,0.07936507936507936,0.09010270774976657,0.04249871991807476,0.021475256769374416
hannover,https://www.hannover.de/Leben-in-der-Region-Hannover/Verwaltungen-Kommunen/Die-Verwaltung-der-Region-Hannover/Stellt-sich-vor/Geografisch,1.9367088607594938,158,306,0.625,16,25,0.7887455224990845,0.44936708860759494,0.43790849673202614,0.06329113924050633,0.05228758169934641,0.31645569620253167,0.3104575163398693,0.03164556962025317,0.049019607843137254,0.056962025316455694,0.013071895424836602
hannover,https://www.hannover.de/Leben-in-der-Region-Hannover/Verwaltungen-Kommunen/Die-Verwaltung-der-Region-Hannover/Stellt-sich-vor,4.445783132530121,166,738,0.6666666666666666,6,37,0.7600393891334534,0.4939759036144578,0.453929539295393,0.05421686746987952,0.02981029810298103,0.3072289156626506,0.3062330623306233,0.05421686746987952,0.06775067750677506,0.04819277108433735,0.03523035230352303
hannover,"https://www.hannover.de/Leben-in-der-Region-Hannover/Verwaltungen-Kommunen/Die-Verwaltung-der-Region-Hannover/Stellt-sich-vor/Dezernate-und-Fachbereiche-der-Region-Hannover/Dezernat-Soziales,-Teilhabe,-Familie-und-Jugend/Beauftragte-der-Region-Hannover-für-Menschen-mit-Behinderung",0.6765734265734266,572,387,0.3076923076923077,13,15,0.8053090572357178,0.48776223776223776,0.43669250645994834,0.06643356643356643,0.028423772609819122,0.34265734265734266,0.32299741602067183,0.038461538461538464,0.059431524547803614,0.07342657342657344,0.015503875968992248
hannover,https://www.hannover.de/Leben-in-der-Region-Hannover/Verwaltungen-Kommunen/Die-Verwaltung-der-Landeshauptstadt-Hannover/Dezernate-und-Fachbereiche-der-LHH/Soziales-und-Integration/Beauftragter-für-Menschen-mit-Behinderung-der-Landeshauptstadt-Hannover,0.6484848484848484,495,321,0.23076923076923078,13,9,0.6450422406196594,0.503030303030303,0.4392523364485981,0.05656565656565657,0.028037383177570093,0.298989898989899,0.32398753894080995,0.0707070707070707,0.056074766355140186,0.06464646464646465,0.028037383177570093
hannover,https://www.hannover.de/Leben-in-der-Region-Hannover/Mobilität,0.21338912133891214,239,51,0.1,10,2,0.8232030868530273,0.4686192468619247,0.45098039215686275,0.05439330543933055,0.0196078431372549,0.2928870292887029,0.2549019607843137,0.04184100418410042,0.11764705882352941,0.03765690376569038,0.058823529411764705
hannover,https://www.hannover.de/Service/Mobil-in-Hannover/Parken/Bewohner*innenparken,0.5807803089814088,3819,2218,0.0594059405940594,101,38,0.7225539684295654,0.44435716156061794,0.3764652840396754,0.05394082220476565,0.021190261496844005,0.2545168892380204,0.20829576194770064,0.07567426027755957,0.08701532912533815,0.04111023828227285,0.02569882777276826
hannover,https://www.hannover.de/Leben-in-der-Region-Hannover/Umwelt-Nachhaltigkeit/Wasser-Abwasser/Abwasser/Stadtentwässerung-Hannover/Öffentliche-Toiletten-in-Hannover/Euro-WC-Schlüssel-für-Behinderte,3.2919254658385095,161,530,0.5384615384615384,13,23,0.8875170350074768,0.4720496894409938,0.3905660377358491,0.037267080745341616,0.03962264150943396,0.3975155279503106,0.2528301886792453,0.018633540372670808,0.06415094339622641,0.055900621118012424,0.022641509433962263
hannover,https://www.hannover.de/Kultur-Freizeit/Freizeit-Sport/Sport/Bäderführer/Badeseen/Bordenauer-See/Fragen-und-Antworten-zum-Thema-Blaualgen,1.7205588822355289,501,862,0.09090909090909091,11,20,0.8089737296104431,0.4750499001996008,0.39211136890951276,0.05389221556886228,0.019721577726218097,0.24550898203592814,0.1925754060324826,0.08183632734530938,0.07424593967517401,0.06187624750499002,0.027842227378190254
hannover,https://www.hannover.de/Leben-in-der-Region-Hannover/Soziales/Sozialleistungen-weitere-Hilfen/HannoverAktivPass,0.3525423728813559,590,208,0.23076923076923078,13,5,0.663722038269043,0.4423728813559322,0.39903846153846156,0.06271186440677966,0.014423076923076924,0.27796610169491526,0.24038461538461536,0.0576271186440678,0.08653846153846154,0.03559322033898305,0.014423076923076924
hannover,https://www.hannover.de/Leben-in-der-Region-Hannover/Soziales/Menschen-mit-Behinderung/Aktuelles/Meldungen/Informationen-für-Geflüchtete-mit-Behinderung,1.2723214285714286,672,855,0.2857142857142857,21,26,0.8319133520126343,0.44345238095238093,0.4046783625730994,0.07291666666666667,0.03391812865497076,0.31101190476190477,0.2631578947368421,0.02976190476190476,0.07251461988304093,0.0744047619047619,0.0456140350877193
hannover,https://www.hannover.de/Leben-in-der-Region-Hannover/Kulturförderung/Kulturförderung-der-Region-Hannover,0.6554809843400448,447,293,0.125,8,2,0.6778086423873901,0.5279642058165548,0.4061433447098976,0.10514541387024609,0.027303754266211604,0.33109619686800895,0.24232081911262798,0.053691275167785234,0.10238907849829351,0.04474272930648769,0.04436860068259386
hannover,https://www.hannover.de/Leben-in-der-Region-Hannover/Bürger-Service/Bürger-Service-in-der-Landeshauptstadt-Hannover/Ideen-und-Beschwerden/Mängelhinweiskarte,7.36036036036036,111,817,0.5,4,14,0.832649290561676,0.4864864864864865,0.38922888616891066,0.06306306306306306,0.028151774785801713,0.26126126126126126,0.20685434516523868,0.0990990990990991,0.08200734394124846,0.05405405405405406,0.029375764993880046
hannover,https://www.hannover.de/Service/Notdienste-Notfall­nummern,10.030303030303031,33,331,1.0,0,0,0.4746517539024353,0.36363636363636365,0.36555891238670696,0.06060606060606061,0.04833836858006042,0.12121212121212122,0.1933534743202417,0.15151515151515152,0.0755287009063444,0.0,0.02416918429003021
hannover,https://www.hannover.de/Leben-in-der-Region-Hannover/Soziales/Menschen-mit-Behinderung/Aktuelles/Meldungen/Roll­treppen-und-Auf­züge-In-Echt­zeit-über-Ausfälle-informiert-sein,2.1933701657458564,181,397,0.16666666666666666,12,16,0.7079997658729553,0.4696132596685083,0.4105793450881612,0.06077348066298342,0.030226700251889168,0.3204419889502762,0.24181360201511334,0.055248618784530384,0.060453400503778336,0.04419889502762431,0.037783375314861464
hannover,https://www.hannover.de/Leben-in-der-Region-Hannover/Soziales/Menschen-mit-Behinderung/Förderung-Unterstützung/Schwer­behinderten­­­­­ausweis,1.3106796116504855,206,270,0.125,8,7,0.6566818952560425,0.4854368932038835,0.4222222222222222,0.07281553398058252,0.04814814814814815,0.28640776699029125,0.23703703703703705,0.05825242718446602,0.08518518518518518,0.05339805825242718,0.022222222222222223
hannover,https://www.hannover.de/Leben-in-der-Region-Hannover/Politik/Wahlen-Statistik/Kommunalwahlen-2026-in-der-Region-Hannover/Allgemeine-Informationen,1.2164634146341464,1640,1995,0.3888888888888889,36,58,0.8023004531860352,0.424390243902439,0.37343358395989973,0.05609756097560976,0.03007518796992481,0.26646341463414636,0.2305764411027569,0.05853658536585366,0.07719298245614035,0.04268292682926829,0.02406015037593985
hannover,https://www.hannover.de/Leben-in-der-Region-Hannover/Politik/Wahlen-Statistik/Kommunalwahlen-2026-in-der-Region-Hannover/FAQ-für-Wahlhelfer*innen,0.9908466819221968,874,866,0.058823529411764705,17,21,0.6066622734069824,0.43935926773455375,0.3891454965357968,0.041189931350114416,0.021939953810623556,0.2700228832951945,0.23325635103926096,0.06064073226544622,0.08314087759815242,0.04462242562929061,0.023094688221709007
hannover,https://www.hannover.de/Leben-in-der-Region-Hannover/Politik/Wahlen-Statistik/Kommunalwahlen-2026-in-der-Region-Hannover/Kontakt-zu-den-Wahlleitungen,3.2261904761904763,84,271,0.6666666666666666,9,19,0.5976940393447876,0.5,0.3726937269372694,0.023809523809523808,0.01845018450184502,0.4642857142857143,0.23247232472324725,0.011904761904761904,0.07749077490774908,0.011904761904761904,0.04797047970479705
hannover,https://www.hannover.de/Leben-in-der-Region-Hannover/Politik/Wahlen-Statistik/Kommunalwahlen-2026-in-der-Region-Hannover/Wahlhelfer*innen-gesucht,1.319402985074627,335,442,0.42857142857142855,7,20,0.7507242560386658,0.40298507462686567,0.3665158371040724,0.023880597014925373,0.029411764705882353,0.28059701492537314,0.22171945701357465,0.05373134328358209,0.08144796380090498,0.04477611940298508,0.020361990950226245
hannover,https://www.hannover.de/Service/Mobil-in-Hannover/Parken/Bewohner*innenparken,0.5807803089814088,3819,2218,0.0594059405940594,101,38,0.7225539684295654,0.44435716156061794,0.3764652840396754,0.05394082220476565,0.021190261496844005,0.2545168892380204,0.20829576194770064,0.07567426027755957,0.08701532912533815,0.04111023828227285,0.02569882777276826
hannover,https://www.hannover.de/Leben-in-der-Region-Hannover/Verwaltungen-Kommunen/Die-Verwaltung-der-Region-Hannover/Pressebereich-Region-Hannover/Archiv-Pressemitteilungen/2021/Europäischer-Protesttag-zur-Gleichstellung-von-Menschen-mit-Behinderung,12.30967741935484,155,1908,0.5714285714285714,7,38,0.7165536880493164,0.4838709677419355,0.40146750524109015,0.05806451612903226,0.02148846960167715,0.3419354838709677,0.2358490566037736,0.05806451612903226,0.07389937106918239,0.03870967741935484,0.03930817610062893
hannover,https://www.hannover.de/Leben-in-der-Region-Hannover/Bürger-Service/Bürger-Service-in-der-Landeshauptstadt-Hannover/Ideen-und-Beschwerden/Mängelhinweiskarte,7.36036036036036,111,817,0.5,4,14,0.832649290561676,0.4864864864864865,0.38922888616891066,0.06306306306306306,0.028151774785801713,0.26126126126126126,0.20685434516523868,0.0990990990990991,0.08200734394124846,0.05405405405405406,0.029375764993880046
hannover,https://www.hannover.de/Leben-in-der-Region-Hannover/Verwaltungen-Kommunen/Die-Verwaltung-der-Region-Hannover/Stellt-sich-vor/Politisch,3.0,178,534,0.125,8,7,0.8023641109466553,0.43258426966292135,0.4250936329588015,0.028089887640449437,0.028089887640449437,0.2808988764044944,0.24906367041198502,0.06741573033707865,0.09737827715355805,0.03932584269662921,0.020599250936329586
hannover,https://www.hannover.de/Leben-in-der-Region-Hannover/Verwaltungen-Kommunen/Die-Verwaltung-der-Region-Hannover/Pressebereich-Region-Hannover/Archiv-Pressemitteilungen/2025/Regionshaus-leuchtet-lila,0.9266211604095563,586,543,0.36363636363636365,11,13,0.783855676651001,0.4948805460750853,0.4548802946593002,0.06143344709897611,0.0423572744014733,0.30716723549488056,0.2965009208103131,0.06655290102389079,0.06261510128913444,0.04948805460750853,0.01841620626151013
hannover,https://www.hannover.de/Service/Presse-Medien/Landeshauptstadt-Hannover/Meldungsarchiv-für-das-Jahr-2025/Winternothilfe-jetzt-auch-mit-Nachtcafé-für-Frauen-und-FLINTA*,0.6676528599605522,1014,677,0.09803921568627451,51,19,0.8134884834289551,0.4881656804733728,0.4431314623338257,0.06903353057199212,0.04431314623338257,0.30177514792899407,0.28951255539143284,0.0611439842209073,0.06351550960118169,0.03057199211045365,0.022156573116691284
hannover,https://www.hannover.de/Leben-in-der-Region-Hannover/Verwaltungen-Kommunen/Die-Verwaltung-der-Landeshauptstadt-Hannover/Dezernate-und-Fachbereiche-der-LHH/Soziales-und-Integration/Beauftragter-für-Menschen-mit-Behinderung-der-Landeshauptstadt-Hannover/Inklusion-im-Dialog,2.139588100686499,874,1870,0.18518518518518517,27,34,0.7884279489517212,0.4931350114416476,0.43475935828877005,0.06979405034324943,0.0374331550802139,0.32837528604118993,0.2727272727272727,0.04691075514874142,0.07272727272727272,0.048054919908466824,0.03529411764705882
hannover,https://www.hannover.de/Service/Presse-Medien/Landeshauptstadt-Hannover/Meldungsarchiv-für-das-Jahr-2025/Wohlbefinden-auf-Rezept,0.5901060070671378,1132,668,0.08108108108108109,37,14,0.7667115330696106,0.4902826855123675,0.45808383233532934,0.06448763250883392,0.05688622754491018,0.28975265017667845,0.24850299401197604,0.06625441696113074,0.08532934131736528,0.04240282685512368,0.02245508982035928
hannover,https://www.hannover.de/Service/Presse-Medien/Landeshauptstadt-Hannover/Meldungsarchiv-für-das-Jahr-2025/Hilfe-für-Obdachlose-bei-Hitzewellen,0.9483568075117371,852,808,0.23529411764705882,34,24,0.7460772395133972,0.5011737089201878,0.42945544554455445,0.07394366197183098,0.04207920792079208,0.3251173708920188,0.2698019801980198,0.0528169014084507,0.050742574257425746,0.03873239436619719,0.013613861386138614
hannover,https://www.hannover.de/Leben-in-der-Region-Hannover/Umwelt-Nachhaltigkeit/Wasser-Abwasser/Fragen-und-Antworten-rund-um-die-Allgemeinverfügung-%22Beregnung%22,0.7553998832457677,1713,1294,0.08333333333333333,36,35,0.8200753927230835,0.4448336252189142,0.419629057187017,0.05779334500875657,0.027820710973724884,0.23934617629889082,0.23338485316846985,0.07063631056625802,0.07959814528593509,0.04845300642148278,0.027047913446676973
hannover,https://www.hannover.de/Leben-in-der-Region-Hannover/Verwaltungen-Kommunen/Die-Verwaltung-der-Region-Hannover/Pressebereich-Region-Hannover/Archiv-Pressemitteilungen/2025/Region-Hannover-beim-PV-Ausbau-in-Niedersachsen-Spitzenreiter,0.9188829787234043,752,691,0.18518518518518517,27,18,0.826537549495697,0.46675531914893614,0.426917510853835,0.05053191489361702,0.0361794500723589,0.26329787234042556,0.2547033285094067,0.06648936170212766,0.07814761215629522,0.029255319148936167,0.020260492040520984
hannover,https://www.hannover.de/Leben-in-der-Region-Hannover/Verwaltungen-Kommunen/Die-Verwaltung-der-Region-Hannover/Pressebereich-Region-Hannover/Archiv-Pressemitteilungen/2025/Regeln-für-Beregnung-und-Fördergeld-für-Klimaanpassung,1.2422145328719723,867,1077,0.30434782608695654,23,26,0.8647235631942749,0.48212226066897346,0.44753946146703805,0.05074971164936563,0.027855153203342618,0.2918108419838523,0.2822655524605385,0.06459054209919261,0.07242339832869081,0.05420991926182238,0.031569173630454965
hannover,https://www.hannover.de/Service/Presse-Medien/Landeshauptstadt-Hannover/Meldungsarchiv-für-das-Jahr-2025/Förderpreis-für-Inklusion-in-der-Wirtschaft-zum-14.-Mal-vergeben,0.8734299516908213,1035,904,0.2391304347826087,46,44,0.5918715000152588,0.49468599033816424,0.4269911504424779,0.05217391304347826,0.02654867256637168,0.34202898550724636,0.32079646017699115,0.05893719806763285,0.049778761061946904,0.06376811594202898,0.034292035398230086
hannover,https://www.hannover.de/Leben-in-der-Region-Hannover/Soziales/Menschen-mit-Behinderung/Aktuelles/Meldungen/Jan-Haller-ist-„Be­hin­der­ten­­sport­­ler-des-Jahres“-2025,0.28631284916201116,716,205,0.05454545454545454,55,8,0.5663126111030579,0.5125698324022346,0.4195121951219512,0.05726256983240224,0.01951219512195122,0.3449720670391061,0.3024390243902439,0.05307262569832402,0.07804878048780488,0.04469273743016759,0.004878048780487805
hannover,https://www.hannover.de/Leben-in-der-Region-Hannover/Soziales/Menschen-mit-Behinderung/Assistenzhunde-sind-in-öffentlichen-Gebäuden-willkommen,1.0660247592847318,727,775,0.1724137931034483,29,13,0.6935073137283325,0.49793672627235214,0.41935483870967744,0.05364511691884457,0.03483870967741935,0.3108665749656121,0.24516129032258063,0.07015130674002751,0.08258064516129032,0.04676753782668501,0.03354838709677419
hannover,https://www.hannover.de/Service/Presse-Medien/Landeshauptstadt-Hannover/Meldungsarchiv-für-das-Jahr-2025/Hannover-KI-Chatbot-hilft-bei-Fragen-zur-Grundsteuerreform,1.2990654205607477,428,556,0.07692307692307693,13,11,0.6970621347427368,0.48364485981308414,0.42805755395683454,0.06074766355140187,0.02697841726618705,0.27102803738317754,0.25719424460431656,0.08411214953271028,0.08992805755395683,0.04672897196261682,0.019784172661870502
hannover,https://www.hannover.de/Leben-in-der-Region-Hannover/Umwelt-Nachhaltigkeit/Naturschutz/Aufgaben-Projekte/Aktionsprogramm-Deister,0.40306681270536693,1826,736,0.041666666666666664,72,13,0.7826260328292847,0.4791894852135816,0.42934782608695654,0.06845564074479737,0.036684782608695655,0.2940854326396495,0.25,0.0651697699890471,0.07201086956521739,0.04107338444687842,0.04076086956521739
hannover,https://www.hannover.de/Leben-in-der-Region-Hannover/Umwelt-Nachhaltigkeit/Klimawandel-und-anpassung/Die-Region-Hannover-im-Klimawandel/Starkregenhinweiskarte-für-die-Region-Hannover,8.140495867768594,121,985,0.6666666666666666,6,20,0.7817093133926392,0.5041322314049587,0.40812182741116754,0.06611570247933884,0.029441624365482234,0.3140495867768595,0.22639593908629443,0.06611570247933884,0.08121827411167512,0.01652892561983471,0.03451776649746193
hannover,https://www.hannover.de/Veranstaltungskalender/Kostenlos/Suche-nach-kostenlosen-Events,1.5403726708074534,161,248,0.2,5,7,0.5951195359230042,0.4472049689440994,0.43548387096774194,0.055900621118012424,0.03225806451612903,0.2298136645962733,0.2540322580645161,0.09316770186335403,0.09274193548387097,0.049689440993788817,0.008064516129032258
hannover,https://www.hannover.de/Veranstaltungskalender/Bürger-Service/Mobilitäts­trainings-im-Stadt­gebiet,1.8465346534653466,202,373,0.25,8,20,0.8072021007537842,0.45544554455445546,0.42359249329758714,0.034653465346534656,0.032171581769437,0.3118811881188119,0.27882037533512066,0.04950495049504951,0.05630026809651475,0.0594059405940594,0.02680965147453083
hannover,"https://www.hannover.de/Leben-in-der-Region-Hannover/Verwaltungen-Kommunen/Die-Verwaltung-der-Region-Hannover/Stellt-sich-vor/Dezernate-und-Fachbereiche-der-Region-Hannover/Dezernat-Bildung,-Kultur-und-Baumanagement/Fachbereich-Bildung-und-Kultur/Team-Kultur/Bildende-Kunst/Atelierspaziergang/Atelierspaziergang-2026-„Licht-und-Schatten“",0.6846689895470384,574,393,0.05128205128205128,39,12,0.8177005052566528,0.5,0.4122137404580153,0.05574912891986063,0.035623409669211195,0.36062717770034847,0.27735368956743,0.04529616724738676,0.06615776081424936,0.05226480836236934,0.022900763358778626
hannover,https://www.hannover.de/Veranstaltungskalender/Politik/Regions­versamm­lung-am-19.-Mai-2026,1.3565891472868217,129,175,0.2,5,6,0.8552137613296509,0.43410852713178294,0.4,0.046511627906976744,0.05714285714285714,0.28682170542635654,0.25142857142857145,0.05426356589147287,0.05714285714285714,0.031007751937984496,0.011428571428571429
hannover,https://www.hannover.de/Leben-in-der-Region-Hannover/Verwaltungen-Kommunen/Die-Verwaltung-der-Region-Hannover/Termine-Veranstaltungen/Regionsforum-für-Menschen-mit-Behinderungen,2.388059701492537,201,480,0.0,2,6,0.8827371001243591,0.44776119402985076,0.44583333333333336,0.04477611940298507,0.03333333333333333,0.29850746268656714,0.28958333333333336,0.04975124378109453,0.0625,0.029850746268656716,0.016666666666666666
hannover,https://www.hannover.de/Leben-in-der-Region-Hannover/Soziales/Senioren/Information-Beratung/Kostenlose-Beratung/Infos-zur-Vorsorgevollmacht-in-Wunstorf,5.432926829268292,164,891,0.2,5,10,0.5135950446128845,0.4268292682926829,0.3961840628507295,0.06707317073170732,0.04040404040404041,0.2865853658536585,0.1840628507295174,0.04878048780487805,0.0931537598204265,0.04268292682926829,0.03479236812570146
hannover,https://www.hannover.de/Veranstaltungskalender/Bürger-Service/Mobilitäts­trainings-im-Umland,1.970909090909091,275,542,0.625,16,26,0.758894681930542,0.4581818181818182,0.3726937269372694,0.05818181818181818,0.025830258302583026,0.3054545454545455,0.24907749077490773,0.04363636363636364,0.05166051660516605,0.07272727272727272,0.01845018450184502
hannover,https://www.hannover.de/Kultur-Freizeit/Freizeit-Sport/Feste-Saisonales/Fête-de-la-Musique/Hannover-feiert-Fête-de-la-Musique-2026,0.07094319108453384,3679,261,0.008695652173913044,345,10,0.9073176383972168,0.46208208752378366,0.421455938697318,0.039956509921174235,0.034482758620689655,0.36640391410709433,0.2835249042145594,0.03044305517803751,0.06896551724137931,0.02636586028812177,0.0038314176245210726
hannover,https://www.hannover.de/Veranstaltungskalender/Feste-Festivals/Schützenfest-Hannover-2026,2.871794871794872,78,224,0.0,4,10,0.9084343910217285,0.5128205128205128,0.38839285714285715,0.14102564102564102,0.044642857142857144,0.2948717948717949,0.2589285714285714,0.0641025641025641,0.0625,0.038461538461538464,0.026785714285714284
hannover,https://www.hannover.de/Leben-in-der-Region-Hannover/Verwaltungen-Kommunen/Die-Verwaltung-der-Region-Hannover/Termine-Veranstaltungen/Ent­decker­tag-der-Region-Hannover-2026,4.82089552238806,67,323,0.4,5,8,0.8599692583084106,0.4925373134328358,0.3931888544891641,0.05970149253731343,0.02786377708978328,0.3731343283582089,0.2476780185758514,0.029850746268656716,0.08668730650154799,0.05970149253731343,0.043343653250773995
hannover,https://www.hannover.de/Veranstaltungskalender/Bürger-Service/Sirenen-SMS-Warntag-2026-in-Hannover,0.36442006269592475,1276,465,0.18181818181818182,33,20,0.8683983087539673,0.45297805642633227,0.4064516129032258,0.0603448275862069,0.03655913978494624,0.2554858934169279,0.23870967741935484,0.07288401253918496,0.07956989247311828,0.054075235109717866,0.025806451612903226
hannover,https://www.hannover.de/Veranstaltungskalender/Messen-Kongresse/Infa-2026,2.048076923076923,104,213,0.5,4,8,0.7249945402145386,0.4326923076923077,0.38028169014084506,0.0673076923076923,0.046948356807511735,0.2692307692307692,0.27230046948356806,0.04807692307692308,0.04225352112676056,0.06730769230769232,0.014084507042253521
hannover,https://www.hannover.de/Leben-in-der-Region-Hannover/Verwaltungen-Kommunen/Die-Verwaltung-der-Region-Hannover/Stellt-sich-vor/Politisch/Regionsversammlung,3.8263473053892216,167,639,0.14285714285714285,14,16,0.8015159368515015,0.47904191616766467,0.433489827856025,0.041916167664670656,0.028169014084507043,0.39520958083832336,0.29107981220657275,0.023952095808383235,0.07042253521126761,0.017964071856287425,0.03286384976525822
hannover,https://www.hannover.de/Leben-in-der-Region-Hannover/Politik/Regionspräsident-Oberbürgermeister/Der-Regionspräsident,4.91869918699187,123,605,0.5,8,28,0.805024266242981,0.44715447154471544,0.4479338842975207,0.04878048780487805,0.0512396694214876,0.3170731707317073,0.3140495867768595,0.04065040650406504,0.0512396694214876,0.04065040650406504,0.01818181818181818
hannover,https://www.hannover.de/Leben-in-der-Region-Hannover/Politik/Politische-Gremien/Europa/Kontakte/Die-Stabsstelle-EU-Angelegenheiten-und-Fördermittelmanagement,0.9775700934579439,535,523,0.14814814814814814,27,17,0.7028130292892456,0.4672897196261682,0.4340344168260038,0.06355140186915888,0.017208413001912046,0.2766355140186916,0.30592734225621415,0.07476635514018691,0.07265774378585087,0.056074766355140186,0.019120458891013385
hannover,https://www.hannover.de/Leben-in-der-Region-Hannover/Verwaltungen-Kommunen/Die-Verwaltung-der-Landeshauptstadt-Hannover/Dezernate-und-Fachbereiche-der-LHH/Soziales-und-Integration/Beauftragter-für-Menschen-mit-Behinderung-der-Landeshauptstadt-Hannover,0.6484848484848484,495,321,0.23076923076923078,13,9,0.6450422406196594,0.503030303030303,0.4392523364485981,0.05656565656565657,0.028037383177570093,0.298989898989899,0.32398753894080995,0.0707070707070707,0.056074766355140186,0.06464646464646465,0.028037383177570093
hannover,https://www.hannover.de/Leben-in-der-Region-Hannover/Verwaltungen-Kommunen/Die-Verwaltung-der-Region-Hannover/Termine-Veranstaltungen/Regionsforum-für-Menschen-mit-Behinderungen,2.388059701492537,201,480,0.0,2,6,0.8827371001243591,0.44776119402985076,0.44583333333333336,0.04477611940298507,0.03333333333333333,0.29850746268656714,0.28958333333333336,0.04975124378109453,0.0625,0.029850746268656716,0.016666666666666666
hannover,https://www.hannover.de/Leben-in-der-Region-Hannover/Verwaltungen-Kommunen/Die-Verwaltung-der-Landeshauptstadt-Hannover/Dezernate-und-Fachbereiche-der-LHH/Soziales-und-Integration/Beauftragter-für-Menschen-mit-Behinderung-der-Landeshauptstadt-Hannover/Inklusion-im-Dialog,2.139588100686499,874,1870,0.18518518518518517,27,34,0.7884279489517212,0.4931350114416476,0.43475935828877005,0.06979405034324943,0.0374331550802139,0.32837528604118993,0.2727272727272727,0.04691075514874142,0.07272727272727272,0.048054919908466824,0.03529411764705882
hannover,"https://www.hannover.de/Leben-in-der-Region-Hannover/Verwaltungen-Kommunen/Die-Verwaltung-der-Region-Hannover/Stellt-sich-vor/Dezernate-und-Fachbereiche-der-Region-Hannover/Dezernat-Soziales,-Teilhabe,-Familie-und-Jugend/Beauftragte-der-Region-Hannover-für-Menschen-mit-Behinderung",0.6765734265734266,572,387,0.3076923076923077,13,15,0.8053090572357178,0.48776223776223776,0.43669250645994834,0.06643356643356643,0.028423772609819122,0.34265734265734266,0.32299741602067183,0.038461538461538464,0.059431524547803614,0.07342657342657344,0.015503875968992248
hannover,https://www.hannover.de/Leben-in-der-Region-Hannover/Verwaltungen-Kommunen/Die-Verwaltung-der-Landeshauptstadt-Hannover/Dezernate-und-Fachbereiche-der-LHH/Soziales-und-Integration/Beauftragter-für-Menschen-mit-Behinderung-der-Landeshauptstadt-Hannover/Informationen-zur-Datenverarbeitung,1.5384615384615385,975,1500,0.13333333333333333,15,20,0.730980396270752,0.4307692307692308,0.404,0.06153846153846154,0.022,0.25435897435897437,0.248,0.05846153846153846,0.082,0.033846153846153845,0.03133333333333333
hannover,https://www.hannover.de/Leben-in-der-Region-Hannover/Verwaltungen-Kommunen/Die-Verwaltung-der-Region-Hannover/Stellt-sich-vor/Politisch/Regionsversammlung,3.8263473053892216,167,639,0.14285714285714285,14,16,0.8015159368515015,0.47904191616766467,0.433489827856025,0.041916167664670656,0.028169014084507043,0.39520958083832336,0.29107981220657275,0.023952095808383235,0.07042253521126761,0.017964071856287425,0.03286384976525822
hannover,https://www.hannover.de/Leben-in-der-Region-Hannover/Politik/Politische-Gremien/Landeshauptstadt-Hannover/Der-Rat,0.7062634989200864,463,327,0.2,15,18,0.7225384712219238,0.43628509719222464,0.44648318042813456,0.047516198704103674,0.05504587155963303,0.3088552915766739,0.26911314984709483,0.04967602591792657,0.07951070336391437,0.04967602591792657,0.01834862385321101
hannover,https://www.hannover.de/Leben-in-der-Region-Hannover/Politik/Regionspräsident-Oberbürgermeister/Der-Regionspräsident,4.91869918699187,123,605,0.5,8,28,0.805024266242981,0.44715447154471544,0.4479338842975207,0.04878048780487805,0.0512396694214876,0.3170731707317073,0.3140495867768595,0.04065040650406504,0.0512396694214876,0.04065040650406504,0.01818181818181818
hannover,https://www.hannover.de/Leben-in-der-Region-Hannover/Politik/Regionspräsident-Oberbürgermeister/Der-Oberbürgermeister,1.815217391304348,92,167,0.0,1,3,0.8636261224746704,0.45652173913043476,0.49101796407185627,0.021739130434782608,0.04790419161676647,0.2934782608695652,0.2994011976047904,0.08695652173913043,0.09580838323353294,0.05434782608695652,0.017964071856287425
hannover,https://www.hannover.de/Leben-in-der-Region-Hannover/Mobilität/Kraftfahrzeug-Straße/Bauvorhaben-an-Kreisstraßen,0.18657367044463818,2294,428,0.012658227848101266,158,12,0.7775294184684753,0.44812554489973844,0.4135514018691589,0.044027898866608545,0.02570093457943925,0.3234524847428073,0.26635514018691586,0.044463818657367045,0.06542056074766354,0.02920662598081953,0.028037383177570093
hannover,https://www.hannover.de/Leben-in-der-Region-Hannover/Mobilität/Bus-Bahn,0.23043478260869565,230,53,0.045454545454545456,22,3,0.8143450021743774,0.4782608695652174,0.4716981132075472,0.043478260869565216,0.07547169811320754,0.32173913043478264,0.24528301886792453,0.06521739130434782,0.09433962264150944,0.06956521739130435,0.018867924528301886
hannover,https://www.hannover.de/Service/Mobil-in-Hannover/Weitere-Mobilitätsdienste/Rund-ums-Taxi,1.6797520661157024,484,813,0.5,18,31,0.9737331867218018,0.4524793388429752,0.3972939729397294,0.028925619834710745,0.025830258302583026,0.2809917355371901,0.24231242312423124,0.06818181818181818,0.07872078720787208,0.04132231404958678,0.01968019680196802
hannover,https://www.hannover.de/Leben-in-der-Region-Hannover/Soziales/Menschen-mit-Behinderung/Förderung-Unterstützung/Verfahrenslots*innen-für-junge-Menschen-mit-drohender-Behinderung,0.8959627329192547,644,577,0.05263157894736842,38,12,0.7973790168762207,0.453416149068323,0.42980935875216636,0.05124223602484472,0.04852686308492201,0.3167701863354037,0.2668977469670711,0.043478260869565216,0.06932409012131716,0.06677018633540373,0.03986135181975736
hannover,https://www.hannover.de/Leben-in-der-Region-Hannover/Soziales/Kinder-Jugendliche/Beratung/Beratungsstelle-Inklusion,1.160337552742616,237,275,0.25,4,12,0.7550958395004272,0.45569620253164556,0.43272727272727274,0.05907172995780591,0.025454545454545455,0.31645569620253167,0.26181818181818184,0.05907172995780591,0.09818181818181818,0.03375527426160337,0.03272727272727273
hannover,"https://www.hannover.de/Leben-in-der-Region-Hannover/Verwaltungen-Kommunen/Die-Verwaltung-der-Landeshauptstadt-Hannover/Dezernate-und-Fachbereiche-der-LHH/Jugend,-Familie-Sport/Fachbereich-Jugend-und-Familie/Verfahrenslots*innen-und-inklusive-Beratung",1.4634806131650135,1109,1623,0.1875,16,33,0.6162203550338745,0.44815148782687103,0.41897720271102895,0.06492335437330929,0.029574861367837338,0.2732191163210099,0.25446703635243373,0.06402164111812443,0.06839186691312385,0.04869251577998196,0.02279728897104128
hannover,https://www.hannover.de/Leben-in-der-Region-Hannover/Soziales/Kinder-Jugendliche/Jugendämter-in-der-Region-Hannover,4.764227642276423,123,586,0.8095238095238095,21,38,0.7417787313461304,0.5121951219512195,0.2986348122866894,0.07317073170731707,0.011945392491467578,0.43089430894308944,0.26621160409556316,0.008130081300813009,0.017064846416382253,0.008130081300813009,0.013651877133105802
hannover,https://www.hannover.de/Leben-in-der-Region-Hannover/Soziales/Kinder-Jugendliche/Beratung/JUGEND-STÄRKEN-Brücken-in-die-Eigenständigkeit-JUST-BEst,0.7956577266922095,783,623,0.4857142857142857,35,29,0.48419761657714844,0.4559386973180077,0.36276083467094705,0.05874840357598978,0.01765650080256822,0.3116219667943806,0.24719101123595505,0.05874840357598978,0.0738362760834671,0.05747126436781609,0.02086677367576244
hannover,https://www.hannover.de/Leben-in-der-Region-Hannover/Soziales/Senioren/Information-Beratung,1.1363636363636365,132,150,0.0,1,2,0.7728190422058105,0.45454545454545453,0.4266666666666667,0.06060606060606061,0.04,0.21212121212121213,0.23333333333333334,0.06818181818181818,0.08,0.12121212121212122,0.04
hannover,https://www.hannover.de/Leben-in-der-Region-Hannover/Soziales/Kinder-Jugendliche/Beratung/Hör-und-Sprachheilberatung-für-die-Städte-und-Gemeinden-der-Region-Hannover,2.3986486486486487,148,355,0.125,8,12,0.7304868698120117,0.49324324324324326,0.4450704225352113,0.033783783783783786,0.014084507042253521,0.33783783783783783,0.323943661971831,0.06756756756756757,0.061971830985915494,0.0945945945945946,0.028169014084507043
hannover,"https://www.hannover.de/Leben-in-der-Region-Hannover/Verwaltungen-Kommunen/Die-Verwaltung-der-Region-Hannover/Stellt-sich-vor/Dezernate-und-Fachbereiche-der-Region-Hannover/Dezernat-Soziales,-Teilhabe,-Familie-und-Jugend/Fachbereich-Jugend/Team-Allgemeiner-Sozialer-Dienst-ASD/Jugendhilfe-im-Strafverfahren",1.4521497919556172,721,1047,0.3333333333333333,9,22,0.7102735042572021,0.43134535367545074,0.38299904489016234,0.0319001386962552,0.011461318051575931,0.27461858529819694,0.24068767908309455,0.07766990291262135,0.08022922636103152,0.06796116504854369,0.026743075453677174
hannover,https://www.hannover.de/Leben-in-der-Region-Hannover/Soziales/Sozialleistungen-weitere-Hilfen/RE_StaRT,2.3057851239669422,363,837,0.6,5,20,0.6849037408828735,0.5013774104683195,0.4050179211469534,0.06611570247933884,0.022700119474313024,0.30027548209366395,0.25089605734767023,0.06887052341597796,0.08482676224611709,0.05785123966942149,0.022700119474313024
hannover,https://www.hannover.de/Leben-in-der-Region-Hannover/Verwaltungen-Kommunen/Die-Verwaltung-der-Region-Hannover/Pressebereich-Region-Hannover/Archiv-Pressemitteilungen/2022/Höhere-Heizkosten-können-zu-Anspruch-auf-Grundsicherung-führen,1.6541353383458646,266,440,0.25,4,8,0.7691500782966614,0.47368421052631576,0.3840909090909091,0.06766917293233082,0.015909090909090907,0.2631578947368421,0.19999999999999998,0.08270676691729323,0.10227272727272728,0.03383458646616541,0.038636363636363635
hannover,"https://www.hannover.de/Leben-in-der-Region-Hannover/Verwaltungen-Kommunen/Die-Verwaltung-der-Region-Hannover/Stellt-sich-vor/Dezernate-und-Fachbereiche-der-Region-Hannover/Dezernat-Soziales,-Teilhabe,-Familie-und-Jugend/Eingliederungshilfe/Fachbereich-Teilhabe",2.604966139954853,443,1154,0.7058823529411765,34,53,0.6085101366043091,0.435665914221219,0.3804159445407279,0.040632054176072234,0.02512998266897747,0.3002257336343115,0.25909878682842286,0.05191873589164785,0.058925476603119586,0.040632054176072234,0.030329289428076257
hannover,https://www.hannover.de/Leben-in-der-Region-Hannover/Bürger-Service/Bürger-Service-in-der-Landeshauptstadt-Hannover/Bürgerämter-der-Landeshauptstadt/Bürgerämter-in-Hannover,1.8102189781021898,137,248,0.6923076923076923,13,13,0.5365300178527832,0.5401459854014599,0.4274193548387097,0.014598540145985401,0.008064516129032258,0.4744525547445255,0.31451612903225806,0.021897810218978103,0.06854838709677419,0.021897810218978103,0.024193548387096774
hannover,https://www.hannover.de/Leben-in-der-Region-Hannover/Verwaltungen-Kommunen/Die-Verwaltung-der-Landeshauptstadt-Hannover/Dezernate-und-Fachbereiche-der-LHH/Soziales-und-Integration/Fachbereich-Soziales-der-Landeshauptstadt,1.8144329896907216,97,176,0.75,4,9,0.8594391345977783,0.44329896907216493,0.4318181818181818,0.041237113402061855,0.056818181818181816,0.36082474226804123,0.28409090909090906,0.020618556701030927,0.0625,0.020618556701030927,0.011363636363636364
hannover,"https://www.hannover.de/Leben-in-der-Region-Hannover/Verwaltungen-Kommunen/Die-Verwaltung-der-Region-Hannover/Stellt-sich-vor/Dezernate-und-Fachbereiche-der-Region-Hannover/Dezernat-Soziales,-Teilhabe,-Familie-und-Jugend/Fachbereich-Soziales-Region-Hannover",0.7663043478260869,184,141,0.3333333333333333,6,5,0.883933424949646,0.532608695652174,0.5106382978723404,0.07065217391304347,0.07092198581560284,0.375,0.375886524822695,0.05434782608695652,0.04964539007092199,0.06521739130434782,0.014184397163120567
hannover,"https://www.hannover.de/Leben-in-der-Region-Hannover/Verwaltungen-Kommunen/Die-Verwaltung-der-Landeshauptstadt-Hannover/Dezernate-und-Fachbereiche-der-LHH/Jugend,-Familie-Sport/Fachbereich-Jugend-und-Familie",0.841726618705036,139,117,0.0,2,8,0.8454529047012329,0.4316546762589928,0.36752136752136755,0.05755395683453238,0.017094017094017096,0.26618705035971224,0.29914529914529914,0.07194244604316546,0.042735042735042736,0.08633093525179855,0.07692307692307693
hannover,"https://www.hannover.de/Leben-in-der-Region-Hannover/Verwaltungen-Kommunen/Die-Verwaltung-der-Region-Hannover/Stellt-sich-vor/Dezernate-und-Fachbereiche-der-Region-Hannover/Dezernat-Soziales,-Teilhabe,-Familie-und-Jugend/Fachbereich-Jugend",0.30513595166163143,331,101,0.0,26,3,0.7253375053405762,0.5287009063444109,0.39603960396039606,0.04833836858006042,0.009900990099009901,0.42900302114803623,0.25742574257425743,0.03625377643504532,0.06930693069306931,0.0755287009063444,0.04950495049504951
hannover,"https://www.hannover.de/Leben-in-der-Region-Hannover/Verwaltungen-Kommunen/Die-Verwaltung-der-Landeshauptstadt-Hannover/Dezernate-und-Fachbereiche-der-LHH/Finanzen,-Ordnung-und-Feuerwehr/Fachbereich-Öffentliche-Ordnung/Standesamt-und-Staatsangehörig­keit/Standesamt",18.885714285714286,35,661,1.0,0,0,0.3280740976333618,0.4857142857142857,0.3903177004538578,0.11428571428571428,0.03328290468986384,0.2857142857142857,0.2254160363086233,0.02857142857142857,0.08472012102874432,0.02857142857142857,0.015128593040847202
hannover,"https://www.hannover.de/Leben-in-der-Region-Hannover/Verwaltungen-Kommunen/Die-Verwaltung-der-Landeshauptstadt-Hannover/Dezernate-und-Fachbereiche-der-LHH/Jugend,-Familie-Sport/Fachbereich-Jugend-und-Familie/FamilienServiceBüro-der-Landeshauptstadt-Hannover",0.6035714285714285,280,169,0.25,12,5,0.5905548334121704,0.4714285714285714,0.3727810650887574,0.04642857142857143,0.023668639053254437,0.3678571428571428,0.23076923076923078,0.025,0.07692307692307693,0.04285714285714286,0.023668639053254437
hannover,"https://www.hannover.de/Leben-in-der-Region-Hannover/Verwaltungen-Kommunen/Die-Verwaltung-der-Landeshauptstadt-Hannover/Dezernate-und-Fachbereiche-der-LHH/Finanzen,-Ordnung-und-Feuerwehr/Fachbereich-Öffentliche-Ordnung/Fundbüro",1.6697247706422018,109,182,0.0,4,6,0.4343969225883484,0.48623853211009177,0.4010989010989011,0.045871559633027525,0.005494505494505495,0.30275229357798167,0.2142857142857143,0.05504587155963303,0.1043956043956044,0.027522935779816515,0.02197802197802198
hannover,https://www.hannover.de/Leben-in-der-Region-Hannover/Soziales/Kinder-Jugendliche/Dein-Weg-ins-Erwachsenenleben/1.-Volljährigkeit2,1.7020408163265306,735,1251,0.0,9,24,0.7335212230682373,0.42448979591836733,0.41566746602717825,0.03945578231292517,0.027977617905675458,0.20136054421768707,0.20303756994404476,0.09115646258503401,0.10631494804156674,0.04217687074829932,0.026378896882494004
hannover,https://www.hannover.de/Leben-in-der-Region-Hannover/Soziales/Kinder-Jugendliche/Dein-Weg-ins-Erwachsenenleben/2.-Erwachsen-werden-in-der-Jugendhilfe,0.9610194902548725,667,641,0.05,20,7,0.7084840536117554,0.43778110944527737,0.40873634945397813,0.053973013493253376,0.0343213728549142,0.24287856071964017,0.2121684867394696,0.08095952023988005,0.09516380655226209,0.049475262368815595,0.0358814352574103
hannover,https://www.hannover.de/Leben-in-der-Region-Hannover/Soziales/Kinder-Jugendliche/Dein-Weg-ins-Erwachsenenleben/3.-Wohnen,1.7083753784056508,1982,3386,0.23076923076923078,52,84,0.5601644515991211,0.446518668012109,0.40490253987005315,0.04339051463168517,0.028942705256940343,0.2325933400605449,0.20939161252215002,0.09031281533804238,0.09096278795038393,0.04641775983854692,0.02835203780271707
hannover,https://www.hannover.de/Leben-in-der-Region-Hannover/Soziales/Kinder-Jugendliche/Dein-Weg-ins-Erwachsenenleben/4.-Geld,0.956234096692112,1965,1879,0.2,35,40,0.6031882762908936,0.4264631043256997,0.38850452368281,0.036132315521628496,0.020223523150612027,0.2366412213740458,0.21128259712613093,0.08295165394402036,0.09260244811069718,0.04834605597964377,0.03139968068121341
hannover,https://www.hannover.de/Leben-in-der-Region-Hannover/Soziales/Kinder-Jugendliche/Dein-Weg-ins-Erwachsenenleben/5.-Versicherungen,1.7445652173913044,552,963,0.0,3,20,0.7095766067504883,0.44565217391304346,0.3925233644859813,0.03804347826086957,0.01557632398753894,0.20289855072463767,0.20664589823468327,0.10326086956521739,0.09034267912772585,0.041666666666666664,0.03115264797507788
hannover,https://www.hannover.de/Leben-in-der-Region-Hannover/Soziales/Kinder-Jugendliche/Dein-Weg-ins-Erwachsenenleben/6.-Schule,0.8464285714285714,840,711,0.16666666666666666,12,32,0.6218034625053406,0.444047619047619,0.4177215189873418,0.05357142857142857,0.029535864978902954,0.23095238095238096,0.2151898734177215,0.09523809523809523,0.10407876230661041,0.04166666666666667,0.02812939521800281
hannover,https://www.hannover.de/Leben-in-der-Region-Hannover/Soziales/Kinder-Jugendliche/Dein-Weg-ins-Erwachsenenleben/7.-Nach-der-Schule,1.0113582584003786,2113,2137,0.17391304347826086,46,55,0.6425369381904602,0.43539990534784667,0.3940102948058025,0.04212020823473734,0.02105755732335049,0.23994320870799812,0.19092185306504447,0.0889730241362991,0.11511464670098269,0.04353999053478467,0.02573701450631727
hannover,https://www.hannover.de/Leben-in-der-Region-Hannover/Soziales/Kinder-Jugendliche/Dein-Weg-ins-Erwachsenenleben/8.-Gesundheit,1.2312925170068028,294,362,0.0,8,6,0.7164347767829895,0.47959183673469385,0.4198895027624309,0.06462585034013606,0.03867403314917127,0.23809523809523808,0.19060773480662982,0.08503401360544217,0.08839779005524862,0.06462585034013606,0.03038674033149171
hannover,https://www.hannover.de/Leben-in-der-Region-Hannover/Soziales/Kinder-Jugendliche/Dein-Weg-ins-Erwachsenenleben/9.-Freizeitgestaltung,1.1595092024539877,326,378,0.23076923076923078,13,12,0.7499289512634277,0.4570552147239264,0.4021164021164021,0.046012269938650305,0.018518518518518517,0.2730061349693252,0.20105820105820105,0.08588957055214724,0.1111111111111111,0.0705521472392638,0.03968253968253968
hannover,https://www.hannover.de/Leben-in-der-Region-Hannover/Soziales/Kinder-Jugendliche/Dein-Weg-ins-Erwachsenenleben/10.-Beratung-und-Hilfen,2.5092250922509227,813,2040,0.15789473684210525,38,62,0.4656766951084137,0.48093480934809346,0.42254901960784313,0.07011070110701106,0.033823529411764704,0.3111931119311193,0.20294117647058824,0.056580565805658053,0.09950980392156862,0.05289052890528905,0.0303921568627451
hannover,https://www.hannover.de/Leben-in-der-Region-Hannover/Verwaltungen-Kommunen/Die-Verwaltung-der-Region-Hannover/Pressebereich-Region-Hannover/Archiv-Pressemitteilungen/2022/Höhere-Heizkosten-können-zu-Anspruch-auf-Grundsicherung-führen,1.6541353383458646,266,440,0.25,4,8,0.7691500782966614,0.47368421052631576,0.3840909090909091,0.06766917293233082,0.015909090909090907,0.2631578947368421,0.19999999999999998,0.08270676691729323,0.10227272727272728,0.03383458646616541,0.038636363636363635
hannover,https://www.hannover.de/Leben-in-der-Region-Hannover/Soziales/Menschen-mit-Behinderung/Förderung-Unterstützung/Schwer­behinderten­­­­­ausweis,1.3106796116504855,206,270,0.125,8,7,0.6566818952560425,0.4854368932038835,0.4222222222222222,0.07281553398058252,0.04814814814814815,0.28640776699029125,0.23703703703703705,0.05825242718446602,0.08518518518518518,0.05339805825242718,0.022222222222222223
hannover,https://www.hannover.de/Leben-in-der-Region-Hannover/Soziales/Familie-Partnerschaft/Frühe-Hilfen-–-Frühe-Chancen,1.6605504587155964,327,543,0.5333333333333333,15,22,0.8971487283706665,0.4892966360856269,0.430939226519337,0.07339449541284404,0.034990791896869246,0.3425076452599388,0.28729281767955805,0.027522935779816515,0.0718232044198895,0.03669724770642201,0.022099447513812154
hannover,https://www.hannover.de/Leben-in-der-Region-Hannover/Soziales/Familie-Partnerschaft/Koordinierungsstelle-Alleinerziehende,1.0802469135802468,162,175,0.0,7,4,0.5255475640296936,0.5061728395061729,0.4228571428571429,0.08024691358024691,0.022857142857142857,0.28395061728395066,0.21714285714285714,0.10493827160493827,0.09142857142857143,0.043209876543209874,0.03428571428571429
hannover,https://www.hannover.de/Leben-in-der-Region-Hannover/Gesundheit/Gesundheitsschutz/Beratungsstelle-für-Sexuelle-Gesundheit,3.1354166666666665,96,301,0.0,2,12,0.5498572587966919,0.5,0.4019933554817276,0.08333333333333333,0.036544850498338874,0.2708333333333333,0.26245847176079734,0.052083333333333336,0.07308970099667775,0.0625,0.019933554817275746
hannover,"https://www.hannover.de/Leben-in-der-Region-Hannover/Gesundheit/Gesundheitsschutz/Beratungsstelle-für-Sexuelle-Gesundheit/GAYsund-!-Angebote-für-Männer,-die-Sex-mit-Männern-haben",1.5099715099715099,351,530,0.36363636363636365,11,18,0.6361314654350281,0.4188034188034188,0.3886792452830189,0.04843304843304843,0.02830188679245283,0.32193732193732194,0.22641509433962265,0.03133903133903134,0.07547169811320754,0.03703703703703704,0.03207547169811321
hannover,https://www.hannover.de/Leben-in-der-Region-Hannover/Kulturförderung/Kulturförderung-der-Region-Hannover/1.-Projektförderung,1.22,400,488,0.09090909090909091,11,11,0.611077070236206,0.475,0.39139344262295084,0.07,0.030737704918032786,0.33249999999999996,0.23155737704918034,0.04,0.07581967213114754,0.0375,0.022540983606557378
hannover,https://www.hannover.de/Leben-in-der-Region-Hannover/Kulturförderung/Kulturförderung-der-Region-Hannover/2.-Kulturelle-Bildung,2.25177304964539,282,635,0.14285714285714285,7,11,0.6644216775894165,0.45390070921985815,0.3905511811023622,0.0673758865248227,0.029921259842519685,0.30141843971631205,0.23937007874015748,0.0425531914893617,0.08188976377952756,0.04255319148936171,0.028346456692913385
hannover,https://www.hannover.de/Leben-in-der-Region-Hannover/Kulturförderung/Kulturförderung-der-Region-Hannover/3.-Chorförderung,1.589090909090909,275,437,0.0,10,8,0.6286253929138184,0.44363636363636366,0.40274599542334094,0.06181818181818182,0.02745995423340961,0.28363636363636363,0.2608695652173913,0.04727272727272727,0.07322654462242563,0.03272727272727273,0.020594965675057208
hannover,https://www.hannover.de/Leben-in-der-Region-Hannover/Kulturförderung/Kulturförderung-der-Region-Hannover/4.-Spielplanförderung,1.7414772727272727,352,613,0.375,8,9,0.4190356135368347,0.39488636363636365,0.38825448613376834,0.03409090909090909,0.037520391517128875,0.2840909090909091,0.24469820554649266,0.05113636363636364,0.06688417618270799,0.025568181818181816,0.022838499184339316
hannover,https://www.hannover.de/Leben-in-der-Region-Hannover/Kulturförderung/Kulturförderung-der-Region-Hannover/7.-Institutionelle-Förderung,2.0934065934065935,182,381,0.05263157894736842,19,5,0.4846564531326294,0.43956043956043955,0.3937007874015748,0.054945054945054944,0.026246719160104987,0.34615384615384615,0.24146981627296588,0.016483516483516484,0.08398950131233596,0.02197802197802198,0.026246719160104987
hannover,https://www.hannover.de/Leben-in-der-Region-Hannover/Kulturförderung/Kulturförderung-der-Region-Hannover/8.-Theaterpädagogik,1.8446601941747574,103,190,0.25,4,5,0.8674774169921875,0.42718446601941745,0.4368421052631579,0.04854368932038835,0.031578947368421054,0.33009708737864074,0.30526315789473685,0.02912621359223301,0.05789473684210526,0.009708737864077669,0.015789473684210527
hannover,https://www.hannover.de/Leben-in-der-Region-Hannover/Bürger-Service/Bürger-Service-in-der-Landeshauptstadt-Hannover/Ideen-und-Beschwerden,1.0850439882697946,341,370,0.23529411764705882,17,9,0.6039391160011292,0.4222873900293255,0.37567567567567567,0.02346041055718475,0.024324324324324326,0.29032258064516125,0.2,0.07331378299120235,0.07837837837837838,0.03812316715542522,0.02972972972972973
hannover,https://www.hannover.de/Leben-in-der-Region-Hannover/Sicherheit-Ordnung/Feuerwehr-Hannover/Rettungsdienst2/Wer-hilft-wann,1.3643892339544514,966,1318,0.4810126582278481,79,58,0.6169244050979614,0.4834368530020704,0.40212443095599393,0.07556935817805382,0.038694992412746584,0.34265010351966874,0.2283763277693475,0.021739130434782608,0.06980273141122914,0.019668737060041408,0.02352048558421851
hannover,https://www.hannover.de/Service/Presse-Medien/Hannover.de/Aktuelles/Gut-zu-wissen/Evakuierung-Das-gehört-ins-Not­fall­gepäck,1.4313984168865435,758,1085,0.09090909090909091,22,18,0.7395921945571899,0.44591029023746703,0.3870967741935484,0.044854881266490766,0.013824884792626729,0.2638522427440633,0.19354838709677422,0.07651715039577836,0.09400921658986175,0.0633245382585752,0.041474654377880185
hannover,https://www.hannover.de/Leben-in-der-Region-Hannover/Soziales/Frauen-und-Gleichstellung/Gleichstellungsbeauftragte-der-Region-Hannover/Beratung-und-Unterstützung-gegen-häusliche-und-sexualisierte-Gewalt,0.3669162695711368,1469,539,0.009615384615384616,104,10,0.34713828563690186,0.4676650782845473,0.40816326530612246,0.04901293396868618,0.04452690166975881,0.382573179033356,0.2189239332096475,0.0224642614023145,0.07050092764378478,0.0381211708645337,0.03339517625231911
hannover,https://www.hannover.de/Service/Notdienste-Notfall­nummern/Ärztliche-Notdienste/Ärztliche-Notdienste-in-der-Region-Hannover,0.7629107981220657,426,325,0.0,22,12,0.5036868453025818,0.4272300469483568,0.3446153846153846,0.03990610328638498,0.03076923076923077,0.323943661971831,0.19076923076923077,0.03286384976525822,0.07076923076923076,0.03051643192488263,0.036923076923076927
hannover,https://www.hannover.de/Service/Presse-Medien/Hannover.de/Aktuelles/Gut-zu-wissen/Evakuierung-Das-gehört-ins-Not­fall­gepäck,1.4313984168865435,758,1085,0.09090909090909091,22,18,0.7395921945571899,0.44591029023746703,0.3870967741935484,0.044854881266490766,0.013824884792626729,0.2638522427440633,0.19354838709677422,0.07651715039577836,0.09400921658986175,0.0633245382585752,0.041474654377880185
hannover,"https://www.hannover.de/Leben-in-der-Region-Hannover/Verwaltungen-Kommunen/Die-Verwaltung-der-Region-Hannover/Stellt-sich-vor/Dezernate-und-Fachbereiche-der-Region-Hannover/Dezernat-Soziales,-Teilhabe,-Familie-und-Jugend/Beauftragte-der-Region-Hannover-für-Menschen-mit-Behinderung/Hilfe-bei-einem-Blackout",2.2922374429223744,219,502,0.3333333333333333,3,19,0.7803173065185547,0.4474885844748858,0.44223107569721115,0.0730593607305936,0.0398406374501992,0.2100456621004566,0.24900398406374502,0.0821917808219178,0.08167330677290836,0.0593607305936073,0.0199203187250996
hannover,https://www.hannover.de/Leben-in-der-Region-Hannover/Sicherheit-Ordnung/Informationen-im-Katastrophenfall,12.362745098039216,204,2522,0.2,10,49,0.6885143518447876,0.46568627450980393,0.40087232355273594,0.058823529411764705,0.0380650277557494,0.28431372549019607,0.20618556701030927,0.0784313725490196,0.08604282315622522,0.04901960784313726,0.03132434575733545
hannover,https://www.hannover.de/Leben-in-der-Region-Hannover/Soziales/Menschen-mit-Behinderung/Aktuelles/Meldungen/Notfall­pass-für-Menschen-mit-Taub­blind­heit,1.2860360360360361,444,571,0.0,13,13,0.6127018332481384,0.4617117117117117,0.4098073555166375,0.06981981981981981,0.021015761821366025,0.25675675675675674,0.2416812609457093,0.06531531531531531,0.07005253940455342,0.05630630630630631,0.028021015761821366
hannover,https://www.hannover.de/Leben-in-der-Region-Hannover/Sicherheit-Ordnung/Feuerwehr-Hannover/Rettungsdienst2/Wer-hilft-wann,1.3643892339544514,966,1318,0.4810126582278481,79,58,0.6169244050979614,0.4834368530020704,0.40212443095599393,0.07556935817805382,0.038694992412746584,0.34265010351966874,0.2283763277693475,0.021739130434782608,0.06980273141122914,0.019668737060041408,0.02352048558421851
hannover,https://www.hannover.de/Service/Notdienste-Notfall­nummern/Ärztliche-Notdienste/Ärztliche-Notdienste-in-der-Region-Hannover,0.7629107981220657,426,325,0.0,22,12,0.5036868453025818,0.4272300469483568,0.3446153846153846,0.03990610328638498,0.03076923076923077,0.323943661971831,0.19076923076923077,0.03286384976525822,0.07076923076923076,0.03051643192488263,0.036923076923076927
hannover,https://www.hannover.de/Leben-in-der-Region-Hannover/Verwaltungen-Kommunen/Die-Verwaltung-der-Landeshauptstadt-Hannover/Dezernate-und-Fachbereiche-der-LHH/Soziales-und-Integration/Fachbereich-Gesellschaftliche-Teilhabe/Die-Struktur/Soziale-Hilfen-in-Wohnungslosigkeit/Nothilfe-in-Sommer-und-Winter/Sommerhilfe-und-Hilfen-im-Sommer-auf-der-Straße,1.2734026745913818,673,857,0.19230769230769232,26,23,0.8619617223739624,0.475482912332838,0.42473745624270715,0.07726597325408618,0.047841306884480746,0.3031203566121843,0.2263710618436406,0.05200594353640416,0.06651108518086347,0.04606240713224369,0.024504084014002333
hannover,https://www.hannover.de/Leben-in-der-Region-Hannover/Verwaltungen-Kommunen/Die-Verwaltung-der-Landeshauptstadt-Hannover/Dezernate-und-Fachbereiche-der-LHH/Soziales-und-Integration/Fachbereich-Gesellschaftliche-Teilhabe/Die-Struktur/Soziale-Hilfen-in-Wohnungslosigkeit/Nothilfe-in-Sommer-und-Winter/Winternothilfe-und-Hilfen-im-Winter-auf-der-Straße,1.6246498599439776,714,1160,0.18181818181818182,33,32,0.7597055435180664,0.49159663865546216,0.4103448275862069,0.06862745098039216,0.034482758620689655,0.33333333333333337,0.24568965517241378,0.046218487394957986,0.07155172413793104,0.0392156862745098,0.028448275862068967
hannover,https://www.hannover.de/Leben-in-der-Region-Hannover/Soziales/Menschen-mit-Behinderung/Mobilität/%22Gemeinsam-mobil%22,1.717579250720461,347,596,0.4,15,17,0.6675563454627991,0.4553314121037464,0.4110738255033557,0.043227665706051875,0.015100671140939598,0.2680115273775216,0.26174496644295303,0.05763688760806916,0.0738255033557047,0.043227665706051875,0.04194630872483222
hannover,https://www.hannover.de/Leben-in-der-Region-Hannover/Soziales/Familie-Partnerschaft/Frühe-Hilfen-–-Frühe-Chancen/Eltern/Fachkräfte-Frühe-Hilfen,0.654639175257732,582,381,0.21428571428571427,14,13,0.8552612662315369,0.44501718213058417,0.4330708661417323,0.037800687285223365,0.05511811023622047,0.281786941580756,0.28083989501312334,0.070446735395189,0.05774278215223097,0.06872852233676977,0.028871391076115485
hannover,https://www.hannover.de/Leben-in-der-Region-Hannover/Soziales/Familie-Partnerschaft/Frühe-Hilfen-–-Frühe-Chancen/Eltern/Schwangerschaft-und-Geburt/Schwangerschaftswegweiser,0.8090614886731392,618,500,0.043478260869565216,23,29,0.4176386594772339,0.48220064724919093,0.396,0.07119741100323625,0.034,0.27831715210355984,0.26,0.059870550161812294,0.054,0.05663430420711974,0.03
hannover,https://www.hannover.de/Kultur-Freizeit/Freizeit-Sport/Feste-Saisonales/Fête-de-la-Musique/Hannover-feiert-Fête-de-la-Musique-2026,0.07094319108453384,3679,261,0.008695652173913044,345,10,0.9073176383972168,0.46208208752378366,0.421455938697318,0.039956509921174235,0.034482758620689655,0.36640391410709433,0.2835249042145594,0.03044305517803751,0.06896551724137931,0.02636586028812177,0.0038314176245210726
hannover,https://www.hannover.de/Veranstaltungskalender/Feste-Festivals/Schützenfest-Hannover-2026,2.871794871794872,78,224,0.0,4,10,0.9084343910217285,0.5128205128205128,0.38839285714285715,0.14102564102564102,0.044642857142857144,0.2948717948717949,0.2589285714285714,0.0641025641025641,0.0625,0.038461538461538464,0.026785714285714284
hannover,https://www.hannover.de/Leben-in-der-Region-Hannover/Verwaltungen-Kommunen/Die-Verwaltung-der-Region-Hannover/Termine-Veranstaltungen/Ent­decker­tag-der-Region-Hannover-2026,4.82089552238806,67,323,0.4,5,8,0.8599692583084106,0.4925373134328358,0.3931888544891641,0.05970149253731343,0.02786377708978328,0.3731343283582089,0.2476780185758514,0.029850746268656716,0.08668730650154799,0.05970149253731343,0.043343653250773995
hannover,https://www.hannover.de/Veranstaltungskalender/Feste-Festivals/Tiergartenfest-Hannover,0.7005649717514124,531,372,0.25,16,20,0.8516145944595337,0.4821092278719397,0.41397849462365593,0.064030131826742,0.01881720430107527,0.2806026365348399,0.282258064516129,0.07344632768361582,0.07526881720430108,0.032015065913371,0.016129032258064516
hannover,https://www.hannover.de/Kultur-Freizeit/Naherholung/Raus-in-die-Natur/Radfahren,15.5,6,93,1.0,1,1,0.8464697599411011,0.6666666666666666,0.40860215053763443,0.0,0.03225806451612903,0.5,0.22580645161290322,0.16666666666666666,0.10752688172043011,0.0,0.05376344086021506
hannover,https://www.hannover.de/Kultur-Freizeit/Naherholung/Raus-in-die-Natur/Bewegen/Spielplätze-in-Hannover,0.350844277673546,533,187,0.13333333333333333,15,6,0.8576271533966064,0.4634146341463415,0.45454545454545453,0.054409005628517824,0.0213903743315508,0.28142589118198874,0.3048128342245989,0.06566604127579738,0.08021390374331551,0.056285178236397754,0.016042780748663103
hannover,https://www.hannover.de/Kultur-Freizeit/Naherholung/Raus-in-die-Natur/„Grüne-Schätze“,0.4309539693128753,1499,646,0.2676056338028169,71,26,0.788974404335022,0.47164776517678453,0.4582043343653251,0.0713809206137425,0.06656346749226007,0.3629086057371581,0.32352941176470584,0.02134756504336224,0.03715170278637771,0.01801200800533689,0.02631578947368421
hannover,"https://www.hannover.de/Kultur-Freizeit/Bühnen,-Musik,-Literatur/Kino",0.7922077922077922,308,244,0.8571428571428571,35,32,0.7649117708206177,0.41883116883116883,0.4016393442622951,0.05519480519480519,0.05327868852459016,0.30194805194805197,0.32377049180327866,0.032467532467532464,0.020491803278688523,0.03896103896103896,0.004098360655737705
hannover,https://www.hannover.de/Leben-in-der-Region-Hannover/Soziales/Kinder-Jugendliche/Kinderbetreuung/Kita-Start-Fragen-und-Antworten,1.300185873605948,1076,1399,0.4166666666666667,12,61,0.654290497303009,0.4191449814126394,0.38313080771979985,0.03531598513011153,0.023588277340957826,0.24349442379182157,0.2544674767691208,0.08736059479553904,0.057183702644746245,0.04553903345724907,0.024303073624017155
hannover,https://www.hannover.de/Leben-in-der-Region-Hannover/Soziales/Kinder-Jugendliche/Kinderbetreuung/Krippe-Krippenplatz-Fragen-und-Antworten,1.2110389610389611,1232,1492,0.23529411764705882,17,58,0.45760899782180786,0.4301948051948052,0.3746648793565684,0.04626623376623377,0.024798927613941018,0.2564935064935065,0.24664879356568364,0.0698051948051948,0.054289544235924934,0.03165584415584415,0.028820375335120645
hannover,https://www.hannover.de/Leben-in-der-Region-Hannover/Bildung/Lernen-außerschulisch/Medienzentrum-der-Region-Hannover,0.6007194244604317,278,167,0.18181818181818182,11,4,0.8483030796051025,0.4568345323741007,0.4311377245508982,0.05755395683453238,0.017964071856287425,0.3489208633093525,0.29940119760479045,0.025179856115107913,0.0718562874251497,0.10071942446043165,0.03592814371257485
hannover,https://www.hannover.de/Wirtschaft-Wissenschaft/Arbeit/Arbeitsmarkt/Jobsuche/Arbeit-und-Ausbildung-in-der-Regionsverwaltung/Stellenangebote,0.5447570332480819,391,213,0.0,25,6,0.28754812479019165,0.4143222506393862,0.3427230046948357,0.020460358056265986,0.03286384976525822,0.3375959079283888,0.17370892018779344,0.017902813299232736,0.0892018779342723,0.04092071611253197,0.018779342723004695
hannover,https://www.hannover.de/Wirtschaft-Wissenschaft/Arbeit/Arbeitsmarkt/Jobsuche/Jobcenter-Region-Hannover,1.3805970149253732,134,185,0.3333333333333333,3,6,0.8396584987640381,0.48507462686567165,0.4810810810810811,0.05223880597014925,0.032432432432432434,0.2985074626865672,0.3027027027027027,0.08208955223880597,0.07567567567567568,0.05223880597014925,0.016216216216216217
hannover,https://www.hannover.de/Leben-in-der-Region-Hannover/Politik/Wahlen-Statistik/Kommunalwahlen-2026-in-der-Region-Hannover/FAQ-für-Wahlhelfer*innen,0.9908466819221968,874,866,0.058823529411764705,17,21,0.6066622734069824,0.43935926773455375,0.3891454965357968,0.041189931350114416,0.021939953810623556,0.2700228832951945,0.23325635103926096,0.06064073226544622,0.08314087759815242,0.04462242562929061,0.023094688221709007
hannover,https://www.hannover.de/Leben-in-der-Region-Hannover/Politik/Wahlen-Statistik/Kommunalwahlen-2026-in-der-Region-Hannover/Kontakt-zu-den-Wahlleitungen,3.2261904761904763,84,271,0.6666666666666666,9,19,0.5976940393447876,0.5,0.3726937269372694,0.023809523809523808,0.01845018450184502,0.4642857142857143,0.23247232472324725,0.011904761904761904,0.07749077490774908,0.011904761904761904,0.04797047970479705
hannover,https://www.hannover.de/Leben-in-der-Region-Hannover/Politik/Wahlen-Statistik/Kommunalwahlen-2026-in-der-Region-Hannover/Wahlhelfer*innen-gesucht,1.319402985074627,335,442,0.42857142857142855,7,20,0.7507242560386658,0.40298507462686567,0.3665158371040724,0.023880597014925373,0.029411764705882353,0.28059701492537314,0.22171945701357465,0.05373134328358209,0.08144796380090498,0.04477611940298508,0.020361990950226245
hannover,"https://www.hannover.de/Leben-in-der-Region-Hannover/Verwaltungen-Kommunen/Die-Verwaltung-der-Region-Hannover/Stellt-sich-vor/Dezernate-und-Fachbereiche-der-Region-Hannover/Dezernat-Soziales,-Teilhabe,-Familie-und-Jugend/Eingliederungshilfe/Fachbereich-Teilhabe",2.604966139954853,443,1154,0.7058823529411765,34,53,0.6085101366043091,0.435665914221219,0.3804159445407279,0.040632054176072234,0.02512998266897747,0.3002257336343115,0.25909878682842286,0.05191873589164785,0.058925476603119586,0.040632054176072234,0.030329289428076257
hannover,https://www.hannover.de/Leben-in-der-Region-Hannover/Soziales/Sozialleistungen-weitere-Hilfen/Bildungs-und-Teilhabepaket,0.4012903225806452,775,311,0.04,25,11,0.6474741101264954,0.43483870967741933,0.4115755627009646,0.04258064516129032,0.03215434083601286,0.2993548387096774,0.24758842443729903,0.06064516129032258,0.0932475884244373,0.06064516129032258,0.03536977491961415
hannover,https://www.hannover.de/Leben-in-der-Region-Hannover/Soziales/Kinder-Jugendliche/Kinderbetreuung/Kita-Start-Fragen-und-Antworten,1.300185873605948,1076,1399,0.4166666666666667,12,61,0.654290497303009,0.4191449814126394,0.38313080771979985,0.03531598513011153,0.023588277340957826,0.24349442379182157,0.2544674767691208,0.08736059479553904,0.057183702644746245,0.04553903345724907,0.024303073624017155
hannover,https://www.hannover.de/Leben-in-der-Region-Hannover/Umwelt-Nachhaltigkeit/Verhalten-bei-extremem-Wetter/Glätte-und-Schnee-in-der-Region-Hannover,0.8161365399534523,1289,1052,0.11538461538461539,52,35,0.6233823895454407,0.47633824670287045,0.44011406844106465,0.04034134988363072,0.02376425855513308,0.26454615981380913,0.20152091254752852,0.08921644685802949,0.10266159695817491,0.05508145849495734,0.03612167300380228
hannover,https://www.hannover.de/Leben-in-der-Region-Hannover/Umwelt-Nachhaltigkeit/Verhalten-bei-extremem-Wetter/Hitze-in-der-Region-Hannover,0.8042959427207638,419,337,0.2222222222222222,9,3,0.5702337026596069,0.46539379474940334,0.42433234421364985,0.059665871121718374,0.05341246290801187,0.2649164677804296,0.228486646884273,0.059665871121718374,0.06231454005934718,0.06443914081145585,0.03560830860534125
hannover,https://www.hannover.de/Leben-in-der-Region-Hannover/Umwelt-Nachhaltigkeit/Verhalten-bei-extremem-Wetter/Hochwasser-in-der-Region-Hannover,0.9881936245572609,847,837,0.13043478260869565,23,34,0.6492926478385925,0.44155844155844154,0.4324970131421744,0.04132231404958678,0.02986857825567503,0.26564344746162927,0.23655913978494622,0.09445100354191263,0.0955794504181601,0.07083825265643448,0.03106332138590203
hannover,https://www.hannover.de/Leben-in-der-Region-Hannover/Umwelt-Nachhaltigkeit/Verhalten-bei-extremem-Wetter/Kälte-in-der-Region-Hannover,0.8322683706070287,1252,1042,0.17647058823529413,34,30,0.7718592882156372,0.481629392971246,0.44817658349328215,0.04313099041533546,0.0345489443378119,0.2563897763578275,0.23320537428023033,0.10223642172523961,0.09788867562380038,0.06070287539936102,0.03742802303262956
hannover,https://www.hannover.de/Leben-in-der-Region-Hannover/Umwelt-Nachhaltigkeit/Verhalten-bei-extremem-Wetter/Sturm-und-Gewitter,1.2911877394636015,783,1011,0.2,35,39,0.7172236442565918,0.48531289910600256,0.41839762611275966,0.05363984674329502,0.032640949554896145,0.2848020434227331,0.2363996043521266,0.08684546615581099,0.08704253214638971,0.06513409961685823,0.03461918892185954
hannover,https://www.hannover.de/Leben-in-der-Region-Hannover/Umwelt-Nachhaltigkeit/Verhalten-bei-extremem-Wetter/Wann-fällt-die-Schule-aus,1.7219917012448134,241,415,0.25,12,26,0.6009044647216797,0.45228215767634855,0.44096385542168676,0.04564315352697095,0.021686746987951807,0.2738589211618257,0.27228915662650605,0.07883817427385892,0.06506024096385542,0.08713692946058091,0.03132530120481928
hannover,https://www.hannover.de/Leben-in-der-Region-Hannover/Verwaltungen-Kommunen/Die-Verwaltung-der-Region-Hannover/Pressebereich-Region-Hannover/Aktuelle-Pressemitteilungen/Krebsvorsorge-Impfung-Region-Han­no­ver-fährt-mit-Infobus-an-rund-30-Schulen,1.4077669902912622,618,870,0.36363636363636365,22,20,0.7519081830978394,0.47249190938511326,0.4436781609195402,0.06634304207119741,0.035632183908045977,0.27184466019417475,0.296551724137931,0.06634304207119741,0.07011494252873564,0.0372168284789644,0.027586206896551724
hannover,https://www.hannover.de/Veranstaltungskalender/Sport/Die-Finals-Hannover,0.5837209302325581,430,251,0.15384615384615385,26,18,0.8552882075309753,0.4627906976744186,0.3944223107569721,0.07906976744186046,0.043824701195219126,0.33488372093023255,0.27490039840637454,0.027906976744186046,0.043824701195219126,0.03488372093023256,0.03187250996015936
hannover,https://www.hannover.de/Service/Presse-Medien/Landeshauptstadt-Hannover/Aktuelle-Meldungen-und-Veranstaltungen/Neue-Bewohner*innen-Parkzonen-ab-Mai-2026,2.6234177215189876,316,829,0.4,20,26,0.7895998954772949,0.46835443037974683,0.3823884197828709,0.05063291139240506,0.021712907117008445,0.2974683544303797,0.24125452352231605,0.06329113924050633,0.08202653799758745,0.0379746835443038,0.021712907117008445
hannover,https://www.hannover.de/Service/Presse-Medien/Hannover.de/Aktuelles/Service-2026/Neues-Luft­li­nien-Ta­rif­mo­dell-mit-der-„ÜSTRA-easy“-App,1.0730979612133267,2011,2158,0.1875,48,39,0.6550898551940918,0.4445549477871706,0.3901760889712697,0.048731974142217804,0.015291936978683966,0.22874191944306316,0.2196478220574606,0.08453505718547986,0.08943466172381835,0.04574838388861263,0.016682113067655237
hannover,https://www.hannover.de/Leben-in-der-Region-Hannover/Soziales/Menschen-mit-Behinderung/Aktuelles/Meldungen/Helena-Klintschar-ist-„Be­hin­der­ten­­sport­­lerin-des-Jahres“-2026,0.3506944444444444,576,202,0.07692307692307693,26,9,0.40051567554473877,0.4670138888888889,0.41089108910891087,0.0625,0.019801980198019802,0.2899305555555556,0.2920792079207921,0.059027777777777776,0.07920792079207921,0.04861111111111111,0.0049504950495049506
hannover,https://www.hannover.de/Veranstaltungskalender/Messen-Kongresse/Inklusion-2026-Jugend-und-Erlebnis­­messe,1.6873065015479876,323,545,0.1,10,11,0.5656734108924866,0.42724458204334365,0.41284403669724773,0.06191950464396285,0.04036697247706422,0.23839009287925697,0.24954128440366974,0.06501547987616099,0.07706422018348624,0.061919504643962855,0.022018348623853212
hannover,https://www.hannover.de/Leben-in-der-Region-Hannover/Bürger-Service/Bürger-Service-in-der-Landeshauptstadt-Hannover/Ideen-und-Beschwerden,1.0850439882697946,341,370,0.23529411764705882,17,9,0.6039391160011292,0.4222873900293255,0.37567567567567567,0.02346041055718475,0.024324324324324326,0.29032258064516125,0.2,0.07331378299120235,0.07837837837837838,0.03812316715542522,0.02972972972972973
hannover,https://www.hannover.de/Service/Presse-Medien/Hannover.de/Aktuelles/Aktuelle-Service­in­for­ma­tio­nen-aus-Stadt-und-Re­gion-Hannover/Was-tun-bei-Notfällen-in-Bussen-und-Bahnen,1.6320754716981132,530,865,0.13043478260869565,23,25,0.7875044345855713,0.4509433962264151,0.40115606936416187,0.045283018867924525,0.03468208092485549,0.28679245283018867,0.22196531791907514,0.07358490566037736,0.08786127167630058,0.062264150943396226,0.026589595375722544
hannover,https://www.hannover.de/Leben-in-der-Region-Hannover/Umwelt-Nachhaltigkeit/Klimawandel-und-anpassung/Die-Region-Hannover-im-Klimawandel/Starkregenhinweiskarte-für-die-Region-Hannover,8.140495867768594,121,985,0.6666666666666666,6,20,0.7817093133926392,0.5041322314049587,0.40812182741116754,0.06611570247933884,0.029441624365482234,0.3140495867768595,0.22639593908629443,0.06611570247933884,0.08121827411167512,0.01652892561983471,0.03451776649746193
hannover,https://www.hannover.de/Datenschutz,0.18482207697893974,8262,1527,0.036101083032490974,277,41,0.5386176109313965,0.45715323166303556,0.3785199738048461,0.049140643911885745,0.0183366077275704,0.30416364076494795,0.21480026195153895,0.06414911643669814,0.08513425016371971,0.04127329944323408,0.024885396201702686
hannover,https://www.hannover.de/Leben-in-der-Region-Hannover/Soziales/Menschen-mit-Behinderung/Barriere­freiheits­erklärung,2.1482035928143715,668,1435,0.3333333333333333,30,32,0.6659666299819946,0.4535928143712575,0.4299651567944251,0.05688622754491018,0.0313588850174216,0.281437125748503,0.24181184668989547,0.06287425149700598,0.08222996515679443,0.04341317365269461,0.027177700348432057
hannover,https://www.hannover.de/Netiquette,5.132231404958677,121,621,0.0,3,8,0.6561497449874878,0.48760330578512395,0.4251207729468599,0.09917355371900827,0.04186795491143317,0.30578512396694213,0.23349436392914655,0.049586776859504134,0.1111111111111111,0.06611570247933884,0.02254428341384863
hannover,https://www.hannover.de/Kultur-Freizeit/Geschichte-Geschichten/Erinnerungskultur/Gedenkstätte-Ahlem/Die-Gedenkstätte-heute,1.6607669616519174,339,563,0.4,10,19,0.46065226197242737,0.45722713864306785,0.4227353463587922,0.05014749262536873,0.0497335701598579,0.2949852507374631,0.26465364120781526,0.07964601769911504,0.0674955595026643,0.035398230088495575,0.015985790408525755
hannover,https://www.hannover.de/Kultur-Freizeit/Geschichte-Geschichten/Erinnerungskultur/Gedenkstätte-Ahlem/Die-Geschichte-des-Ortes,1.55470737913486,393,611,0.4166666666666667,24,25,0.8438020944595337,0.455470737913486,0.4337152209492635,0.07124681933842239,0.04091653027823241,0.2875318066157761,0.28805237315875615,0.058524173027989825,0.058919803600654665,0.022900763358778626,0.014729950900163666
hannover,https://www.hannover.de/Kultur-Freizeit/Geschichte-Geschichten/Erinnerungskultur/Gedenkstätte-Ahlem/Führungen-und-pädagogisches-Angebot,1.4879725085910653,582,866,0.23076923076923078,13,21,0.572102427482605,0.48109965635738833,0.4018475750577367,0.07731958762886598,0.03579676674364896,0.30412371134020616,0.25635103926096997,0.054982817869415807,0.06928406466512702,0.0429553264604811,0.017321016166281754
hannover,https://www.hannover.de/Leben-in-der-Region-Hannover/Umwelt-Nachhaltigkeit/Verhalten-bei-extremem-Wetter/Hitze-in-der-Region-Hannover,0.8042959427207638,419,337,0.2222222222222222,9,3,0.5702337026596069,0.46539379474940334,0.42433234421364985,0.059665871121718374,0.05341246290801187,0.2649164677804296,0.228486646884273,0.059665871121718374,0.06231454005934718,0.06443914081145585,0.03560830860534125
hannover,https://www.hannover.de/Leben-in-der-Region-Hannover/Umwelt-Nachhaltigkeit/Verhalten-bei-extremem-Wetter/Hitze-in-der-Region-Hannover,0.8042959427207638,419,337,0.2222222222222222,9,3,0.5702337026596069,0.46539379474940334,0.42433234421364985,0.059665871121718374,0.05341246290801187,0.2649164677804296,0.228486646884273,0.059665871121718374,0.06231454005934718,0.06443914081145585,0.03560830860534125
hannover,https://www.hannover.de/Leben-in-der-Region-Hannover/Umwelt-Nachhaltigkeit/Klimawandel-und-anpassung,2.507853403141361,191,479,0.5,4,12,0.6731297969818115,0.4083769633507853,0.4196242171189979,0.03664921465968586,0.031315240083507306,0.18848167539267013,0.21085594989561587,0.08900523560209424,0.07515657620041753,0.05759162303664922,0.027139874739039668
hannover,https://www.hannover.de/Service/Presse-Medien/Hannover.de/Aktuelles/Gut-zu-wissen/Glossar-Feste-und-Feiertage/Warum-und-wie-Hannover-Silvester-und-Neujahr-feiert,0.24773139745916514,1102,273,0.03571428571428571,56,12,0.6851232647895813,0.48185117967332125,0.4835164835164835,0.07168784029038112,0.06227106227106227,0.2631578947368421,0.26373626373626374,0.06987295825771325,0.09157509157509157,0.047186932849364795,0.03296703296703297
hannover,https://www.hannover.de/Leben-in-der-Region-Hannover/Mobilität/Bus-Bahn/GVH-–-Großraum-Verkehr-Hannover,1.3705583756345177,394,540,0.3548387096774194,31,33,0.6904014348983765,0.4847715736040609,0.4648148148148148,0.030456852791878174,0.020370370370370372,0.3426395939086294,0.30925925925925923,0.06091370558375635,0.08518518518518518,0.050761421319796954,0.04259259259259259
hannover,"https://www.hannover.de/Leben-in-der-Region-Hannover/Verwaltungen-Kommunen/Die-Verwaltung-der-Region-Hannover/Stellt-sich-vor/Dezernate-und-Fachbereiche-der-Region-Hannover/Dezernat-Bildung,-Kultur-und-Baumanagement/Fachbereich-Bildung-und-Kultur/Team-Kultur/Bildende-Kunst/Atelierspaziergang",0.8017057569296375,469,376,0.14285714285714285,14,8,0.6893591284751892,0.4626865671641791,0.3829787234042553,0.07249466950959488,0.04521276595744681,0.30703624733475476,0.21808510638297873,0.04051172707889126,0.07712765957446809,0.05543710021321961,0.02925531914893617
hannover,https://www.hannover.de/Leben-in-der-Region-Hannover/Soziales/Senioren/Information-Beratung/Kostenlose-Beratung,2.25,116,261,0.25,4,10,0.5509029626846313,0.46551724137931033,0.3946360153256705,0.04310344827586207,0.038314176245210725,0.3103448275862069,0.2567049808429119,0.0603448275862069,0.05363984674329502,0.05172413793103448,0.04980842911877394
hannover,https://www.hannover.de/Leben-in-der-Region-Hannover/Verwaltungen-Kommunen/Die-Verwaltung-der-Region-Hannover/Die-Hörregion-Hannover/Gesund-hören/11-Tipps-für-gutes-Hören,1.4406364749082008,817,1177,0.23529411764705882,17,32,0.7700766324996948,0.47368421052631576,0.41206457094307564,0.056303549571603426,0.03058623619371283,0.2288861689106487,0.20475785896346643,0.09057527539779682,0.08326253186066271,0.04895960832313341,0.02888700084961767
hannover,https://www.hannover.de/Leben-in-der-Region-Hannover/Verwaltungen-Kommunen/Die-Verwaltung-der-Region-Hannover/Die-Hörregion-Hannover/Hören-lernen/Gutes-Hören-in-der-Kita,1.4845132743362832,452,671,0.78125,32,43,0.812110185623169,0.4778761061946903,0.45007451564828616,0.035398230088495575,0.028315946348733235,0.39601769911504425,0.3517138599105812,0.024336283185840708,0.043219076005961254,0.0420353982300885,0.029806259314456036
hannover,https://www.hannover.de/Leben-in-der-Region-Hannover/Verwaltungen-Kommunen/Die-Verwaltung-der-Region-Hannover/Die-Hörregion-Hannover/Gesund-hören/Hilfe-für-Menschen-mit-Hörbeeinträchtigung,2.4783505154639176,485,1202,0.2926829268292683,41,50,0.624992847442627,0.465979381443299,0.38186356073211314,0.06804123711340206,0.045757071547420966,0.3711340206185567,0.25873544093178036,0.010309278350515464,0.04326123128119801,0.020618556701030927,0.011647254575707155
hannover,https://www.hannover.de/Leben-in-der-Region-Hannover/Soziales/Menschen-mit-Behinderung/Mobilität/%22Gemeinsam-mobil%22,1.717579250720461,347,596,0.4,15,17,0.6675563454627991,0.4553314121037464,0.4110738255033557,0.043227665706051875,0.015100671140939598,0.2680115273775216,0.26174496644295303,0.05763688760806916,0.0738255033557047,0.043227665706051875,0.04194630872483222
hannover,https://www.hannover.de/Leben-in-der-Region-Hannover/Mobilität/Bus-Bahn/Angebot-Infrastruktur/sprinti-–-On-Demand-Angebot,2.540880503144654,318,808,0.2777777777777778,18,34,0.6734017133712769,0.5,0.39232673267326734,0.07861635220125786,0.023514851485148515,0.2578616352201258,0.24876237623762376,0.07232704402515723,0.06806930693069307,0.03773584905660377,0.034653465346534656
hannover,https://www.hannover.de/Leben-in-der-Region-Hannover/Mobilität/Bus-Bahn/GVH-–-Großraum-Verkehr-Hannover,1.3705583756345177,394,540,0.3548387096774194,31,33,0.6904014348983765,0.4847715736040609,0.4648148148148148,0.030456852791878174,0.020370370370370372,0.3426395939086294,0.30925925925925923,0.06091370558375635,0.08518518518518518,0.050761421319796954,0.04259259259259259
hannover,https://www.hannover.de/Service/Mobil-in-Hannover/Busse-und-Bahnen-in-der-Region-Hannover/Nachtsternverkehr,0.26549865229110514,742,197,0.05128205128205128,39,8,0.7207510471343994,0.4110512129380054,0.467005076142132,0.02830188679245283,0.005076142131979695,0.2789757412398922,0.26903553299492383,0.05256064690026954,0.08629441624365482,0.04043126684636118,0.01015228426395939
hannover,https://www.hannover.de/Service/Mobil-in-Hannover/An-und-Abreise-nach-und-von-Hannover/Fernbusse-von-und-nach-Hannover,1.0333333333333334,330,341,0.12121212121212122,33,22,0.6756359338760376,0.509090909090909,0.4252199413489736,0.08787878787878788,0.020527859237536656,0.3181818181818182,0.21407624633431083,0.048484848484848485,0.10850439882697947,0.05757575757575757,0.017595307917888565
hannover,https://www.hannover.de/Service/Mobil-in-Hannover/Weitere-Mobilitätsdienste/Rund-ums-Taxi/Frauennachttaxi,2.575835475578406,778,2004,0.5263157894736842,38,42,0.7138106822967529,0.42802056555269924,0.3917165668662675,0.02699228791773779,0.022954091816367265,0.3264781491002571,0.21257485029940118,0.02956298200514139,0.08832335329341318,0.03598971722365038,0.022954091816367265
hannover,https://www.hannover.de/Service/Mobil-in-Hannover/Weitere-Mobilitätsdienste/Rund-ums-Taxi/Frauennachttaxi,2.575835475578406,778,2004,0.5263157894736842,38,42,0.7138106822967529,0.42802056555269924,0.3917165668662675,0.02699228791773779,0.022954091816367265,0.3264781491002571,0.21257485029940118,0.02956298200514139,0.08832335329341318,0.03598971722365038,0.022954091816367265
hannover,https://www.hannover.de/Leben-in-der-Region-Hannover/Verwaltungen-Kommunen/Die-Verwaltung-der-Landeshauptstadt-Hannover/Dezernate-und-Fachbereiche-der-LHH/Soziales-und-Integration/Fachbereich-Soziales-der-Landeshauptstadt,1.8144329896907216,97,176,0.75,4,9,0.8594391345977783,0.44329896907216493,0.4318181818181818,0.041237113402061855,0.056818181818181816,0.36082474226804123,0.28409090909090906,0.020618556701030927,0.0625,0.020618556701030927,0.011363636363636364
hannover,https://www.hannover.de/Leben-in-der-Region-Hannover/Soziales/Kinder-Jugendliche/Dein-Weg-ins-Erwachsenenleben/2.-Erwachsen-werden-in-der-Jugendhilfe,0.9610194902548725,667,641,0.05,20,7,0.7084840536117554,0.43778110944527737,0.40873634945397813,0.053973013493253376,0.0343213728549142,0.24287856071964017,0.2121684867394696,0.08095952023988005,0.09516380655226209,0.049475262368815595,0.0358814352574103
hannover,https://www.hannover.de/Leben-in-der-Region-Hannover/Soziales/Menschen-mit-Behinderung/Förderung-Unterstützung/Verfahrenslots*innen-für-junge-Menschen-mit-drohender-Behinderung,0.8959627329192547,644,577,0.05263157894736842,38,12,0.7973790168762207,0.453416149068323,0.42980935875216636,0.05124223602484472,0.04852686308492201,0.3167701863354037,0.2668977469670711,0.043478260869565216,0.06932409012131716,0.06677018633540373,0.03986135181975736
hannover,https://www.hannover.de/Leben-in-der-Region-Hannover/Soziales/Senioren/Information-Beratung/Albtraum-Betrug-Diebstahl-Einbruch-Überfall,1.516,250,379,0.0,5,14,0.7741739153862,0.476,0.39841688654353563,0.08,0.021108179419525065,0.3,0.24010554089709762,0.052,0.0712401055408971,0.055999999999999994,0.03430079155672823
hannover,https://www.hannover.de/Leben-in-der-Region-Hannover/Soziales/Senioren/Information-Beratung/Hilfen-für-hörgeschädigte-Menschen,1.5510204081632653,294,456,0.2,15,22,0.7393534183502197,0.47278911564625853,0.40131578947368424,0.0782312925170068,0.046052631578947366,0.33333333333333337,0.28289473684210525,0.030612244897959183,0.039473684210526314,0.03741496598639456,0.03070175438596491
hannover,https://www.hannover.de/Leben-in-der-Region-Hannover/Soziales/Senioren/Information-Beratung/Hilfen-für-sehbehinderte-und-blinde-Menschen,7.382352941176471,102,753,0.6666666666666666,6,22,0.38584548234939575,0.47058823529411764,0.41832669322709165,0.058823529411764705,0.033200531208499334,0.37254901960784315,0.26693227091633465,0.0196078431372549,0.0703851261620186,0.058823529411764705,0.035856573705179286
hannover,https://www.hannover.de/Leben-in-der-Region-Hannover/Soziales/Senioren/Information-Beratung/Infobroschüre,1.8302752293577982,218,399,0.8235294117647058,17,25,0.747535228729248,0.45871559633027525,0.39348370927318294,0.027522935779816515,0.03007518796992481,0.32568807339449546,0.3057644110275689,0.03669724770642202,0.02506265664160401,0.0779816513761468,0.03759398496240601
hannover,https://www.hannover.de/Leben-in-der-Region-Hannover/Soziales/Senioren/Information-Beratung/Mobilität-Öffentlicher-Personennahverkehr-ÖPNV,0.9980657640232108,517,516,0.1,20,19,0.5905516147613525,0.4506769825918762,0.44573643410852715,0.04642166344294004,0.046511627906976744,0.29593810444874274,0.27906976744186046,0.05029013539651837,0.06201550387596899,0.06382978723404255,0.046511627906976744
hannover,https://www.hannover.de/Leben-in-der-Region-Hannover/Soziales/Senioren/Pflege-Betreuung/Pflegeberatung,7.166666666666667,36,258,1.0,0,0,0.6002606749534607,0.5,0.4186046511627907,0.1111111111111111,0.04263565891472868,0.3055555555555556,0.2713178294573644,0.05555555555555555,0.06589147286821706,0.08333333333333333,0.050387596899224806
hannover,https://www.hannover.de/Leben-in-der-Region-Hannover/Soziales/Senioren/Information-Beratung/Seniorenbeiräte-und-Seniorenräte/Seniorenbeirat-der-Region-Hannover,1.5251989389920424,377,575,0.25,12,13,0.8328820466995239,0.4960212201591512,0.4,0.050397877984084884,0.034782608695652174,0.32625994694960214,0.27304347826086955,0.050397877984084884,0.059130434782608696,0.03713527851458886,0.02782608695652174
hannover,https://www.hannover.de/Leben-in-der-Region-Hannover/Soziales/Senioren/Information-Beratung/Seniorenbeiräte-und-Seniorenräte,2.2897526501766783,283,648,0.5,16,34,0.7377671599388123,0.4876325088339223,0.3888888888888889,0.05653710247349823,0.024691358024691357,0.303886925795053,0.25925925925925924,0.04946996466431095,0.06944444444444445,0.0706713780918728,0.020061728395061727
hannover,https://www.hannover.de/Leben-in-der-Region-Hannover/Soziales/Senioren/Information-Beratung/Seniorentelefon-der-Stadt-Hannover,2.2521008403361344,119,268,0.2,5,12,0.945034384727478,0.47058823529411764,0.4216417910447761,0.07563025210084033,0.041044776119402986,0.35294117647058826,0.33955223880597013,0.01680672268907563,0.029850746268656716,0.05042016806722689,0.048507462686567165
hannover,https://www.hannover.de/Leben-in-der-Region-Hannover/Soziales/Senioren/Information-Beratung/Telefonseelsorge,3.3492063492063493,126,422,0.0,2,18,0.6445913910865784,0.42063492063492064,0.4146919431279621,0.023809523809523808,0.03317535545023697,0.25396825396825395,0.2677725118483412,0.05555555555555555,0.07345971563981042,0.06349206349206349,0.037914691943127965
hannover,https://www.hannover.de/Leben-in-der-Region-Hannover/Soziales/Senioren/Wohnen-im-Alter/Wohnberatung,1.407202216066482,361,508,0.2727272727272727,11,22,0.434725821018219,0.4626038781163435,0.41732283464566927,0.055401662049861494,0.03740157480314961,0.32686980609418287,0.2618110236220472,0.04986149584487535,0.06496062992125984,0.06371191135734072,0.045275590551181105
hannover,"https://www.hannover.de/Leben-in-der-Region-Hannover/Soziales/Familie-Partnerschaft/Beratung-Unterstützung/Beratung-für-Eltern,-Kinder-und-Jugendliche/Familien-und-Erziehungsberatung/Jugend-und-Familienberatung-der-Landeshauptstadt-Hannover",2.8773006134969323,652,1876,0.08333333333333333,12,39,0.5779964923858643,0.4263803680981595,0.3656716417910448,0.046012269938650305,0.029850746268656716,0.29754601226993865,0.22707889125799574,0.03834355828220859,0.05970149253731343,0.06441717791411043,0.042643923240938165
hannover,"https://www.hannover.de/Leben-in-der-Region-Hannover/Soziales/Familie-Partnerschaft/Beratung-Unterstützung/Beratung-für-Eltern,-Kinder-und-Jugendliche/Familien-und-Erziehungsberatung/Beratungsstellen-für-Eltern,-Kinder-und-Jugendliche-der-Region-Hannover",0.75,404,303,0.3333333333333333,3,7,0.8480256795883179,0.41336633663366334,0.3696369636963696,0.03217821782178218,0.013201320132013201,0.24257425742574257,0.22442244224422442,0.06435643564356436,0.08250825082508251,0.06188118811881188,0.0297029702970297
hannover,"https://www.hannover.de/Leben-in-der-Region-Hannover/Soziales/Familie-Partnerschaft/Beratung-Unterstützung/Beratung-für-Eltern,-Kinder-und-Jugendliche/Familien-und-Erziehungsberatung",1.6728395061728396,162,271,0.75,4,6,0.7150338888168335,0.41975308641975306,0.3948339483394834,0.037037037037037035,0.033210332103321034,0.25925925925925924,0.2656826568265683,0.06172839506172839,0.055350553505535055,0.030864197530864196,0.04059040590405904
hannover,"https://www.hannover.de/Leben-in-der-Region-Hannover/Soziales/Familie-Partnerschaft/Beratung-Unterstützung/Beratung-für-Eltern,-Kinder-und-Jugendliche/Familien-und-Erziehungsberatung/Jugend-und-Familienberatung-der-Landeshauptstadt-Hannover/Jugend,-Familien-und-Erziehungsberatung",4.379204892966361,327,1432,0.2727272727272727,11,35,0.7995761632919312,0.40978593272171254,0.3435754189944134,0.03363914373088685,0.020251396648044692,0.28134556574923547,0.22067039106145253,0.03058103975535168,0.05935754189944134,0.04587155963302752,0.029329608938547486
hannover,"https://www.hannover.de/Leben-in-der-Region-Hannover/Soziales/Familie-Partnerschaft/Beratung-Unterstützung/Beratung-für-Eltern,-Kinder-und-Jugendliche/Familien-und-Erziehungsberatung/Jugend-,-Familien-und-Erziehungsberatung/Beratungsstellen-der-Landeshauptstadt-Hannover/Sprechstunden-der-Beratungsstellen-der-Jugend-und-Familienberatung",3.4915254237288136,295,1030,0.0,6,20,0.6308845281600952,0.39322033898305087,0.34563106796116505,0.04067796610169491,0.02815533980582524,0.2847457627118644,0.2116504854368932,0.05084745762711865,0.06116504854368932,0.061016949152542375,0.030097087378640777
hannover,"https://www.hannover.de/Leben-in-der-Region-Hannover/Soziales/Familie-Partnerschaft/Beratung-Unterstützung/Beratung-für-Eltern,-Kinder-und-Jugendliche/Frühe-Beratung/Sprechstunde-für-Eltern-von-Säuglingen-Kleinkindern",2.2735042735042734,234,532,0.14285714285714285,7,11,0.7772433161735535,0.39316239316239315,0.36278195488721804,0.029914529914529916,0.013157894736842105,0.24786324786324787,0.21052631578947367,0.07264957264957266,0.07330827067669173,0.06410256410256411,0.043233082706766915
hannover,"https://www.hannover.de/Leben-in-der-Region-Hannover/Soziales/Familie-Partnerschaft/Beratung-Unterstützung/Beratung-für-Eltern,-Kinder-und-Jugendliche/Aktuelles-aus-den-Beratungsstellen/Kinder-im-Blick",0.8554216867469879,498,426,0.0,10,9,0.5808743238449097,0.41566265060240964,0.36384976525821594,0.040160642570281124,0.014084507042253521,0.23293172690763053,0.22300469483568075,0.07630522088353414,0.07042253521126761,0.050200803212851405,0.04225352112676056
hannover,"https://www.hannover.de/Leben-in-der-Region-Hannover/Soziales/Familie-Partnerschaft/Beratung-Unterstützung/Beratung-für-Eltern,-Kinder-und-Jugendliche/Familien-und-Erziehungsberatung/Jugend-und-Familienberatung-der-Landeshauptstadt-Hannover/Gruppenangebot-für-Kinder-von-getrennten-lebenden-Eltern",0.7123076923076923,650,463,0.07142857142857142,14,10,0.775216817855835,0.3646153846153846,0.3779697624190065,0.024615384615384615,0.019438444924406047,0.23384615384615384,0.23974082073434128,0.06153846153846154,0.05183585313174946,0.04615384615384615,0.0367170626349892
hannover,"https://www.hannover.de/Leben-in-der-Region-Hannover/Verwaltungen-Kommunen/Die-Verwaltung-der-Region-Hannover/Stellt-sich-vor/Dezernate-und-Fachbereiche-der-Region-Hannover/Dezernat-Soziales,-Teilhabe,-Familie-und-Jugend/Fachbereich-Jugend",0.30513595166163143,331,101,0.0,26,3,0.7253375053405762,0.5287009063444109,0.39603960396039606,0.04833836858006042,0.009900990099009901,0.42900302114803623,0.25742574257425743,0.03625377643504532,0.06930693069306931,0.0755287009063444,0.04950495049504951
hannover,https://www.hannover.de/Wirtschaft-Wissenschaft/Arbeit/Arbeitsmarkt/Jobsuche/Jobcenter-Region-Hannover,1.3805970149253732,134,185,0.3333333333333333,3,6,0.8396584987640381,0.48507462686567165,0.4810810810810811,0.05223880597014925,0.032432432432432434,0.2985074626865672,0.3027027027027027,0.08208955223880597,0.07567567567567568,0.05223880597014925,0.016216216216216217
hannover,https://www.hannover.de/Leben-in-der-Region-Hannover/Bürger-Service/Bürger-Service-in-der-Landeshauptstadt-Hannover/Termine-bei-Behörden-buchen/Terminvereinbarung-in-den-Bürgerämtern,1.5149253731343284,402,609,0.16666666666666666,18,11,0.6342667937278748,0.4552238805970149,0.38752052545155996,0.04975124378109453,0.013136288998357963,0.27860696517412936,0.1921182266009852,0.06218905472636816,0.12151067323481117,0.03980099502487562,0.011494252873563218
hannover,https://www.hannover.de/Leben-in-der-Region-Hannover/Bürger-Service/Bürger-Service-in-der-Landeshauptstadt-Hannover/Bürgerämter-der-Landeshauptstadt/Bürgerämter-in-Hannover,1.8102189781021898,137,248,0.6923076923076923,13,13,0.5365300178527832,0.5401459854014599,0.4274193548387097,0.014598540145985401,0.008064516129032258,0.4744525547445255,0.31451612903225806,0.021897810218978103,0.06854838709677419,0.021897810218978103,0.024193548387096774
hannover,https://www.hannover.de/Leben-in-der-Region-Hannover/Verwaltungen-Kommunen/Die-Verwaltung-der-Landeshauptstadt-Hannover/Dezernate-und-Fachbereiche-der-LHH/Soziales-und-Integration/Fachbereich-Soziales-der-Landeshauptstadt/Wohngeld,5.688888888888889,90,512,0.0,3,12,0.4857262372970581,0.5111111111111111,0.3984375,0.022222222222222223,0.0234375,0.39999999999999997,0.224609375,0.06666666666666667,0.0859375,0.03333333333333333,0.017578125
hannover,https://www.hannover.de/Leben-in-der-Region-Hannover/Soziales/Kinder-Jugendliche/Dein-Weg-ins-Erwachsenenleben/3.-Wohnen,1.7083753784056508,1982,3386,0.23076923076923078,52,84,0.5601644515991211,0.446518668012109,0.40490253987005315,0.04339051463168517,0.028942705256940343,0.2325933400605449,0.20939161252215002,0.09031281533804238,0.09096278795038393,0.04641775983854692,0.02835203780271707
hannover,https://www.hannover.de/Leben-in-der-Region-Hannover/Soziales/Kinder-Jugendliche/Dein-Weg-ins-Erwachsenenleben/4.-Geld,0.956234096692112,1965,1879,0.2,35,40,0.6031882762908936,0.4264631043256997,0.38850452368281,0.036132315521628496,0.020223523150612027,0.2366412213740458,0.21128259712613093,0.08295165394402036,0.09260244811069718,0.04834605597964377,0.03139968068121341
hannover,https://www.hannover.de/Leben-in-der-Region-Hannover/Soziales/Kinder-Jugendliche/Dein-Weg-ins-Erwachsenenleben/5.-Versicherungen,1.7445652173913044,552,963,0.0,3,20,0.7095766067504883,0.44565217391304346,0.3925233644859813,0.03804347826086957,0.01557632398753894,0.20289855072463767,0.20664589823468327,0.10326086956521739,0.09034267912772585,0.041666666666666664,0.03115264797507788
hannover,https://www.hannover.de/Leben-in-der-Region-Hannover/Soziales/Kinder-Jugendliche/Dein-Weg-ins-Erwachsenenleben/6.-Schule,0.8464285714285714,840,711,0.16666666666666666,12,32,0.6218034625053406,0.444047619047619,0.4177215189873418,0.05357142857142857,0.029535864978902954,0.23095238095238096,0.2151898734177215,0.09523809523809523,0.10407876230661041,0.04166666666666667,0.02812939521800281
hannover,https://www.hannover.de/Leben-in-der-Region-Hannover/Soziales/Kinder-Jugendliche/Dein-Weg-ins-Erwachsenenleben/7.-Nach-der-Schule,1.0113582584003786,2113,2137,0.17391304347826086,46,55,0.6425369381904602,0.43539990534784667,0.3940102948058025,0.04212020823473734,0.02105755732335049,0.23994320870799812,0.19092185306504447,0.0889730241362991,0.11511464670098269,0.04353999053478467,0.02573701450631727
hannover,https://www.hannover.de/Leben-in-der-Region-Hannover/Soziales/Kinder-Jugendliche/Dein-Weg-ins-Erwachsenenleben/8.-Gesundheit,1.2312925170068028,294,362,0.0,8,6,0.7164347767829895,0.47959183673469385,0.4198895027624309,0.06462585034013606,0.03867403314917127,0.23809523809523808,0.19060773480662982,0.08503401360544217,0.08839779005524862,0.06462585034013606,0.03038674033149171
hannover,https://www.hannover.de/Leben-in-der-Region-Hannover/Soziales/Kinder-Jugendliche/Dein-Weg-ins-Erwachsenenleben/9.-Freizeitgestaltung,1.1595092024539877,326,378,0.23076923076923078,13,12,0.7499289512634277,0.4570552147239264,0.4021164021164021,0.046012269938650305,0.018518518518518517,0.2730061349693252,0.20105820105820105,0.08588957055214724,0.1111111111111111,0.0705521472392638,0.03968253968253968
hannover,https://www.hannover.de/Leben-in-der-Region-Hannover/Soziales/Kinder-Jugendliche/Dein-Weg-ins-Erwachsenenleben/10.-Beratung-und-Hilfen,2.5092250922509227,813,2040,0.15789473684210525,38,62,0.4656766951084137,0.48093480934809346,0.42254901960784313,0.07011070110701106,0.033823529411764704,0.3111931119311193,0.20294117647058824,0.056580565805658053,0.09950980392156862,0.05289052890528905,0.0303921568627451
hannover,https://www.hannover.de/Leben-in-der-Region-Hannover/Soziales/Kinder-Jugendliche/Dein-Weg-ins-Erwachsenenleben/1.-Volljährigkeit2,1.7020408163265306,735,1251,0.0,9,24,0.7335212230682373,0.42448979591836733,0.41566746602717825,0.03945578231292517,0.027977617905675458,0.20136054421768707,0.20303756994404476,0.09115646258503401,0.10631494804156674,0.04217687074829932,0.026378896882494004
hannover,https://www.hannover.de/Leben-in-der-Region-Hannover/Soziales/Familie-Partnerschaft/Frühe-Hilfen-–-Frühe-Chancen/Chancenreich,0.673469387755102,294,198,0.23529411764705882,17,9,0.46599212288856506,0.5068027210884354,0.4090909090909091,0.047619047619047616,0.020202020202020204,0.38095238095238093,0.25757575757575757,0.04081632653061224,0.07575757575757576,0.061224489795918366,0.020202020202020204
hannover,https://www.hannover.de/Leben-in-der-Region-Hannover/Soziales/Familie-Partnerschaft/Koordinierungsstelle-Alleinerziehende/Angebote-für-Alleinerziehende,0.7105263157894737,114,81,1.0,1,3,0.7575483322143555,0.47368421052631576,0.4074074074074074,0.06140350877192982,0.012345679012345678,0.2631578947368421,0.1728395061728395,0.06140350877192982,0.09876543209876543,0.05263157894736842,0.024691358024691357
hannover,https://www.hannover.de/Leben-in-der-Region-Hannover/Verwaltungen-Kommunen/Die-Verwaltung-der-Region-Hannover/Pressebereich-Region-Hannover/Archiv-Pressemitteilungen/2022/Erster-Fall-von-Affenpocken-in-der-Region-Hannover-nachgewiesen,1.5325301204819277,415,636,0.13333333333333333,15,21,0.6625902652740479,0.4867469879518072,0.3946540880503145,0.05542168674698795,0.026729559748427674,0.29156626506024097,0.20911949685534592,0.0746987951807229,0.09119496855345911,0.03614457831325301,0.02830188679245283
hannover,https://www.hannover.de/Leben-in-der-Region-Hannover/Gesundheit/Gesundheitsschutz/Gesundheitstipps/Der-Erkältung-vorbeugen,0.9042407660738714,1462,1322,0.16666666666666666,6,18,0.7537146210670471,0.45075239398084815,0.4122541603630862,0.04856361149110807,0.03177004538577912,0.2086183310533516,0.1815431164901664,0.10191518467852258,0.09001512859304085,0.05677154582763338,0.030257186081694403
hannover,https://www.hannover.de/Leben-in-der-Region-Hannover/Gesundheit/Gesundheitsschutz/Gesundheitstipps/Hautkrebsfrüherkennung,1.055393586005831,343,362,0.125,16,12,0.6059348583221436,0.5014577259475219,0.4088397790055249,0.09329446064139942,0.013812154696132596,0.2944606413994169,0.21823204419889503,0.052478134110787174,0.09116022099447514,0.04081632653061225,0.027624309392265192
hannover,https://www.hannover.de/Leben-in-der-Region-Hannover/Gesundheit/Gesundheitsschutz/Gesundheitstipps/Herzinfarkt-und-Schlaganfall,0.8443067389620449,1291,1090,0.125,16,30,0.37696516513824463,0.4515879163439194,0.3743119266055046,0.052672347017815646,0.011926605504587157,0.238574748257165,0.20825688073394497,0.08907823392718822,0.081651376146789,0.054221533694810226,0.03486238532110092
hannover,https://www.hannover.de/Leben-in-der-Region-Hannover/Gesundheit/Gesundheitsschutz/Gesundheitstipps/Influenza,1.0418502202643172,908,946,0.18181818181818182,11,26,0.7523976564407349,0.45374449339207046,0.39217758985200846,0.06497797356828194,0.0200845665961945,0.23127753303964757,0.20613107822410148,0.07599118942731277,0.0919661733615222,0.039647577092511016,0.0306553911205074
hannover,https://www.hannover.de/Leben-in-der-Region-Hannover/Gesundheit/Gesundheitsschutz/Gesundheitstipps/Kopfläuse-–-was-tun,0.4799456152277362,1471,706,0.0,19,16,0.4751470983028412,0.46498980285520053,0.3881019830028329,0.054384772263766146,0.0169971671388102,0.26784500339904826,0.19688385269121814,0.05982324949014276,0.0764872521246459,0.05166553365057784,0.0339943342776204
hannover,https://www.hannover.de/Leben-in-der-Region-Hannover/Gesundheit/Gesundheitsschutz/Gesundheitstipps/Noro-Virus,1.0027322404371584,732,734,0.08333333333333333,12,16,0.6701221466064453,0.47404371584699456,0.39509536784741145,0.031420765027322405,0.01907356948228883,0.2527322404371585,0.17574931880108993,0.09016393442622951,0.09128065395095368,0.07240437158469945,0.039509536784741145
hannover,https://www.hannover.de/Leben-in-der-Region-Hannover/Gesundheit/Gesundheitsschutz/Impfen-und-Impfberatung/Masern-und-Masernschutzgesetz,1.120925341745531,951,1066,0.05,20,20,0.7097708582878113,0.42902208201892744,0.3949343339587242,0.058885383806519455,0.020637898686679174,0.25236593059936907,0.2373358348968105,0.07150368033648791,0.08067542213883677,0.04731861198738171,0.02345215759849906
hannover,https://www.hannover.de/Leben-in-der-Region-Hannover/Gesundheit/Gesundheitsschutz/Impfen-und-Impfberatung/Masern-und-Masernschutzgesetz,1.120925341745531,951,1066,0.05,20,20,0.7097708582878113,0.42902208201892744,0.3949343339587242,0.058885383806519455,0.020637898686679174,0.25236593059936907,0.2373358348968105,0.07150368033648791,0.08067542213883677,0.04731861198738171,0.02345215759849906
hannover,https://www.hannover.de/Leben-in-der-Region-Hannover/Kulturförderung/Kulturförderung-der-Region-Hannover,0.6554809843400448,447,293,0.125,8,2,0.6778086423873901,0.5279642058165548,0.4061433447098976,0.10514541387024609,0.027303754266211604,0.33109619686800895,0.24232081911262798,0.053691275167785234,0.10238907849829351,0.04474272930648769,0.04436860068259386
hannover,https://www.hannover.de/Leben-in-der-Region-Hannover/Kulturförderung/Kulturförderung-der-Region-Hannover/2.-Kulturelle-Bildung,2.25177304964539,282,635,0.14285714285714285,7,11,0.6644216775894165,0.45390070921985815,0.3905511811023622,0.0673758865248227,0.029921259842519685,0.30141843971631205,0.23937007874015748,0.0425531914893617,0.08188976377952756,0.04255319148936171,0.028346456692913385
hannover,https://www.hannover.de/Leben-in-der-Region-Hannover/Kulturförderung/Kulturförderung-der-Region-Hannover/7.-Institutionelle-Förderung,2.0934065934065935,182,381,0.05263157894736842,19,5,0.4846564531326294,0.43956043956043955,0.3937007874015748,0.054945054945054944,0.026246719160104987,0.34615384615384615,0.24146981627296588,0.016483516483516484,0.08398950131233596,0.02197802197802198,0.026246719160104987
hannover,https://www.hannover.de/Leben-in-der-Region-Hannover/Kulturförderung/Kulturförderung-der-Region-Hannover/8.-Theaterpädagogik,1.8446601941747574,103,190,0.25,4,5,0.8674774169921875,0.42718446601941745,0.4368421052631579,0.04854368932038835,0.031578947368421054,0.33009708737864074,0.30526315789473685,0.02912621359223301,0.05789473684210526,0.009708737864077669,0.015789473684210527
hannover,https://www.hannover.de/Leben-in-der-Region-Hannover/Kulturförderung/Kulturförderung-der-Region-Hannover/4.-Spielplanförderung,1.7414772727272727,352,613,0.375,8,9,0.4190356135368347,0.39488636363636365,0.38825448613376834,0.03409090909090909,0.037520391517128875,0.2840909090909091,0.24469820554649266,0.05113636363636364,0.06688417618270799,0.025568181818181816,0.022838499184339316
hannover,https://www.hannover.de/Leben-in-der-Region-Hannover/Kulturförderung/Kulturförderung-der-Region-Hannover/3.-Chorförderung,1.589090909090909,275,437,0.0,10,8,0.6286253929138184,0.44363636363636366,0.40274599542334094,0.06181818181818182,0.02745995423340961,0.28363636363636363,0.2608695652173913,0.04727272727272727,0.07322654462242563,0.03272727272727273,0.020594965675057208
hannover,https://www.hannover.de/Leben-in-der-Region-Hannover/Kulturförderung/Kulturförderung-der-Region-Hannover/1.-Projektförderung,1.22,400,488,0.09090909090909091,11,11,0.611077070236206,0.475,0.39139344262295084,0.07,0.030737704918032786,0.33249999999999996,0.23155737704918034,0.04,0.07581967213114754,0.0375,0.022540983606557378
hannover,https://www.hannover.de/Leben-in-der-Region-Hannover/Sicherheit-Ordnung/Informationen-im-Katastrophenfall,12.362745098039216,204,2522,0.2,10,49,0.6885143518447876,0.46568627450980393,0.40087232355273594,0.058823529411764705,0.0380650277557494,0.28431372549019607,0.20618556701030927,0.0784313725490196,0.08604282315622522,0.04901960784313726,0.03132434575733545
hannover,https://www.hannover.de/Service/Presse-Medien/Hannover.de/Aktuelles/Gut-zu-wissen/Evakuierung-Das-gehört-ins-Not­fall­gepäck,1.4313984168865435,758,1085,0.09090909090909091,22,18,0.7395921945571899,0.44591029023746703,0.3870967741935484,0.044854881266490766,0.013824884792626729,0.2638522427440633,0.19354838709677422,0.07651715039577836,0.09400921658986175,0.0633245382585752,0.041474654377880185
hannover,"https://www.hannover.de/Leben-in-der-Region-Hannover/Verwaltungen-Kommunen/Die-Verwaltung-der-Region-Hannover/Stellt-sich-vor/Dezernate-und-Fachbereiche-der-Region-Hannover/Dezernat-Soziales,-Teilhabe,-Familie-und-Jugend/Beauftragte-der-Region-Hannover-für-Menschen-mit-Behinderung/Hilfe-bei-einem-Blackout",2.2922374429223744,219,502,0.3333333333333333,3,19,0.7803173065185547,0.4474885844748858,0.44223107569721115,0.0730593607305936,0.0398406374501992,0.2100456621004566,0.24900398406374502,0.0821917808219178,0.08167330677290836,0.0593607305936073,0.0199203187250996
hannover,https://www.hannover.de/Leben-in-der-Region-Hannover/Soziales/Familie-Partnerschaft/Frühe-Hilfen-–-Frühe-Chancen/Eltern/Fachkräfte-Frühe-Hilfen,0.654639175257732,582,381,0.21428571428571427,14,13,0.8552612662315369,0.44501718213058417,0.4330708661417323,0.037800687285223365,0.05511811023622047,0.281786941580756,0.28083989501312334,0.070446735395189,0.05774278215223097,0.06872852233676977,0.028871391076115485
hannover,https://www.hannover.de/Leben-in-der-Region-Hannover/Soziales/Familie-Partnerschaft/Frühe-Hilfen-–-Frühe-Chancen/Eltern/Schwangerschaft-und-Geburt/Schwangerschaftswegweiser,0.8090614886731392,618,500,0.043478260869565216,23,29,0.4176386594772339,0.48220064724919093,0.396,0.07119741100323625,0.034,0.27831715210355984,0.26,0.059870550161812294,0.054,0.05663430420711974,0.03
hannover,https://www.hannover.de/Service/Presse-Medien/Hannover.de/Aktuelles/Gut-zu-wissen/Glossar-Feste-und-Feiertage/Warum-und-wie-Hannover-Ostern-feiert,0.8139312977099237,1048,853,0.20689655172413793,58,42,0.6720167398452759,0.48377862595419846,0.41852286049237986,0.06297709923664122,0.031652989449003514,0.26717557251908397,0.2661195779601407,0.07919847328244274,0.07151230949589683,0.033396946564885496,0.03048065650644783
hannover,https://www.hannover.de/Service/Presse-Medien/Hannover.de/Aktuelles/Gut-zu-wissen/Glossar-Feste-und-Feiertage/Warum-und-wie-Hannover-den-1.-Mai-feiert,0.3843984962406015,1064,409,0.08928571428571429,56,15,0.8530926704406738,0.4924812030075188,0.4572127139364303,0.07424812030075188,0.061124694376528114,0.2481203007518797,0.2567237163814181,0.07424812030075188,0.09046454767726161,0.040413533834586464,0.022004889975550123
hannover,https://www.hannover.de/Service/Presse-Medien/Hannover.de/Aktuelles/Gut-zu-wissen/Glossar-Feste-und-Feiertage/Warum-und-wie-Hannover-Christi-Himmelfahrt-feiert,0.567032967032967,455,258,0.10344827586206896,29,16,0.7865222692489624,0.5010989010989011,0.47674418604651164,0.06813186813186813,0.03488372093023256,0.2703296703296703,0.29069767441860467,0.06373626373626373,0.10465116279069768,0.03736263736263736,0.01937984496124031
hannover,https://www.hannover.de/Service/Presse-Medien/Hannover.de/Aktuelles/Gut-zu-wissen/Glossar-Feste-und-Feiertage/Warum-und-wie-Hannover-Pfingsten-feiert,0.5027027027027027,555,279,0.12195121951219512,41,18,0.6887190937995911,0.4648648648648649,0.43727598566308246,0.06126126126126126,0.043010752688172046,0.2774774774774775,0.26881720430107525,0.07027027027027027,0.08243727598566308,0.04504504504504505,0.017921146953405017
hannover,https://www.hannover.de/Service/Presse-Medien/Hannover.de/Aktuelles/Gut-zu-wissen/Glossar-Feste-und-Feiertage/Warum-und-wie-Hannover-den-Reformationstag-feiert,0.5258397932816538,774,407,0.22916666666666666,48,21,0.9280208349227905,0.45348837209302323,0.45454545454545453,0.07235142118863049,0.05896805896805897,0.25193798449612403,0.2800982800982801,0.05297157622739018,0.06633906633906633,0.03617571059431524,0.029484029484029485
hannover,https://www.hannover.de/Service/Presse-Medien/Hannover.de/Aktuelles/Gut-zu-wissen/Glossar-Feste-und-Feiertage/Warum-und-wie-Hannover-den-Martinstag-feiert,0.24670433145009416,1062,262,0.0851063829787234,47,11,0.8989744186401367,0.4632768361581921,0.4618320610687023,0.06591337099811675,0.061068702290076333,0.27306967984934083,0.2480916030534351,0.06779661016949153,0.07633587786259542,0.038606403013182675,0.04198473282442748
hannover,https://www.hannover.de/Service/Presse-Medien/Hannover.de/Aktuelles/Gut-zu-wissen/Glossar-Feste-und-Feiertage/Warum-und-wie-Hannover-Weihnachten-feiert,0.4080425783560024,1691,690,0.07792207792207792,77,24,0.8690317869186401,0.47486694263749263,0.45942028985507244,0.07273802483737433,0.05507246376811594,0.2655233589591957,0.2884057971014493,0.05913660555884092,0.07391304347826087,0.038438793613246605,0.0391304347826087
hannover,https://www.hannover.de/Service/Presse-Medien/Hannover.de/Aktuelles/Gut-zu-wissen/Glossar-Feste-und-Feiertage/Warum-und-wie-Hannover-Silvester-und-Neujahr-feiert,0.24773139745916514,1102,273,0.03571428571428571,56,12,0.6851232647895813,0.48185117967332125,0.4835164835164835,0.07168784029038112,0.06227106227106227,0.2631578947368421,0.26373626373626374,0.06987295825771325,0.09157509157509157,0.047186932849364795,0.03296703296703297
hannover,https://www.hannover.de/Kultur-Freizeit/Naherholung/Raus-in-die-Natur/Radfahren/Der-Deisterkreisel,1.245939675174014,431,537,0.52,25,26,0.8284430503845215,0.46635730858468677,0.3985102420856611,0.04408352668213457,0.03165735567970205,0.3225058004640371,0.2756052141527002,0.04408352668213457,0.048417132216014895,0.06728538283062645,0.0297951582867784
hannover,https://www.hannover.de/Kultur-Freizeit/Naherholung/Raus-in-die-Natur/Radfahren/Grüner-Ring/Der-Grüne-Ring,2.0913461538461537,208,435,0.625,8,22,0.9465147256851196,0.49038461538461536,0.4482758620689655,0.09134615384615384,0.08735632183908046,0.2692307692307692,0.24597701149425288,0.09134615384615384,0.04827586206896552,0.0625,0.029885057471264367
hannover,https://www.hannover.de/Kultur-Freizeit/Naherholung/Raus-in-die-Natur/Radfahren/Die-Hofladenrouten,1.7003891050583657,257,437,0.8888888888888888,9,19,0.6713883876800537,0.4669260700389105,0.43478260869565216,0.0622568093385214,0.06178489702517163,0.3424124513618677,0.28604118993135014,0.019455252918287938,0.038901601830663615,0.0311284046692607,0.013729977116704805
hannover,https://www.hannover.de/Kultur-Freizeit/Naherholung/Raus-in-die-Natur/Moore-in-der-Region-Hannover/Nordhannoversche-Moorroute/Die-Nordhannoversche-Moorroute,1.9956140350877194,228,455,0.2857142857142857,14,26,0.7037550210952759,0.5350877192982456,0.4175824175824176,0.08771929824561403,0.041758241758241756,0.2894736842105263,0.26373626373626374,0.07894736842105263,0.06153846153846154,0.043859649122807015,0.03076923076923077
hannover,https://www.hannover.de/Kultur-Freizeit/Naherholung/Raus-in-die-Natur/Radfahren/Kulturroute,1.1818181818181819,319,377,0.4772727272727273,44,38,0.8131848573684692,0.4827586206896552,0.4217506631299735,0.034482758620689655,0.029177718832891247,0.4012539184952978,0.3076923076923077,0.03134796238244514,0.03713527851458886,0.04075235109717868,0.029177718832891247
hannover,https://www.hannover.de/Kultur-Freizeit/Naherholung/Raus-in-die-Natur/Radfahren/Radeln-am-Mittellandkanal,1.4385593220338984,472,679,0.4838709677419355,31,44,0.7641199231147766,0.4894067796610169,0.41531664212076586,0.0423728813559322,0.025036818851251842,0.3305084745762712,0.2857142857142857,0.05084745762711865,0.050073637702503684,0.0614406779661017,0.033873343151693665
hannover,https://www.hannover.de/Kultur-Freizeit/Naherholung/Gärten-und-Parks/Tier-und-Freizeitparks/Sea-Life-Hannover,1.2392344497607655,209,259,0.25,12,10,0.7289177179336548,0.430622009569378,0.4015444015444015,0.07177033492822966,0.05019305019305019,0.26315789473684215,0.277992277992278,0.06698564593301436,0.05019305019305019,0.028708133971291863,0.019305019305019305
hannover,https://www.hannover.de/Kultur-Freizeit/Naherholung/Gärten-und-Parks/Historische-Parkanlagen/Tiergarten,0.3986820428336079,607,242,0.10714285714285714,28,11,0.530341625213623,0.4464579901153213,0.4132231404958678,0.060955518945634266,0.028925619834710745,0.2734761120263592,0.2727272727272727,0.05930807248764415,0.05371900826446281,0.032948929159802305,0.02066115702479339
hannover,https://www.hannover.de/Kultur-Freizeit/Naherholung/Raus-in-die-Natur/Wälder/Die-Eilenriede,0.44883040935672514,684,307,0.029411764705882353,34,7,0.4765949249267578,0.4517543859649123,0.40390879478827363,0.05555555555555555,0.03257328990228013,0.32748538011695905,0.2703583061889251,0.038011695906432746,0.06188925081433225,0.027777777777777776,0.02280130293159609
hannover,https://www.hannover.de/Leben-in-der-Region-Hannover/Soziales/Kinder-Jugendliche/Grundschulzeit/Einschulungskompass/Spielen,1.8866396761133604,494,932,0.0,3,17,0.8803883790969849,0.4331983805668016,0.4227467811158798,0.024291497975708502,0.022532188841201718,0.20647773279352225,0.22317596566523604,0.12550607287449392,0.09012875536480687,0.032388663967611336,0.02467811158798283
hannover,https://www.hannover.de/Leben-in-der-Region-Hannover/Soziales/Kinder-Jugendliche/Grundschulzeit/Einschulungskompass/Sprache,1.051334702258727,487,512,0.2,5,12,0.8829315900802612,0.37166324435318276,0.390625,0.018480492813141684,0.009765625,0.16632443531827515,0.21875,0.11909650924024641,0.099609375,0.04928131416837782,0.021484375
hannover,https://www.hannover.de/Leben-in-der-Region-Hannover/Soziales/Kinder-Jugendliche/Grundschulzeit/Einschulungskompass/Das-machen-Kinder-mit-4-5-6-Jahren,1.1228070175438596,114,128,0.5,2,1,0.7809435129165649,0.42105263157894735,0.375,0.02631578947368421,0.015625,0.17543859649122806,0.1640625,0.11403508771929824,0.078125,0.05263157894736842,0.0078125
hannover,https://www.hannover.de/Leben-in-der-Region-Hannover/Soziales/Kinder-Jugendliche/Grundschulzeit/Einschulungskompass/Informationen-für-die-Zeit-vor-der-Einschulung,0.5379310344827586,145,78,0.0,1,2,0.7058656215667725,0.41379310344827586,0.34615384615384615,0.041379310344827586,0.0,0.1793103448275862,0.16666666666666666,0.09655172413793103,0.10256410256410256,0.027586206896551724,0.02564102564102564
hannover,https://www.hannover.de/Leben-in-der-Region-Hannover/Soziales/Kinder-Jugendliche/Grundschulzeit/Einschulungskompass/Ideen-und-Informationen-für-zuhause,1.1610169491525424,118,137,0.0,1,3,0.685005784034729,0.3898305084745763,0.41605839416058393,0.01694915254237288,0.029197080291970802,0.15254237288135594,0.1897810218978102,0.13559322033898305,0.0948905109489051,0.05084745762711865,0.029197080291970802
hannover,https://www.hannover.de/Leben-in-der-Region-Hannover/Soziales/Kinder-Jugendliche/Grundschulzeit/Einschulungskompass/Kinder-mit-Förderbedarf,0.8347107438016529,121,101,0.0,1,1,0.8192490339279175,0.4049586776859504,0.38613861386138615,0.04132231404958678,0.0297029702970297,0.21487603305785125,0.1782178217821782,0.10743801652892562,0.1188118811881188,0.049586776859504134,0.0
hannover,https://www.hannover.de/Leben-in-der-Region-Hannover/Bildung/Schulen/Schülerbeförderung-in-der-Region-Hannover,1.375,184,253,0.0,5,6,0.7349785566329956,0.45652173913043476,0.45849802371541504,0.05434782608695652,0.039525691699604744,0.30434782608695654,0.2648221343873518,0.05434782608695652,0.07509881422924901,0.03804347826086957,0.019762845849802372
hannover,https://www.hannover.de/Leben-in-der-Region-Hannover/Bildung/Schulen/Schülerbeförderung-in-der-Region-Hannover,1.375,184,253,0.0,5,6,0.7349785566329956,0.45652173913043476,0.45849802371541504,0.05434782608695652,0.039525691699604744,0.30434782608695654,0.2648221343873518,0.05434782608695652,0.07509881422924901,0.03804347826086957,0.019762845849802372
hannover,https://www.hannover.de/Leben-in-der-Region-Hannover/Soziales/Sozialleistungen-weitere-Hilfen/Bildungs-und-Teilhabepaket/Leitfaden-für-Mitarbeitende-in-Kindertageseinrichtungen-Kindertagesbetreuung,1.6379310344827587,696,1140,0.37037037037037035,27,31,0.6855217814445496,0.4382183908045977,0.41754385964912283,0.041666666666666664,0.027192982456140352,0.3146551724137931,0.2780701754385965,0.05459770114942529,0.06842105263157895,0.03735632183908046,0.02456140350877193
hannover,https://www.hannover.de/Leben-in-der-Region-Hannover/Soziales/Sozialleistungen-weitere-Hilfen/Grundsicherung/Grundsicherung-im-Alter-und-bei-Erwerbsminderung,1.9176161262050833,1141,2188,0.19047619047619047,21,22,0.5187059640884399,0.4180543382997371,0.3711151736745887,0.03856266432953549,0.021480804387568556,0.26205083260297984,0.19881170018281535,0.07186678352322524,0.09552102376599635,0.04382120946538125,0.038391224862888484
hannover,https://www.hannover.de/Leben-in-der-Region-Hannover/Soziales/Sozialleistungen-weitere-Hilfen/Sozialhilfe,0.9512605042016806,595,566,0.375,8,9,0.7859143018722534,0.4638655462184874,0.4416961130742049,0.05714285714285714,0.03356890459363958,0.3058823529411765,0.2897526501766784,0.05546218487394958,0.07420494699646643,0.04369747899159664,0.026501766784452298
hannover,https://www.hannover.de/Leben-in-der-Region-Hannover/Soziales/Sozialleistungen-weitere-Hilfen/Bildungs-und-Teilhabepaket,0.4012903225806452,775,311,0.04,25,11,0.6474741101264954,0.43483870967741933,0.4115755627009646,0.04258064516129032,0.03215434083601286,0.2993548387096774,0.24758842443729903,0.06064516129032258,0.0932475884244373,0.06064516129032258,0.03536977491961415
hannover,https://www.hannover.de/Leben-in-der-Region-Hannover/Verwaltungen-Kommunen/Die-Verwaltung-der-Landeshauptstadt-Hannover/Dezernate-und-Fachbereiche-der-LHH/Soziales-und-Integration/Fachbereich-Soziales-der-Landeshauptstadt/Wohngeld,5.688888888888889,90,512,0.0,3,12,0.4857262372970581,0.5111111111111111,0.3984375,0.022222222222222223,0.0234375,0.39999999999999997,0.224609375,0.06666666666666667,0.0859375,0.03333333333333333,0.017578125
hannover,https://www.hannover.de/Leben-in-der-Region-Hannover/Soziales/Senioren/Information-Beratung/Hilfen-für-hörgeschädigte-Menschen,1.5510204081632653,294,456,0.2,15,22,0.7393534183502197,0.47278911564625853,0.40131578947368424,0.0782312925170068,0.046052631578947366,0.33333333333333337,0.28289473684210525,0.030612244897959183,0.039473684210526314,0.03741496598639456,0.03070175438596491
hannover,https://www.hannover.de/Leben-in-der-Region-Hannover/Umwelt-Nachhaltigkeit/Verhalten-bei-extremem-Wetter/Sturm-und-Gewitter,1.2911877394636015,783,1011,0.2,35,39,0.7172236442565918,0.48531289910600256,0.41839762611275966,0.05363984674329502,0.032640949554896145,0.2848020434227331,0.2363996043521266,0.08684546615581099,0.08704253214638971,0.06513409961685823,0.03461918892185954
hannover,https://www.hannover.de/Leben-in-der-Region-Hannover/Umwelt-Nachhaltigkeit/Verhalten-bei-extremem-Wetter/Hitze-in-der-Region-Hannover,0.8042959427207638,419,337,0.2222222222222222,9,3,0.5702337026596069,0.46539379474940334,0.42433234421364985,0.059665871121718374,0.05341246290801187,0.2649164677804296,0.228486646884273,0.059665871121718374,0.06231454005934718,0.06443914081145585,0.03560830860534125
hannover,https://www.hannover.de/Leben-in-der-Region-Hannover/Umwelt-Nachhaltigkeit/Verhalten-bei-extremem-Wetter/Kälte-in-der-Region-Hannover,0.8322683706070287,1252,1042,0.17647058823529413,34,30,0.7718592882156372,0.481629392971246,0.44817658349328215,0.04313099041533546,0.0345489443378119,0.2563897763578275,0.23320537428023033,0.10223642172523961,0.09788867562380038,0.06070287539936102,0.03742802303262956
hannover,https://www.hannover.de/Leben-in-der-Region-Hannover/Umwelt-Nachhaltigkeit/Verhalten-bei-extremem-Wetter/Wann-fällt-die-Schule-aus,1.7219917012448134,241,415,0.25,12,26,0.6009044647216797,0.45228215767634855,0.44096385542168676,0.04564315352697095,0.021686746987951807,0.2738589211618257,0.27228915662650605,0.07883817427385892,0.06506024096385542,0.08713692946058091,0.03132530120481928
hannover,https://www.hannover.de/Leben-in-der-Region-Hannover/Umwelt-Nachhaltigkeit/Verhalten-bei-extremem-Wetter/Hochwasser-in-der-Region-Hannover,0.9881936245572609,847,837,0.13043478260869565,23,34,0.6492926478385925,0.44155844155844154,0.4324970131421744,0.04132231404958678,0.02986857825567503,0.26564344746162927,0.23655913978494622,0.09445100354191263,0.0955794504181601,0.07083825265643448,0.03106332138590203
hannover,https://www.hannover.de/Leben-in-der-Region-Hannover/Umwelt-Nachhaltigkeit/Verhalten-bei-extremem-Wetter/Hitze-in-der-Region-Hannover/Tipps-für-die-heißen-Tage,0.30051150895140666,3910,1175,0.014705882352941176,68,22,0.5644938945770264,0.48491048593350383,0.43319148936170215,0.07289002557544758,0.04936170212765958,0.259846547314578,0.18212765957446808,0.07544757033248081,0.08085106382978724,0.053708439897698204,0.023829787234042554
hannover,https://www.hannover.de/Leben-in-der-Region-Hannover/Umwelt-Nachhaltigkeit/Verhalten-bei-extremem-Wetter/Hitze-in-der-Region-Hannover/Hitzebelastung-für-Kinder,2.174721189591078,269,585,0.0,3,12,0.8289976119995117,0.48698884758364314,0.4256410256410256,0.07434944237918216,0.044444444444444446,0.28624535315985133,0.23589743589743592,0.055762081784386616,0.06837606837606838,0.02230483271375465,0.020512820512820513
hannover,https://www.hannover.de/Leben-in-der-Region-Hannover/Umwelt-Nachhaltigkeit/Verhalten-bei-extremem-Wetter/Hitze-in-der-Region-Hannover/Hitzebelastungen-in-der-Schwangerschaft,1.4651639344262295,488,715,0.16666666666666666,6,10,0.6801506280899048,0.4918032786885246,0.43496503496503497,0.09631147540983606,0.05034965034965035,0.25614754098360654,0.19860139860139858,0.07581967213114754,0.06573426573426573,0.05122950819672131,0.02937062937062937
hannover,https://www.hannover.de/Leben-in-der-Region-Hannover/Umwelt-Nachhaltigkeit/Klimawandel-und-anpassung,2.507853403141361,191,479,0.5,4,12,0.6731297969818115,0.4083769633507853,0.4196242171189979,0.03664921465968586,0.031315240083507306,0.18848167539267013,0.21085594989561587,0.08900523560209424,0.07515657620041753,0.05759162303664922,0.027139874739039668
hannover,https://www.hannover.de/Leben-in-der-Region-Hannover/Umwelt-Nachhaltigkeit/Verhalten-bei-extremem-Wetter/Glätte-und-Schnee-in-der-Region-Hannover,0.8161365399534523,1289,1052,0.11538461538461539,52,35,0.6233823895454407,0.47633824670287045,0.44011406844106465,0.04034134988363072,0.02376425855513308,0.26454615981380913,0.20152091254752852,0.08921644685802949,0.10266159695817491,0.05508145849495734,0.03612167300380228
hannover,https://www.hannover.de/Leben-in-der-Region-Hannover/Soziales/Menschen-mit-Behinderung/Warum-Leichte-Sprache-auf-Hannover.de,1.1880597014925374,335,398,0.26666666666666666,15,14,0.8816713094711304,0.4597014925373134,0.43467336683417085,0.06567164179104477,0.05025125628140704,0.2417910447761194,0.2638190954773869,0.056716417910447764,0.0678391959798995,0.050746268656716415,0.03015075376884422
hannover,https://www.hannover.de/Service/Presse-Medien/Hannover.de/Hilfen-zur-Be­die­nung-von-Han­no­ver.de,1.096774193548387,1953,2142,0.3389830508474576,59,59,0.6809488534927368,0.4336917562724014,0.42296918767507,0.04198668714797747,0.032679738562091505,0.2345110087045571,0.21708683473389356,0.07936507936507936,0.09010270774976657,0.04249871991807476,0.021475256769374416
hannover,https://www.hannover.de/Leben-in-der-Region-Hannover/Verwaltungen-Kommunen/Die-Verwaltung-der-Region-Hannover/Stellt-sich-vor/Geografisch,1.9367088607594938,158,306,0.625,16,25,0.7887455224990845,0.44936708860759494,0.43790849673202614,0.06329113924050633,0.05228758169934641,0.31645569620253167,0.3104575163398693,0.03164556962025317,0.049019607843137254,0.056962025316455694,0.013071895424836602
hannover,https://www.hannover.de/Leben-in-der-Region-Hannover/Verwaltungen-Kommunen/Die-Verwaltung-der-Region-Hannover/Stellt-sich-vor,4.445783132530121,166,738,0.6666666666666666,6,37,0.7600393891334534,0.4939759036144578,0.453929539295393,0.05421686746987952,0.02981029810298103,0.3072289156626506,0.3062330623306233,0.05421686746987952,0.06775067750677506,0.04819277108433735,0.03523035230352303
hannover,"https://www.hannover.de/Leben-in-der-Region-Hannover/Verwaltungen-Kommunen/Die-Verwaltung-der-Region-Hannover/Stellt-sich-vor/Dezernate-und-Fachbereiche-der-Region-Hannover/Dezernat-Soziales,-Teilhabe,-Familie-und-Jugend/Beauftragte-der-Region-Hannover-für-Menschen-mit-Behinderung",0.6765734265734266,572,387,0.3076923076923077,13,15,0.8053090572357178,0.48776223776223776,0.43669250645994834,0.06643356643356643,0.028423772609819122,0.34265734265734266,0.32299741602067183,0.038461538461538464,0.059431524547803614,0.07342657342657344,0.015503875968992248
hannover,https://www.hannover.de/Leben-in-der-Region-Hannover/Verwaltungen-Kommunen/Die-Verwaltung-der-Landeshauptstadt-Hannover/Dezernate-und-Fachbereiche-der-LHH/Soziales-und-Integration/Beauftragter-für-Menschen-mit-Behinderung-der-Landeshauptstadt-Hannover,0.6484848484848484,495,321,0.23076923076923078,13,9,0.6450422406196594,0.503030303030303,0.4392523364485981,0.05656565656565657,0.028037383177570093,0.298989898989899,0.32398753894080995,0.0707070707070707,0.056074766355140186,0.06464646464646465,0.028037383177570093
hannover,https://www.hannover.de/Leben-in-der-Region-Hannover/Mobilität,0.21338912133891214,239,51,0.1,10,2,0.8232030868530273,0.4686192468619247,0.45098039215686275,0.05439330543933055,0.0196078431372549,0.2928870292887029,0.2549019607843137,0.04184100418410042,0.11764705882352941,0.03765690376569038,0.058823529411764705
hannover,https://www.hannover.de/Service/Mobil-in-Hannover/Parken/Bewohner*innenparken,0.5807803089814088,3819,2218,0.0594059405940594,101,38,0.7225539684295654,0.44435716156061794,0.3764652840396754,0.05394082220476565,0.021190261496844005,0.2545168892380204,0.20829576194770064,0.07567426027755957,0.08701532912533815,0.04111023828227285,0.02569882777276826
hannover,https://www.hannover.de/Leben-in-der-Region-Hannover/Umwelt-Nachhaltigkeit/Wasser-Abwasser/Abwasser/Stadtentwässerung-Hannover/Öffentliche-Toiletten-in-Hannover/Euro-WC-Schlüssel-für-Behinderte,3.2919254658385095,161,530,0.5384615384615384,13,23,0.8875170350074768,0.4720496894409938,0.3905660377358491,0.037267080745341616,0.03962264150943396,0.3975155279503106,0.2528301886792453,0.018633540372670808,0.06415094339622641,0.055900621118012424,0.022641509433962263
hannover,https://www.hannover.de/Kultur-Freizeit/Freizeit-Sport/Sport/Bäderführer/Badeseen/Bordenauer-See/Fragen-und-Antworten-zum-Thema-Blaualgen,1.7205588822355289,501,862,0.09090909090909091,11,20,0.8089737296104431,0.4750499001996008,0.39211136890951276,0.05389221556886228,0.019721577726218097,0.24550898203592814,0.1925754060324826,0.08183632734530938,0.07424593967517401,0.06187624750499002,0.027842227378190254
hannover,https://www.hannover.de/Leben-in-der-Region-Hannover/Soziales/Sozialleistungen-weitere-Hilfen/HannoverAktivPass,0.3525423728813559,590,208,0.23076923076923078,13,5,0.663722038269043,0.4423728813559322,0.39903846153846156,0.06271186440677966,0.014423076923076924,0.27796610169491526,0.24038461538461536,0.0576271186440678,0.08653846153846154,0.03559322033898305,0.014423076923076924
hannover,https://www.hannover.de/Leben-in-der-Region-Hannover/Soziales/Menschen-mit-Behinderung/Aktuelles/Meldungen/Informationen-für-Geflüchtete-mit-Behinderung,1.2723214285714286,672,855,0.2857142857142857,21,26,0.8319133520126343,0.44345238095238093,0.4046783625730994,0.07291666666666667,0.03391812865497076,0.31101190476190477,0.2631578947368421,0.02976190476190476,0.07251461988304093,0.0744047619047619,0.0456140350877193
hannover,https://www.hannover.de/Leben-in-der-Region-Hannover/Kulturförderung/Kulturförderung-der-Region-Hannover,0.6554809843400448,447,293,0.125,8,2,0.6778086423873901,0.5279642058165548,0.4061433447098976,0.10514541387024609,0.027303754266211604,0.33109619686800895,0.24232081911262798,0.053691275167785234,0.10238907849829351,0.04474272930648769,0.04436860068259386
hannover,https://www.hannover.de/Leben-in-der-Region-Hannover/Bürger-Service/Bürger-Service-in-der-Landeshauptstadt-Hannover/Ideen-und-Beschwerden/Mängelhinweiskarte,7.36036036036036,111,817,0.5,4,14,0.832649290561676,0.4864864864864865,0.38922888616891066,0.06306306306306306,0.028151774785801713,0.26126126126126126,0.20685434516523868,0.0990990990990991,0.08200734394124846,0.05405405405405406,0.029375764993880046
hannover,https://www.hannover.de/Service/Notdienste-Notfall­nummern,10.030303030303031,33,331,1.0,0,0,0.4746517539024353,0.36363636363636365,0.36555891238670696,0.06060606060606061,0.04833836858006042,0.12121212121212122,0.1933534743202417,0.15151515151515152,0.0755287009063444,0.0,0.02416918429003021
hannover,https://www.hannover.de/Leben-in-der-Region-Hannover/Soziales/Menschen-mit-Behinderung/Aktuelles/Meldungen/Roll­treppen-und-Auf­züge-In-Echt­zeit-über-Ausfälle-informiert-sein,2.1933701657458564,181,397,0.16666666666666666,12,16,0.7079997658729553,0.4696132596685083,0.4105793450881612,0.06077348066298342,0.030226700251889168,0.3204419889502762,0.24181360201511334,0.055248618784530384,0.060453400503778336,0.04419889502762431,0.037783375314861464
hannover,https://www.hannover.de/Leben-in-der-Region-Hannover/Soziales/Menschen-mit-Behinderung/Förderung-Unterstützung/Schwer­behinderten­­­­­ausweis,1.3106796116504855,206,270,0.125,8,7,0.6566818952560425,0.4854368932038835,0.4222222222222222,0.07281553398058252,0.04814814814814815,0.28640776699029125,0.23703703703703705,0.05825242718446602,0.08518518518518518,0.05339805825242718,0.022222222222222223
hannover,https://www.hannover.de/Leben-in-der-Region-Hannover/Politik/Wahlen-Statistik/Kommunalwahlen-2026-in-der-Region-Hannover/Allgemeine-Informationen,1.2164634146341464,1640,1995,0.3888888888888889,36,58,0.8023004531860352,0.424390243902439,0.37343358395989973,0.05609756097560976,0.03007518796992481,0.26646341463414636,0.2305764411027569,0.05853658536585366,0.07719298245614035,0.04268292682926829,0.02406015037593985
hannover,https://www.hannover.de/Leben-in-der-Region-Hannover/Politik/Wahlen-Statistik/Kommunalwahlen-2026-in-der-Region-Hannover/FAQ-für-Wahlhelfer*innen,0.9908466819221968,874,866,0.058823529411764705,17,21,0.6066622734069824,0.43935926773455375,0.3891454965357968,0.041189931350114416,0.021939953810623556,0.2700228832951945,0.23325635103926096,0.06064073226544622,0.08314087759815242,0.04462242562929061,0.023094688221709007
hannover,https://www.hannover.de/Leben-in-der-Region-Hannover/Politik/Wahlen-Statistik/Kommunalwahlen-2026-in-der-Region-Hannover/Kontakt-zu-den-Wahlleitungen,3.2261904761904763,84,271,0.6666666666666666,9,19,0.5976940393447876,0.5,0.3726937269372694,0.023809523809523808,0.01845018450184502,0.4642857142857143,0.23247232472324725,0.011904761904761904,0.07749077490774908,0.011904761904761904,0.04797047970479705
hannover,https://www.hannover.de/Leben-in-der-Region-Hannover/Politik/Wahlen-Statistik/Kommunalwahlen-2026-in-der-Region-Hannover/Wahlhelfer*innen-gesucht,1.319402985074627,335,442,0.42857142857142855,7,20,0.7507242560386658,0.40298507462686567,0.3665158371040724,0.023880597014925373,0.029411764705882353,0.28059701492537314,0.22171945701357465,0.05373134328358209,0.08144796380090498,0.04477611940298508,0.020361990950226245
hannover,https://www.hannover.de/Service/Mobil-in-Hannover/Parken/Bewohner*innenparken,0.5807803089814088,3819,2218,0.0594059405940594,101,38,0.7225539684295654,0.44435716156061794,0.3764652840396754,0.05394082220476565,0.021190261496844005,0.2545168892380204,0.20829576194770064,0.07567426027755957,0.08701532912533815,0.04111023828227285,0.02569882777276826
hannover,https://www.hannover.de/Leben-in-der-Region-Hannover/Verwaltungen-Kommunen/Die-Verwaltung-der-Region-Hannover/Pressebereich-Region-Hannover/Archiv-Pressemitteilungen/2021/Europäischer-Protesttag-zur-Gleichstellung-von-Menschen-mit-Behinderung,12.30967741935484,155,1908,0.5714285714285714,7,38,0.7165536880493164,0.4838709677419355,0.40146750524109015,0.05806451612903226,0.02148846960167715,0.3419354838709677,0.2358490566037736,0.05806451612903226,0.07389937106918239,0.03870967741935484,0.03930817610062893
hannover,https://www.hannover.de/Leben-in-der-Region-Hannover/Bürger-Service/Bürger-Service-in-der-Landeshauptstadt-Hannover/Ideen-und-Beschwerden/Mängelhinweiskarte,7.36036036036036,111,817,0.5,4,14,0.832649290561676,0.4864864864864865,0.38922888616891066,0.06306306306306306,0.028151774785801713,0.26126126126126126,0.20685434516523868,0.0990990990990991,0.08200734394124846,0.05405405405405406,0.029375764993880046
hannover,https://www.hannover.de/Kultur-Freizeit/Geschichte-Geschichten/Erinnerungskultur/Gedenkstätte-Ahlem/Die-Geschichte-des-Ortes,1.55470737913486,393,611,0.4166666666666667,24,25,0.8438020944595337,0.455470737913486,0.4337152209492635,0.07124681933842239,0.04091653027823241,0.2875318066157761,0.28805237315875615,0.058524173027989825,0.058919803600654665,0.022900763358778626,0.014729950900163666
hannover,https://www.hannover.de/Kultur-Freizeit/Geschichte-Geschichten/Erinnerungskultur/Gedenkstätte-Ahlem/Die-Geschichte-des-Ortes,1.55470737913486,393,611,0.4166666666666667,24,25,0.8438020944595337,0.455470737913486,0.4337152209492635,0.07124681933842239,0.04091653027823241,0.2875318066157761,0.28805237315875615,0.058524173027989825,0.058919803600654665,0.022900763358778626,0.014729950900163666
hannover,https://www.hannover.de/Kultur-Freizeit/Geschichte-Geschichten/Erinnerungskultur/Gedenkstätte-Ahlem/Führungen-und-pädagogisches-Angebot,1.4879725085910653,582,866,0.23076923076923078,13,21,0.572102427482605,0.48109965635738833,0.4018475750577367,0.07731958762886598,0.03579676674364896,0.30412371134020616,0.25635103926096997,0.054982817869415807,0.06928406466512702,0.0429553264604811,0.017321016166281754
hannover,https://www.hannover.de/Kultur-Freizeit/Geschichte-Geschichten/Erinnerungskultur/Gedenkstätte-Ahlem/Die-Gedenkstätte-heute,1.6607669616519174,339,563,0.4,10,19,0.46065226197242737,0.45722713864306785,0.4227353463587922,0.05014749262536873,0.0497335701598579,0.2949852507374631,0.26465364120781526,0.07964601769911504,0.0674955595026643,0.035398230088495575,0.015985790408525755
hannover,https://www.hannover.de/Leben-in-der-Region-Hannover/Umwelt-Nachhaltigkeit/Verhalten-bei-extremem-Wetter/Hitze-in-der-Region-Hannover/Tipps-für-die-heißen-Tage,0.30051150895140666,3910,1175,0.014705882352941176,68,22,0.5644938945770264,0.48491048593350383,0.43319148936170215,0.07289002557544758,0.04936170212765958,0.259846547314578,0.18212765957446808,0.07544757033248081,0.08085106382978724,0.053708439897698204,0.023829787234042554
hannover,"https://www.hannover.de/Leben-in-der-Region-Hannover/Verwaltungen-Kommunen/Die-Verwaltung-der-Landeshauptstadt-Hannover/Dezernate-und-Fachbereiche-der-LHH/Finanzen,-Ordnung-und-Feuerwehr/Fachbereich-Öffentliche-Ordnung/Standesamt-und-Staatsangehörig­keit/Standesamt",18.885714285714286,35,661,1.0,0,0,0.3280740976333618,0.4857142857142857,0.3903177004538578,0.11428571428571428,0.03328290468986384,0.2857142857142857,0.2254160363086233,0.02857142857142857,0.08472012102874432,0.02857142857142857,0.015128593040847202
hannover,"https://www.hannover.de/Service/Presse-Medien/Hannover.de/Aktuelles/Wirtschaft-Wissenschaft-2024/Aus-Üstra,-GVH-und-Regiobus-wird-die-neue-Üstra",0.6776611694152923,667,452,0.23076923076923078,26,15,0.5736353397369385,0.47976011994003,0.4004424778761062,0.06446776611694154,0.05088495575221239,0.2788605697151424,0.22787610619469026,0.05847076461769116,0.05309734513274336,0.053973013493253376,0.033185840707964605
hannover,https://www.hannover.de/Leben-in-der-Region-Hannover/Soziales/Senioren/Information-Beratung,1.1363636363636365,132,150,0.0,1,2,0.7728190422058105,0.45454545454545453,0.4266666666666667,0.06060606060606061,0.04,0.21212121212121213,0.23333333333333334,0.06818181818181818,0.08,0.12121212121212122,0.04
hannover,https://www.hannover.de/Leben-in-der-Region-Hannover/Soziales/Senioren/Information-Beratung/Hilfen-für-sehbehinderte-und-blinde-Menschen,7.382352941176471,102,753,0.6666666666666666,6,22,0.38584548234939575,0.47058823529411764,0.41832669322709165,0.058823529411764705,0.033200531208499334,0.37254901960784315,0.26693227091633465,0.0196078431372549,0.0703851261620186,0.058823529411764705,0.035856573705179286
hannover,https://www.hannover.de/Leben-in-der-Region-Hannover/Soziales/Senioren/Information-Beratung/Hilfen-für-hörgeschädigte-Menschen,1.5510204081632653,294,456,0.2,15,22,0.7393534183502197,0.47278911564625853,0.40131578947368424,0.0782312925170068,0.046052631578947366,0.33333333333333337,0.28289473684210525,0.030612244897959183,0.039473684210526314,0.03741496598639456,0.03070175438596491
hannover,https://www.hannover.de/Leben-in-der-Region-Hannover/Soziales/Senioren/Information-Beratung/Mobilität-Öffentlicher-Personennahverkehr-ÖPNV,0.9980657640232108,517,516,0.1,20,19,0.5905516147613525,0.4506769825918762,0.44573643410852715,0.04642166344294004,0.046511627906976744,0.29593810444874274,0.27906976744186046,0.05029013539651837,0.06201550387596899,0.06382978723404255,0.046511627906976744
hannover,https://www.hannover.de/Leben-in-der-Region-Hannover/Soziales/Senioren/Information-Beratung/Seniorenbeiräte-und-Seniorenräte,2.2897526501766783,283,648,0.5,16,34,0.7377671599388123,0.4876325088339223,0.3888888888888889,0.05653710247349823,0.024691358024691357,0.303886925795053,0.25925925925925924,0.04946996466431095,0.06944444444444445,0.0706713780918728,0.020061728395061727
hannover,https://www.hannover.de/Leben-in-der-Region-Hannover/Soziales/Senioren/Information-Beratung/Infobroschüre,1.8302752293577982,218,399,0.8235294117647058,17,25,0.747535228729248,0.45871559633027525,0.39348370927318294,0.027522935779816515,0.03007518796992481,0.32568807339449546,0.3057644110275689,0.03669724770642202,0.02506265664160401,0.0779816513761468,0.03759398496240601
hannover,https://www.hannover.de/Leben-in-der-Region-Hannover/Soziales/Senioren/Information-Beratung/Seniorentelefon-der-Stadt-Hannover,2.2521008403361344,119,268,0.2,5,12,0.945034384727478,0.47058823529411764,0.4216417910447761,0.07563025210084033,0.041044776119402986,0.35294117647058826,0.33955223880597013,0.01680672268907563,0.029850746268656716,0.05042016806722689,0.048507462686567165
hannover,https://www.hannover.de/Leben-in-der-Region-Hannover/Soziales/Senioren/Wohnen-im-Alter/Wohnberatung,1.407202216066482,361,508,0.2727272727272727,11,22,0.434725821018219,0.4626038781163435,0.41732283464566927,0.055401662049861494,0.03740157480314961,0.32686980609418287,0.2618110236220472,0.04986149584487535,0.06496062992125984,0.06371191135734072,0.045275590551181105
hannover,https://www.hannover.de/Leben-in-der-Region-Hannover/Soziales/Senioren/Pflege-Betreuung/Pflegeberatung,7.166666666666667,36,258,1.0,0,0,0.6002606749534607,0.5,0.4186046511627907,0.1111111111111111,0.04263565891472868,0.3055555555555556,0.2713178294573644,0.05555555555555555,0.06589147286821706,0.08333333333333333,0.050387596899224806
hannover,https://www.hannover.de/Leben-in-der-Region-Hannover/Soziales/Senioren/Information-Beratung/Telefonseelsorge,3.3492063492063493,126,422,0.0,2,18,0.6445913910865784,0.42063492063492064,0.4146919431279621,0.023809523809523808,0.03317535545023697,0.25396825396825395,0.2677725118483412,0.05555555555555555,0.07345971563981042,0.06349206349206349,0.037914691943127965
hannover,https://www.hannover.de/Leben-in-der-Region-Hannover/Soziales/Senioren/Information-Beratung/Albtraum-Betrug-Diebstahl-Einbruch-Überfall,1.516,250,379,0.0,5,14,0.7741739153862,0.476,0.39841688654353563,0.08,0.021108179419525065,0.3,0.24010554089709762,0.052,0.0712401055408971,0.055999999999999994,0.03430079155672823
hannover,https://www.hannover.de/Leben-in-der-Region-Hannover/Verwaltungen-Kommunen/Die-Verwaltung-der-Region-Hannover/Die-Hörregion-Hannover/Gesund-hören/Hilfe-für-Menschen-mit-Hörbeeinträchtigung,2.4783505154639176,485,1202,0.2926829268292683,41,50,0.624992847442627,0.465979381443299,0.38186356073211314,0.06804123711340206,0.045757071547420966,0.3711340206185567,0.25873544093178036,0.010309278350515464,0.04326123128119801,0.020618556701030927,0.011647254575707155
hannover,https://www.hannover.de/Leben-in-der-Region-Hannover/Verwaltungen-Kommunen/Die-Verwaltung-der-Region-Hannover/Die-Hörregion-Hannover/Gesund-hören/11-Tipps-für-gutes-Hören,1.4406364749082008,817,1177,0.23529411764705882,17,32,0.7700766324996948,0.47368421052631576,0.41206457094307564,0.056303549571603426,0.03058623619371283,0.2288861689106487,0.20475785896346643,0.09057527539779682,0.08326253186066271,0.04895960832313341,0.02888700084961767
hannover,https://www.hannover.de/Leben-in-der-Region-Hannover/Verwaltungen-Kommunen/Die-Verwaltung-der-Region-Hannover/Die-Hörregion-Hannover/Hören-lernen/Gutes-Hören-in-der-Kita,1.4845132743362832,452,671,0.78125,32,43,0.812110185623169,0.4778761061946903,0.45007451564828616,0.035398230088495575,0.028315946348733235,0.39601769911504425,0.3517138599105812,0.024336283185840708,0.043219076005961254,0.0420353982300885,0.029806259314456036
hannover,https://www.hannover.de/Leben-in-der-Region-Hannover/Verwaltungen-Kommunen/Die-Verwaltung-der-Region-Hannover/Die-Hörregion-Hannover/Das-ist-die-HÖRREGION/HörNews,0.23726541554959785,746,177,0.06666666666666667,30,5,0.8969101905822754,0.45308310991957107,0.4180790960451977,0.04691689008042895,0.04519774011299435,0.29892761394101874,0.2485875706214689,0.04289544235924933,0.07909604519774012,0.11528150134048258,0.005649717514124294
hannover,https://www.hannover.de/Service/Presse-Medien/Hannover.de/Aktuelles/Service-2023/Fragen-und-Antworten-zum-Deutschland­ticket,1.7698744769874477,956,1692,0.42857142857142855,21,31,0.7072995901107788,0.4236401673640167,0.38120567375886527,0.034518828451882845,0.031914893617021274,0.25627615062761505,0.21099290780141844,0.07217573221757322,0.07742316784869976,0.04707112970711297,0.01950354609929078
hannover,https://www.hannover.de/Leben-in-der-Region-Hannover/Soziales/Senioren/Information-Beratung/Kostenlose-Beratung,2.25,116,261,0.25,4,10,0.5509029626846313,0.46551724137931033,0.3946360153256705,0.04310344827586207,0.038314176245210725,0.3103448275862069,0.2567049808429119,0.0603448275862069,0.05363984674329502,0.05172413793103448,0.04980842911877394
hannover,https://www.hannover.de/Leben-in-der-Region-Hannover/Soziales/Menschen-mit-Behinderung/Mobilität/%22Gemeinsam-mobil%22,1.717579250720461,347,596,0.4,15,17,0.6675563454627991,0.4553314121037464,0.4110738255033557,0.043227665706051875,0.015100671140939598,0.2680115273775216,0.26174496644295303,0.05763688760806916,0.0738255033557047,0.043227665706051875,0.04194630872483222
hannover,"https://www.hannover.de/Leben-in-der-Region-Hannover/Soziales/Familie-Partnerschaft/Beratung-Unterstützung/Beratung-für-Eltern,-Kinder-und-Jugendliche/Familien-und-Erziehungsberatung/Jugend-und-Familienberatung-der-Landeshauptstadt-Hannover/Jugend,-Familien-und-Erziehungsberatung",4.379204892966361,327,1432,0.2727272727272727,11,35,0.7995761632919312,0.40978593272171254,0.3435754189944134,0.03363914373088685,0.020251396648044692,0.28134556574923547,0.22067039106145253,0.03058103975535168,0.05935754189944134,0.04587155963302752,0.029329608938547486
hannover,"https://www.hannover.de/Leben-in-der-Region-Hannover/Soziales/Familie-Partnerschaft/Beratung-Unterstützung/Beratung-für-Eltern,-Kinder-und-Jugendliche/Familien-und-Erziehungsberatung/Jugend-,-Familien-und-Erziehungsberatung/Beratungsstellen-der-Landeshauptstadt-Hannover/Sprechstunden-der-Beratungsstellen-der-Jugend-und-Familienberatung",3.4915254237288136,295,1030,0.0,6,20,0.6308845281600952,0.39322033898305087,0.34563106796116505,0.04067796610169491,0.02815533980582524,0.2847457627118644,0.2116504854368932,0.05084745762711865,0.06116504854368932,0.061016949152542375,0.030097087378640777
hannover,"https://www.hannover.de/Leben-in-der-Region-Hannover/Soziales/Familie-Partnerschaft/Beratung-Unterstützung/Beratung-für-Eltern,-Kinder-und-Jugendliche/Frühe-Beratung/Sprechstunde-für-Eltern-von-Säuglingen-Kleinkindern",2.2735042735042734,234,532,0.14285714285714285,7,11,0.7772433161735535,0.39316239316239315,0.36278195488721804,0.029914529914529916,0.013157894736842105,0.24786324786324787,0.21052631578947367,0.07264957264957266,0.07330827067669173,0.06410256410256411,0.043233082706766915
hannover,"https://www.hannover.de/Leben-in-der-Region-Hannover/Soziales/Familie-Partnerschaft/Beratung-Unterstützung/Beratung-für-Eltern,-Kinder-und-Jugendliche/Aktuelles-aus-den-Beratungsstellen/Kinder-im-Blick",0.8554216867469879,498,426,0.0,10,9,0.5808743238449097,0.41566265060240964,0.36384976525821594,0.040160642570281124,0.014084507042253521,0.23293172690763053,0.22300469483568075,0.07630522088353414,0.07042253521126761,0.050200803212851405,0.04225352112676056
hannover,"https://www.hannover.de/Leben-in-der-Region-Hannover/Soziales/Familie-Partnerschaft/Beratung-Unterstützung/Beratung-für-Eltern,-Kinder-und-Jugendliche/Familien-und-Erziehungsberatung/Jugend-und-Familienberatung-der-Landeshauptstadt-Hannover/Gruppenangebot-für-Kinder-von-getrennten-lebenden-Eltern",0.7123076923076923,650,463,0.07142857142857142,14,10,0.775216817855835,0.3646153846153846,0.3779697624190065,0.024615384615384615,0.019438444924406047,0.23384615384615384,0.23974082073434128,0.06153846153846154,0.05183585313174946,0.04615384615384615,0.0367170626349892
hannover,"https://www.hannover.de/Leben-in-der-Region-Hannover/Soziales/Familie-Partnerschaft/Beratung-Unterstützung/Beratung-für-Eltern,-Kinder-und-Jugendliche/Familien-und-Erziehungsberatung/Beratungsstellen-für-Eltern,-Kinder-und-Jugendliche-der-Region-Hannover/Beratungsstelle-für-Eltern,-Kinder-und-Jugendliche-Burgdorf",0.6759259259259259,216,146,0.6666666666666666,9,11,0.8623440861701965,0.44907407407407407,0.3424657534246575,0.018518518518518517,0.0136986301369863,0.3194444444444445,0.26712328767123283,0.032407407407407406,0.0410958904109589,0.07870370370370369,0.03424657534246575
hannover,"https://www.hannover.de/Leben-in-der-Region-Hannover/Soziales/Familie-Partnerschaft/Beratung-Unterstützung/Beratung-für-Eltern,-Kinder-und-Jugendliche/Familien-und-Erziehungsberatung/Beratungsstellen-für-Eltern,-Kinder-und-Jugendliche-der-Region-Hannover/Beratungsstelle-für-Eltern,-Kinder-und-Jugendliche-Neustadt",0.6201550387596899,258,160,0.25,8,11,0.8836206197738647,0.46124031007751937,0.3625,0.027131782945736434,0.01875,0.32945736434108525,0.2875,0.03488372093023256,0.0375,0.07364341085271317,0.0375
hannover,"https://www.hannover.de/Leben-in-der-Region-Hannover/Soziales/Familie-Partnerschaft/Beratung-Unterstützung/Beratung-für-Eltern,-Kinder-und-Jugendliche/Familien-und-Erziehungsberatung/Beratungsstellen-für-Eltern,-Kinder-und-Jugendliche-der-Region-Hannover/Beratungsstelle-für-Eltern,-Kinder-und-Jugendliche-Ronnenberg",0.8609271523178808,302,260,0.7272727272727273,11,14,0.893032968044281,0.4337748344370861,0.3230769230769231,0.013245033112582781,0.007692307692307693,0.3311258278145695,0.2692307692307693,0.023178807947019868,0.03076923076923077,0.06622516556291391,0.026923076923076925
hannover,"https://www.hannover.de/Leben-in-der-Region-Hannover/Soziales/Familie-Partnerschaft/Beratung-Unterstützung/Beratung-für-Eltern,-Kinder-und-Jugendliche/Familien-und-Erziehungsberatung/Jugend-und-Familienberatung-der-Landeshauptstadt-Hannover/Jugend,-Familien-und-Erziehungsberatung",4.379204892966361,327,1432,0.2727272727272727,11,35,0.7995761632919312,0.40978593272171254,0.3435754189944134,0.03363914373088685,0.020251396648044692,0.28134556574923547,0.22067039106145253,0.03058103975535168,0.05935754189944134,0.04587155963302752,0.029329608938547486
hannover,"https://www.hannover.de/Leben-in-der-Region-Hannover/Soziales/Familie-Partnerschaft/Beratung-Unterstützung/Beratung-für-Eltern,-Kinder-und-Jugendliche/Familien-und-Erziehungsberatung/Jugend-und-Familienberatung-der-Landeshauptstadt-Hannover",2.8773006134969323,652,1876,0.08333333333333333,12,39,0.5779964923858643,0.4263803680981595,0.3656716417910448,0.046012269938650305,0.029850746268656716,0.29754601226993865,0.22707889125799574,0.03834355828220859,0.05970149253731343,0.06441717791411043,0.042643923240938165
hannover,"https://www.hannover.de/Leben-in-der-Region-Hannover/Soziales/Familie-Partnerschaft/Beratung-Unterstützung/Beratung-für-Eltern,-Kinder-und-Jugendliche/Familien-und-Erziehungsberatung/Jugend-und-Familienberatung-der-Landeshauptstadt-Hannover",2.8773006134969323,652,1876,0.08333333333333333,12,39,0.5779964923858643,0.4263803680981595,0.3656716417910448,0.046012269938650305,0.029850746268656716,0.29754601226993865,0.22707889125799574,0.03834355828220859,0.05970149253731343,0.06441717791411043,0.042643923240938165
hannover,https://www.hannover.de/Leben-in-der-Region-Hannover/Soziales/Familie-Partnerschaft/Frühe-Hilfen-–-Frühe-Chancen/Eltern/Beratung-und-Unterstützung,0.3695121951219512,820,303,0.34146341463414637,41,21,0.813913106918335,0.4609756097560976,0.36303630363036304,0.0475609756097561,0.0231023102310231,0.31585365853658537,0.2607260726072607,0.0524390243902439,0.0462046204620462,0.06097560975609757,0.036303630363036306
hannover,https://www.hannover.de/Leben-in-der-Region-Hannover/Soziales/Familie-Partnerschaft/Frühe-Hilfen-–-Frühe-Chancen/Eltern/Fachkräfte-Frühe-Hilfen,0.654639175257732,582,381,0.21428571428571427,14,13,0.8552612662315369,0.44501718213058417,0.4330708661417323,0.037800687285223365,0.05511811023622047,0.281786941580756,0.28083989501312334,0.070446735395189,0.05774278215223097,0.06872852233676977,0.028871391076115485
hannover,https://www.hannover.de/Leben-in-der-Region-Hannover/Soziales/Familie-Partnerschaft/Frühe-Hilfen-–-Frühe-Chancen/Eltern/Frühe-Hilfen-in-der-Kita,0.601010101010101,396,238,0.17647058823529413,17,12,0.8541693687438965,0.4797979797979798,0.46638655462184875,0.03787878787878788,0.046218487394957986,0.29292929292929293,0.24789915966386555,0.0707070707070707,0.07142857142857142,0.0606060606060606,0.029411764705882353
hannover,https://www.hannover.de/Leben-in-der-Region-Hannover/Soziales/Familie-Partnerschaft/Frühe-Hilfen-–-Frühe-Chancen/Eltern/Hausbesuchsprogramme,0.47844827586206895,464,222,0.26666666666666666,30,14,0.6472257375717163,0.4870689655172414,0.47297297297297297,0.04956896551724138,0.05405405405405406,0.33836206896551724,0.26576576576576577,0.04741379310344827,0.05405405405405406,0.02586206896551724,0.02702702702702703
hannover,"https://www.hannover.de/Leben-in-der-Region-Hannover/Soziales/Familie-Partnerschaft/Frühe-Hilfen-–-Frühe-Chancen/Eltern/Krippe,-Kita,-Schule",0.2182182182182182,999,218,0.07407407407407407,27,9,0.8124520182609558,0.46146146146146144,0.40825688073394495,0.03303303303303303,0.03669724770642202,0.30430430430430433,0.3165137614678899,0.07507507507507508,0.03211009174311927,0.061061061061061066,0.027522935779816515
hannover,https://www.hannover.de/Leben-in-der-Region-Hannover/Soziales/Familie-Partnerschaft/Frühe-Hilfen-–-Frühe-Chancen/Eltern/Väter,1.2178217821782178,303,369,0.3333333333333333,9,11,0.585724413394928,0.4521452145214521,0.3875338753387534,0.04950495049504951,0.032520325203252036,0.2871287128712871,0.23577235772357724,0.07920792079207921,0.05420054200542006,0.066006600660066,0.024390243902439025
hannover,https://www.hannover.de/Leben-in-der-Region-Hannover/Soziales/Familie-Partnerschaft/Koordinierungsstelle-Alleinerziehende/Angebote-für-Alleinerziehende/Angebote-aus-dem-Bereich-Freizeit-und-Erholung,1.6028880866425992,277,444,0.058823529411764705,17,12,0.8506755828857422,0.4981949458483754,0.4369369369369369,0.05415162454873646,0.04054054054054054,0.3971119133574007,0.25225225225225223,0.018050541516245487,0.06981981981981981,0.07942238267148014,0.0472972972972973
hannover,https://www.hannover.de/Leben-in-der-Region-Hannover/Soziales/Familie-Partnerschaft/Koordinierungsstelle-Alleinerziehende/Angebote-für-Alleinerziehende/Angebote-für-Kinder,1.327313769751693,443,588,0.07692307692307693,26,27,0.7119002342224121,0.47404063205417607,0.42517006802721086,0.060948081264108354,0.04081632653061224,0.3747178329571106,0.24489795918367346,0.020316027088036117,0.0782312925170068,0.05417607223476298,0.027210884353741496
hannover,https://www.hannover.de/Leben-in-der-Region-Hannover/Soziales/Familie-Partnerschaft/Koordinierungsstelle-Alleinerziehende/Angebote-für-Alleinerziehende/Beratung-bei-Paarkonflikten-und-in-Trennungs-und-Scheidungssituationen,1.1874062968515742,667,792,0.30158730158730157,63,48,0.89070725440979,0.4767616191904048,0.37752525252525254,0.0704647676161919,0.039141414141414144,0.3793103448275862,0.2702020202020202,0.014992503748125937,0.03787878787878788,0.05397301349325337,0.04292929292929293
hannover,https://www.hannover.de/Leben-in-der-Region-Hannover/Soziales/Familie-Partnerschaft/Koordinierungsstelle-Alleinerziehende/Angebote-für-Alleinerziehende/Beratung-und-Angebote-zu-Schwangerschaft-und-Geburt,1.5659722222222223,288,451,0.0,9,11,0.6848949790000916,0.5173611111111112,0.41685144124168516,0.10416666666666667,0.04212860310421286,0.3576388888888889,0.23059866962305986,0.020833333333333332,0.06651884700665188,0.08680555555555555,0.03547671840354767
hannover,https://www.hannover.de/Leben-in-der-Region-Hannover/Soziales/Familie-Partnerschaft/Koordinierungsstelle-Alleinerziehende/Angebote-für-Alleinerziehende/Beratung-zu-Erziehungsfragen,1.368,625,855,0.4634146341463415,41,35,0.7336570024490356,0.4848,0.4152046783625731,0.0624,0.04327485380116959,0.3696,0.2818713450292398,0.0288,0.047953216374269005,0.07200000000000001,0.03859649122807018
hannover,https://www.hannover.de/Leben-in-der-Region-Hannover/Gesundheit/Gesundheitsschutz/Impfen-und-Impfberatung/Masern-und-Masernschutzgesetz,1.120925341745531,951,1066,0.05,20,20,0.7097708582878113,0.42902208201892744,0.3949343339587242,0.058885383806519455,0.020637898686679174,0.25236593059936907,0.2373358348968105,0.07150368033648791,0.08067542213883677,0.04731861198738171,0.02345215759849906
hannover,https://www.hannover.de/Leben-in-der-Region-Hannover/Gesundheit/Gesundheitsschutz/Gesundheitstipps/Noro-Virus,1.0027322404371584,732,734,0.08333333333333333,12,16,0.6701221466064453,0.47404371584699456,0.39509536784741145,0.031420765027322405,0.01907356948228883,0.2527322404371585,0.17574931880108993,0.09016393442622951,0.09128065395095368,0.07240437158469945,0.039509536784741145
hannover,https://www.hannover.de/Leben-in-der-Region-Hannover/Gesundheit/Gesundheitsschutz/Gesundheitstipps/Influenza,1.0418502202643172,908,946,0.18181818181818182,11,26,0.7523976564407349,0.45374449339207046,0.39217758985200846,0.06497797356828194,0.0200845665961945,0.23127753303964757,0.20613107822410148,0.07599118942731277,0.0919661733615222,0.039647577092511016,0.0306553911205074
hannover,https://www.hannover.de/Leben-in-der-Region-Hannover/Gesundheit/Gesundheitsschutz/Gesundheitstipps/Kopfläuse-–-was-tun,0.4799456152277362,1471,706,0.0,19,16,0.4751470983028412,0.46498980285520053,0.3881019830028329,0.054384772263766146,0.0169971671388102,0.26784500339904826,0.19688385269121814,0.05982324949014276,0.0764872521246459,0.05166553365057784,0.0339943342776204
hannover,https://www.hannover.de/Leben-in-der-Region-Hannover/Gesundheit/Gesundheitsschutz/Gesundheitstipps/Der-Erkältung-vorbeugen,0.9042407660738714,1462,1322,0.16666666666666666,6,18,0.7537146210670471,0.45075239398084815,0.4122541603630862,0.04856361149110807,0.03177004538577912,0.2086183310533516,0.1815431164901664,0.10191518467852258,0.09001512859304085,0.05677154582763338,0.030257186081694403
hannover,https://www.hannover.de/Leben-in-der-Region-Hannover/Gesundheit/Gesundheitsschutz/Gesundheitstipps/Hautkrebsfrüherkennung,1.055393586005831,343,362,0.125,16,12,0.6059348583221436,0.5014577259475219,0.4088397790055249,0.09329446064139942,0.013812154696132596,0.2944606413994169,0.21823204419889503,0.052478134110787174,0.09116022099447514,0.04081632653061225,0.027624309392265192
hannover,https://www.hannover.de/Kultur-Freizeit/Naherholung/Raus-in-die-Natur/Radfahren,15.5,6,93,1.0,1,1,0.8464697599411011,0.6666666666666666,0.40860215053763443,0.0,0.03225806451612903,0.5,0.22580645161290322,0.16666666666666666,0.10752688172043011,0.0,0.05376344086021506
hannover,https://www.hannover.de/Kultur-Freizeit/Naherholung/Raus-in-die-Natur/Radfahren/Radeln-am-Mittellandkanal,1.4385593220338984,472,679,0.4838709677419355,31,44,0.7641199231147766,0.4894067796610169,0.41531664212076586,0.0423728813559322,0.025036818851251842,0.3305084745762712,0.2857142857142857,0.05084745762711865,0.050073637702503684,0.0614406779661017,0.033873343151693665
hannover,https://www.hannover.de/Kultur-Freizeit/Naherholung/Raus-in-die-Natur/Radfahren/Die-Hofladenrouten,1.7003891050583657,257,437,0.8888888888888888,9,19,0.6713883876800537,0.4669260700389105,0.43478260869565216,0.0622568093385214,0.06178489702517163,0.3424124513618677,0.28604118993135014,0.019455252918287938,0.038901601830663615,0.0311284046692607,0.013729977116704805
hannover,https://www.hannover.de/Kultur-Freizeit/Naherholung/Raus-in-die-Natur/Radfahren/Kulturroute,1.1818181818181819,319,377,0.4772727272727273,44,38,0.8131848573684692,0.4827586206896552,0.4217506631299735,0.034482758620689655,0.029177718832891247,0.4012539184952978,0.3076923076923077,0.03134796238244514,0.03713527851458886,0.04075235109717868,0.029177718832891247
hannover,https://www.hannover.de/Kultur-Freizeit/Naherholung/Raus-in-die-Natur/Moore-in-der-Region-Hannover/Nordhannoversche-Moorroute/Die-Nordhannoversche-Moorroute,1.9956140350877194,228,455,0.2857142857142857,14,26,0.7037550210952759,0.5350877192982456,0.4175824175824176,0.08771929824561403,0.041758241758241756,0.2894736842105263,0.26373626373626374,0.07894736842105263,0.06153846153846154,0.043859649122807015,0.03076923076923077
hannover,https://www.hannover.de/Kultur-Freizeit/Naherholung/Raus-in-die-Natur/Radfahren/Grüner-Ring/Der-Grüne-Ring,2.0913461538461537,208,435,0.625,8,22,0.9465147256851196,0.49038461538461536,0.4482758620689655,0.09134615384615384,0.08735632183908046,0.2692307692307692,0.24597701149425288,0.09134615384615384,0.04827586206896552,0.0625,0.029885057471264367
hannover,https://www.hannover.de/Kultur-Freizeit/Naherholung/Raus-in-die-Natur/Radfahren/Der-Deisterkreisel,1.245939675174014,431,537,0.52,25,26,0.8284430503845215,0.46635730858468677,0.3985102420856611,0.04408352668213457,0.03165735567970205,0.3225058004640371,0.2756052141527002,0.04408352668213457,0.048417132216014895,0.06728538283062645,0.0297951582867784
hannover,https://www.hannover.de/Kultur-Freizeit/Naherholung/Raus-in-die-Natur/Moore-in-der-Region-Hannover/Moor-Erlebnispfad-Resse/Der-Moor-Erlebnispfad/Moorwissen,0.9421768707482994,588,554,0.0,14,13,0.5457686185836792,0.45918367346938777,0.4296028880866426,0.06972789115646258,0.023465703971119134,0.28231292517006806,0.2527075812274368,0.05782312925170068,0.08844765342960288,0.025510204081632654,0.021660649819494584
hannover,https://www.hannover.de/Kultur-Freizeit/Naherholung/Raus-in-die-Natur/Moore-in-der-Region-Hannover/Moor-Erlebnispfad-Resse/Der-Moor-Erlebnispfad/Moorerlebnisse-für-fast-Alle,1.9865951742627346,373,741,0.1111111111111111,9,15,0.5699050426483154,0.47989276139410186,0.41970310391363025,0.05630026809651475,0.018893387314439947,0.257372654155496,0.24696356275303644,0.07238605898123325,0.0796221322537112,0.02412868632707775,0.02564102564102564
hannover,https://www.hannover.de/Kultur-Freizeit/Naherholung/Raus-in-die-Natur/Moore-in-der-Region-Hannover/Moor-Erlebnispfad-Resse/Der-Moor-Erlebnispfad/Moor-mit-den-Sinnen-erleben,1.6897435897435897,390,659,0.0,3,15,0.734967827796936,0.45897435897435895,0.40364188163884673,0.035897435897435895,0.021244309559939303,0.2128205128205128,0.19726858877086495,0.11538461538461539,0.09711684370257967,0.038461538461538464,0.024279210925644917
hannover,https://www.hannover.de/Kultur-Freizeit/Naherholung/Raus-in-die-Natur/Moore-in-der-Region-Hannover/Moor-Erlebnispfad-Resse/Der-Moor-Erlebnispfad/Moorwissen,0.9421768707482994,588,554,0.0,14,13,0.5457686185836792,0.45918367346938777,0.4296028880866426,0.06972789115646258,0.023465703971119134,0.28231292517006806,0.2527075812274368,0.05782312925170068,0.08844765342960288,0.025510204081632654,0.021660649819494584
hannover,https://www.hannover.de/Kultur-Freizeit/Geschichte-Geschichten/Erinnerungskultur/ZeitZentrum-Zivilcourage/Bildungsangebote,1.2547770700636942,628,788,0.07142857142857142,14,25,0.5386661887168884,0.4570063694267516,0.3870558375634518,0.04777070063694268,0.021573604060913704,0.2627388535031847,0.23604060913705582,0.06687898089171974,0.07487309644670051,0.04936305732484077,0.021573604060913704
hannover,https://www.hannover.de/Kultur-Freizeit/Geschichte-Geschichten/Erinnerungskultur/ZeitZentrum-Zivilcourage/Ihr-Besuch,1.7545454545454546,990,1737,0.23076923076923078,39,44,0.5000181198120117,0.4505050505050505,0.4058721934369603,0.06363636363636363,0.0333909038572251,0.28686868686868683,0.2504317789291883,0.05858585858585859,0.06217616580310881,0.03838383838383838,0.018998272884283247
hannover,https://www.hannover.de/Kultur-Freizeit/Geschichte-Geschichten/Erinnerungskultur/ZeitZentrum-Zivilcourage/Über-uns/Von-der-Idee-zur-Eröffnung-des-ZeitZentrum-Zivilcourage,0.7696811971372804,1537,1183,0.2,60,36,0.5825808048248291,0.47625243981782694,0.40490278951817416,0.06766428106701367,0.032121724429416736,0.32270657124268054,0.2688081149619611,0.0468445022771633,0.0676246830092984,0.04424202992843201,0.03127641589180051
hannover,https://www.hannover.de/Kultur-Freizeit/Geschichte-Geschichten/Erinnerungskultur/Gedenkstätte-Ahlem/Die-Gedenkstätte-heute,1.6607669616519174,339,563,0.4,10,19,0.46065226197242737,0.45722713864306785,0.4227353463587922,0.05014749262536873,0.0497335701598579,0.2949852507374631,0.26465364120781526,0.07964601769911504,0.0674955595026643,0.035398230088495575,0.015985790408525755
hannover,https://www.hannover.de/Kultur-Freizeit/Geschichte-Geschichten/Erinnerungskultur/Gedenkstätte-Ahlem/Führungen-und-pädagogisches-Angebot,1.4879725085910653,582,866,0.23076923076923078,13,21,0.572102427482605,0.48109965635738833,0.4018475750577367,0.07731958762886598,0.03579676674364896,0.30412371134020616,0.25635103926096997,0.054982817869415807,0.06928406466512702,0.0429553264604811,0.017321016166281754
hannover,https://www.hannover.de/Leben-in-der-Region-Hannover/Soziales/Kinder-Jugendliche/Grundschulzeit/Einschulungskompass/Sprache,1.051334702258727,487,512,0.2,5,12,0.8829315900802612,0.37166324435318276,0.390625,0.018480492813141684,0.009765625,0.16632443531827515,0.21875,0.11909650924024641,0.099609375,0.04928131416837782,0.021484375
hannover,https://www.hannover.de/Leben-in-der-Region-Hannover/Soziales/Kinder-Jugendliche/Grundschulzeit/Einschulungskompass/Das-machen-Kinder-mit-4-5-6-Jahren,1.1228070175438596,114,128,0.5,2,1,0.7809435129165649,0.42105263157894735,0.375,0.02631578947368421,0.015625,0.17543859649122806,0.1640625,0.11403508771929824,0.078125,0.05263157894736842,0.0078125
hannover,https://www.hannover.de/Leben-in-der-Region-Hannover/Soziales/Kinder-Jugendliche/Grundschulzeit/Einschulungskompass/Das-machen-Kinder-mit-4-5-6-Jahren/Das-machen-viele-Kinder-mit-4-Jahren,1.3154848046309695,691,909,0.1111111111111111,9,15,0.8667389154434204,0.36903039073806077,0.40264026402640263,0.01447178002894356,0.0165016501650165,0.1736613603473227,0.23322332233223322,0.13024602026049203,0.0968096809680968,0.049204052098408106,0.0319031903190319
hannover,https://www.hannover.de/Leben-in-der-Region-Hannover/Soziales/Kinder-Jugendliche/Grundschulzeit/Einschulungskompass/Das-machen-Kinder-mit-4-5-6-Jahren/Das-machen-viele-Kinder-mit-5-Jahren,1.1157125456760049,821,916,0.1111111111111111,9,17,0.8877599239349365,0.4043848964677223,0.4192139737991266,0.020706455542021926,0.018558951965065504,0.1656516443361754,0.2368995633187773,0.1278928136419001,0.10043668122270742,0.0389768574908648,0.034934497816593885
hannover,https://www.hannover.de/Leben-in-der-Region-Hannover/Soziales/Kinder-Jugendliche/Grundschulzeit/Einschulungskompass/Das-machen-Kinder-mit-4-5-6-Jahren/Das-machen-viele-Kinder-mit-6-Jahren,1.2090261282660333,842,1018,0.0,5,17,0.8218275308609009,0.37054631828978624,0.42534381139489197,0.014251781472684086,0.021611001964636542,0.18646080760095013,0.2504911591355599,0.11163895486935867,0.09332023575638507,0.03800475059382423,0.03143418467583497
hannover,https://www.hannover.de/Leben-in-der-Region-Hannover/Soziales/Kinder-Jugendliche/Grundschulzeit/Einschulungskompass/Informationen-für-die-Zeit-vor-der-Einschulung,0.5379310344827586,145,78,0.0,1,2,0.7058656215667725,0.41379310344827586,0.34615384615384615,0.041379310344827586,0.0,0.1793103448275862,0.16666666666666666,0.09655172413793103,0.10256410256410256,0.027586206896551724,0.02564102564102564
hannover,https://www.hannover.de/Leben-in-der-Region-Hannover/Soziales/Kinder-Jugendliche/Grundschulzeit/Einschulungskompass/Informationen-für-die-Zeit-vor-der-Einschulung/Der-Kindergarten-in-der-Schulvorbereitung,1.6393162393162393,585,959,0.0,8,20,0.7090795040130615,0.4358974358974359,0.40041710114702816,0.03418803418803419,0.021897810218978103,0.21196581196581196,0.23670490093847757,0.13333333333333333,0.09176225234619395,0.04444444444444444,0.026068821689259645
hannover,https://www.hannover.de/Leben-in-der-Region-Hannover/Soziales/Kinder-Jugendliche/Grundschulzeit/Einschulungskompass/Informationen-für-die-Zeit-vor-der-Einschulung/Bevor-Ihr-Kind-in-die-Schule-kommt,1.3196644920782852,1073,1416,0.2,15,29,0.6960694193840027,0.40354147250698974,0.3905367231638418,0.014911463187325256,0.020480225988700564,0.2348555452003728,0.22740112994350284,0.09319664492078285,0.0826271186440678,0.04287045666356011,0.01977401129943503
hannover,https://www.hannover.de/Leben-in-der-Region-Hannover/Soziales/Kinder-Jugendliche/Grundschulzeit/Einschulungskompass/Informationen-für-die-Zeit-vor-der-Einschulung/Was-passiert-in-der-Grundschule,1.7354988399071927,431,748,0.25,4,14,0.8921247720718384,0.3990719257540603,0.393048128342246,0.02320185614849188,0.01871657754010695,0.23433874709976799,0.24064171122994654,0.11136890951276102,0.08957219251336898,0.04176334106728538,0.03074866310160428
hannover,https://www.hannover.de/Leben-in-der-Region-Hannover/Soziales/Kinder-Jugendliche/Grundschulzeit/Einschulungskompass/Ideen-und-Informationen-für-zuhause,1.1610169491525424,118,137,0.0,1,3,0.685005784034729,0.3898305084745763,0.41605839416058393,0.01694915254237288,0.029197080291970802,0.15254237288135594,0.1897810218978102,0.13559322033898305,0.0948905109489051,0.05084745762711865,0.029197080291970802
hannover,https://www.hannover.de/Leben-in-der-Region-Hannover/Soziales/Kinder-Jugendliche/Grundschulzeit/Einschulungskompass/Ideen-und-Informationen-für-zuhause/Sportvereine,1.5155038759689923,258,391,0.3333333333333333,3,12,0.9035139679908752,0.437984496124031,0.4194373401534527,0.027131782945736434,0.03324808184143223,0.28294573643410853,0.2608695652173913,0.07364341085271318,0.08184143222506395,0.046511627906976744,0.020460358056265986
hannover,https://www.hannover.de/Leben-in-der-Region-Hannover/Soziales/Kinder-Jugendliche/Grundschulzeit/Einschulungskompass/Ideen-und-Informationen-für-zuhause/Bibliothek,1.7741046831955922,363,644,0.2,15,17,0.7255797386169434,0.43526170798898073,0.38975155279503104,0.013774104683195593,0.006211180124223602,0.26721763085399447,0.2577639751552795,0.10192837465564739,0.08695652173913043,0.03581267217630854,0.026397515527950312
hannover,https://www.hannover.de/Leben-in-der-Region-Hannover/Soziales/Kinder-Jugendliche/Grundschulzeit/Einschulungskompass/Ideen-und-Informationen-für-zuhause/Die-Eltern-zuhause,1.4603960396039604,606,885,0.0,3,22,0.8194502592086792,0.43399339933993397,0.40790960451977404,0.033003300330033,0.02598870056497175,0.25742574257425743,0.25536723163841807,0.08745874587458746,0.0768361581920904,0.041254125412541254,0.031638418079096044
hannover,https://www.hannover.de/Leben-in-der-Region-Hannover/Soziales/Kinder-Jugendliche/Grundschulzeit/Einschulungskompass/Ideen-und-Informationen-für-zuhause/Wochenplan,1.934256055363322,289,559,0.0,3,11,0.8040862083435059,0.43944636678200694,0.41323792486583183,0.01730103806228374,0.017889087656529516,0.2629757785467128,0.25402504472271914,0.08650519031141868,0.08228980322003578,0.04152249134948097,0.02146690518783542
hannover,https://www.hannover.de/Leben-in-der-Region-Hannover/Soziales/Kinder-Jugendliche/Grundschulzeit/Einschulungskompass/Ideen-und-Informationen-für-zuhause/Lernen-zuhause,1.3042362002567394,779,1016,0.14285714285714285,14,22,0.8639258742332458,0.4274711168164313,0.40846456692913385,0.01540436456996149,0.017716535433070866,0.22849807445442877,0.2253937007874016,0.09884467265725289,0.09251968503937008,0.030808729139922976,0.024606299212598423
hannover,https://www.hannover.de/Leben-in-der-Region-Hannover/Soziales/Kinder-Jugendliche/Grundschulzeit/Einschulungskompass/Ideen-und-Informationen-für-zuhause/Mein-Kind-geht-nicht-in-die-Schule,1.8006329113924051,316,569,0.42857142857142855,7,16,0.7982237339019775,0.38924050632911394,0.37434094903339193,0.0379746835443038,0.014059753954305799,0.2088607594936709,0.22319859402460457,0.06645569620253164,0.06854130052724078,0.04113924050632911,0.015817223198594025
hannover,https://www.hannover.de/Leben-in-der-Region-Hannover/Soziales/Kinder-Jugendliche/Grundschulzeit/Einschulungskompass/Kinder-mit-Förderbedarf,0.8347107438016529,121,101,0.0,1,1,0.8192490339279175,0.4049586776859504,0.38613861386138615,0.04132231404958678,0.0297029702970297,0.21487603305785125,0.1782178217821782,0.10743801652892562,0.1188118811881188,0.049586776859504134,0.0
hannover,https://www.hannover.de/Leben-in-der-Region-Hannover/Soziales/Kinder-Jugendliche/Grundschulzeit/Einschulungskompass/Kinder-mit-Förderbedarf/Kinder-mit-Förderbedarf-in-der-Grundschule,2.327272727272727,165,384,0.0,1,9,0.8807685971260071,0.3939393939393939,0.4270833333333333,0.012121212121212121,0.026041666666666668,0.24848484848484848,0.2552083333333333,0.11515151515151516,0.09375,0.06060606060606061,0.015625
hannover,https://www.hannover.de/Leben-in-der-Region-Hannover/Soziales/Kinder-Jugendliche/Grundschulzeit/Einschulungskompass/Kinder-mit-Förderbedarf/Hilfe-für-Ihr-Kind,1.316564417177914,815,1073,0.20833333333333334,24,32,0.8573093414306641,0.452760736196319,0.40540540540540543,0.0343558282208589,0.0260950605778192,0.29447852760736193,0.2581547064305685,0.08834355828220859,0.0782851817334576,0.04294478527607362,0.023299161230195715
hannover,https://www.hannover.de/Leben-in-der-Region-Hannover/Soziales/Kinder-Jugendliche/Grundschulzeit/Einschulungskompass/Kinder-mit-Förderbedarf/Informationen-für-Eltern-von-Kindern-mit-Behinderungen,2.4645669291338583,127,313,0.16666666666666666,6,15,0.9639711380004883,0.44881889763779526,0.3865814696485623,0.023622047244094488,0.022364217252396165,0.29133858267716534,0.2587859424920128,0.09448818897637795,0.07348242811501597,0.05511811023622047,0.022364217252396165
hannover,https://www.hannover.de/Leben-in-der-Region-Hannover/Soziales/Kinder-Jugendliche/Grundschulzeit/Einschulungskompass/Spielen,1.8866396761133604,494,932,0.0,3,17,0.8803883790969849,0.4331983805668016,0.4227467811158798,0.024291497975708502,0.022532188841201718,0.20647773279352225,0.22317596566523604,0.12550607287449392,0.09012875536480687,0.032388663967611336,0.02467811158798283
hannover,https://www.hannover.de/Leben-in-der-Region-Hannover/Soziales/Kinder-Jugendliche/Grundschulzeit/Einschulungskompass/Das-machen-Kinder-mit-4-5-6-Jahren/Das-machen-viele-Kinder-mit-4-Jahren,1.3154848046309695,691,909,0.1111111111111111,9,15,0.8667389154434204,0.36903039073806077,0.40264026402640263,0.01447178002894356,0.0165016501650165,0.1736613603473227,0.23322332233223322,0.13024602026049203,0.0968096809680968,0.049204052098408106,0.0319031903190319
hannover,https://www.hannover.de/Leben-in-der-Region-Hannover/Soziales/Kinder-Jugendliche/Grundschulzeit/Einschulungskompass/Das-machen-Kinder-mit-4-5-6-Jahren/Das-machen-viele-Kinder-mit-5-Jahren,1.1157125456760049,821,916,0.1111111111111111,9,17,0.8877599239349365,0.4043848964677223,0.4192139737991266,0.020706455542021926,0.018558951965065504,0.1656516443361754,0.2368995633187773,0.1278928136419001,0.10043668122270742,0.0389768574908648,0.034934497816593885
hannover,https://www.hannover.de/Leben-in-der-Region-Hannover/Soziales/Kinder-Jugendliche/Grundschulzeit/Einschulungskompass/Das-machen-Kinder-mit-4-5-6-Jahren/Das-machen-viele-Kinder-mit-6-Jahren,1.2090261282660333,842,1018,0.0,5,17,0.8218275308609009,0.37054631828978624,0.42534381139489197,0.014251781472684086,0.021611001964636542,0.18646080760095013,0.2504911591355599,0.11163895486935867,0.09332023575638507,0.03800475059382423,0.03143418467583497
hannover,https://www.hannover.de/Leben-in-der-Region-Hannover/Soziales/Kinder-Jugendliche/Grundschulzeit/Einschulungskompass/Informationen-für-die-Zeit-vor-der-Einschulung/Bevor-Ihr-Kind-in-die-Schule-kommt,1.3196644920782852,1073,1416,0.2,15,29,0.6960694193840027,0.40354147250698974,0.3905367231638418,0.014911463187325256,0.020480225988700564,0.2348555452003728,0.22740112994350284,0.09319664492078285,0.0826271186440678,0.04287045666356011,0.01977401129943503
hannover,https://www.hannover.de/Leben-in-der-Region-Hannover/Soziales/Kinder-Jugendliche/Grundschulzeit/Einschulungskompass/Informationen-für-die-Zeit-vor-der-Einschulung/Der-Kindergarten-in-der-Schulvorbereitung,1.6393162393162393,585,959,0.0,8,20,0.7090795040130615,0.4358974358974359,0.40041710114702816,0.03418803418803419,0.021897810218978103,0.21196581196581196,0.23670490093847757,0.13333333333333333,0.09176225234619395,0.04444444444444444,0.026068821689259645
hannover,https://www.hannover.de/Leben-in-der-Region-Hannover/Soziales/Kinder-Jugendliche/Grundschulzeit/Einschulungskompass/Informationen-für-die-Zeit-vor-der-Einschulung/Was-passiert-in-der-Grundschule,1.7354988399071927,431,748,0.25,4,14,0.8921247720718384,0.3990719257540603,0.393048128342246,0.02320185614849188,0.01871657754010695,0.23433874709976799,0.24064171122994654,0.11136890951276102,0.08957219251336898,0.04176334106728538,0.03074866310160428
hannover,https://www.hannover.de/Leben-in-der-Region-Hannover/Soziales/Kinder-Jugendliche/Grundschulzeit/Einschulungskompass/Ideen-und-Informationen-für-zuhause/Bibliothek,1.7741046831955922,363,644,0.2,15,17,0.7255797386169434,0.43526170798898073,0.38975155279503104,0.013774104683195593,0.006211180124223602,0.26721763085399447,0.2577639751552795,0.10192837465564739,0.08695652173913043,0.03581267217630854,0.026397515527950312
hannover,https://www.hannover.de/Leben-in-der-Region-Hannover/Soziales/Kinder-Jugendliche/Grundschulzeit/Einschulungskompass/Ideen-und-Informationen-für-zuhause/Die-Eltern-zuhause,1.4603960396039604,606,885,0.0,3,22,0.8194502592086792,0.43399339933993397,0.40790960451977404,0.033003300330033,0.02598870056497175,0.25742574257425743,0.25536723163841807,0.08745874587458746,0.0768361581920904,0.041254125412541254,0.031638418079096044
hannover,https://www.hannover.de/Leben-in-der-Region-Hannover/Soziales/Kinder-Jugendliche/Grundschulzeit/Einschulungskompass/Ideen-und-Informationen-für-zuhause/Lernen-zuhause,1.3042362002567394,779,1016,0.14285714285714285,14,22,0.8639258742332458,0.4274711168164313,0.40846456692913385,0.01540436456996149,0.017716535433070866,0.22849807445442877,0.2253937007874016,0.09884467265725289,0.09251968503937008,0.030808729139922976,0.024606299212598423
hannover,https://www.hannover.de/Leben-in-der-Region-Hannover/Soziales/Kinder-Jugendliche/Grundschulzeit/Einschulungskompass/Ideen-und-Informationen-für-zuhause/Mein-Kind-geht-nicht-in-die-Schule,1.8006329113924051,316,569,0.42857142857142855,7,16,0.7982237339019775,0.38924050632911394,0.37434094903339193,0.0379746835443038,0.014059753954305799,0.2088607594936709,0.22319859402460457,0.06645569620253164,0.06854130052724078,0.04113924050632911,0.015817223198594025
hannover,https://www.hannover.de/Leben-in-der-Region-Hannover/Soziales/Kinder-Jugendliche/Grundschulzeit/Einschulungskompass/Ideen-und-Informationen-für-zuhause/Sportvereine,1.5155038759689923,258,391,0.3333333333333333,3,12,0.9035139679908752,0.437984496124031,0.4194373401534527,0.027131782945736434,0.03324808184143223,0.28294573643410853,0.2608695652173913,0.07364341085271318,0.08184143222506395,0.046511627906976744,0.020460358056265986
hannover,https://www.hannover.de/Leben-in-der-Region-Hannover/Soziales/Kinder-Jugendliche/Grundschulzeit/Einschulungskompass/Ideen-und-Informationen-für-zuhause/Wochenplan,1.934256055363322,289,559,0.0,3,11,0.8040862083435059,0.43944636678200694,0.41323792486583183,0.01730103806228374,0.017889087656529516,0.2629757785467128,0.25402504472271914,0.08650519031141868,0.08228980322003578,0.04152249134948097,0.02146690518783542
hannover,https://www.hannover.de/Leben-in-der-Region-Hannover/Soziales/Kinder-Jugendliche/Grundschulzeit/Einschulungskompass/Kinder-mit-Förderbedarf/Hilfe-für-Ihr-Kind,1.316564417177914,815,1073,0.20833333333333334,24,32,0.8573093414306641,0.452760736196319,0.40540540540540543,0.0343558282208589,0.0260950605778192,0.29447852760736193,0.2581547064305685,0.08834355828220859,0.0782851817334576,0.04294478527607362,0.023299161230195715
hannover,https://www.hannover.de/Leben-in-der-Region-Hannover/Soziales/Kinder-Jugendliche/Grundschulzeit/Einschulungskompass/Kinder-mit-Förderbedarf/Informationen-für-Eltern-von-Kindern-mit-Behinderungen,2.4645669291338583,127,313,0.16666666666666666,6,15,0.9639711380004883,0.44881889763779526,0.3865814696485623,0.023622047244094488,0.022364217252396165,0.29133858267716534,0.2587859424920128,0.09448818897637795,0.07348242811501597,0.05511811023622047,0.022364217252396165
hannover,https://www.hannover.de/Leben-in-der-Region-Hannover/Soziales/Kinder-Jugendliche/Grundschulzeit/Einschulungskompass/Kinder-mit-Förderbedarf/Kinder-mit-Förderbedarf-in-der-Grundschule,2.327272727272727,165,384,0.0,1,9,0.8807685971260071,0.3939393939393939,0.4270833333333333,0.012121212121212121,0.026041666666666668,0.24848484848484848,0.2552083333333333,0.11515151515151516,0.09375,0.06060606060606061,0.015625
hannover,https://www.hannover.de/Leben-in-der-Region-Hannover/Soziales/Sozialleistungen-weitere-Hilfen/Sozialhilfe,0.9512605042016806,595,566,0.375,8,9,0.7859143018722534,0.4638655462184874,0.4416961130742049,0.05714285714285714,0.03356890459363958,0.3058823529411765,0.2897526501766784,0.05546218487394958,0.07420494699646643,0.04369747899159664,0.026501766784452298
hannover,https://www.hannover.de/Leben-in-der-Region-Hannover/Soziales/Sozialleistungen-weitere-Hilfen/Bildungs-und-Teilhabepaket/Leitfaden-für-Mitarbeitende-in-Kindertageseinrichtungen-Kindertagesbetreuung/Kosten-für-Tagesausflüge-der-Kita,2.5455820476858344,713,1815,0.4666666666666667,15,40,0.450168251991272,0.3899018232819074,0.3928374655647383,0.015427769985974754,0.012121212121212121,0.2510518934081346,0.25234159779614324,0.07433380084151472,0.07272727272727272,0.02664796633941094,0.024793388429752067
hannover,https://www.hannover.de/Leben-in-der-Region-Hannover/Soziales/Sozialleistungen-weitere-Hilfen/Bildungs-und-Teilhabepaket/Leitfaden-für-Mitarbeitende-in-Kindertageseinrichtungen-Kindertagesbetreuung/Kosten-für-mehrtägige-Fahrten-der-Kita,2.3771353482260182,761,1809,0.42857142857142855,14,34,0.3869498074054718,0.39421813403416556,0.3946932006633499,0.022339027595269383,0.013266998341625208,0.25624178712220763,0.26036484245439473,0.06964520367936924,0.07296849087893864,0.03679369250985545,0.027086788280818133
hannover,https://www.hannover.de/Leben-in-der-Region-Hannover/Soziales/Sozialleistungen-weitere-Hilfen/Bildungs-und-Teilhabepaket/Leitfaden-für-Mitarbeitende-in-Kindertageseinrichtungen-Kindertagesbetreuung/Kosten-für-Mittagsverpflegung,2.289073305670816,723,1655,0.6923076923076923,13,31,0.7400844693183899,0.40802213001383125,0.39637462235649545,0.030428769017980636,0.012084592145015106,0.22821576763485477,0.24833836858006042,0.08437067773167359,0.0797583081570997,0.04011065006915629,0.025981873111782478
hannover,https://www.hannover.de/Leben-in-der-Region-Hannover/Soziales/Sozialleistungen-weitere-Hilfen/Bildungs-und-Teilhabepaket/Leitfaden-für-Mitarbeitende-in-Kindertageseinrichtungen-Kindertagesbetreuung/Kosten-für-Teilhabeaktivitäten,2.0536992840095465,838,1721,0.4375,16,44,0.4885697364807129,0.4152744630071599,0.39105171411969786,0.034606205250596656,0.0168506682161534,0.26610978520286394,0.2568274259151656,0.06801909307875895,0.06798373038930854,0.029832935560859187,0.026147588611272515
hannover,https://www.hannover.de/Leben-in-der-Region-Hannover/Soziales/Sozialleistungen-weitere-Hilfen/Bildungs-und-Teilhabepaket/Leitfaden-für-Mitarbeitende-in-Kindertageseinrichtungen-Kindertagesbetreuung/Häufig-gestellte-Fragen,3.31864406779661,295,979,0.15384615384615385,13,29,0.6698706150054932,0.4,0.39632277834525026,0.030508474576271188,0.012257405515832482,0.26101694915254237,0.2757916241062308,0.0847457627118644,0.07048008171603677,0.020338983050847456,0.02553626149131767
hannover,https://www.hannover.de/Leben-in-der-Region-Hannover/Verwaltungen-Kommunen/Die-Verwaltung-der-Region-Hannover/Stellt-sich-vor/Politisch,3.0,178,534,0.125,8,7,0.8023641109466553,0.43258426966292135,0.4250936329588015,0.028089887640449437,0.028089887640449437,0.2808988764044944,0.24906367041198502,0.06741573033707865,0.09737827715355805,0.03932584269662921,0.020599250936329586
hannover,https://www.hannover.de/Leben-in-der-Region-Hannover/Verwaltungen-Kommunen/Die-Verwaltung-der-Region-Hannover/Pressebereich-Region-Hannover/Archiv-Pressemitteilungen/2025/Regionshaus-leuchtet-lila,0.9266211604095563,586,543,0.36363636363636365,11,13,0.783855676651001,0.4948805460750853,0.4548802946593002,0.06143344709897611,0.0423572744014733,0.30716723549488056,0.2965009208103131,0.06655290102389079,0.06261510128913444,0.04948805460750853,0.01841620626151013
hannover,https://www.hannover.de/Service/Presse-Medien/Landeshauptstadt-Hannover/Meldungsarchiv-für-das-Jahr-2025/Winternothilfe-jetzt-auch-mit-Nachtcafé-für-Frauen-und-FLINTA*,0.6676528599605522,1014,677,0.09803921568627451,51,19,0.8134884834289551,0.4881656804733728,0.4431314623338257,0.06903353057199212,0.04431314623338257,0.30177514792899407,0.28951255539143284,0.0611439842209073,0.06351550960118169,0.03057199211045365,0.022156573116691284
hannover,https://www.hannover.de/Leben-in-der-Region-Hannover/Verwaltungen-Kommunen/Die-Verwaltung-der-Landeshauptstadt-Hannover/Dezernate-und-Fachbereiche-der-LHH/Soziales-und-Integration/Beauftragter-für-Menschen-mit-Behinderung-der-Landeshauptstadt-Hannover/Inklusion-im-Dialog,2.139588100686499,874,1870,0.18518518518518517,27,34,0.7884279489517212,0.4931350114416476,0.43475935828877005,0.06979405034324943,0.0374331550802139,0.32837528604118993,0.2727272727272727,0.04691075514874142,0.07272727272727272,0.048054919908466824,0.03529411764705882
hannover,https://www.hannover.de/Service/Presse-Medien/Landeshauptstadt-Hannover/Meldungsarchiv-für-das-Jahr-2025/Wohlbefinden-auf-Rezept,0.5901060070671378,1132,668,0.08108108108108109,37,14,0.7667115330696106,0.4902826855123675,0.45808383233532934,0.06448763250883392,0.05688622754491018,0.28975265017667845,0.24850299401197604,0.06625441696113074,0.08532934131736528,0.04240282685512368,0.02245508982035928
hannover,https://www.hannover.de/Service/Presse-Medien/Landeshauptstadt-Hannover/Meldungsarchiv-für-das-Jahr-2025/Hilfe-für-Obdachlose-bei-Hitzewellen,0.9483568075117371,852,808,0.23529411764705882,34,24,0.7460772395133972,0.5011737089201878,0.42945544554455445,0.07394366197183098,0.04207920792079208,0.3251173708920188,0.2698019801980198,0.0528169014084507,0.050742574257425746,0.03873239436619719,0.013613861386138614
hannover,https://www.hannover.de/Leben-in-der-Region-Hannover/Umwelt-Nachhaltigkeit/Wasser-Abwasser/Fragen-und-Antworten-rund-um-die-Allgemeinverfügung-%22Beregnung%22,0.7553998832457677,1713,1294,0.08333333333333333,36,35,0.8200753927230835,0.4448336252189142,0.419629057187017,0.05779334500875657,0.027820710973724884,0.23934617629889082,0.23338485316846985,0.07063631056625802,0.07959814528593509,0.04845300642148278,0.027047913446676973
hannover,https://www.hannover.de/Leben-in-der-Region-Hannover/Verwaltungen-Kommunen/Die-Verwaltung-der-Region-Hannover/Pressebereich-Region-Hannover/Archiv-Pressemitteilungen/2025/Region-Hannover-beim-PV-Ausbau-in-Niedersachsen-Spitzenreiter,0.9188829787234043,752,691,0.18518518518518517,27,18,0.826537549495697,0.46675531914893614,0.426917510853835,0.05053191489361702,0.0361794500723589,0.26329787234042556,0.2547033285094067,0.06648936170212766,0.07814761215629522,0.029255319148936167,0.020260492040520984
hannover,https://www.hannover.de/Leben-in-der-Region-Hannover/Verwaltungen-Kommunen/Die-Verwaltung-der-Region-Hannover/Pressebereich-Region-Hannover/Archiv-Pressemitteilungen/2025/Regeln-für-Beregnung-und-Fördergeld-für-Klimaanpassung,1.2422145328719723,867,1077,0.30434782608695654,23,26,0.8647235631942749,0.48212226066897346,0.44753946146703805,0.05074971164936563,0.027855153203342618,0.2918108419838523,0.2822655524605385,0.06459054209919261,0.07242339832869081,0.05420991926182238,0.031569173630454965
hannover,https://www.hannover.de/Service/Presse-Medien/Landeshauptstadt-Hannover/Meldungsarchiv-für-das-Jahr-2025/Förderpreis-für-Inklusion-in-der-Wirtschaft-zum-14.-Mal-vergeben,0.8734299516908213,1035,904,0.2391304347826087,46,44,0.5918715000152588,0.49468599033816424,0.4269911504424779,0.05217391304347826,0.02654867256637168,0.34202898550724636,0.32079646017699115,0.05893719806763285,0.049778761061946904,0.06376811594202898,0.034292035398230086
hannover,https://www.hannover.de/Leben-in-der-Region-Hannover/Soziales/Menschen-mit-Behinderung/Aktuelles/Meldungen/Jan-Haller-ist-„Be­hin­der­ten­­sport­­ler-des-Jahres“-2025,0.28631284916201116,716,205,0.05454545454545454,55,8,0.5663126111030579,0.5125698324022346,0.4195121951219512,0.05726256983240224,0.01951219512195122,0.3449720670391061,0.3024390243902439,0.05307262569832402,0.07804878048780488,0.04469273743016759,0.004878048780487805
hannover,https://www.hannover.de/Leben-in-der-Region-Hannover/Soziales/Menschen-mit-Behinderung/Assistenzhunde-sind-in-öffentlichen-Gebäuden-willkommen,1.0660247592847318,727,775,0.1724137931034483,29,13,0.6935073137283325,0.49793672627235214,0.41935483870967744,0.05364511691884457,0.03483870967741935,0.3108665749656121,0.24516129032258063,0.07015130674002751,0.08258064516129032,0.04676753782668501,0.03354838709677419
hannover,https://www.hannover.de/Service/Presse-Medien/Landeshauptstadt-Hannover/Meldungsarchiv-für-das-Jahr-2025/Hannover-KI-Chatbot-hilft-bei-Fragen-zur-Grundsteuerreform,1.2990654205607477,428,556,0.07692307692307693,13,11,0.6970621347427368,0.48364485981308414,0.42805755395683454,0.06074766355140187,0.02697841726618705,0.27102803738317754,0.25719424460431656,0.08411214953271028,0.08992805755395683,0.04672897196261682,0.019784172661870502
hannover,https://www.hannover.de/Leben-in-der-Region-Hannover/Umwelt-Nachhaltigkeit/Naturschutz/Aufgaben-Projekte/Aktionsprogramm-Deister,0.40306681270536693,1826,736,0.041666666666666664,72,13,0.7826260328292847,0.4791894852135816,0.42934782608695654,0.06845564074479737,0.036684782608695655,0.2940854326396495,0.25,0.0651697699890471,0.07201086956521739,0.04107338444687842,0.04076086956521739
hannover,https://www.hannover.de/Leben-in-der-Region-Hannover/Umwelt-Nachhaltigkeit/Klimawandel-und-anpassung/Die-Region-Hannover-im-Klimawandel/Starkregenhinweiskarte-für-die-Region-Hannover,8.140495867768594,121,985,0.6666666666666666,6,20,0.7817093133926392,0.5041322314049587,0.40812182741116754,0.06611570247933884,0.029441624365482234,0.3140495867768595,0.22639593908629443,0.06611570247933884,0.08121827411167512,0.01652892561983471,0.03451776649746193
hannover,https://www.hannover.de/Veranstaltungskalender/Kostenlos/Suche-nach-kostenlosen-Events,1.5403726708074534,161,248,0.2,5,7,0.5951195359230042,0.4472049689440994,0.43548387096774194,0.055900621118012424,0.03225806451612903,0.2298136645962733,0.2540322580645161,0.09316770186335403,0.09274193548387097,0.049689440993788817,0.008064516129032258
hannover,https://www.hannover.de/Veranstaltungskalender/Bürger-Service/Mobilitäts­trainings-im-Stadt­gebiet,1.8465346534653466,202,373,0.25,8,20,0.8072021007537842,0.45544554455445546,0.42359249329758714,0.034653465346534656,0.032171581769437,0.3118811881188119,0.27882037533512066,0.04950495049504951,0.05630026809651475,0.0594059405940594,0.02680965147453083
hannover,"https://www.hannover.de/Leben-in-der-Region-Hannover/Verwaltungen-Kommunen/Die-Verwaltung-der-Region-Hannover/Stellt-sich-vor/Dezernate-und-Fachbereiche-der-Region-Hannover/Dezernat-Bildung,-Kultur-und-Baumanagement/Fachbereich-Bildung-und-Kultur/Team-Kultur/Bildende-Kunst/Atelierspaziergang/Atelierspaziergang-2026-„Licht-und-Schatten“",0.6846689895470384,574,393,0.05128205128205128,39,12,0.8177005052566528,0.5,0.4122137404580153,0.05574912891986063,0.035623409669211195,0.36062717770034847,0.27735368956743,0.04529616724738676,0.06615776081424936,0.05226480836236934,0.022900763358778626
hannover,https://www.hannover.de/Veranstaltungskalender/Politik/Regions­versamm­lung-am-19.-Mai-2026,1.3565891472868217,129,175,0.2,5,6,0.8552137613296509,0.43410852713178294,0.4,0.046511627906976744,0.05714285714285714,0.28682170542635654,0.25142857142857145,0.05426356589147287,0.05714285714285714,0.031007751937984496,0.011428571428571429
hannover,https://www.hannover.de/Leben-in-der-Region-Hannover/Verwaltungen-Kommunen/Die-Verwaltung-der-Region-Hannover/Termine-Veranstaltungen/Regionsforum-für-Menschen-mit-Behinderungen,2.388059701492537,201,480,0.0,2,6,0.8827371001243591,0.44776119402985076,0.44583333333333336,0.04477611940298507,0.03333333333333333,0.29850746268656714,0.28958333333333336,0.04975124378109453,0.0625,0.029850746268656716,0.016666666666666666
hannover,https://www.hannover.de/Leben-in-der-Region-Hannover/Soziales/Senioren/Information-Beratung/Kostenlose-Beratung/Infos-zur-Vorsorgevollmacht-in-Wunstorf,5.432926829268292,164,891,0.2,5,10,0.5135950446128845,0.4268292682926829,0.3961840628507295,0.06707317073170732,0.04040404040404041,0.2865853658536585,0.1840628507295174,0.04878048780487805,0.0931537598204265,0.04268292682926829,0.03479236812570146
hannover,https://www.hannover.de/Veranstaltungskalender/Bürger-Service/Mobilitäts­trainings-im-Umland,1.970909090909091,275,542,0.625,16,26,0.758894681930542,0.4581818181818182,0.3726937269372694,0.05818181818181818,0.025830258302583026,0.3054545454545455,0.24907749077490773,0.04363636363636364,0.05166051660516605,0.07272727272727272,0.01845018450184502
hannover,https://www.hannover.de/Kultur-Freizeit/Freizeit-Sport/Feste-Saisonales/Fête-de-la-Musique/Hannover-feiert-Fête-de-la-Musique-2026,0.07094319108453384,3679,261,0.008695652173913044,345,10,0.9073176383972168,0.46208208752378366,0.421455938697318,0.039956509921174235,0.034482758620689655,0.36640391410709433,0.2835249042145594,0.03044305517803751,0.06896551724137931,0.02636586028812177,0.0038314176245210726
hannover,https://www.hannover.de/Veranstaltungskalender/Feste-Festivals/Schützenfest-Hannover-2026,2.871794871794872,78,224,0.0,4,10,0.9084343910217285,0.5128205128205128,0.38839285714285715,0.14102564102564102,0.044642857142857144,0.2948717948717949,0.2589285714285714,0.0641025641025641,0.0625,0.038461538461538464,0.026785714285714284
hannover,https://www.hannover.de/Leben-in-der-Region-Hannover/Verwaltungen-Kommunen/Die-Verwaltung-der-Region-Hannover/Termine-Veranstaltungen/Ent­decker­tag-der-Region-Hannover-2026,4.82089552238806,67,323,0.4,5,8,0.8599692583084106,0.4925373134328358,0.3931888544891641,0.05970149253731343,0.02786377708978328,0.3731343283582089,0.2476780185758514,0.029850746268656716,0.08668730650154799,0.05970149253731343,0.043343653250773995
hannover,https://www.hannover.de/Veranstaltungskalender/Bürger-Service/Sirenen-SMS-Warntag-2026-in-Hannover,0.36442006269592475,1276,465,0.18181818181818182,33,20,0.8683983087539673,0.45297805642633227,0.4064516129032258,0.0603448275862069,0.03655913978494624,0.2554858934169279,0.23870967741935484,0.07288401253918496,0.07956989247311828,0.054075235109717866,0.025806451612903226
hannover,https://www.hannover.de/Veranstaltungskalender/Messen-Kongresse/Infa-2026,2.048076923076923,104,213,0.5,4,8,0.7249945402145386,0.4326923076923077,0.38028169014084506,0.0673076923076923,0.046948356807511735,0.2692307692307692,0.27230046948356806,0.04807692307692308,0.04225352112676056,0.06730769230769232,0.014084507042253521
hannover,https://www.hannover.de/Leben-in-der-Region-Hannover/Verwaltungen-Kommunen/Die-Verwaltung-der-Region-Hannover/Stellt-sich-vor/Politisch/Regionsversammlung,3.8263473053892216,167,639,0.14285714285714285,14,16,0.8015159368515015,0.47904191616766467,0.433489827856025,0.041916167664670656,0.028169014084507043,0.39520958083832336,0.29107981220657275,0.023952095808383235,0.07042253521126761,0.017964071856287425,0.03286384976525822
hannover,https://www.hannover.de/Leben-in-der-Region-Hannover/Politik/Regionspräsident-Oberbürgermeister/Der-Regionspräsident,4.91869918699187,123,605,0.5,8,28,0.805024266242981,0.44715447154471544,0.4479338842975207,0.04878048780487805,0.0512396694214876,0.3170731707317073,0.3140495867768595,0.04065040650406504,0.0512396694214876,0.04065040650406504,0.01818181818181818
hannover,https://www.hannover.de/Leben-in-der-Region-Hannover/Politik/Politische-Gremien/Europa/Kontakte/Die-Stabsstelle-EU-Angelegenheiten-und-Fördermittelmanagement,0.9775700934579439,535,523,0.14814814814814814,27,17,0.7028130292892456,0.4672897196261682,0.4340344168260038,0.06355140186915888,0.017208413001912046,0.2766355140186916,0.30592734225621415,0.07476635514018691,0.07265774378585087,0.056074766355140186,0.019120458891013385
hannover,https://www.hannover.de/Leben-in-der-Region-Hannover/Verwaltungen-Kommunen/Die-Verwaltung-der-Landeshauptstadt-Hannover/Dezernate-und-Fachbereiche-der-LHH/Soziales-und-Integration/Beauftragter-für-Menschen-mit-Behinderung-der-Landeshauptstadt-Hannover,0.6484848484848484,495,321,0.23076923076923078,13,9,0.6450422406196594,0.503030303030303,0.4392523364485981,0.05656565656565657,0.028037383177570093,0.298989898989899,0.32398753894080995,0.0707070707070707,0.056074766355140186,0.06464646464646465,0.028037383177570093
hannover,https://www.hannover.de/Leben-in-der-Region-Hannover/Verwaltungen-Kommunen/Die-Verwaltung-der-Region-Hannover/Termine-Veranstaltungen/Regionsforum-für-Menschen-mit-Behinderungen,2.388059701492537,201,480,0.0,2,6,0.8827371001243591,0.44776119402985076,0.44583333333333336,0.04477611940298507,0.03333333333333333,0.29850746268656714,0.28958333333333336,0.04975124378109453,0.0625,0.029850746268656716,0.016666666666666666
hannover,https://www.hannover.de/Leben-in-der-Region-Hannover/Verwaltungen-Kommunen/Die-Verwaltung-der-Landeshauptstadt-Hannover/Dezernate-und-Fachbereiche-der-LHH/Soziales-und-Integration/Beauftragter-für-Menschen-mit-Behinderung-der-Landeshauptstadt-Hannover/Inklusion-im-Dialog,2.139588100686499,874,1870,0.18518518518518517,27,34,0.7884279489517212,0.4931350114416476,0.43475935828877005,0.06979405034324943,0.0374331550802139,0.32837528604118993,0.2727272727272727,0.04691075514874142,0.07272727272727272,0.048054919908466824,0.03529411764705882
hannover,"https://www.hannover.de/Leben-in-der-Region-Hannover/Verwaltungen-Kommunen/Die-Verwaltung-der-Region-Hannover/Stellt-sich-vor/Dezernate-und-Fachbereiche-der-Region-Hannover/Dezernat-Soziales,-Teilhabe,-Familie-und-Jugend/Beauftragte-der-Region-Hannover-für-Menschen-mit-Behinderung",0.6765734265734266,572,387,0.3076923076923077,13,15,0.8053090572357178,0.48776223776223776,0.43669250645994834,0.06643356643356643,0.028423772609819122,0.34265734265734266,0.32299741602067183,0.038461538461538464,0.059431524547803614,0.07342657342657344,0.015503875968992248
hannover,https://www.hannover.de/Leben-in-der-Region-Hannover/Verwaltungen-Kommunen/Die-Verwaltung-der-Landeshauptstadt-Hannover/Dezernate-und-Fachbereiche-der-LHH/Soziales-und-Integration/Beauftragter-für-Menschen-mit-Behinderung-der-Landeshauptstadt-Hannover/Informationen-zur-Datenverarbeitung,1.5384615384615385,975,1500,0.13333333333333333,15,20,0.730980396270752,0.4307692307692308,0.404,0.06153846153846154,0.022,0.25435897435897437,0.248,0.05846153846153846,0.082,0.033846153846153845,0.03133333333333333
hannover,https://www.hannover.de/Leben-in-der-Region-Hannover/Verwaltungen-Kommunen/Die-Verwaltung-der-Region-Hannover/Stellt-sich-vor/Politisch/Regionsversammlung,3.8263473053892216,167,639,0.14285714285714285,14,16,0.8015159368515015,0.47904191616766467,0.433489827856025,0.041916167664670656,0.028169014084507043,0.39520958083832336,0.29107981220657275,0.023952095808383235,0.07042253521126761,0.017964071856287425,0.03286384976525822
hannover,https://www.hannover.de/Leben-in-der-Region-Hannover/Politik/Politische-Gremien/Landeshauptstadt-Hannover/Der-Rat,0.7062634989200864,463,327,0.2,15,18,0.7225384712219238,0.43628509719222464,0.44648318042813456,0.047516198704103674,0.05504587155963303,0.3088552915766739,0.26911314984709483,0.04967602591792657,0.07951070336391437,0.04967602591792657,0.01834862385321101
hannover,https://www.hannover.de/Leben-in-der-Region-Hannover/Politik/Regionspräsident-Oberbürgermeister/Der-Regionspräsident,4.91869918699187,123,605,0.5,8,28,0.805024266242981,0.44715447154471544,0.4479338842975207,0.04878048780487805,0.0512396694214876,0.3170731707317073,0.3140495867768595,0.04065040650406504,0.0512396694214876,0.04065040650406504,0.01818181818181818
hannover,https://www.hannover.de/Leben-in-der-Region-Hannover/Politik/Regionspräsident-Oberbürgermeister/Der-Oberbürgermeister,1.815217391304348,92,167,0.0,1,3,0.8636261224746704,0.45652173913043476,0.49101796407185627,0.021739130434782608,0.04790419161676647,0.2934782608695652,0.2994011976047904,0.08695652173913043,0.09580838323353294,0.05434782608695652,0.017964071856287425
hannover,https://www.hannover.de/Leben-in-der-Region-Hannover/Mobilität/Kraftfahrzeug-Straße/Bauvorhaben-an-Kreisstraßen,0.18657367044463818,2294,428,0.012658227848101266,158,12,0.7775294184684753,0.44812554489973844,0.4135514018691589,0.044027898866608545,0.02570093457943925,0.3234524847428073,0.26635514018691586,0.044463818657367045,0.06542056074766354,0.02920662598081953,0.028037383177570093
hannover,https://www.hannover.de/Leben-in-der-Region-Hannover/Mobilität/Bus-Bahn,0.23043478260869565,230,53,0.045454545454545456,22,3,0.8143450021743774,0.4782608695652174,0.4716981132075472,0.043478260869565216,0.07547169811320754,0.32173913043478264,0.24528301886792453,0.06521739130434782,0.09433962264150944,0.06956521739130435,0.018867924528301886
hannover,https://www.hannover.de/Service/Mobil-in-Hannover/Weitere-Mobilitätsdienste/Rund-ums-Taxi,1.6797520661157024,484,813,0.5,18,31,0.9737331867218018,0.4524793388429752,0.3972939729397294,0.028925619834710745,0.025830258302583026,0.2809917355371901,0.24231242312423124,0.06818181818181818,0.07872078720787208,0.04132231404958678,0.01968019680196802
hannover,https://www.hannover.de/Leben-in-der-Region-Hannover/Soziales/Menschen-mit-Behinderung/Förderung-Unterstützung/Verfahrenslots*innen-für-junge-Menschen-mit-drohender-Behinderung,0.8959627329192547,644,577,0.05263157894736842,38,12,0.7973790168762207,0.453416149068323,0.42980935875216636,0.05124223602484472,0.04852686308492201,0.3167701863354037,0.2668977469670711,0.043478260869565216,0.06932409012131716,0.06677018633540373,0.03986135181975736
hannover,https://www.hannover.de/Leben-in-der-Region-Hannover/Soziales/Kinder-Jugendliche/Beratung/Beratungsstelle-Inklusion,1.160337552742616,237,275,0.25,4,12,0.7550958395004272,0.45569620253164556,0.43272727272727274,0.05907172995780591,0.025454545454545455,0.31645569620253167,0.26181818181818184,0.05907172995780591,0.09818181818181818,0.03375527426160337,0.03272727272727273
hannover,"https://www.hannover.de/Leben-in-der-Region-Hannover/Verwaltungen-Kommunen/Die-Verwaltung-der-Landeshauptstadt-Hannover/Dezernate-und-Fachbereiche-der-LHH/Jugend,-Familie-Sport/Fachbereich-Jugend-und-Familie/Verfahrenslots*innen-und-inklusive-Beratung",1.4634806131650135,1109,1623,0.1875,16,33,0.6162203550338745,0.44815148782687103,0.41897720271102895,0.06492335437330929,0.029574861367837338,0.2732191163210099,0.25446703635243373,0.06402164111812443,0.06839186691312385,0.04869251577998196,0.02279728897104128
hannover,https://www.hannover.de/Leben-in-der-Region-Hannover/Soziales/Kinder-Jugendliche/Jugendämter-in-der-Region-Hannover,4.764227642276423,123,586,0.8095238095238095,21,38,0.7417787313461304,0.5121951219512195,0.2986348122866894,0.07317073170731707,0.011945392491467578,0.43089430894308944,0.26621160409556316,0.008130081300813009,0.017064846416382253,0.008130081300813009,0.013651877133105802
hannover,https://www.hannover.de/Leben-in-der-Region-Hannover/Soziales/Kinder-Jugendliche/Beratung/JUGEND-STÄRKEN-Brücken-in-die-Eigenständigkeit-JUST-BEst,0.7956577266922095,783,623,0.4857142857142857,35,29,0.48419761657714844,0.4559386973180077,0.36276083467094705,0.05874840357598978,0.01765650080256822,0.3116219667943806,0.24719101123595505,0.05874840357598978,0.0738362760834671,0.05747126436781609,0.02086677367576244
hannover,https://www.hannover.de/Leben-in-der-Region-Hannover/Soziales/Senioren/Information-Beratung,1.1363636363636365,132,150,0.0,1,2,0.7728190422058105,0.45454545454545453,0.4266666666666667,0.06060606060606061,0.04,0.21212121212121213,0.23333333333333334,0.06818181818181818,0.08,0.12121212121212122,0.04
hannover,https://www.hannover.de/Leben-in-der-Region-Hannover/Soziales/Kinder-Jugendliche/Beratung/Hör-und-Sprachheilberatung-für-die-Städte-und-Gemeinden-der-Region-Hannover,2.3986486486486487,148,355,0.125,8,12,0.7304868698120117,0.49324324324324326,0.4450704225352113,0.033783783783783786,0.014084507042253521,0.33783783783783783,0.323943661971831,0.06756756756756757,0.061971830985915494,0.0945945945945946,0.028169014084507043
hannover,"https://www.hannover.de/Leben-in-der-Region-Hannover/Verwaltungen-Kommunen/Die-Verwaltung-der-Region-Hannover/Stellt-sich-vor/Dezernate-und-Fachbereiche-der-Region-Hannover/Dezernat-Soziales,-Teilhabe,-Familie-und-Jugend/Fachbereich-Jugend/Team-Allgemeiner-Sozialer-Dienst-ASD/Jugendhilfe-im-Strafverfahren",1.4521497919556172,721,1047,0.3333333333333333,9,22,0.7102735042572021,0.43134535367545074,0.38299904489016234,0.0319001386962552,0.011461318051575931,0.27461858529819694,0.24068767908309455,0.07766990291262135,0.08022922636103152,0.06796116504854369,0.026743075453677174
hannover,https://www.hannover.de/Leben-in-der-Region-Hannover/Soziales/Sozialleistungen-weitere-Hilfen/RE_StaRT,2.3057851239669422,363,837,0.6,5,20,0.6849037408828735,0.5013774104683195,0.4050179211469534,0.06611570247933884,0.022700119474313024,0.30027548209366395,0.25089605734767023,0.06887052341597796,0.08482676224611709,0.05785123966942149,0.022700119474313024
hannover,https://www.hannover.de/Leben-in-der-Region-Hannover/Verwaltungen-Kommunen/Die-Verwaltung-der-Region-Hannover/Pressebereich-Region-Hannover/Archiv-Pressemitteilungen/2022/Höhere-Heizkosten-können-zu-Anspruch-auf-Grundsicherung-führen,1.6541353383458646,266,440,0.25,4,8,0.7691500782966614,0.47368421052631576,0.3840909090909091,0.06766917293233082,0.015909090909090907,0.2631578947368421,0.19999999999999998,0.08270676691729323,0.10227272727272728,0.03383458646616541,0.038636363636363635
hannover,"https://www.hannover.de/Leben-in-der-Region-Hannover/Verwaltungen-Kommunen/Die-Verwaltung-der-Region-Hannover/Stellt-sich-vor/Dezernate-und-Fachbereiche-der-Region-Hannover/Dezernat-Soziales,-Teilhabe,-Familie-und-Jugend/Eingliederungshilfe/Fachbereich-Teilhabe",2.604966139954853,443,1154,0.7058823529411765,34,53,0.6085101366043091,0.435665914221219,0.3804159445407279,0.040632054176072234,0.02512998266897747,0.3002257336343115,0.25909878682842286,0.05191873589164785,0.058925476603119586,0.040632054176072234,0.030329289428076257
hannover,https://www.hannover.de/Leben-in-der-Region-Hannover/Bürger-Service/Bürger-Service-in-der-Landeshauptstadt-Hannover/Bürgerämter-der-Landeshauptstadt/Bürgerämter-in-Hannover,1.8102189781021898,137,248,0.6923076923076923,13,13,0.5365300178527832,0.5401459854014599,0.4274193548387097,0.014598540145985401,0.008064516129032258,0.4744525547445255,0.31451612903225806,0.021897810218978103,0.06854838709677419,0.021897810218978103,0.024193548387096774
hannover,https://www.hannover.de/Leben-in-der-Region-Hannover/Verwaltungen-Kommunen/Die-Verwaltung-der-Landeshauptstadt-Hannover/Dezernate-und-Fachbereiche-der-LHH/Soziales-und-Integration/Fachbereich-Soziales-der-Landeshauptstadt,1.8144329896907216,97,176,0.75,4,9,0.8594391345977783,0.44329896907216493,0.4318181818181818,0.041237113402061855,0.056818181818181816,0.36082474226804123,0.28409090909090906,0.020618556701030927,0.0625,0.020618556701030927,0.011363636363636364
hannover,"https://www.hannover.de/Leben-in-der-Region-Hannover/Verwaltungen-Kommunen/Die-Verwaltung-der-Region-Hannover/Stellt-sich-vor/Dezernate-und-Fachbereiche-der-Region-Hannover/Dezernat-Soziales,-Teilhabe,-Familie-und-Jugend/Fachbereich-Soziales-Region-Hannover",0.7663043478260869,184,141,0.3333333333333333,6,5,0.883933424949646,0.532608695652174,0.5106382978723404,0.07065217391304347,0.07092198581560284,0.375,0.375886524822695,0.05434782608695652,0.04964539007092199,0.06521739130434782,0.014184397163120567
hannover,"https://www.hannover.de/Leben-in-der-Region-Hannover/Verwaltungen-Kommunen/Die-Verwaltung-der-Landeshauptstadt-Hannover/Dezernate-und-Fachbereiche-der-LHH/Jugend,-Familie-Sport/Fachbereich-Jugend-und-Familie",0.841726618705036,139,117,0.0,2,8,0.8454529047012329,0.4316546762589928,0.36752136752136755,0.05755395683453238,0.017094017094017096,0.26618705035971224,0.29914529914529914,0.07194244604316546,0.042735042735042736,0.08633093525179855,0.07692307692307693
hannover,"https://www.hannover.de/Leben-in-der-Region-Hannover/Verwaltungen-Kommunen/Die-Verwaltung-der-Region-Hannover/Stellt-sich-vor/Dezernate-und-Fachbereiche-der-Region-Hannover/Dezernat-Soziales,-Teilhabe,-Familie-und-Jugend/Fachbereich-Jugend",0.30513595166163143,331,101,0.0,26,3,0.7253375053405762,0.5287009063444109,0.39603960396039606,0.04833836858006042,0.009900990099009901,0.42900302114803623,0.25742574257425743,0.03625377643504532,0.06930693069306931,0.0755287009063444,0.04950495049504951
hannover,"https://www.hannover.de/Leben-in-der-Region-Hannover/Verwaltungen-Kommunen/Die-Verwaltung-der-Landeshauptstadt-Hannover/Dezernate-und-Fachbereiche-der-LHH/Finanzen,-Ordnung-und-Feuerwehr/Fachbereich-Öffentliche-Ordnung/Standesamt-und-Staatsangehörig­keit/Standesamt",18.885714285714286,35,661,1.0,0,0,0.3280740976333618,0.4857142857142857,0.3903177004538578,0.11428571428571428,0.03328290468986384,0.2857142857142857,0.2254160363086233,0.02857142857142857,0.08472012102874432,0.02857142857142857,0.015128593040847202
hannover,"https://www.hannover.de/Leben-in-der-Region-Hannover/Verwaltungen-Kommunen/Die-Verwaltung-der-Landeshauptstadt-Hannover/Dezernate-und-Fachbereiche-der-LHH/Jugend,-Familie-Sport/Fachbereich-Jugend-und-Familie/FamilienServiceBüro-der-Landeshauptstadt-Hannover",0.6035714285714285,280,169,0.25,12,5,0.5905548334121704,0.4714285714285714,0.3727810650887574,0.04642857142857143,0.023668639053254437,0.3678571428571428,0.23076923076923078,0.025,0.07692307692307693,0.04285714285714286,0.023668639053254437
hannover,"https://www.hannover.de/Leben-in-der-Region-Hannover/Verwaltungen-Kommunen/Die-Verwaltung-der-Landeshauptstadt-Hannover/Dezernate-und-Fachbereiche-der-LHH/Finanzen,-Ordnung-und-Feuerwehr/Fachbereich-Öffentliche-Ordnung/Fundbüro",1.6697247706422018,109,182,0.0,4,6,0.4343969225883484,0.48623853211009177,0.4010989010989011,0.045871559633027525,0.005494505494505495,0.30275229357798167,0.2142857142857143,0.05504587155963303,0.1043956043956044,0.027522935779816515,0.02197802197802198
hannover,https://www.hannover.de/Leben-in-der-Region-Hannover/Soziales/Kinder-Jugendliche/Dein-Weg-ins-Erwachsenenleben/1.-Volljährigkeit2,1.7020408163265306,735,1251,0.0,9,24,0.7335212230682373,0.42448979591836733,0.41566746602717825,0.03945578231292517,0.027977617905675458,0.20136054421768707,0.20303756994404476,0.09115646258503401,0.10631494804156674,0.04217687074829932,0.026378896882494004
hannover,https://www.hannover.de/Leben-in-der-Region-Hannover/Soziales/Kinder-Jugendliche/Dein-Weg-ins-Erwachsenenleben/2.-Erwachsen-werden-in-der-Jugendhilfe,0.9610194902548725,667,641,0.05,20,7,0.7084840536117554,0.43778110944527737,0.40873634945397813,0.053973013493253376,0.0343213728549142,0.24287856071964017,0.2121684867394696,0.08095952023988005,0.09516380655226209,0.049475262368815595,0.0358814352574103
hannover,https://www.hannover.de/Leben-in-der-Region-Hannover/Soziales/Kinder-Jugendliche/Dein-Weg-ins-Erwachsenenleben/3.-Wohnen,1.7083753784056508,1982,3386,0.23076923076923078,52,84,0.5601644515991211,0.446518668012109,0.40490253987005315,0.04339051463168517,0.028942705256940343,0.2325933400605449,0.20939161252215002,0.09031281533804238,0.09096278795038393,0.04641775983854692,0.02835203780271707
hannover,https://www.hannover.de/Leben-in-der-Region-Hannover/Soziales/Kinder-Jugendliche/Dein-Weg-ins-Erwachsenenleben/4.-Geld,0.956234096692112,1965,1879,0.2,35,40,0.6031882762908936,0.4264631043256997,0.38850452368281,0.036132315521628496,0.020223523150612027,0.2366412213740458,0.21128259712613093,0.08295165394402036,0.09260244811069718,0.04834605597964377,0.03139968068121341
hannover,https://www.hannover.de/Leben-in-der-Region-Hannover/Soziales/Kinder-Jugendliche/Dein-Weg-ins-Erwachsenenleben/5.-Versicherungen,1.7445652173913044,552,963,0.0,3,20,0.7095766067504883,0.44565217391304346,0.3925233644859813,0.03804347826086957,0.01557632398753894,0.20289855072463767,0.20664589823468327,0.10326086956521739,0.09034267912772585,0.041666666666666664,0.03115264797507788
hannover,https://www.hannover.de/Leben-in-der-Region-Hannover/Soziales/Kinder-Jugendliche/Dein-Weg-ins-Erwachsenenleben/6.-Schule,0.8464285714285714,840,711,0.16666666666666666,12,32,0.6218034625053406,0.444047619047619,0.4177215189873418,0.05357142857142857,0.029535864978902954,0.23095238095238096,0.2151898734177215,0.09523809523809523,0.10407876230661041,0.04166666666666667,0.02812939521800281
hannover,https://www.hannover.de/Leben-in-der-Region-Hannover/Soziales/Kinder-Jugendliche/Dein-Weg-ins-Erwachsenenleben/7.-Nach-der-Schule,1.0113582584003786,2113,2137,0.17391304347826086,46,55,0.6425369381904602,0.43539990534784667,0.3940102948058025,0.04212020823473734,0.02105755732335049,0.23994320870799812,0.19092185306504447,0.0889730241362991,0.11511464670098269,0.04353999053478467,0.02573701450631727
hannover,https://www.hannover.de/Leben-in-der-Region-Hannover/Soziales/Kinder-Jugendliche/Dein-Weg-ins-Erwachsenenleben/8.-Gesundheit,1.2312925170068028,294,362,0.0,8,6,0.7164347767829895,0.47959183673469385,0.4198895027624309,0.06462585034013606,0.03867403314917127,0.23809523809523808,0.19060773480662982,0.08503401360544217,0.08839779005524862,0.06462585034013606,0.03038674033149171
hannover,https://www.hannover.de/Leben-in-der-Region-Hannover/Soziales/Kinder-Jugendliche/Dein-Weg-ins-Erwachsenenleben/9.-Freizeitgestaltung,1.1595092024539877,326,378,0.23076923076923078,13,12,0.7499289512634277,0.4570552147239264,0.4021164021164021,0.046012269938650305,0.018518518518518517,0.2730061349693252,0.20105820105820105,0.08588957055214724,0.1111111111111111,0.0705521472392638,0.03968253968253968
hannover,https://www.hannover.de/Leben-in-der-Region-Hannover/Soziales/Kinder-Jugendliche/Dein-Weg-ins-Erwachsenenleben/10.-Beratung-und-Hilfen,2.5092250922509227,813,2040,0.15789473684210525,38,62,0.4656766951084137,0.48093480934809346,0.42254901960784313,0.07011070110701106,0.033823529411764704,0.3111931119311193,0.20294117647058824,0.056580565805658053,0.09950980392156862,0.05289052890528905,0.0303921568627451
hannover,https://www.hannover.de/Leben-in-der-Region-Hannover/Verwaltungen-Kommunen/Die-Verwaltung-der-Region-Hannover/Pressebereich-Region-Hannover/Archiv-Pressemitteilungen/2022/Höhere-Heizkosten-können-zu-Anspruch-auf-Grundsicherung-führen,1.6541353383458646,266,440,0.25,4,8,0.7691500782966614,0.47368421052631576,0.3840909090909091,0.06766917293233082,0.015909090909090907,0.2631578947368421,0.19999999999999998,0.08270676691729323,0.10227272727272728,0.03383458646616541,0.038636363636363635
hannover,https://www.hannover.de/Leben-in-der-Region-Hannover/Soziales/Menschen-mit-Behinderung/Förderung-Unterstützung/Schwer­behinderten­­­­­ausweis,1.3106796116504855,206,270,0.125,8,7,0.6566818952560425,0.4854368932038835,0.4222222222222222,0.07281553398058252,0.04814814814814815,0.28640776699029125,0.23703703703703705,0.05825242718446602,0.08518518518518518,0.05339805825242718,0.022222222222222223
hannover,https://www.hannover.de/Leben-in-der-Region-Hannover/Soziales/Familie-Partnerschaft/Frühe-Hilfen-–-Frühe-Chancen,1.6605504587155964,327,543,0.5333333333333333,15,22,0.8971487283706665,0.4892966360856269,0.430939226519337,0.07339449541284404,0.034990791896869246,0.3425076452599388,0.28729281767955805,0.027522935779816515,0.0718232044198895,0.03669724770642201,0.022099447513812154
hannover,https://www.hannover.de/Leben-in-der-Region-Hannover/Soziales/Familie-Partnerschaft/Koordinierungsstelle-Alleinerziehende,1.0802469135802468,162,175,0.0,7,4,0.5255475640296936,0.5061728395061729,0.4228571428571429,0.08024691358024691,0.022857142857142857,0.28395061728395066,0.21714285714285714,0.10493827160493827,0.09142857142857143,0.043209876543209874,0.03428571428571429
hannover,https://www.hannover.de/Leben-in-der-Region-Hannover/Gesundheit/Gesundheitsschutz/Beratungsstelle-für-Sexuelle-Gesundheit,3.1354166666666665,96,301,0.0,2,12,0.5498572587966919,0.5,0.4019933554817276,0.08333333333333333,0.036544850498338874,0.2708333333333333,0.26245847176079734,0.052083333333333336,0.07308970099667775,0.0625,0.019933554817275746
hannover,"https://www.hannover.de/Leben-in-der-Region-Hannover/Gesundheit/Gesundheitsschutz/Beratungsstelle-für-Sexuelle-Gesundheit/GAYsund-!-Angebote-für-Männer,-die-Sex-mit-Männern-haben",1.5099715099715099,351,530,0.36363636363636365,11,18,0.6361314654350281,0.4188034188034188,0.3886792452830189,0.04843304843304843,0.02830188679245283,0.32193732193732194,0.22641509433962265,0.03133903133903134,0.07547169811320754,0.03703703703703704,0.03207547169811321
hannover,https://www.hannover.de/Leben-in-der-Region-Hannover/Kulturförderung/Kulturförderung-der-Region-Hannover/1.-Projektförderung,1.22,400,488,0.09090909090909091,11,11,0.611077070236206,0.475,0.39139344262295084,0.07,0.030737704918032786,0.33249999999999996,0.23155737704918034,0.04,0.07581967213114754,0.0375,0.022540983606557378
hannover,https://www.hannover.de/Leben-in-der-Region-Hannover/Kulturförderung/Kulturförderung-der-Region-Hannover/2.-Kulturelle-Bildung,2.25177304964539,282,635,0.14285714285714285,7,11,0.6644216775894165,0.45390070921985815,0.3905511811023622,0.0673758865248227,0.029921259842519685,0.30141843971631205,0.23937007874015748,0.0425531914893617,0.08188976377952756,0.04255319148936171,0.028346456692913385
hannover,https://www.hannover.de/Leben-in-der-Region-Hannover/Kulturförderung/Kulturförderung-der-Region-Hannover/3.-Chorförderung,1.589090909090909,275,437,0.0,10,8,0.6286253929138184,0.44363636363636366,0.40274599542334094,0.06181818181818182,0.02745995423340961,0.28363636363636363,0.2608695652173913,0.04727272727272727,0.07322654462242563,0.03272727272727273,0.020594965675057208
hannover,https://www.hannover.de/Leben-in-der-Region-Hannover/Kulturförderung/Kulturförderung-der-Region-Hannover/4.-Spielplanförderung,1.7414772727272727,352,613,0.375,8,9,0.4190356135368347,0.39488636363636365,0.38825448613376834,0.03409090909090909,0.037520391517128875,0.2840909090909091,0.24469820554649266,0.05113636363636364,0.06688417618270799,0.025568181818181816,0.022838499184339316
hannover,https://www.hannover.de/Leben-in-der-Region-Hannover/Kulturförderung/Kulturförderung-der-Region-Hannover/7.-Institutionelle-Förderung,2.0934065934065935,182,381,0.05263157894736842,19,5,0.4846564531326294,0.43956043956043955,0.3937007874015748,0.054945054945054944,0.026246719160104987,0.34615384615384615,0.24146981627296588,0.016483516483516484,0.08398950131233596,0.02197802197802198,0.026246719160104987
hannover,https://www.hannover.de/Leben-in-der-Region-Hannover/Kulturförderung/Kulturförderung-der-Region-Hannover/8.-Theaterpädagogik,1.8446601941747574,103,190,0.25,4,5,0.8674774169921875,0.42718446601941745,0.4368421052631579,0.04854368932038835,0.031578947368421054,0.33009708737864074,0.30526315789473685,0.02912621359223301,0.05789473684210526,0.009708737864077669,0.015789473684210527
hannover,https://www.hannover.de/Leben-in-der-Region-Hannover/Bürger-Service/Bürger-Service-in-der-Landeshauptstadt-Hannover/Ideen-und-Beschwerden,1.0850439882697946,341,370,0.23529411764705882,17,9,0.6039391160011292,0.4222873900293255,0.37567567567567567,0.02346041055718475,0.024324324324324326,0.29032258064516125,0.2,0.07331378299120235,0.07837837837837838,0.03812316715542522,0.02972972972972973
hannover,https://www.hannover.de/Leben-in-der-Region-Hannover/Sicherheit-Ordnung/Feuerwehr-Hannover/Rettungsdienst2/Wer-hilft-wann,1.3643892339544514,966,1318,0.4810126582278481,79,58,0.6169244050979614,0.4834368530020704,0.40212443095599393,0.07556935817805382,0.038694992412746584,0.34265010351966874,0.2283763277693475,0.021739130434782608,0.06980273141122914,0.019668737060041408,0.02352048558421851
hannover,https://www.hannover.de/Service/Presse-Medien/Hannover.de/Aktuelles/Gut-zu-wissen/Evakuierung-Das-gehört-ins-Not­fall­gepäck,1.4313984168865435,758,1085,0.09090909090909091,22,18,0.7395921945571899,0.44591029023746703,0.3870967741935484,0.044854881266490766,0.013824884792626729,0.2638522427440633,0.19354838709677422,0.07651715039577836,0.09400921658986175,0.0633245382585752,0.041474654377880185
hannover,https://www.hannover.de/Leben-in-der-Region-Hannover/Soziales/Frauen-und-Gleichstellung/Gleichstellungsbeauftragte-der-Region-Hannover/Beratung-und-Unterstützung-gegen-häusliche-und-sexualisierte-Gewalt,0.3669162695711368,1469,539,0.009615384615384616,104,10,0.34713828563690186,0.4676650782845473,0.40816326530612246,0.04901293396868618,0.04452690166975881,0.382573179033356,0.2189239332096475,0.0224642614023145,0.07050092764378478,0.0381211708645337,0.03339517625231911
hannover,https://www.hannover.de/Service/Notdienste-Notfall­nummern/Ärztliche-Notdienste/Ärztliche-Notdienste-in-der-Region-Hannover,0.7629107981220657,426,325,0.0,22,12,0.5036868453025818,0.4272300469483568,0.3446153846153846,0.03990610328638498,0.03076923076923077,0.323943661971831,0.19076923076923077,0.03286384976525822,0.07076923076923076,0.03051643192488263,0.036923076923076927
hannover,https://www.hannover.de/Service/Presse-Medien/Hannover.de/Aktuelles/Gut-zu-wissen/Evakuierung-Das-gehört-ins-Not­fall­gepäck,1.4313984168865435,758,1085,0.09090909090909091,22,18,0.7395921945571899,0.44591029023746703,0.3870967741935484,0.044854881266490766,0.013824884792626729,0.2638522427440633,0.19354838709677422,0.07651715039577836,0.09400921658986175,0.0633245382585752,0.041474654377880185
hannover,"https://www.hannover.de/Leben-in-der-Region-Hannover/Verwaltungen-Kommunen/Die-Verwaltung-der-Region-Hannover/Stellt-sich-vor/Dezernate-und-Fachbereiche-der-Region-Hannover/Dezernat-Soziales,-Teilhabe,-Familie-und-Jugend/Beauftragte-der-Region-Hannover-für-Menschen-mit-Behinderung/Hilfe-bei-einem-Blackout",2.2922374429223744,219,502,0.3333333333333333,3,19,0.7803173065185547,0.4474885844748858,0.44223107569721115,0.0730593607305936,0.0398406374501992,0.2100456621004566,0.24900398406374502,0.0821917808219178,0.08167330677290836,0.0593607305936073,0.0199203187250996
hannover,https://www.hannover.de/Leben-in-der-Region-Hannover/Sicherheit-Ordnung/Informationen-im-Katastrophenfall,12.362745098039216,204,2522,0.2,10,49,0.6885143518447876,0.46568627450980393,0.40087232355273594,0.058823529411764705,0.0380650277557494,0.28431372549019607,0.20618556701030927,0.0784313725490196,0.08604282315622522,0.04901960784313726,0.03132434575733545
hannover,https://www.hannover.de/Leben-in-der-Region-Hannover/Soziales/Menschen-mit-Behinderung/Aktuelles/Meldungen/Notfall­pass-für-Menschen-mit-Taub­blind­heit,1.2860360360360361,444,571,0.0,13,13,0.6127018332481384,0.4617117117117117,0.4098073555166375,0.06981981981981981,0.021015761821366025,0.25675675675675674,0.2416812609457093,0.06531531531531531,0.07005253940455342,0.05630630630630631,0.028021015761821366
hannover,https://www.hannover.de/Leben-in-der-Region-Hannover/Sicherheit-Ordnung/Feuerwehr-Hannover/Rettungsdienst2/Wer-hilft-wann,1.3643892339544514,966,1318,0.4810126582278481,79,58,0.6169244050979614,0.4834368530020704,0.40212443095599393,0.07556935817805382,0.038694992412746584,0.34265010351966874,0.2283763277693475,0.021739130434782608,0.06980273141122914,0.019668737060041408,0.02352048558421851
hannover,https://www.hannover.de/Service/Notdienste-Notfall­nummern/Ärztliche-Notdienste/Ärztliche-Notdienste-in-der-Region-Hannover,0.7629107981220657,426,325,0.0,22,12,0.5036868453025818,0.4272300469483568,0.3446153846153846,0.03990610328638498,0.03076923076923077,0.323943661971831,0.19076923076923077,0.03286384976525822,0.07076923076923076,0.03051643192488263,0.036923076923076927
hannover,https://www.hannover.de/Leben-in-der-Region-Hannover/Verwaltungen-Kommunen/Die-Verwaltung-der-Landeshauptstadt-Hannover/Dezernate-und-Fachbereiche-der-LHH/Soziales-und-Integration/Fachbereich-Gesellschaftliche-Teilhabe/Die-Struktur/Soziale-Hilfen-in-Wohnungslosigkeit/Nothilfe-in-Sommer-und-Winter/Sommerhilfe-und-Hilfen-im-Sommer-auf-der-Straße,1.2734026745913818,673,857,0.19230769230769232,26,23,0.8619617223739624,0.475482912332838,0.42473745624270715,0.07726597325408618,0.047841306884480746,0.3031203566121843,0.2263710618436406,0.05200594353640416,0.06651108518086347,0.04606240713224369,0.024504084014002333
hannover,https://www.hannover.de/Leben-in-der-Region-Hannover/Verwaltungen-Kommunen/Die-Verwaltung-der-Landeshauptstadt-Hannover/Dezernate-und-Fachbereiche-der-LHH/Soziales-und-Integration/Fachbereich-Gesellschaftliche-Teilhabe/Die-Struktur/Soziale-Hilfen-in-Wohnungslosigkeit/Nothilfe-in-Sommer-und-Winter/Winternothilfe-und-Hilfen-im-Winter-auf-der-Straße,1.6246498599439776,714,1160,0.18181818181818182,33,32,0.7597055435180664,0.49159663865546216,0.4103448275862069,0.06862745098039216,0.034482758620689655,0.33333333333333337,0.24568965517241378,0.046218487394957986,0.07155172413793104,0.0392156862745098,0.028448275862068967
hannover,https://www.hannover.de/Leben-in-der-Region-Hannover/Soziales/Menschen-mit-Behinderung/Mobilität/%22Gemeinsam-mobil%22,1.717579250720461,347,596,0.4,15,17,0.6675563454627991,0.4553314121037464,0.4110738255033557,0.043227665706051875,0.015100671140939598,0.2680115273775216,0.26174496644295303,0.05763688760806916,0.0738255033557047,0.043227665706051875,0.04194630872483222
hannover,https://www.hannover.de/Leben-in-der-Region-Hannover/Soziales/Familie-Partnerschaft/Frühe-Hilfen-–-Frühe-Chancen/Eltern/Fachkräfte-Frühe-Hilfen,0.654639175257732,582,381,0.21428571428571427,14,13,0.8552612662315369,0.44501718213058417,0.4330708661417323,0.037800687285223365,0.05511811023622047,0.281786941580756,0.28083989501312334,0.070446735395189,0.05774278215223097,0.06872852233676977,0.028871391076115485
hannover,https://www.hannover.de/Leben-in-der-Region-Hannover/Soziales/Familie-Partnerschaft/Frühe-Hilfen-–-Frühe-Chancen/Eltern/Schwangerschaft-und-Geburt/Schwangerschaftswegweiser,0.8090614886731392,618,500,0.043478260869565216,23,29,0.4176386594772339,0.48220064724919093,0.396,0.07119741100323625,0.034,0.27831715210355984,0.26,0.059870550161812294,0.054,0.05663430420711974,0.03
hannover,https://www.hannover.de/Kultur-Freizeit/Freizeit-Sport/Feste-Saisonales/Fête-de-la-Musique/Hannover-feiert-Fête-de-la-Musique-2026,0.07094319108453384,3679,261,0.008695652173913044,345,10,0.9073176383972168,0.46208208752378366,0.421455938697318,0.039956509921174235,0.034482758620689655,0.36640391410709433,0.2835249042145594,0.03044305517803751,0.06896551724137931,0.02636586028812177,0.0038314176245210726
hannover,https://www.hannover.de/Veranstaltungskalender/Feste-Festivals/Schützenfest-Hannover-2026,2.871794871794872,78,224,0.0,4,10,0.9084343910217285,0.5128205128205128,0.38839285714285715,0.14102564102564102,0.044642857142857144,0.2948717948717949,0.2589285714285714,0.0641025641025641,0.0625,0.038461538461538464,0.026785714285714284
hannover,https://www.hannover.de/Leben-in-der-Region-Hannover/Verwaltungen-Kommunen/Die-Verwaltung-der-Region-Hannover/Termine-Veranstaltungen/Ent­decker­tag-der-Region-Hannover-2026,4.82089552238806,67,323,0.4,5,8,0.8599692583084106,0.4925373134328358,0.3931888544891641,0.05970149253731343,0.02786377708978328,0.3731343283582089,0.2476780185758514,0.029850746268656716,0.08668730650154799,0.05970149253731343,0.043343653250773995
hannover,https://www.hannover.de/Veranstaltungskalender/Feste-Festivals/Tiergartenfest-Hannover,0.7005649717514124,531,372,0.25,16,20,0.8516145944595337,0.4821092278719397,0.41397849462365593,0.064030131826742,0.01881720430107527,0.2806026365348399,0.282258064516129,0.07344632768361582,0.07526881720430108,0.032015065913371,0.016129032258064516
hannover,https://www.hannover.de/Kultur-Freizeit/Naherholung/Raus-in-die-Natur/Radfahren,15.5,6,93,1.0,1,1,0.8464697599411011,0.6666666666666666,0.40860215053763443,0.0,0.03225806451612903,0.5,0.22580645161290322,0.16666666666666666,0.10752688172043011,0.0,0.05376344086021506
hannover,https://www.hannover.de/Kultur-Freizeit/Naherholung/Raus-in-die-Natur/Bewegen/Spielplätze-in-Hannover,0.350844277673546,533,187,0.13333333333333333,15,6,0.8576271533966064,0.4634146341463415,0.45454545454545453,0.054409005628517824,0.0213903743315508,0.28142589118198874,0.3048128342245989,0.06566604127579738,0.08021390374331551,0.056285178236397754,0.016042780748663103
hannover,https://www.hannover.de/Kultur-Freizeit/Naherholung/Raus-in-die-Natur/„Grüne-Schätze“,0.4309539693128753,1499,646,0.2676056338028169,71,26,0.788974404335022,0.47164776517678453,0.4582043343653251,0.0713809206137425,0.06656346749226007,0.3629086057371581,0.32352941176470584,0.02134756504336224,0.03715170278637771,0.01801200800533689,0.02631578947368421
hannover,"https://www.hannover.de/Kultur-Freizeit/Bühnen,-Musik,-Literatur/Kino",0.7922077922077922,308,244,0.8571428571428571,35,32,0.7649117708206177,0.41883116883116883,0.4016393442622951,0.05519480519480519,0.05327868852459016,0.30194805194805197,0.32377049180327866,0.032467532467532464,0.020491803278688523,0.03896103896103896,0.004098360655737705
hannover,https://www.hannover.de/Leben-in-der-Region-Hannover/Soziales/Kinder-Jugendliche/Kinderbetreuung/Kita-Start-Fragen-und-Antworten,1.300185873605948,1076,1399,0.4166666666666667,12,61,0.654290497303009,0.4191449814126394,0.38313080771979985,0.03531598513011153,0.023588277340957826,0.24349442379182157,0.2544674767691208,0.08736059479553904,0.057183702644746245,0.04553903345724907,0.024303073624017155
hannover,https://www.hannover.de/Leben-in-der-Region-Hannover/Soziales/Kinder-Jugendliche/Kinderbetreuung/Krippe-Krippenplatz-Fragen-und-Antworten,1.2110389610389611,1232,1492,0.23529411764705882,17,58,0.45760899782180786,0.4301948051948052,0.3746648793565684,0.04626623376623377,0.024798927613941018,0.2564935064935065,0.24664879356568364,0.0698051948051948,0.054289544235924934,0.03165584415584415,0.028820375335120645
hannover,https://www.hannover.de/Leben-in-der-Region-Hannover/Bildung/Lernen-außerschulisch/Medienzentrum-der-Region-Hannover,0.6007194244604317,278,167,0.18181818181818182,11,4,0.8483030796051025,0.4568345323741007,0.4311377245508982,0.05755395683453238,0.017964071856287425,0.3489208633093525,0.29940119760479045,0.025179856115107913,0.0718562874251497,0.10071942446043165,0.03592814371257485
hannover,https://www.hannover.de/Wirtschaft-Wissenschaft/Arbeit/Arbeitsmarkt/Jobsuche/Arbeit-und-Ausbildung-in-der-Regionsverwaltung/Stellenangebote,0.5447570332480819,391,213,0.0,25,6,0.28754812479019165,0.4143222506393862,0.3427230046948357,0.020460358056265986,0.03286384976525822,0.3375959079283888,0.17370892018779344,0.017902813299232736,0.0892018779342723,0.04092071611253197,0.018779342723004695
hannover,https://www.hannover.de/Wirtschaft-Wissenschaft/Arbeit/Arbeitsmarkt/Jobsuche/Jobcenter-Region-Hannover,1.3805970149253732,134,185,0.3333333333333333,3,6,0.8396584987640381,0.48507462686567165,0.4810810810810811,0.05223880597014925,0.032432432432432434,0.2985074626865672,0.3027027027027027,0.08208955223880597,0.07567567567567568,0.05223880597014925,0.016216216216216217
hannover,https://www.hannover.de/Leben-in-der-Region-Hannover/Politik/Wahlen-Statistik/Kommunalwahlen-2026-in-der-Region-Hannover/FAQ-für-Wahlhelfer*innen,0.9908466819221968,874,866,0.058823529411764705,17,21,0.6066622734069824,0.43935926773455375,0.3891454965357968,0.041189931350114416,0.021939953810623556,0.2700228832951945,0.23325635103926096,0.06064073226544622,0.08314087759815242,0.04462242562929061,0.023094688221709007
hannover,https://www.hannover.de/Leben-in-der-Region-Hannover/Politik/Wahlen-Statistik/Kommunalwahlen-2026-in-der-Region-Hannover/Kontakt-zu-den-Wahlleitungen,3.2261904761904763,84,271,0.6666666666666666,9,19,0.5976940393447876,0.5,0.3726937269372694,0.023809523809523808,0.01845018450184502,0.4642857142857143,0.23247232472324725,0.011904761904761904,0.07749077490774908,0.011904761904761904,0.04797047970479705
hannover,https://www.hannover.de/Leben-in-der-Region-Hannover/Politik/Wahlen-Statistik/Kommunalwahlen-2026-in-der-Region-Hannover/Wahlhelfer*innen-gesucht,1.319402985074627,335,442,0.42857142857142855,7,20,0.7507242560386658,0.40298507462686567,0.3665158371040724,0.023880597014925373,0.029411764705882353,0.28059701492537314,0.22171945701357465,0.05373134328358209,0.08144796380090498,0.04477611940298508,0.020361990950226245
hannover,"https://www.hannover.de/Leben-in-der-Region-Hannover/Verwaltungen-Kommunen/Die-Verwaltung-der-Region-Hannover/Stellt-sich-vor/Dezernate-und-Fachbereiche-der-Region-Hannover/Dezernat-Soziales,-Teilhabe,-Familie-und-Jugend/Eingliederungshilfe/Fachbereich-Teilhabe",2.604966139954853,443,1154,0.7058823529411765,34,53,0.6085101366043091,0.435665914221219,0.3804159445407279,0.040632054176072234,0.02512998266897747,0.3002257336343115,0.25909878682842286,0.05191873589164785,0.058925476603119586,0.040632054176072234,0.030329289428076257
hannover,https://www.hannover.de/Leben-in-der-Region-Hannover/Soziales/Sozialleistungen-weitere-Hilfen/Bildungs-und-Teilhabepaket,0.4012903225806452,775,311,0.04,25,11,0.6474741101264954,0.43483870967741933,0.4115755627009646,0.04258064516129032,0.03215434083601286,0.2993548387096774,0.24758842443729903,0.06064516129032258,0.0932475884244373,0.06064516129032258,0.03536977491961415
hannover,https://www.hannover.de/Leben-in-der-Region-Hannover/Soziales/Kinder-Jugendliche/Kinderbetreuung/Kita-Start-Fragen-und-Antworten,1.300185873605948,1076,1399,0.4166666666666667,12,61,0.654290497303009,0.4191449814126394,0.38313080771979985,0.03531598513011153,0.023588277340957826,0.24349442379182157,0.2544674767691208,0.08736059479553904,0.057183702644746245,0.04553903345724907,0.024303073624017155
hannover,https://www.hannover.de/Leben-in-der-Region-Hannover/Umwelt-Nachhaltigkeit/Verhalten-bei-extremem-Wetter/Glätte-und-Schnee-in-der-Region-Hannover,0.8161365399534523,1289,1052,0.11538461538461539,52,35,0.6233823895454407,0.47633824670287045,0.44011406844106465,0.04034134988363072,0.02376425855513308,0.26454615981380913,0.20152091254752852,0.08921644685802949,0.10266159695817491,0.05508145849495734,0.03612167300380228
hannover,https://www.hannover.de/Leben-in-der-Region-Hannover/Umwelt-Nachhaltigkeit/Verhalten-bei-extremem-Wetter/Hitze-in-der-Region-Hannover,0.8042959427207638,419,337,0.2222222222222222,9,3,0.5702337026596069,0.46539379474940334,0.42433234421364985,0.059665871121718374,0.05341246290801187,0.2649164677804296,0.228486646884273,0.059665871121718374,0.06231454005934718,0.06443914081145585,0.03560830860534125
hannover,https://www.hannover.de/Leben-in-der-Region-Hannover/Umwelt-Nachhaltigkeit/Verhalten-bei-extremem-Wetter/Hochwasser-in-der-Region-Hannover,0.9881936245572609,847,837,0.13043478260869565,23,34,0.6492926478385925,0.44155844155844154,0.4324970131421744,0.04132231404958678,0.02986857825567503,0.26564344746162927,0.23655913978494622,0.09445100354191263,0.0955794504181601,0.07083825265643448,0.03106332138590203
hannover,https://www.hannover.de/Leben-in-der-Region-Hannover/Umwelt-Nachhaltigkeit/Verhalten-bei-extremem-Wetter/Kälte-in-der-Region-Hannover,0.8322683706070287,1252,1042,0.17647058823529413,34,30,0.7718592882156372,0.481629392971246,0.44817658349328215,0.04313099041533546,0.0345489443378119,0.2563897763578275,0.23320537428023033,0.10223642172523961,0.09788867562380038,0.06070287539936102,0.03742802303262956
hannover,https://www.hannover.de/Leben-in-der-Region-Hannover/Umwelt-Nachhaltigkeit/Verhalten-bei-extremem-Wetter/Sturm-und-Gewitter,1.2911877394636015,783,1011,0.2,35,39,0.7172236442565918,0.48531289910600256,0.41839762611275966,0.05363984674329502,0.032640949554896145,0.2848020434227331,0.2363996043521266,0.08684546615581099,0.08704253214638971,0.06513409961685823,0.03461918892185954
hannover,https://www.hannover.de/Leben-in-der-Region-Hannover/Umwelt-Nachhaltigkeit/Verhalten-bei-extremem-Wetter/Wann-fällt-die-Schule-aus,1.7219917012448134,241,415,0.25,12,26,0.6009044647216797,0.45228215767634855,0.44096385542168676,0.04564315352697095,0.021686746987951807,0.2738589211618257,0.27228915662650605,0.07883817427385892,0.06506024096385542,0.08713692946058091,0.03132530120481928
hannover,"https://www.hannover.de/Leben-in-der-Region-Hannover/Soziales/Familie-Partnerschaft/Beratung-Unterstützung/Beratung-für-Eltern,-Kinder-und-Jugendliche/Familien-und-Erziehungsberatung/Beratungsstellen-für-Eltern,-Kinder-und-Jugendliche-der-Region-Hannover/Beratungsstelle-für-Eltern,-Kinder-und-Jugendliche-Burgdorf/Gruppenangebot-für-Mütter-mit-Kindern-im-ersten-Lebensjahr",0.8561525129982669,577,494,0.75,4,9,0.8334218859672546,0.44020797227036396,0.3825910931174089,0.05545927209705372,0.020242914979757085,0.2270363951473137,0.242914979757085,0.07105719237435008,0.04048582995951417,0.04332755632582322,0.02631578947368421
hannover,https://www.hannover.de/Kultur-Freizeit/Geschichte-Geschichten/Erinnerungskultur/ZeitZentrum-Zivilcourage/Über-uns/Von-der-Idee-zur-Eröffnung-des-ZeitZentrum-Zivilcourage,0.7696811971372804,1537,1183,0.2,60,36,0.5825808048248291,0.47625243981782694,0.40490278951817416,0.06766428106701367,0.032121724429416736,0.32270657124268054,0.2688081149619611,0.0468445022771633,0.0676246830092984,0.04424202992843201,0.03127641589180051
hannover,https://www.hannover.de/Kultur-Freizeit/Geschichte-Geschichten/Erinnerungskultur/ZeitZentrum-Zivilcourage/Über-uns/Von-der-Idee-zur-Eröffnung-des-ZeitZentrum-Zivilcourage,0.7696811971372804,1537,1183,0.2,60,36,0.5825808048248291,0.47625243981782694,0.40490278951817416,0.06766428106701367,0.032121724429416736,0.32270657124268054,0.2688081149619611,0.0468445022771633,0.0676246830092984,0.04424202992843201,0.03127641589180051
hannover,https://www.hannover.de/Kultur-Freizeit/Geschichte-Geschichten/Erinnerungskultur/ZeitZentrum-Zivilcourage/Ihr-Besuch,1.7545454545454546,990,1737,0.23076923076923078,39,44,0.5000181198120117,0.4505050505050505,0.4058721934369603,0.06363636363636363,0.0333909038572251,0.28686868686868683,0.2504317789291883,0.05858585858585859,0.06217616580310881,0.03838383838383838,0.018998272884283247
hannover,https://www.hannover.de/Kultur-Freizeit/Geschichte-Geschichten/Erinnerungskultur/ZeitZentrum-Zivilcourage/Bildungsangebote,1.2547770700636942,628,788,0.07142857142857142,14,25,0.5386661887168884,0.4570063694267516,0.3870558375634518,0.04777070063694268,0.021573604060913704,0.2627388535031847,0.23604060913705582,0.06687898089171974,0.07487309644670051,0.04936305732484077,0.021573604060913704
hannover,https://www.hannover.de/Leben-in-der-Region-Hannover/Soziales/Sozialleistungen-weitere-Hilfen/Bildungs-und-Teilhabepaket/Leitfaden-für-Mitarbeitende-in-Kindertageseinrichtungen-Kindertagesbetreuung,1.6379310344827587,696,1140,0.37037037037037035,27,31,0.6855217814445496,0.4382183908045977,0.41754385964912283,0.041666666666666664,0.027192982456140352,0.3146551724137931,0.2780701754385965,0.05459770114942529,0.06842105263157895,0.03735632183908046,0.02456140350877193
hannover,https://www.hannover.de/Leben-in-der-Region-Hannover/Soziales/Sozialleistungen-weitere-Hilfen/Bildungs-und-Teilhabepaket/Leitfaden-für-Mitarbeitende-in-Kindertageseinrichtungen-Kindertagesbetreuung/Kosten-für-mehrtägige-Fahrten-der-Kita,2.3771353482260182,761,1809,0.42857142857142855,14,34,0.3869498074054718,0.39421813403416556,0.3946932006633499,0.022339027595269383,0.013266998341625208,0.25624178712220763,0.26036484245439473,0.06964520367936924,0.07296849087893864,0.03679369250985545,0.027086788280818133
hannover,https://www.hannover.de/Leben-in-der-Region-Hannover/Soziales/Sozialleistungen-weitere-Hilfen/Bildungs-und-Teilhabepaket/Leitfaden-für-Mitarbeitende-in-Kindertageseinrichtungen-Kindertagesbetreuung/Kosten-für-Mittagsverpflegung,2.289073305670816,723,1655,0.6923076923076923,13,31,0.7400844693183899,0.40802213001383125,0.39637462235649545,0.030428769017980636,0.012084592145015106,0.22821576763485477,0.24833836858006042,0.08437067773167359,0.0797583081570997,0.04011065006915629,0.025981873111782478
hannover,https://www.hannover.de/Leben-in-der-Region-Hannover/Soziales/Sozialleistungen-weitere-Hilfen/Bildungs-und-Teilhabepaket/Leitfaden-für-Mitarbeitende-in-Kindertageseinrichtungen-Kindertagesbetreuung/Kosten-für-Teilhabeaktivitäten,2.0536992840095465,838,1721,0.4375,16,44,0.4885697364807129,0.4152744630071599,0.39105171411969786,0.034606205250596656,0.0168506682161534,0.26610978520286394,0.2568274259151656,0.06801909307875895,0.06798373038930854,0.029832935560859187,0.026147588611272515
hannover,https://www.hannover.de/Leben-in-der-Region-Hannover/Soziales/Sozialleistungen-weitere-Hilfen/Bildungs-und-Teilhabepaket/Leitfaden-für-Mitarbeitende-in-Kindertageseinrichtungen-Kindertagesbetreuung/Häufig-gestellte-Fragen,3.31864406779661,295,979,0.15384615384615385,13,29,0.6698706150054932,0.4,0.39632277834525026,0.030508474576271188,0.012257405515832482,0.26101694915254237,0.2757916241062308,0.0847457627118644,0.07048008171603677,0.020338983050847456,0.02553626149131767
hannover,https://www.hannover.de/Leben-in-der-Region-Hannover/Soziales/Sozialleistungen-weitere-Hilfen/Bildungs-und-Teilhabepaket/Leitfaden-für-Mitarbeitende-in-Kindertageseinrichtungen-Kindertagesbetreuung/Kosten-für-Tagesausflüge-der-Kita,2.5455820476858344,713,1815,0.4666666666666667,15,40,0.450168251991272,0.3899018232819074,0.3928374655647383,0.015427769985974754,0.012121212121212121,0.2510518934081346,0.25234159779614324,0.07433380084151472,0.07272727272727272,0.02664796633941094,0.024793388429752067
hannover,https://www.hannover.de/Kultur-Freizeit/Geschichte-Geschichten/Erinnerungskultur/Gedenkstätte-Ahlem/Die-Gedenkstätte-heute,1.6607669616519174,339,563,0.4,10,19,0.46065226197242737,0.45722713864306785,0.4227353463587922,0.05014749262536873,0.0497335701598579,0.2949852507374631,0.26465364120781526,0.07964601769911504,0.0674955595026643,0.035398230088495575,0.015985790408525755
hannover,https://www.hannover.de/Kultur-Freizeit/Geschichte-Geschichten/Erinnerungskultur/Gedenkstätte-Ahlem/Die-Geschichte-des-Ortes,1.55470737913486,393,611,0.4166666666666667,24,25,0.8438020944595337,0.455470737913486,0.4337152209492635,0.07124681933842239,0.04091653027823241,0.2875318066157761,0.28805237315875615,0.058524173027989825,0.058919803600654665,0.022900763358778626,0.014729950900163666
hannover,https://www.hannover.de/Kultur-Freizeit/Geschichte-Geschichten/Erinnerungskultur/Gedenkstätte-Ahlem/Führungen-und-pädagogisches-Angebot,1.4879725085910653,582,866,0.23076923076923078,13,21,0.572102427482605,0.48109965635738833,0.4018475750577367,0.07731958762886598,0.03579676674364896,0.30412371134020616,0.25635103926096997,0.054982817869415807,0.06928406466512702,0.0429553264604811,0.017321016166281754
hannover,https://www.hannover.de/Leben-in-der-Region-Hannover/Umwelt-Nachhaltigkeit/Verhalten-bei-extremem-Wetter/Hitze-in-der-Region-Hannover,0.8042959427207638,419,337,0.2222222222222222,9,3,0.5702337026596069,0.46539379474940334,0.42433234421364985,0.059665871121718374,0.05341246290801187,0.2649164677804296,0.228486646884273,0.059665871121718374,0.06231454005934718,0.06443914081145585,0.03560830860534125
hannover,https://www.hannover.de/Leben-in-der-Region-Hannover/Umwelt-Nachhaltigkeit/Verhalten-bei-extremem-Wetter/Hitze-in-der-Region-Hannover,0.8042959427207638,419,337,0.2222222222222222,9,3,0.5702337026596069,0.46539379474940334,0.42433234421364985,0.059665871121718374,0.05341246290801187,0.2649164677804296,0.228486646884273,0.059665871121718374,0.06231454005934718,0.06443914081145585,0.03560830860534125
hannover,https://www.hannover.de/Leben-in-der-Region-Hannover/Umwelt-Nachhaltigkeit/Klimawandel-und-anpassung,2.507853403141361,191,479,0.5,4,12,0.6731297969818115,0.4083769633507853,0.4196242171189979,0.03664921465968586,0.031315240083507306,0.18848167539267013,0.21085594989561587,0.08900523560209424,0.07515657620041753,0.05759162303664922,0.027139874739039668
hannover,https://www.hannover.de/Service/Presse-Medien/Hannover.de/Aktuelles/Gut-zu-wissen/Glossar-Feste-und-Feiertage/Warum-und-wie-Hannover-Silvester-und-Neujahr-feiert,0.24773139745916514,1102,273,0.03571428571428571,56,12,0.6851232647895813,0.48185117967332125,0.4835164835164835,0.07168784029038112,0.06227106227106227,0.2631578947368421,0.26373626373626374,0.06987295825771325,0.09157509157509157,0.047186932849364795,0.03296703296703297
hannover,https://www.hannover.de/Leben-in-der-Region-Hannover/Mobilität/Bus-Bahn/GVH-–-Großraum-Verkehr-Hannover,1.3705583756345177,394,540,0.3548387096774194,31,33,0.6904014348983765,0.4847715736040609,0.4648148148148148,0.030456852791878174,0.020370370370370372,0.3426395939086294,0.30925925925925923,0.06091370558375635,0.08518518518518518,0.050761421319796954,0.04259259259259259
hannover,"https://www.hannover.de/Leben-in-der-Region-Hannover/Verwaltungen-Kommunen/Die-Verwaltung-der-Region-Hannover/Stellt-sich-vor/Dezernate-und-Fachbereiche-der-Region-Hannover/Dezernat-Bildung,-Kultur-und-Baumanagement/Fachbereich-Bildung-und-Kultur/Team-Kultur/Bildende-Kunst/Atelierspaziergang",0.8017057569296375,469,376,0.14285714285714285,14,8,0.6893591284751892,0.4626865671641791,0.3829787234042553,0.07249466950959488,0.04521276595744681,0.30703624733475476,0.21808510638297873,0.04051172707889126,0.07712765957446809,0.05543710021321961,0.02925531914893617
hannover,https://www.hannover.de/Leben-in-der-Region-Hannover/Soziales/Senioren/Information-Beratung/Kostenlose-Beratung,2.25,116,261,0.25,4,10,0.5509029626846313,0.46551724137931033,0.3946360153256705,0.04310344827586207,0.038314176245210725,0.3103448275862069,0.2567049808429119,0.0603448275862069,0.05363984674329502,0.05172413793103448,0.04980842911877394
hannover,https://www.hannover.de/Leben-in-der-Region-Hannover/Verwaltungen-Kommunen/Die-Verwaltung-der-Region-Hannover/Die-Hörregion-Hannover/Gesund-hören/11-Tipps-für-gutes-Hören,1.4406364749082008,817,1177,0.23529411764705882,17,32,0.7700766324996948,0.47368421052631576,0.41206457094307564,0.056303549571603426,0.03058623619371283,0.2288861689106487,0.20475785896346643,0.09057527539779682,0.08326253186066271,0.04895960832313341,0.02888700084961767
hannover,https://www.hannover.de/Leben-in-der-Region-Hannover/Verwaltungen-Kommunen/Die-Verwaltung-der-Region-Hannover/Die-Hörregion-Hannover/Hören-lernen/Gutes-Hören-in-der-Kita,1.4845132743362832,452,671,0.78125,32,43,0.812110185623169,0.4778761061946903,0.45007451564828616,0.035398230088495575,0.028315946348733235,0.39601769911504425,0.3517138599105812,0.024336283185840708,0.043219076005961254,0.0420353982300885,0.029806259314456036
hannover,https://www.hannover.de/Leben-in-der-Region-Hannover/Verwaltungen-Kommunen/Die-Verwaltung-der-Region-Hannover/Die-Hörregion-Hannover/Gesund-hören/Hilfe-für-Menschen-mit-Hörbeeinträchtigung,2.4783505154639176,485,1202,0.2926829268292683,41,50,0.624992847442627,0.465979381443299,0.38186356073211314,0.06804123711340206,0.045757071547420966,0.3711340206185567,0.25873544093178036,0.010309278350515464,0.04326123128119801,0.020618556701030927,0.011647254575707155
hannover,https://www.hannover.de/Leben-in-der-Region-Hannover/Soziales/Menschen-mit-Behinderung/Mobilität/%22Gemeinsam-mobil%22,1.717579250720461,347,596,0.4,15,17,0.6675563454627991,0.4553314121037464,0.4110738255033557,0.043227665706051875,0.015100671140939598,0.2680115273775216,0.26174496644295303,0.05763688760806916,0.0738255033557047,0.043227665706051875,0.04194630872483222
hannover,https://www.hannover.de/Leben-in-der-Region-Hannover/Mobilität/Bus-Bahn/Angebot-Infrastruktur/sprinti-–-On-Demand-Angebot,2.540880503144654,318,808,0.2777777777777778,18,34,0.6734017133712769,0.5,0.39232673267326734,0.07861635220125786,0.023514851485148515,0.2578616352201258,0.24876237623762376,0.07232704402515723,0.06806930693069307,0.03773584905660377,0.034653465346534656
hannover,https://www.hannover.de/Leben-in-der-Region-Hannover/Mobilität/Bus-Bahn/GVH-–-Großraum-Verkehr-Hannover,1.3705583756345177,394,540,0.3548387096774194,31,33,0.6904014348983765,0.4847715736040609,0.4648148148148148,0.030456852791878174,0.020370370370370372,0.3426395939086294,0.30925925925925923,0.06091370558375635,0.08518518518518518,0.050761421319796954,0.04259259259259259
hannover,https://www.hannover.de/Service/Mobil-in-Hannover/Busse-und-Bahnen-in-der-Region-Hannover/Nachtsternverkehr,0.26549865229110514,742,197,0.05128205128205128,39,8,0.7207510471343994,0.4110512129380054,0.467005076142132,0.02830188679245283,0.005076142131979695,0.2789757412398922,0.26903553299492383,0.05256064690026954,0.08629441624365482,0.04043126684636118,0.01015228426395939
hannover,https://www.hannover.de/Service/Mobil-in-Hannover/An-und-Abreise-nach-und-von-Hannover/Fernbusse-von-und-nach-Hannover,1.0333333333333334,330,341,0.12121212121212122,33,22,0.6756359338760376,0.509090909090909,0.4252199413489736,0.08787878787878788,0.020527859237536656,0.3181818181818182,0.21407624633431083,0.048484848484848485,0.10850439882697947,0.05757575757575757,0.017595307917888565
hannover,https://www.hannover.de/Service/Mobil-in-Hannover/Weitere-Mobilitätsdienste/Rund-ums-Taxi/Frauennachttaxi,2.575835475578406,778,2004,0.5263157894736842,38,42,0.7138106822967529,0.42802056555269924,0.3917165668662675,0.02699228791773779,0.022954091816367265,0.3264781491002571,0.21257485029940118,0.02956298200514139,0.08832335329341318,0.03598971722365038,0.022954091816367265
hannover,https://www.hannover.de/Service/Mobil-in-Hannover/Weitere-Mobilitätsdienste/Rund-ums-Taxi/Frauennachttaxi,2.575835475578406,778,2004,0.5263157894736842,38,42,0.7138106822967529,0.42802056555269924,0.3917165668662675,0.02699228791773779,0.022954091816367265,0.3264781491002571,0.21257485029940118,0.02956298200514139,0.08832335329341318,0.03598971722365038,0.022954091816367265
hannover,https://www.hannover.de/Leben-in-der-Region-Hannover/Verwaltungen-Kommunen/Die-Verwaltung-der-Landeshauptstadt-Hannover/Dezernate-und-Fachbereiche-der-LHH/Soziales-und-Integration/Fachbereich-Soziales-der-Landeshauptstadt,1.8144329896907216,97,176,0.75,4,9,0.8594391345977783,0.44329896907216493,0.4318181818181818,0.041237113402061855,0.056818181818181816,0.36082474226804123,0.28409090909090906,0.020618556701030927,0.0625,0.020618556701030927,0.011363636363636364
hannover,https://www.hannover.de/Leben-in-der-Region-Hannover/Soziales/Kinder-Jugendliche/Dein-Weg-ins-Erwachsenenleben/2.-Erwachsen-werden-in-der-Jugendhilfe,0.9610194902548725,667,641,0.05,20,7,0.7084840536117554,0.43778110944527737,0.40873634945397813,0.053973013493253376,0.0343213728549142,0.24287856071964017,0.2121684867394696,0.08095952023988005,0.09516380655226209,0.049475262368815595,0.0358814352574103
hannover,https://www.hannover.de/Leben-in-der-Region-Hannover/Soziales/Menschen-mit-Behinderung/Förderung-Unterstützung/Verfahrenslots*innen-für-junge-Menschen-mit-drohender-Behinderung,0.8959627329192547,644,577,0.05263157894736842,38,12,0.7973790168762207,0.453416149068323,0.42980935875216636,0.05124223602484472,0.04852686308492201,0.3167701863354037,0.2668977469670711,0.043478260869565216,0.06932409012131716,0.06677018633540373,0.03986135181975736
hannover,https://www.hannover.de/Leben-in-der-Region-Hannover/Soziales/Senioren/Information-Beratung/Albtraum-Betrug-Diebstahl-Einbruch-Überfall,1.516,250,379,0.0,5,14,0.7741739153862,0.476,0.39841688654353563,0.08,0.021108179419525065,0.3,0.24010554089709762,0.052,0.0712401055408971,0.055999999999999994,0.03430079155672823
hannover,https://www.hannover.de/Leben-in-der-Region-Hannover/Soziales/Senioren/Information-Beratung/Hilfen-für-hörgeschädigte-Menschen,1.5510204081632653,294,456,0.2,15,22,0.7393534183502197,0.47278911564625853,0.40131578947368424,0.0782312925170068,0.046052631578947366,0.33333333333333337,0.28289473684210525,0.030612244897959183,0.039473684210526314,0.03741496598639456,0.03070175438596491
hannover,https://www.hannover.de/Leben-in-der-Region-Hannover/Soziales/Senioren/Information-Beratung/Hilfen-für-sehbehinderte-und-blinde-Menschen,7.382352941176471,102,753,0.6666666666666666,6,22,0.38584548234939575,0.47058823529411764,0.41832669322709165,0.058823529411764705,0.033200531208499334,0.37254901960784315,0.26693227091633465,0.0196078431372549,0.0703851261620186,0.058823529411764705,0.035856573705179286
hannover,https://www.hannover.de/Leben-in-der-Region-Hannover/Soziales/Senioren/Information-Beratung/Infobroschüre,1.8302752293577982,218,399,0.8235294117647058,17,25,0.747535228729248,0.45871559633027525,0.39348370927318294,0.027522935779816515,0.03007518796992481,0.32568807339449546,0.3057644110275689,0.03669724770642202,0.02506265664160401,0.0779816513761468,0.03759398496240601
hannover,https://www.hannover.de/Leben-in-der-Region-Hannover/Soziales/Senioren/Information-Beratung/Mobilität-Öffentlicher-Personennahverkehr-ÖPNV,0.9980657640232108,517,516,0.1,20,19,0.5905516147613525,0.4506769825918762,0.44573643410852715,0.04642166344294004,0.046511627906976744,0.29593810444874274,0.27906976744186046,0.05029013539651837,0.06201550387596899,0.06382978723404255,0.046511627906976744
hannover,https://www.hannover.de/Leben-in-der-Region-Hannover/Soziales/Senioren/Pflege-Betreuung/Pflegeberatung,7.166666666666667,36,258,1.0,0,0,0.6002606749534607,0.5,0.4186046511627907,0.1111111111111111,0.04263565891472868,0.3055555555555556,0.2713178294573644,0.05555555555555555,0.06589147286821706,0.08333333333333333,0.050387596899224806
hannover,https://www.hannover.de/Leben-in-der-Region-Hannover/Soziales/Senioren/Information-Beratung/Seniorenbeiräte-und-Seniorenräte/Seniorenbeirat-der-Region-Hannover,1.5251989389920424,377,575,0.25,12,13,0.8328820466995239,0.4960212201591512,0.4,0.050397877984084884,0.034782608695652174,0.32625994694960214,0.27304347826086955,0.050397877984084884,0.059130434782608696,0.03713527851458886,0.02782608695652174
hannover,https://www.hannover.de/Leben-in-der-Region-Hannover/Soziales/Senioren/Information-Beratung/Seniorenbeiräte-und-Seniorenräte,2.2897526501766783,283,648,0.5,16,34,0.7377671599388123,0.4876325088339223,0.3888888888888889,0.05653710247349823,0.024691358024691357,0.303886925795053,0.25925925925925924,0.04946996466431095,0.06944444444444445,0.0706713780918728,0.020061728395061727
hannover,https://www.hannover.de/Leben-in-der-Region-Hannover/Soziales/Senioren/Information-Beratung/Seniorentelefon-der-Stadt-Hannover,2.2521008403361344,119,268,0.2,5,12,0.945034384727478,0.47058823529411764,0.4216417910447761,0.07563025210084033,0.041044776119402986,0.35294117647058826,0.33955223880597013,0.01680672268907563,0.029850746268656716,0.05042016806722689,0.048507462686567165
hannover,https://www.hannover.de/Leben-in-der-Region-Hannover/Soziales/Senioren/Information-Beratung/Telefonseelsorge,3.3492063492063493,126,422,0.0,2,18,0.6445913910865784,0.42063492063492064,0.4146919431279621,0.023809523809523808,0.03317535545023697,0.25396825396825395,0.2677725118483412,0.05555555555555555,0.07345971563981042,0.06349206349206349,0.037914691943127965
hannover,https://www.hannover.de/Leben-in-der-Region-Hannover/Soziales/Senioren/Wohnen-im-Alter/Wohnberatung,1.407202216066482,361,508,0.2727272727272727,11,22,0.434725821018219,0.4626038781163435,0.41732283464566927,0.055401662049861494,0.03740157480314961,0.32686980609418287,0.2618110236220472,0.04986149584487535,0.06496062992125984,0.06371191135734072,0.045275590551181105
hannover,"https://www.hannover.de/Leben-in-der-Region-Hannover/Soziales/Familie-Partnerschaft/Beratung-Unterstützung/Beratung-für-Eltern,-Kinder-und-Jugendliche/Familien-und-Erziehungsberatung/Jugend-und-Familienberatung-der-Landeshauptstadt-Hannover",2.8773006134969323,652,1876,0.08333333333333333,12,39,0.5779964923858643,0.4263803680981595,0.3656716417910448,0.046012269938650305,0.029850746268656716,0.29754601226993865,0.22707889125799574,0.03834355828220859,0.05970149253731343,0.06441717791411043,0.042643923240938165
hannover,"https://www.hannover.de/Leben-in-der-Region-Hannover/Soziales/Familie-Partnerschaft/Beratung-Unterstützung/Beratung-für-Eltern,-Kinder-und-Jugendliche/Familien-und-Erziehungsberatung/Beratungsstellen-für-Eltern,-Kinder-und-Jugendliche-der-Region-Hannover",0.75,404,303,0.3333333333333333,3,7,0.8480256795883179,0.41336633663366334,0.3696369636963696,0.03217821782178218,0.013201320132013201,0.24257425742574257,0.22442244224422442,0.06435643564356436,0.08250825082508251,0.06188118811881188,0.0297029702970297
hannover,"https://www.hannover.de/Leben-in-der-Region-Hannover/Soziales/Familie-Partnerschaft/Beratung-Unterstützung/Beratung-für-Eltern,-Kinder-und-Jugendliche/Familien-und-Erziehungsberatung",1.6728395061728396,162,271,0.75,4,6,0.7150338888168335,0.41975308641975306,0.3948339483394834,0.037037037037037035,0.033210332103321034,0.25925925925925924,0.2656826568265683,0.06172839506172839,0.055350553505535055,0.030864197530864196,0.04059040590405904
hannover,"https://www.hannover.de/Leben-in-der-Region-Hannover/Soziales/Familie-Partnerschaft/Beratung-Unterstützung/Beratung-für-Eltern,-Kinder-und-Jugendliche/Familien-und-Erziehungsberatung/Jugend-und-Familienberatung-der-Landeshauptstadt-Hannover/Jugend,-Familien-und-Erziehungsberatung",4.379204892966361,327,1432,0.2727272727272727,11,35,0.7995761632919312,0.40978593272171254,0.3435754189944134,0.03363914373088685,0.020251396648044692,0.28134556574923547,0.22067039106145253,0.03058103975535168,0.05935754189944134,0.04587155963302752,0.029329608938547486
hannover,"https://www.hannover.de/Leben-in-der-Region-Hannover/Soziales/Familie-Partnerschaft/Beratung-Unterstützung/Beratung-für-Eltern,-Kinder-und-Jugendliche/Familien-und-Erziehungsberatung/Jugend-,-Familien-und-Erziehungsberatung/Beratungsstellen-der-Landeshauptstadt-Hannover/Sprechstunden-der-Beratungsstellen-der-Jugend-und-Familienberatung",3.4915254237288136,295,1030,0.0,6,20,0.6308845281600952,0.39322033898305087,0.34563106796116505,0.04067796610169491,0.02815533980582524,0.2847457627118644,0.2116504854368932,0.05084745762711865,0.06116504854368932,0.061016949152542375,0.030097087378640777
hannover,"https://www.hannover.de/Leben-in-der-Region-Hannover/Soziales/Familie-Partnerschaft/Beratung-Unterstützung/Beratung-für-Eltern,-Kinder-und-Jugendliche/Frühe-Beratung/Sprechstunde-für-Eltern-von-Säuglingen-Kleinkindern",2.2735042735042734,234,532,0.14285714285714285,7,11,0.7772433161735535,0.39316239316239315,0.36278195488721804,0.029914529914529916,0.013157894736842105,0.24786324786324787,0.21052631578947367,0.07264957264957266,0.07330827067669173,0.06410256410256411,0.043233082706766915
hannover,"https://www.hannover.de/Leben-in-der-Region-Hannover/Soziales/Familie-Partnerschaft/Beratung-Unterstützung/Beratung-für-Eltern,-Kinder-und-Jugendliche/Aktuelles-aus-den-Beratungsstellen/Kinder-im-Blick",0.8554216867469879,498,426,0.0,10,9,0.5808743238449097,0.41566265060240964,0.36384976525821594,0.040160642570281124,0.014084507042253521,0.23293172690763053,0.22300469483568075,0.07630522088353414,0.07042253521126761,0.050200803212851405,0.04225352112676056
hannover,"https://www.hannover.de/Leben-in-der-Region-Hannover/Soziales/Familie-Partnerschaft/Beratung-Unterstützung/Beratung-für-Eltern,-Kinder-und-Jugendliche/Familien-und-Erziehungsberatung/Jugend-und-Familienberatung-der-Landeshauptstadt-Hannover/Gruppenangebot-für-Kinder-von-getrennten-lebenden-Eltern",0.7123076923076923,650,463,0.07142857142857142,14,10,0.775216817855835,0.3646153846153846,0.3779697624190065,0.024615384615384615,0.019438444924406047,0.23384615384615384,0.23974082073434128,0.06153846153846154,0.05183585313174946,0.04615384615384615,0.0367170626349892
hannover,"https://www.hannover.de/Leben-in-der-Region-Hannover/Verwaltungen-Kommunen/Die-Verwaltung-der-Region-Hannover/Stellt-sich-vor/Dezernate-und-Fachbereiche-der-Region-Hannover/Dezernat-Soziales,-Teilhabe,-Familie-und-Jugend/Fachbereich-Jugend",0.30513595166163143,331,101,0.0,26,3,0.7253375053405762,0.5287009063444109,0.39603960396039606,0.04833836858006042,0.009900990099009901,0.42900302114803623,0.25742574257425743,0.03625377643504532,0.06930693069306931,0.0755287009063444,0.04950495049504951
hannover,https://www.hannover.de/Wirtschaft-Wissenschaft/Arbeit/Arbeitsmarkt/Jobsuche/Jobcenter-Region-Hannover,1.3805970149253732,134,185,0.3333333333333333,3,6,0.8396584987640381,0.48507462686567165,0.4810810810810811,0.05223880597014925,0.032432432432432434,0.2985074626865672,0.3027027027027027,0.08208955223880597,0.07567567567567568,0.05223880597014925,0.016216216216216217
hannover,https://www.hannover.de/Leben-in-der-Region-Hannover/Bürger-Service/Bürger-Service-in-der-Landeshauptstadt-Hannover/Termine-bei-Behörden-buchen/Terminvereinbarung-in-den-Bürgerämtern,1.5149253731343284,402,609,0.16666666666666666,18,11,0.6342667937278748,0.4552238805970149,0.38752052545155996,0.04975124378109453,0.013136288998357963,0.27860696517412936,0.1921182266009852,0.06218905472636816,0.12151067323481117,0.03980099502487562,0.011494252873563218
hannover,https://www.hannover.de/Leben-in-der-Region-Hannover/Bürger-Service/Bürger-Service-in-der-Landeshauptstadt-Hannover/Bürgerämter-der-Landeshauptstadt/Bürgerämter-in-Hannover,1.8102189781021898,137,248,0.6923076923076923,13,13,0.5365300178527832,0.5401459854014599,0.4274193548387097,0.014598540145985401,0.008064516129032258,0.4744525547445255,0.31451612903225806,0.021897810218978103,0.06854838709677419,0.021897810218978103,0.024193548387096774
hannover,https://www.hannover.de/Leben-in-der-Region-Hannover/Verwaltungen-Kommunen/Die-Verwaltung-der-Landeshauptstadt-Hannover/Dezernate-und-Fachbereiche-der-LHH/Soziales-und-Integration/Fachbereich-Soziales-der-Landeshauptstadt/Wohngeld,5.688888888888889,90,512,0.0,3,12,0.4857262372970581,0.5111111111111111,0.3984375,0.022222222222222223,0.0234375,0.39999999999999997,0.224609375,0.06666666666666667,0.0859375,0.03333333333333333,0.017578125
hannover,https://www.hannover.de/Leben-in-der-Region-Hannover/Soziales/Kinder-Jugendliche/Dein-Weg-ins-Erwachsenenleben/3.-Wohnen,1.7083753784056508,1982,3386,0.23076923076923078,52,84,0.5601644515991211,0.446518668012109,0.40490253987005315,0.04339051463168517,0.028942705256940343,0.2325933400605449,0.20939161252215002,0.09031281533804238,0.09096278795038393,0.04641775983854692,0.02835203780271707
hannover,https://www.hannover.de/Leben-in-der-Region-Hannover/Soziales/Kinder-Jugendliche/Dein-Weg-ins-Erwachsenenleben/4.-Geld,0.956234096692112,1965,1879,0.2,35,40,0.6031882762908936,0.4264631043256997,0.38850452368281,0.036132315521628496,0.020223523150612027,0.2366412213740458,0.21128259712613093,0.08295165394402036,0.09260244811069718,0.04834605597964377,0.03139968068121341
hannover,https://www.hannover.de/Leben-in-der-Region-Hannover/Soziales/Kinder-Jugendliche/Dein-Weg-ins-Erwachsenenleben/5.-Versicherungen,1.7445652173913044,552,963,0.0,3,20,0.7095766067504883,0.44565217391304346,0.3925233644859813,0.03804347826086957,0.01557632398753894,0.20289855072463767,0.20664589823468327,0.10326086956521739,0.09034267912772585,0.041666666666666664,0.03115264797507788
hannover,https://www.hannover.de/Leben-in-der-Region-Hannover/Soziales/Kinder-Jugendliche/Dein-Weg-ins-Erwachsenenleben/6.-Schule,0.8464285714285714,840,711,0.16666666666666666,12,32,0.6218034625053406,0.444047619047619,0.4177215189873418,0.05357142857142857,0.029535864978902954,0.23095238095238096,0.2151898734177215,0.09523809523809523,0.10407876230661041,0.04166666666666667,0.02812939521800281
hannover,https://www.hannover.de/Leben-in-der-Region-Hannover/Soziales/Kinder-Jugendliche/Dein-Weg-ins-Erwachsenenleben/7.-Nach-der-Schule,1.0113582584003786,2113,2137,0.17391304347826086,46,55,0.6425369381904602,0.43539990534784667,0.3940102948058025,0.04212020823473734,0.02105755732335049,0.23994320870799812,0.19092185306504447,0.0889730241362991,0.11511464670098269,0.04353999053478467,0.02573701450631727
hannover,https://www.hannover.de/Leben-in-der-Region-Hannover/Soziales/Kinder-Jugendliche/Dein-Weg-ins-Erwachsenenleben/8.-Gesundheit,1.2312925170068028,294,362,0.0,8,6,0.7164347767829895,0.47959183673469385,0.4198895027624309,0.06462585034013606,0.03867403314917127,0.23809523809523808,0.19060773480662982,0.08503401360544217,0.08839779005524862,0.06462585034013606,0.03038674033149171
hannover,https://www.hannover.de/Leben-in-der-Region-Hannover/Soziales/Kinder-Jugendliche/Dein-Weg-ins-Erwachsenenleben/9.-Freizeitgestaltung,1.1595092024539877,326,378,0.23076923076923078,13,12,0.7499289512634277,0.4570552147239264,0.4021164021164021,0.046012269938650305,0.018518518518518517,0.2730061349693252,0.20105820105820105,0.08588957055214724,0.1111111111111111,0.0705521472392638,0.03968253968253968
hannover,https://www.hannover.de/Leben-in-der-Region-Hannover/Soziales/Kinder-Jugendliche/Dein-Weg-ins-Erwachsenenleben/10.-Beratung-und-Hilfen,2.5092250922509227,813,2040,0.15789473684210525,38,62,0.4656766951084137,0.48093480934809346,0.42254901960784313,0.07011070110701106,0.033823529411764704,0.3111931119311193,0.20294117647058824,0.056580565805658053,0.09950980392156862,0.05289052890528905,0.0303921568627451
hannover,https://www.hannover.de/Leben-in-der-Region-Hannover/Soziales/Kinder-Jugendliche/Dein-Weg-ins-Erwachsenenleben/1.-Volljährigkeit2,1.7020408163265306,735,1251,0.0,9,24,0.7335212230682373,0.42448979591836733,0.41566746602717825,0.03945578231292517,0.027977617905675458,0.20136054421768707,0.20303756994404476,0.09115646258503401,0.10631494804156674,0.04217687074829932,0.026378896882494004
hannover,https://www.hannover.de/Leben-in-der-Region-Hannover/Soziales/Familie-Partnerschaft/Frühe-Hilfen-–-Frühe-Chancen/Chancenreich,0.673469387755102,294,198,0.23529411764705882,17,9,0.46599212288856506,0.5068027210884354,0.4090909090909091,0.047619047619047616,0.020202020202020204,0.38095238095238093,0.25757575757575757,0.04081632653061224,0.07575757575757576,0.061224489795918366,0.020202020202020204
hannover,https://www.hannover.de/Leben-in-der-Region-Hannover/Soziales/Familie-Partnerschaft/Koordinierungsstelle-Alleinerziehende/Angebote-für-Alleinerziehende,0.7105263157894737,114,81,1.0,1,3,0.7575483322143555,0.47368421052631576,0.4074074074074074,0.06140350877192982,0.012345679012345678,0.2631578947368421,0.1728395061728395,0.06140350877192982,0.09876543209876543,0.05263157894736842,0.024691358024691357
hannover,https://www.hannover.de/Leben-in-der-Region-Hannover/Verwaltungen-Kommunen/Die-Verwaltung-der-Region-Hannover/Pressebereich-Region-Hannover/Archiv-Pressemitteilungen/2022/Erster-Fall-von-Affenpocken-in-der-Region-Hannover-nachgewiesen,1.5325301204819277,415,636,0.13333333333333333,15,21,0.6625902652740479,0.4867469879518072,0.3946540880503145,0.05542168674698795,0.026729559748427674,0.29156626506024097,0.20911949685534592,0.0746987951807229,0.09119496855345911,0.03614457831325301,0.02830188679245283
hannover,https://www.hannover.de/Leben-in-der-Region-Hannover/Gesundheit/Gesundheitsschutz/Gesundheitstipps/Der-Erkältung-vorbeugen,0.9042407660738714,1462,1322,0.16666666666666666,6,18,0.7537146210670471,0.45075239398084815,0.4122541603630862,0.04856361149110807,0.03177004538577912,0.2086183310533516,0.1815431164901664,0.10191518467852258,0.09001512859304085,0.05677154582763338,0.030257186081694403
hannover,https://www.hannover.de/Leben-in-der-Region-Hannover/Gesundheit/Gesundheitsschutz/Gesundheitstipps/Hautkrebsfrüherkennung,1.055393586005831,343,362,0.125,16,12,0.6059348583221436,0.5014577259475219,0.4088397790055249,0.09329446064139942,0.013812154696132596,0.2944606413994169,0.21823204419889503,0.052478134110787174,0.09116022099447514,0.04081632653061225,0.027624309392265192
hannover,https://www.hannover.de/Leben-in-der-Region-Hannover/Gesundheit/Gesundheitsschutz/Gesundheitstipps/Herzinfarkt-und-Schlaganfall,0.8443067389620449,1291,1090,0.125,16,30,0.37696516513824463,0.4515879163439194,0.3743119266055046,0.052672347017815646,0.011926605504587157,0.238574748257165,0.20825688073394497,0.08907823392718822,0.081651376146789,0.054221533694810226,0.03486238532110092
hannover,https://www.hannover.de/Leben-in-der-Region-Hannover/Gesundheit/Gesundheitsschutz/Gesundheitstipps/Influenza,1.0418502202643172,908,946,0.18181818181818182,11,26,0.7523976564407349,0.45374449339207046,0.39217758985200846,0.06497797356828194,0.0200845665961945,0.23127753303964757,0.20613107822410148,0.07599118942731277,0.0919661733615222,0.039647577092511016,0.0306553911205074
hannover,https://www.hannover.de/Leben-in-der-Region-Hannover/Gesundheit/Gesundheitsschutz/Gesundheitstipps/Kopfläuse-–-was-tun,0.4799456152277362,1471,706,0.0,19,16,0.4751470983028412,0.46498980285520053,0.3881019830028329,0.054384772263766146,0.0169971671388102,0.26784500339904826,0.19688385269121814,0.05982324949014276,0.0764872521246459,0.05166553365057784,0.0339943342776204
hannover,https://www.hannover.de/Leben-in-der-Region-Hannover/Gesundheit/Gesundheitsschutz/Gesundheitstipps/Noro-Virus,1.0027322404371584,732,734,0.08333333333333333,12,16,0.6701221466064453,0.47404371584699456,0.39509536784741145,0.031420765027322405,0.01907356948228883,0.2527322404371585,0.17574931880108993,0.09016393442622951,0.09128065395095368,0.07240437158469945,0.039509536784741145
hannover,https://www.hannover.de/Leben-in-der-Region-Hannover/Gesundheit/Gesundheitsschutz/Impfen-und-Impfberatung/Masern-und-Masernschutzgesetz,1.120925341745531,951,1066,0.05,20,20,0.7097708582878113,0.42902208201892744,0.3949343339587242,0.058885383806519455,0.020637898686679174,0.25236593059936907,0.2373358348968105,0.07150368033648791,0.08067542213883677,0.04731861198738171,0.02345215759849906
hannover,https://www.hannover.de/Leben-in-der-Region-Hannover/Gesundheit/Gesundheitsschutz/Impfen-und-Impfberatung/Masern-und-Masernschutzgesetz,1.120925341745531,951,1066,0.05,20,20,0.7097708582878113,0.42902208201892744,0.3949343339587242,0.058885383806519455,0.020637898686679174,0.25236593059936907,0.2373358348968105,0.07150368033648791,0.08067542213883677,0.04731861198738171,0.02345215759849906
hannover,https://www.hannover.de/Leben-in-der-Region-Hannover/Kulturförderung/Kulturförderung-der-Region-Hannover,0.6554809843400448,447,293,0.125,8,2,0.6778086423873901,0.5279642058165548,0.4061433447098976,0.10514541387024609,0.027303754266211604,0.33109619686800895,0.24232081911262798,0.053691275167785234,0.10238907849829351,0.04474272930648769,0.04436860068259386
hannover,https://www.hannover.de/Leben-in-der-Region-Hannover/Kulturförderung/Kulturförderung-der-Region-Hannover/2.-Kulturelle-Bildung,2.25177304964539,282,635,0.14285714285714285,7,11,0.6644216775894165,0.45390070921985815,0.3905511811023622,0.0673758865248227,0.029921259842519685,0.30141843971631205,0.23937007874015748,0.0425531914893617,0.08188976377952756,0.04255319148936171,0.028346456692913385
hannover,https://www.hannover.de/Leben-in-der-Region-Hannover/Kulturförderung/Kulturförderung-der-Region-Hannover/7.-Institutionelle-Förderung,2.0934065934065935,182,381,0.05263157894736842,19,5,0.4846564531326294,0.43956043956043955,0.3937007874015748,0.054945054945054944,0.026246719160104987,0.34615384615384615,0.24146981627296588,0.016483516483516484,0.08398950131233596,0.02197802197802198,0.026246719160104987
hannover,https://www.hannover.de/Leben-in-der-Region-Hannover/Kulturförderung/Kulturförderung-der-Region-Hannover/8.-Theaterpädagogik,1.8446601941747574,103,190,0.25,4,5,0.8674774169921875,0.42718446601941745,0.4368421052631579,0.04854368932038835,0.031578947368421054,0.33009708737864074,0.30526315789473685,0.02912621359223301,0.05789473684210526,0.009708737864077669,0.015789473684210527
hannover,https://www.hannover.de/Leben-in-der-Region-Hannover/Kulturförderung/Kulturförderung-der-Region-Hannover/4.-Spielplanförderung,1.7414772727272727,352,613,0.375,8,9,0.4190356135368347,0.39488636363636365,0.38825448613376834,0.03409090909090909,0.037520391517128875,0.2840909090909091,0.24469820554649266,0.05113636363636364,0.06688417618270799,0.025568181818181816,0.022838499184339316
hannover,https://www.hannover.de/Leben-in-der-Region-Hannover/Kulturförderung/Kulturförderung-der-Region-Hannover/3.-Chorförderung,1.589090909090909,275,437,0.0,10,8,0.6286253929138184,0.44363636363636366,0.40274599542334094,0.06181818181818182,0.02745995423340961,0.28363636363636363,0.2608695652173913,0.04727272727272727,0.07322654462242563,0.03272727272727273,0.020594965675057208
hannover,https://www.hannover.de/Leben-in-der-Region-Hannover/Kulturförderung/Kulturförderung-der-Region-Hannover/1.-Projektförderung,1.22,400,488,0.09090909090909091,11,11,0.611077070236206,0.475,0.39139344262295084,0.07,0.030737704918032786,0.33249999999999996,0.23155737704918034,0.04,0.07581967213114754,0.0375,0.022540983606557378
hannover,https://www.hannover.de/Leben-in-der-Region-Hannover/Sicherheit-Ordnung/Informationen-im-Katastrophenfall,12.362745098039216,204,2522,0.2,10,49,0.6885143518447876,0.46568627450980393,0.40087232355273594,0.058823529411764705,0.0380650277557494,0.28431372549019607,0.20618556701030927,0.0784313725490196,0.08604282315622522,0.04901960784313726,0.03132434575733545
hannover,https://www.hannover.de/Service/Presse-Medien/Hannover.de/Aktuelles/Gut-zu-wissen/Evakuierung-Das-gehört-ins-Not­fall­gepäck,1.4313984168865435,758,1085,0.09090909090909091,22,18,0.7395921945571899,0.44591029023746703,0.3870967741935484,0.044854881266490766,0.013824884792626729,0.2638522427440633,0.19354838709677422,0.07651715039577836,0.09400921658986175,0.0633245382585752,0.041474654377880185
hannover,"https://www.hannover.de/Leben-in-der-Region-Hannover/Verwaltungen-Kommunen/Die-Verwaltung-der-Region-Hannover/Stellt-sich-vor/Dezernate-und-Fachbereiche-der-Region-Hannover/Dezernat-Soziales,-Teilhabe,-Familie-und-Jugend/Beauftragte-der-Region-Hannover-für-Menschen-mit-Behinderung/Hilfe-bei-einem-Blackout",2.2922374429223744,219,502,0.3333333333333333,3,19,0.7803173065185547,0.4474885844748858,0.44223107569721115,0.0730593607305936,0.0398406374501992,0.2100456621004566,0.24900398406374502,0.0821917808219178,0.08167330677290836,0.0593607305936073,0.0199203187250996
hannover,https://www.hannover.de/Leben-in-der-Region-Hannover/Soziales/Familie-Partnerschaft/Frühe-Hilfen-–-Frühe-Chancen/Eltern/Fachkräfte-Frühe-Hilfen,0.654639175257732,582,381,0.21428571428571427,14,13,0.8552612662315369,0.44501718213058417,0.4330708661417323,0.037800687285223365,0.05511811023622047,0.281786941580756,0.28083989501312334,0.070446735395189,0.05774278215223097,0.06872852233676977,0.028871391076115485
hannover,https://www.hannover.de/Leben-in-der-Region-Hannover/Soziales/Familie-Partnerschaft/Frühe-Hilfen-–-Frühe-Chancen/Eltern/Schwangerschaft-und-Geburt/Schwangerschaftswegweiser,0.8090614886731392,618,500,0.043478260869565216,23,29,0.4176386594772339,0.48220064724919093,0.396,0.07119741100323625,0.034,0.27831715210355984,0.26,0.059870550161812294,0.054,0.05663430420711974,0.03
hannover,https://www.hannover.de/Service/Presse-Medien/Hannover.de/Aktuelles/Gut-zu-wissen/Glossar-Feste-und-Feiertage/Warum-und-wie-Hannover-Ostern-feiert,0.8139312977099237,1048,853,0.20689655172413793,58,42,0.6720167398452759,0.48377862595419846,0.41852286049237986,0.06297709923664122,0.031652989449003514,0.26717557251908397,0.2661195779601407,0.07919847328244274,0.07151230949589683,0.033396946564885496,0.03048065650644783
hannover,https://www.hannover.de/Service/Presse-Medien/Hannover.de/Aktuelles/Gut-zu-wissen/Glossar-Feste-und-Feiertage/Warum-und-wie-Hannover-den-1.-Mai-feiert,0.3843984962406015,1064,409,0.08928571428571429,56,15,0.8530926704406738,0.4924812030075188,0.4572127139364303,0.07424812030075188,0.061124694376528114,0.2481203007518797,0.2567237163814181,0.07424812030075188,0.09046454767726161,0.040413533834586464,0.022004889975550123
hannover,https://www.hannover.de/Service/Presse-Medien/Hannover.de/Aktuelles/Gut-zu-wissen/Glossar-Feste-und-Feiertage/Warum-und-wie-Hannover-Christi-Himmelfahrt-feiert,0.567032967032967,455,258,0.10344827586206896,29,16,0.7865222692489624,0.5010989010989011,0.47674418604651164,0.06813186813186813,0.03488372093023256,0.2703296703296703,0.29069767441860467,0.06373626373626373,0.10465116279069768,0.03736263736263736,0.01937984496124031
hannover,https://www.hannover.de/Service/Presse-Medien/Hannover.de/Aktuelles/Gut-zu-wissen/Glossar-Feste-und-Feiertage/Warum-und-wie-Hannover-Pfingsten-feiert,0.5027027027027027,555,279,0.12195121951219512,41,18,0.6887190937995911,0.4648648648648649,0.43727598566308246,0.06126126126126126,0.043010752688172046,0.2774774774774775,0.26881720430107525,0.07027027027027027,0.08243727598566308,0.04504504504504505,0.017921146953405017
hannover,https://www.hannover.de/Service/Presse-Medien/Hannover.de/Aktuelles/Gut-zu-wissen/Glossar-Feste-und-Feiertage/Warum-und-wie-Hannover-den-Reformationstag-feiert,0.5258397932816538,774,407,0.22916666666666666,48,21,0.9280208349227905,0.45348837209302323,0.45454545454545453,0.07235142118863049,0.05896805896805897,0.25193798449612403,0.2800982800982801,0.05297157622739018,0.06633906633906633,0.03617571059431524,0.029484029484029485
hannover,https://www.hannover.de/Service/Presse-Medien/Hannover.de/Aktuelles/Gut-zu-wissen/Glossar-Feste-und-Feiertage/Warum-und-wie-Hannover-den-Martinstag-feiert,0.24670433145009416,1062,262,0.0851063829787234,47,11,0.8989744186401367,0.4632768361581921,0.4618320610687023,0.06591337099811675,0.061068702290076333,0.27306967984934083,0.2480916030534351,0.06779661016949153,0.07633587786259542,0.038606403013182675,0.04198473282442748
hannover,https://www.hannover.de/Service/Presse-Medien/Hannover.de/Aktuelles/Gut-zu-wissen/Glossar-Feste-und-Feiertage/Warum-und-wie-Hannover-Weihnachten-feiert,0.4080425783560024,1691,690,0.07792207792207792,77,24,0.8690317869186401,0.47486694263749263,0.45942028985507244,0.07273802483737433,0.05507246376811594,0.2655233589591957,0.2884057971014493,0.05913660555884092,0.07391304347826087,0.038438793613246605,0.0391304347826087
hannover,https://www.hannover.de/Service/Presse-Medien/Hannover.de/Aktuelles/Gut-zu-wissen/Glossar-Feste-und-Feiertage/Warum-und-wie-Hannover-Silvester-und-Neujahr-feiert,0.24773139745916514,1102,273,0.03571428571428571,56,12,0.6851232647895813,0.48185117967332125,0.4835164835164835,0.07168784029038112,0.06227106227106227,0.2631578947368421,0.26373626373626374,0.06987295825771325,0.09157509157509157,0.047186932849364795,0.03296703296703297
hannover,https://www.hannover.de/Kultur-Freizeit/Naherholung/Raus-in-die-Natur/Radfahren/Der-Deisterkreisel,1.245939675174014,431,537,0.52,25,26,0.8284430503845215,0.46635730858468677,0.3985102420856611,0.04408352668213457,0.03165735567970205,0.3225058004640371,0.2756052141527002,0.04408352668213457,0.048417132216014895,0.06728538283062645,0.0297951582867784
hannover,https://www.hannover.de/Kultur-Freizeit/Naherholung/Raus-in-die-Natur/Radfahren/Grüner-Ring/Der-Grüne-Ring,2.0913461538461537,208,435,0.625,8,22,0.9465147256851196,0.49038461538461536,0.4482758620689655,0.09134615384615384,0.08735632183908046,0.2692307692307692,0.24597701149425288,0.09134615384615384,0.04827586206896552,0.0625,0.029885057471264367
hannover,https://www.hannover.de/Kultur-Freizeit/Naherholung/Raus-in-die-Natur/Radfahren/Die-Hofladenrouten,1.7003891050583657,257,437,0.8888888888888888,9,19,0.6713883876800537,0.4669260700389105,0.43478260869565216,0.0622568093385214,0.06178489702517163,0.3424124513618677,0.28604118993135014,0.019455252918287938,0.038901601830663615,0.0311284046692607,0.013729977116704805
hannover,https://www.hannover.de/Kultur-Freizeit/Naherholung/Raus-in-die-Natur/Moore-in-der-Region-Hannover/Nordhannoversche-Moorroute/Die-Nordhannoversche-Moorroute,1.9956140350877194,228,455,0.2857142857142857,14,26,0.7037550210952759,0.5350877192982456,0.4175824175824176,0.08771929824561403,0.041758241758241756,0.2894736842105263,0.26373626373626374,0.07894736842105263,0.06153846153846154,0.043859649122807015,0.03076923076923077
hannover,https://www.hannover.de/Kultur-Freizeit/Naherholung/Raus-in-die-Natur/Radfahren/Kulturroute,1.1818181818181819,319,377,0.4772727272727273,44,38,0.8131848573684692,0.4827586206896552,0.4217506631299735,0.034482758620689655,0.029177718832891247,0.4012539184952978,0.3076923076923077,0.03134796238244514,0.03713527851458886,0.04075235109717868,0.029177718832891247
hannover,https://www.hannover.de/Kultur-Freizeit/Naherholung/Raus-in-die-Natur/Radfahren/Radeln-am-Mittellandkanal,1.4385593220338984,472,679,0.4838709677419355,31,44,0.7641199231147766,0.4894067796610169,0.41531664212076586,0.0423728813559322,0.025036818851251842,0.3305084745762712,0.2857142857142857,0.05084745762711865,0.050073637702503684,0.0614406779661017,0.033873343151693665
hannover,https://www.hannover.de/Kultur-Freizeit/Naherholung/Gärten-und-Parks/Tier-und-Freizeitparks/Sea-Life-Hannover,1.2392344497607655,209,259,0.25,12,10,0.7289177179336548,0.430622009569378,0.4015444015444015,0.07177033492822966,0.05019305019305019,0.26315789473684215,0.277992277992278,0.06698564593301436,0.05019305019305019,0.028708133971291863,0.019305019305019305
hannover,https://www.hannover.de/Kultur-Freizeit/Naherholung/Gärten-und-Parks/Historische-Parkanlagen/Tiergarten,0.3986820428336079,607,242,0.10714285714285714,28,11,0.530341625213623,0.4464579901153213,0.4132231404958678,0.060955518945634266,0.028925619834710745,0.2734761120263592,0.2727272727272727,0.05930807248764415,0.05371900826446281,0.032948929159802305,0.02066115702479339
hannover,https://www.hannover.de/Kultur-Freizeit/Naherholung/Raus-in-die-Natur/Wälder/Die-Eilenriede,0.44883040935672514,684,307,0.029411764705882353,34,7,0.4765949249267578,0.4517543859649123,0.40390879478827363,0.05555555555555555,0.03257328990228013,0.32748538011695905,0.2703583061889251,0.038011695906432746,0.06188925081433225,0.027777777777777776,0.02280130293159609
hannover,https://www.hannover.de/Leben-in-der-Region-Hannover/Soziales/Kinder-Jugendliche/Grundschulzeit/Einschulungskompass/Spielen,1.8866396761133604,494,932,0.0,3,17,0.8803883790969849,0.4331983805668016,0.4227467811158798,0.024291497975708502,0.022532188841201718,0.20647773279352225,0.22317596566523604,0.12550607287449392,0.09012875536480687,0.032388663967611336,0.02467811158798283
hannover,https://www.hannover.de/Leben-in-der-Region-Hannover/Soziales/Kinder-Jugendliche/Grundschulzeit/Einschulungskompass/Sprache,1.051334702258727,487,512,0.2,5,12,0.8829315900802612,0.37166324435318276,0.390625,0.018480492813141684,0.009765625,0.16632443531827515,0.21875,0.11909650924024641,0.099609375,0.04928131416837782,0.021484375
hannover,https://www.hannover.de/Leben-in-der-Region-Hannover/Soziales/Kinder-Jugendliche/Grundschulzeit/Einschulungskompass/Das-machen-Kinder-mit-4-5-6-Jahren,1.1228070175438596,114,128,0.5,2,1,0.7809435129165649,0.42105263157894735,0.375,0.02631578947368421,0.015625,0.17543859649122806,0.1640625,0.11403508771929824,0.078125,0.05263157894736842,0.0078125
hannover,https://www.hannover.de/Leben-in-der-Region-Hannover/Soziales/Kinder-Jugendliche/Grundschulzeit/Einschulungskompass/Informationen-für-die-Zeit-vor-der-Einschulung,0.5379310344827586,145,78,0.0,1,2,0.7058656215667725,0.41379310344827586,0.34615384615384615,0.041379310344827586,0.0,0.1793103448275862,0.16666666666666666,0.09655172413793103,0.10256410256410256,0.027586206896551724,0.02564102564102564
hannover,https://www.hannover.de/Leben-in-der-Region-Hannover/Soziales/Kinder-Jugendliche/Grundschulzeit/Einschulungskompass/Ideen-und-Informationen-für-zuhause,1.1610169491525424,118,137,0.0,1,3,0.685005784034729,0.3898305084745763,0.41605839416058393,0.01694915254237288,0.029197080291970802,0.15254237288135594,0.1897810218978102,0.13559322033898305,0.0948905109489051,0.05084745762711865,0.029197080291970802
hannover,https://www.hannover.de/Leben-in-der-Region-Hannover/Soziales/Kinder-Jugendliche/Grundschulzeit/Einschulungskompass/Kinder-mit-Förderbedarf,0.8347107438016529,121,101,0.0,1,1,0.8192490339279175,0.4049586776859504,0.38613861386138615,0.04132231404958678,0.0297029702970297,0.21487603305785125,0.1782178217821782,0.10743801652892562,0.1188118811881188,0.049586776859504134,0.0
hannover,https://www.hannover.de/Leben-in-der-Region-Hannover/Bildung/Schulen/Schülerbeförderung-in-der-Region-Hannover,1.375,184,253,0.0,5,6,0.7349785566329956,0.45652173913043476,0.45849802371541504,0.05434782608695652,0.039525691699604744,0.30434782608695654,0.2648221343873518,0.05434782608695652,0.07509881422924901,0.03804347826086957,0.019762845849802372
hannover,https://www.hannover.de/Leben-in-der-Region-Hannover/Bildung/Schulen/Schülerbeförderung-in-der-Region-Hannover,1.375,184,253,0.0,5,6,0.7349785566329956,0.45652173913043476,0.45849802371541504,0.05434782608695652,0.039525691699604744,0.30434782608695654,0.2648221343873518,0.05434782608695652,0.07509881422924901,0.03804347826086957,0.019762845849802372
hannover,https://www.hannover.de/Leben-in-der-Region-Hannover/Soziales/Sozialleistungen-weitere-Hilfen/Bildungs-und-Teilhabepaket/Leitfaden-für-Mitarbeitende-in-Kindertageseinrichtungen-Kindertagesbetreuung,1.6379310344827587,696,1140,0.37037037037037035,27,31,0.6855217814445496,0.4382183908045977,0.41754385964912283,0.041666666666666664,0.027192982456140352,0.3146551724137931,0.2780701754385965,0.05459770114942529,0.06842105263157895,0.03735632183908046,0.02456140350877193
hannover,https://www.hannover.de/Leben-in-der-Region-Hannover/Soziales/Sozialleistungen-weitere-Hilfen/Grundsicherung/Grundsicherung-im-Alter-und-bei-Erwerbsminderung,1.9176161262050833,1141,2188,0.19047619047619047,21,22,0.5187059640884399,0.4180543382997371,0.3711151736745887,0.03856266432953549,0.021480804387568556,0.26205083260297984,0.19881170018281535,0.07186678352322524,0.09552102376599635,0.04382120946538125,0.038391224862888484
hannover,https://www.hannover.de/Leben-in-der-Region-Hannover/Soziales/Sozialleistungen-weitere-Hilfen/Sozialhilfe,0.9512605042016806,595,566,0.375,8,9,0.7859143018722534,0.4638655462184874,0.4416961130742049,0.05714285714285714,0.03356890459363958,0.3058823529411765,0.2897526501766784,0.05546218487394958,0.07420494699646643,0.04369747899159664,0.026501766784452298
hannover,https://www.hannover.de/Leben-in-der-Region-Hannover/Soziales/Sozialleistungen-weitere-Hilfen/Bildungs-und-Teilhabepaket,0.4012903225806452,775,311,0.04,25,11,0.6474741101264954,0.43483870967741933,0.4115755627009646,0.04258064516129032,0.03215434083601286,0.2993548387096774,0.24758842443729903,0.06064516129032258,0.0932475884244373,0.06064516129032258,0.03536977491961415
hannover,https://www.hannover.de/Leben-in-der-Region-Hannover/Verwaltungen-Kommunen/Die-Verwaltung-der-Landeshauptstadt-Hannover/Dezernate-und-Fachbereiche-der-LHH/Soziales-und-Integration/Fachbereich-Soziales-der-Landeshauptstadt/Wohngeld,5.688888888888889,90,512,0.0,3,12,0.4857262372970581,0.5111111111111111,0.3984375,0.022222222222222223,0.0234375,0.39999999999999997,0.224609375,0.06666666666666667,0.0859375,0.03333333333333333,0.017578125
hannover,https://www.hannover.de/Leben-in-der-Region-Hannover/Soziales/Senioren/Information-Beratung/Hilfen-für-hörgeschädigte-Menschen,1.5510204081632653,294,456,0.2,15,22,0.7393534183502197,0.47278911564625853,0.40131578947368424,0.0782312925170068,0.046052631578947366,0.33333333333333337,0.28289473684210525,0.030612244897959183,0.039473684210526314,0.03741496598639456,0.03070175438596491
hannover,https://www.hannover.de/Leben-in-der-Region-Hannover/Umwelt-Nachhaltigkeit/Verhalten-bei-extremem-Wetter/Sturm-und-Gewitter,1.2911877394636015,783,1011,0.2,35,39,0.7172236442565918,0.48531289910600256,0.41839762611275966,0.05363984674329502,0.032640949554896145,0.2848020434227331,0.2363996043521266,0.08684546615581099,0.08704253214638971,0.06513409961685823,0.03461918892185954
hannover,https://www.hannover.de/Leben-in-der-Region-Hannover/Umwelt-Nachhaltigkeit/Verhalten-bei-extremem-Wetter/Hitze-in-der-Region-Hannover,0.8042959427207638,419,337,0.2222222222222222,9,3,0.5702337026596069,0.46539379474940334,0.42433234421364985,0.059665871121718374,0.05341246290801187,0.2649164677804296,0.228486646884273,0.059665871121718374,0.06231454005934718,0.06443914081145585,0.03560830860534125
hannover,https://www.hannover.de/Leben-in-der-Region-Hannover/Umwelt-Nachhaltigkeit/Verhalten-bei-extremem-Wetter/Kälte-in-der-Region-Hannover,0.8322683706070287,1252,1042,0.17647058823529413,34,30,0.7718592882156372,0.481629392971246,0.44817658349328215,0.04313099041533546,0.0345489443378119,0.2563897763578275,0.23320537428023033,0.10223642172523961,0.09788867562380038,0.06070287539936102,0.03742802303262956
hannover,https://www.hannover.de/Leben-in-der-Region-Hannover/Umwelt-Nachhaltigkeit/Verhalten-bei-extremem-Wetter/Wann-fällt-die-Schule-aus,1.7219917012448134,241,415,0.25,12,26,0.6009044647216797,0.45228215767634855,0.44096385542168676,0.04564315352697095,0.021686746987951807,0.2738589211618257,0.27228915662650605,0.07883817427385892,0.06506024096385542,0.08713692946058091,0.03132530120481928
hannover,https://www.hannover.de/Leben-in-der-Region-Hannover/Umwelt-Nachhaltigkeit/Verhalten-bei-extremem-Wetter/Hochwasser-in-der-Region-Hannover,0.9881936245572609,847,837,0.13043478260869565,23,34,0.6492926478385925,0.44155844155844154,0.4324970131421744,0.04132231404958678,0.02986857825567503,0.26564344746162927,0.23655913978494622,0.09445100354191263,0.0955794504181601,0.07083825265643448,0.03106332138590203
hannover,https://www.hannover.de/Leben-in-der-Region-Hannover/Umwelt-Nachhaltigkeit/Verhalten-bei-extremem-Wetter/Hitze-in-der-Region-Hannover/Tipps-für-die-heißen-Tage,0.30051150895140666,3910,1175,0.014705882352941176,68,22,0.5644938945770264,0.48491048593350383,0.43319148936170215,0.07289002557544758,0.04936170212765958,0.259846547314578,0.18212765957446808,0.07544757033248081,0.08085106382978724,0.053708439897698204,0.023829787234042554
hannover,https://www.hannover.de/Leben-in-der-Region-Hannover/Umwelt-Nachhaltigkeit/Verhalten-bei-extremem-Wetter/Hitze-in-der-Region-Hannover/Hitzebelastung-für-Kinder,2.174721189591078,269,585,0.0,3,12,0.8289976119995117,0.48698884758364314,0.4256410256410256,0.07434944237918216,0.044444444444444446,0.28624535315985133,0.23589743589743592,0.055762081784386616,0.06837606837606838,0.02230483271375465,0.020512820512820513
hannover,https://www.hannover.de/Leben-in-der-Region-Hannover/Umwelt-Nachhaltigkeit/Verhalten-bei-extremem-Wetter/Hitze-in-der-Region-Hannover/Hitzebelastungen-in-der-Schwangerschaft,1.4651639344262295,488,715,0.16666666666666666,6,10,0.6801506280899048,0.4918032786885246,0.43496503496503497,0.09631147540983606,0.05034965034965035,0.25614754098360654,0.19860139860139858,0.07581967213114754,0.06573426573426573,0.05122950819672131,0.02937062937062937
hannover,https://www.hannover.de/Leben-in-der-Region-Hannover/Umwelt-Nachhaltigkeit/Klimawandel-und-anpassung,2.507853403141361,191,479,0.5,4,12,0.6731297969818115,0.4083769633507853,0.4196242171189979,0.03664921465968586,0.031315240083507306,0.18848167539267013,0.21085594989561587,0.08900523560209424,0.07515657620041753,0.05759162303664922,0.027139874739039668
hannover,https://www.hannover.de/Leben-in-der-Region-Hannover/Umwelt-Nachhaltigkeit/Verhalten-bei-extremem-Wetter/Glätte-und-Schnee-in-der-Region-Hannover,0.8161365399534523,1289,1052,0.11538461538461539,52,35,0.6233823895454407,0.47633824670287045,0.44011406844106465,0.04034134988363072,0.02376425855513308,0.26454615981380913,0.20152091254752852,0.08921644685802949,0.10266159695817491,0.05508145849495734,0.03612167300380228
hannover,"https://www.hannover.de/Leben-in-der-Region-Hannover/Soziales/Familie-Partnerschaft/Beratung-Unterstützung/Beratung-für-Eltern,-Kinder-und-Jugendliche/Familien-und-Erziehungsberatung/Beratungsstellen-für-Eltern,-Kinder-und-Jugendliche-der-Region-Hannover/Beratungsstelle-für-Eltern,-Kinder-und-Jugendliche-Burgdorf",0.6759259259259259,216,146,0.6666666666666666,9,11,0.8623440861701965,0.44907407407407407,0.3424657534246575,0.018518518518518517,0.0136986301369863,0.3194444444444445,0.26712328767123283,0.032407407407407406,0.0410958904109589,0.07870370370370369,0.03424657534246575
hannover,"https://www.hannover.de/Leben-in-der-Region-Hannover/Soziales/Familie-Partnerschaft/Beratung-Unterstützung/Beratung-für-Eltern,-Kinder-und-Jugendliche/Familien-und-Erziehungsberatung",1.6728395061728396,162,271,0.75,4,6,0.7150338888168335,0.41975308641975306,0.3948339483394834,0.037037037037037035,0.033210332103321034,0.25925925925925924,0.2656826568265683,0.06172839506172839,0.055350553505535055,0.030864197530864196,0.04059040590405904
hannover,"https://www.hannover.de/Leben-in-der-Region-Hannover/Soziales/Familie-Partnerschaft/Beratung-Unterstützung/Beratung-für-Eltern,-Kinder-und-Jugendliche/Familien-und-Erziehungsberatung/Beratungsstellen-für-Eltern,-Kinder-und-Jugendliche-der-Region-Hannover",0.75,404,303,0.3333333333333333,3,7,0.8480256795883179,0.41336633663366334,0.3696369636963696,0.03217821782178218,0.013201320132013201,0.24257425742574257,0.22442244224422442,0.06435643564356436,0.08250825082508251,0.06188118811881188,0.0297029702970297
hannover,https://www.hannover.de/Kultur-Freizeit/Geschichte-Geschichten/Erinnerungskultur/Gedenkstätte-Ahlem/Die-Geschichte-des-Ortes,1.55470737913486,393,611,0.4166666666666667,24,25,0.8438020944595337,0.455470737913486,0.4337152209492635,0.07124681933842239,0.04091653027823241,0.2875318066157761,0.28805237315875615,0.058524173027989825,0.058919803600654665,0.022900763358778626,0.014729950900163666
hannover,https://www.hannover.de/Kultur-Freizeit/Geschichte-Geschichten/Erinnerungskultur/Gedenkstätte-Ahlem/Die-Geschichte-des-Ortes,1.55470737913486,393,611,0.4166666666666667,24,25,0.8438020944595337,0.455470737913486,0.4337152209492635,0.07124681933842239,0.04091653027823241,0.2875318066157761,0.28805237315875615,0.058524173027989825,0.058919803600654665,0.022900763358778626,0.014729950900163666
hannover,https://www.hannover.de/Kultur-Freizeit/Geschichte-Geschichten/Erinnerungskultur/Gedenkstätte-Ahlem/Führungen-und-pädagogisches-Angebot,1.4879725085910653,582,866,0.23076923076923078,13,21,0.572102427482605,0.48109965635738833,0.4018475750577367,0.07731958762886598,0.03579676674364896,0.30412371134020616,0.25635103926096997,0.054982817869415807,0.06928406466512702,0.0429553264604811,0.017321016166281754
hannover,https://www.hannover.de/Kultur-Freizeit/Geschichte-Geschichten/Erinnerungskultur/Gedenkstätte-Ahlem/Die-Gedenkstätte-heute,1.6607669616519174,339,563,0.4,10,19,0.46065226197242737,0.45722713864306785,0.4227353463587922,0.05014749262536873,0.0497335701598579,0.2949852507374631,0.26465364120781526,0.07964601769911504,0.0674955595026643,0.035398230088495575,0.015985790408525755
hannover,https://www.hannover.de/Leben-in-der-Region-Hannover/Umwelt-Nachhaltigkeit/Verhalten-bei-extremem-Wetter/Hitze-in-der-Region-Hannover/Tipps-für-die-heißen-Tage,0.30051150895140666,3910,1175,0.014705882352941176,68,22,0.5644938945770264,0.48491048593350383,0.43319148936170215,0.07289002557544758,0.04936170212765958,0.259846547314578,0.18212765957446808,0.07544757033248081,0.08085106382978724,0.053708439897698204,0.023829787234042554
hannover,"https://www.hannover.de/Leben-in-der-Region-Hannover/Verwaltungen-Kommunen/Die-Verwaltung-der-Landeshauptstadt-Hannover/Dezernate-und-Fachbereiche-der-LHH/Finanzen,-Ordnung-und-Feuerwehr/Fachbereich-Öffentliche-Ordnung/Standesamt-und-Staatsangehörig­keit/Standesamt",18.885714285714286,35,661,1.0,0,0,0.3280740976333618,0.4857142857142857,0.3903177004538578,0.11428571428571428,0.03328290468986384,0.2857142857142857,0.2254160363086233,0.02857142857142857,0.08472012102874432,0.02857142857142857,0.015128593040847202
hannover,"https://www.hannover.de/Service/Presse-Medien/Hannover.de/Aktuelles/Wirtschaft-Wissenschaft-2024/Aus-Üstra,-GVH-und-Regiobus-wird-die-neue-Üstra",0.6776611694152923,667,452,0.23076923076923078,26,15,0.5736353397369385,0.47976011994003,0.4004424778761062,0.06446776611694154,0.05088495575221239,0.2788605697151424,0.22787610619469026,0.05847076461769116,0.05309734513274336,0.053973013493253376,0.033185840707964605
hannover,https://www.hannover.de/Leben-in-der-Region-Hannover/Soziales/Senioren/Information-Beratung,1.1363636363636365,132,150,0.0,1,2,0.7728190422058105,0.45454545454545453,0.4266666666666667,0.06060606060606061,0.04,0.21212121212121213,0.23333333333333334,0.06818181818181818,0.08,0.12121212121212122,0.04
hannover,https://www.hannover.de/Leben-in-der-Region-Hannover/Soziales/Senioren/Information-Beratung/Hilfen-für-sehbehinderte-und-blinde-Menschen,7.382352941176471,102,753,0.6666666666666666,6,22,0.38584548234939575,0.47058823529411764,0.41832669322709165,0.058823529411764705,0.033200531208499334,0.37254901960784315,0.26693227091633465,0.0196078431372549,0.0703851261620186,0.058823529411764705,0.035856573705179286
hannover,https://www.hannover.de/Leben-in-der-Region-Hannover/Soziales/Senioren/Information-Beratung/Hilfen-für-hörgeschädigte-Menschen,1.5510204081632653,294,456,0.2,15,22,0.7393534183502197,0.47278911564625853,0.40131578947368424,0.0782312925170068,0.046052631578947366,0.33333333333333337,0.28289473684210525,0.030612244897959183,0.039473684210526314,0.03741496598639456,0.03070175438596491
hannover,https://www.hannover.de/Leben-in-der-Region-Hannover/Soziales/Senioren/Information-Beratung/Mobilität-Öffentlicher-Personennahverkehr-ÖPNV,0.9980657640232108,517,516,0.1,20,19,0.5905516147613525,0.4506769825918762,0.44573643410852715,0.04642166344294004,0.046511627906976744,0.29593810444874274,0.27906976744186046,0.05029013539651837,0.06201550387596899,0.06382978723404255,0.046511627906976744
hannover,https://www.hannover.de/Leben-in-der-Region-Hannover/Soziales/Senioren/Information-Beratung/Seniorenbeiräte-und-Seniorenräte,2.2897526501766783,283,648,0.5,16,34,0.7377671599388123,0.4876325088339223,0.3888888888888889,0.05653710247349823,0.024691358024691357,0.303886925795053,0.25925925925925924,0.04946996466431095,0.06944444444444445,0.0706713780918728,0.020061728395061727
hannover,https://www.hannover.de/Leben-in-der-Region-Hannover/Soziales/Senioren/Information-Beratung/Infobroschüre,1.8302752293577982,218,399,0.8235294117647058,17,25,0.747535228729248,0.45871559633027525,0.39348370927318294,0.027522935779816515,0.03007518796992481,0.32568807339449546,0.3057644110275689,0.03669724770642202,0.02506265664160401,0.0779816513761468,0.03759398496240601
hannover,https://www.hannover.de/Leben-in-der-Region-Hannover/Soziales/Senioren/Information-Beratung/Seniorentelefon-der-Stadt-Hannover,2.2521008403361344,119,268,0.2,5,12,0.945034384727478,0.47058823529411764,0.4216417910447761,0.07563025210084033,0.041044776119402986,0.35294117647058826,0.33955223880597013,0.01680672268907563,0.029850746268656716,0.05042016806722689,0.048507462686567165
hannover,https://www.hannover.de/Leben-in-der-Region-Hannover/Soziales/Senioren/Wohnen-im-Alter/Wohnberatung,1.407202216066482,361,508,0.2727272727272727,11,22,0.434725821018219,0.4626038781163435,0.41732283464566927,0.055401662049861494,0.03740157480314961,0.32686980609418287,0.2618110236220472,0.04986149584487535,0.06496062992125984,0.06371191135734072,0.045275590551181105
hannover,https://www.hannover.de/Leben-in-der-Region-Hannover/Soziales/Senioren/Pflege-Betreuung/Pflegeberatung,7.166666666666667,36,258,1.0,0,0,0.6002606749534607,0.5,0.4186046511627907,0.1111111111111111,0.04263565891472868,0.3055555555555556,0.2713178294573644,0.05555555555555555,0.06589147286821706,0.08333333333333333,0.050387596899224806
hannover,https://www.hannover.de/Leben-in-der-Region-Hannover/Soziales/Senioren/Information-Beratung/Telefonseelsorge,3.3492063492063493,126,422,0.0,2,18,0.6445913910865784,0.42063492063492064,0.4146919431279621,0.023809523809523808,0.03317535545023697,0.25396825396825395,0.2677725118483412,0.05555555555555555,0.07345971563981042,0.06349206349206349,0.037914691943127965
hannover,https://www.hannover.de/Leben-in-der-Region-Hannover/Soziales/Senioren/Information-Beratung/Albtraum-Betrug-Diebstahl-Einbruch-Überfall,1.516,250,379,0.0,5,14,0.7741739153862,0.476,0.39841688654353563,0.08,0.021108179419525065,0.3,0.24010554089709762,0.052,0.0712401055408971,0.055999999999999994,0.03430079155672823
hannover,https://www.hannover.de/Leben-in-der-Region-Hannover/Verwaltungen-Kommunen/Die-Verwaltung-der-Region-Hannover/Die-Hörregion-Hannover/Gesund-hören/Hilfe-für-Menschen-mit-Hörbeeinträchtigung,2.4783505154639176,485,1202,0.2926829268292683,41,50,0.624992847442627,0.465979381443299,0.38186356073211314,0.06804123711340206,0.045757071547420966,0.3711340206185567,0.25873544093178036,0.010309278350515464,0.04326123128119801,0.020618556701030927,0.011647254575707155
hannover,https://www.hannover.de/Leben-in-der-Region-Hannover/Verwaltungen-Kommunen/Die-Verwaltung-der-Region-Hannover/Die-Hörregion-Hannover/Gesund-hören/11-Tipps-für-gutes-Hören,1.4406364749082008,817,1177,0.23529411764705882,17,32,0.7700766324996948,0.47368421052631576,0.41206457094307564,0.056303549571603426,0.03058623619371283,0.2288861689106487,0.20475785896346643,0.09057527539779682,0.08326253186066271,0.04895960832313341,0.02888700084961767
hannover,https://www.hannover.de/Leben-in-der-Region-Hannover/Verwaltungen-Kommunen/Die-Verwaltung-der-Region-Hannover/Die-Hörregion-Hannover/Hören-lernen/Gutes-Hören-in-der-Kita,1.4845132743362832,452,671,0.78125,32,43,0.812110185623169,0.4778761061946903,0.45007451564828616,0.035398230088495575,0.028315946348733235,0.39601769911504425,0.3517138599105812,0.024336283185840708,0.043219076005961254,0.0420353982300885,0.029806259314456036
hannover,https://www.hannover.de/Leben-in-der-Region-Hannover/Verwaltungen-Kommunen/Die-Verwaltung-der-Region-Hannover/Die-Hörregion-Hannover/Das-ist-die-HÖRREGION/HörNews,0.23726541554959785,746,177,0.06666666666666667,30,5,0.8969101905822754,0.45308310991957107,0.4180790960451977,0.04691689008042895,0.04519774011299435,0.29892761394101874,0.2485875706214689,0.04289544235924933,0.07909604519774012,0.11528150134048258,0.005649717514124294
hannover,https://www.hannover.de/Leben-in-der-Region-Hannover/Soziales/Senioren/Information-Beratung/Kostenlose-Beratung,2.25,116,261,0.25,4,10,0.5509029626846313,0.46551724137931033,0.3946360153256705,0.04310344827586207,0.038314176245210725,0.3103448275862069,0.2567049808429119,0.0603448275862069,0.05363984674329502,0.05172413793103448,0.04980842911877394
hannover,https://www.hannover.de/Leben-in-der-Region-Hannover/Soziales/Menschen-mit-Behinderung/Mobilität/%22Gemeinsam-mobil%22,1.717579250720461,347,596,0.4,15,17,0.6675563454627991,0.4553314121037464,0.4110738255033557,0.043227665706051875,0.015100671140939598,0.2680115273775216,0.26174496644295303,0.05763688760806916,0.0738255033557047,0.043227665706051875,0.04194630872483222
hannover,"https://www.hannover.de/Leben-in-der-Region-Hannover/Soziales/Familie-Partnerschaft/Beratung-Unterstützung/Beratung-für-Eltern,-Kinder-und-Jugendliche/Familien-und-Erziehungsberatung/Jugend-und-Familienberatung-der-Landeshauptstadt-Hannover/Jugend,-Familien-und-Erziehungsberatung",4.379204892966361,327,1432,0.2727272727272727,11,35,0.7995761632919312,0.40978593272171254,0.3435754189944134,0.03363914373088685,0.020251396648044692,0.28134556574923547,0.22067039106145253,0.03058103975535168,0.05935754189944134,0.04587155963302752,0.029329608938547486
hannover,"https://www.hannover.de/Leben-in-der-Region-Hannover/Soziales/Familie-Partnerschaft/Beratung-Unterstützung/Beratung-für-Eltern,-Kinder-und-Jugendliche/Familien-und-Erziehungsberatung/Jugend-,-Familien-und-Erziehungsberatung/Beratungsstellen-der-Landeshauptstadt-Hannover/Sprechstunden-der-Beratungsstellen-der-Jugend-und-Familienberatung",3.4915254237288136,295,1030,0.0,6,20,0.6308845281600952,0.39322033898305087,0.34563106796116505,0.04067796610169491,0.02815533980582524,0.2847457627118644,0.2116504854368932,0.05084745762711865,0.06116504854368932,0.061016949152542375,0.030097087378640777
hannover,"https://www.hannover.de/Leben-in-der-Region-Hannover/Soziales/Familie-Partnerschaft/Beratung-Unterstützung/Beratung-für-Eltern,-Kinder-und-Jugendliche/Frühe-Beratung/Sprechstunde-für-Eltern-von-Säuglingen-Kleinkindern",2.2735042735042734,234,532,0.14285714285714285,7,11,0.7772433161735535,0.39316239316239315,0.36278195488721804,0.029914529914529916,0.013157894736842105,0.24786324786324787,0.21052631578947367,0.07264957264957266,0.07330827067669173,0.06410256410256411,0.043233082706766915
hannover,"https://www.hannover.de/Leben-in-der-Region-Hannover/Soziales/Familie-Partnerschaft/Beratung-Unterstützung/Beratung-für-Eltern,-Kinder-und-Jugendliche/Aktuelles-aus-den-Beratungsstellen/Kinder-im-Blick",0.8554216867469879,498,426,0.0,10,9,0.5808743238449097,0.41566265060240964,0.36384976525821594,0.040160642570281124,0.014084507042253521,0.23293172690763053,0.22300469483568075,0.07630522088353414,0.07042253521126761,0.050200803212851405,0.04225352112676056
hannover,"https://www.hannover.de/Leben-in-der-Region-Hannover/Soziales/Familie-Partnerschaft/Beratung-Unterstützung/Beratung-für-Eltern,-Kinder-und-Jugendliche/Familien-und-Erziehungsberatung/Jugend-und-Familienberatung-der-Landeshauptstadt-Hannover/Gruppenangebot-für-Kinder-von-getrennten-lebenden-Eltern",0.7123076923076923,650,463,0.07142857142857142,14,10,0.775216817855835,0.3646153846153846,0.3779697624190065,0.024615384615384615,0.019438444924406047,0.23384615384615384,0.23974082073434128,0.06153846153846154,0.05183585313174946,0.04615384615384615,0.0367170626349892
hannover,"https://www.hannover.de/Leben-in-der-Region-Hannover/Soziales/Familie-Partnerschaft/Beratung-Unterstützung/Beratung-für-Eltern,-Kinder-und-Jugendliche/Familien-und-Erziehungsberatung/Beratungsstellen-für-Eltern,-Kinder-und-Jugendliche-der-Region-Hannover/Beratungsstelle-für-Eltern,-Kinder-und-Jugendliche-Burgdorf",0.6759259259259259,216,146,0.6666666666666666,9,11,0.8623440861701965,0.44907407407407407,0.3424657534246575,0.018518518518518517,0.0136986301369863,0.3194444444444445,0.26712328767123283,0.032407407407407406,0.0410958904109589,0.07870370370370369,0.03424657534246575
hannover,"https://www.hannover.de/Leben-in-der-Region-Hannover/Soziales/Familie-Partnerschaft/Beratung-Unterstützung/Beratung-für-Eltern,-Kinder-und-Jugendliche/Familien-und-Erziehungsberatung/Beratungsstellen-für-Eltern,-Kinder-und-Jugendliche-der-Region-Hannover/Beratungsstelle-für-Eltern,-Kinder-und-Jugendliche-Neustadt",0.6201550387596899,258,160,0.25,8,11,0.8836206197738647,0.46124031007751937,0.3625,0.027131782945736434,0.01875,0.32945736434108525,0.2875,0.03488372093023256,0.0375,0.07364341085271317,0.0375
hannover,"https://www.hannover.de/Leben-in-der-Region-Hannover/Soziales/Familie-Partnerschaft/Beratung-Unterstützung/Beratung-für-Eltern,-Kinder-und-Jugendliche/Familien-und-Erziehungsberatung/Beratungsstellen-für-Eltern,-Kinder-und-Jugendliche-der-Region-Hannover/Beratungsstelle-für-Eltern,-Kinder-und-Jugendliche-Ronnenberg",0.8609271523178808,302,260,0.7272727272727273,11,14,0.893032968044281,0.4337748344370861,0.3230769230769231,0.013245033112582781,0.007692307692307693,0.3311258278145695,0.2692307692307693,0.023178807947019868,0.03076923076923077,0.06622516556291391,0.026923076923076925
hannover,"https://www.hannover.de/Leben-in-der-Region-Hannover/Soziales/Familie-Partnerschaft/Beratung-Unterstützung/Beratung-für-Eltern,-Kinder-und-Jugendliche/Familien-und-Erziehungsberatung/Jugend-und-Familienberatung-der-Landeshauptstadt-Hannover/Jugend,-Familien-und-Erziehungsberatung",4.379204892966361,327,1432,0.2727272727272727,11,35,0.7995761632919312,0.40978593272171254,0.3435754189944134,0.03363914373088685,0.020251396648044692,0.28134556574923547,0.22067039106145253,0.03058103975535168,0.05935754189944134,0.04587155963302752,0.029329608938547486
hannover,"https://www.hannover.de/Leben-in-der-Region-Hannover/Soziales/Familie-Partnerschaft/Beratung-Unterstützung/Beratung-für-Eltern,-Kinder-und-Jugendliche/Familien-und-Erziehungsberatung/Jugend-und-Familienberatung-der-Landeshauptstadt-Hannover",2.8773006134969323,652,1876,0.08333333333333333,12,39,0.5779964923858643,0.4263803680981595,0.3656716417910448,0.046012269938650305,0.029850746268656716,0.29754601226993865,0.22707889125799574,0.03834355828220859,0.05970149253731343,0.06441717791411043,0.042643923240938165
hannover,"https://www.hannover.de/Leben-in-der-Region-Hannover/Soziales/Familie-Partnerschaft/Beratung-Unterstützung/Beratung-für-Eltern,-Kinder-und-Jugendliche/Familien-und-Erziehungsberatung/Jugend-und-Familienberatung-der-Landeshauptstadt-Hannover",2.8773006134969323,652,1876,0.08333333333333333,12,39,0.5779964923858643,0.4263803680981595,0.3656716417910448,0.046012269938650305,0.029850746268656716,0.29754601226993865,0.22707889125799574,0.03834355828220859,0.05970149253731343,0.06441717791411043,0.042643923240938165
hannover,https://www.hannover.de/Leben-in-der-Region-Hannover/Soziales/Familie-Partnerschaft/Frühe-Hilfen-–-Frühe-Chancen/Eltern/Beratung-und-Unterstützung,0.3695121951219512,820,303,0.34146341463414637,41,21,0.813913106918335,0.4609756097560976,0.36303630363036304,0.0475609756097561,0.0231023102310231,0.31585365853658537,0.2607260726072607,0.0524390243902439,0.0462046204620462,0.06097560975609757,0.036303630363036306
hannover,https://www.hannover.de/Leben-in-der-Region-Hannover/Soziales/Familie-Partnerschaft/Frühe-Hilfen-–-Frühe-Chancen/Eltern/Fachkräfte-Frühe-Hilfen,0.654639175257732,582,381,0.21428571428571427,14,13,0.8552612662315369,0.44501718213058417,0.4330708661417323,0.037800687285223365,0.05511811023622047,0.281786941580756,0.28083989501312334,0.070446735395189,0.05774278215223097,0.06872852233676977,0.028871391076115485
hannover,https://www.hannover.de/Leben-in-der-Region-Hannover/Soziales/Familie-Partnerschaft/Frühe-Hilfen-–-Frühe-Chancen/Eltern/Frühe-Hilfen-in-der-Kita,0.601010101010101,396,238,0.17647058823529413,17,12,0.8541693687438965,0.4797979797979798,0.46638655462184875,0.03787878787878788,0.046218487394957986,0.29292929292929293,0.24789915966386555,0.0707070707070707,0.07142857142857142,0.0606060606060606,0.029411764705882353
hannover,https://www.hannover.de/Leben-in-der-Region-Hannover/Soziales/Familie-Partnerschaft/Frühe-Hilfen-–-Frühe-Chancen/Eltern/Hausbesuchsprogramme,0.47844827586206895,464,222,0.26666666666666666,30,14,0.6472257375717163,0.4870689655172414,0.47297297297297297,0.04956896551724138,0.05405405405405406,0.33836206896551724,0.26576576576576577,0.04741379310344827,0.05405405405405406,0.02586206896551724,0.02702702702702703
hannover,"https://www.hannover.de/Leben-in-der-Region-Hannover/Soziales/Familie-Partnerschaft/Frühe-Hilfen-–-Frühe-Chancen/Eltern/Krippe,-Kita,-Schule",0.2182182182182182,999,218,0.07407407407407407,27,9,0.8124520182609558,0.46146146146146144,0.40825688073394495,0.03303303303303303,0.03669724770642202,0.30430430430430433,0.3165137614678899,0.07507507507507508,0.03211009174311927,0.061061061061061066,0.027522935779816515
hannover,https://www.hannover.de/Leben-in-der-Region-Hannover/Soziales/Familie-Partnerschaft/Frühe-Hilfen-–-Frühe-Chancen/Eltern/Väter,1.2178217821782178,303,369,0.3333333333333333,9,11,0.585724413394928,0.4521452145214521,0.3875338753387534,0.04950495049504951,0.032520325203252036,0.2871287128712871,0.23577235772357724,0.07920792079207921,0.05420054200542006,0.066006600660066,0.024390243902439025
hannover,https://www.hannover.de/Leben-in-der-Region-Hannover/Soziales/Familie-Partnerschaft/Koordinierungsstelle-Alleinerziehende/Angebote-für-Alleinerziehende/Angebote-aus-dem-Bereich-Freizeit-und-Erholung,1.6028880866425992,277,444,0.058823529411764705,17,12,0.8506755828857422,0.4981949458483754,0.4369369369369369,0.05415162454873646,0.04054054054054054,0.3971119133574007,0.25225225225225223,0.018050541516245487,0.06981981981981981,0.07942238267148014,0.0472972972972973
hannover,https://www.hannover.de/Leben-in-der-Region-Hannover/Soziales/Familie-Partnerschaft/Koordinierungsstelle-Alleinerziehende/Angebote-für-Alleinerziehende/Angebote-für-Kinder,1.327313769751693,443,588,0.07692307692307693,26,27,0.7119002342224121,0.47404063205417607,0.42517006802721086,0.060948081264108354,0.04081632653061224,0.3747178329571106,0.24489795918367346,0.020316027088036117,0.0782312925170068,0.05417607223476298,0.027210884353741496
hannover,https://www.hannover.de/Leben-in-der-Region-Hannover/Soziales/Familie-Partnerschaft/Koordinierungsstelle-Alleinerziehende/Angebote-für-Alleinerziehende/Beratung-bei-Paarkonflikten-und-in-Trennungs-und-Scheidungssituationen,1.1874062968515742,667,792,0.30158730158730157,63,48,0.89070725440979,0.4767616191904048,0.37752525252525254,0.0704647676161919,0.039141414141414144,0.3793103448275862,0.2702020202020202,0.014992503748125937,0.03787878787878788,0.05397301349325337,0.04292929292929293
hannover,https://www.hannover.de/Leben-in-der-Region-Hannover/Soziales/Familie-Partnerschaft/Koordinierungsstelle-Alleinerziehende/Angebote-für-Alleinerziehende/Beratung-und-Angebote-zu-Schwangerschaft-und-Geburt,1.5659722222222223,288,451,0.0,9,11,0.6848949790000916,0.5173611111111112,0.41685144124168516,0.10416666666666667,0.04212860310421286,0.3576388888888889,0.23059866962305986,0.020833333333333332,0.06651884700665188,0.08680555555555555,0.03547671840354767
hannover,https://www.hannover.de/Leben-in-der-Region-Hannover/Soziales/Familie-Partnerschaft/Koordinierungsstelle-Alleinerziehende/Angebote-für-Alleinerziehende/Beratung-zu-Erziehungsfragen,1.368,625,855,0.4634146341463415,41,35,0.7336570024490356,0.4848,0.4152046783625731,0.0624,0.04327485380116959,0.3696,0.2818713450292398,0.0288,0.047953216374269005,0.07200000000000001,0.03859649122807018
hannover,https://www.hannover.de/Leben-in-der-Region-Hannover/Gesundheit/Gesundheitsschutz/Impfen-und-Impfberatung/Masern-und-Masernschutzgesetz,1.120925341745531,951,1066,0.05,20,20,0.7097708582878113,0.42902208201892744,0.3949343339587242,0.058885383806519455,0.020637898686679174,0.25236593059936907,0.2373358348968105,0.07150368033648791,0.08067542213883677,0.04731861198738171,0.02345215759849906
hannover,https://www.hannover.de/Leben-in-der-Region-Hannover/Gesundheit/Gesundheitsschutz/Gesundheitstipps/Noro-Virus,1.0027322404371584,732,734,0.08333333333333333,12,16,0.6701221466064453,0.47404371584699456,0.39509536784741145,0.031420765027322405,0.01907356948228883,0.2527322404371585,0.17574931880108993,0.09016393442622951,0.09128065395095368,0.07240437158469945,0.039509536784741145
hannover,https://www.hannover.de/Leben-in-der-Region-Hannover/Gesundheit/Gesundheitsschutz/Gesundheitstipps/Influenza,1.0418502202643172,908,946,0.18181818181818182,11,26,0.7523976564407349,0.45374449339207046,0.39217758985200846,0.06497797356828194,0.0200845665961945,0.23127753303964757,0.20613107822410148,0.07599118942731277,0.0919661733615222,0.039647577092511016,0.0306553911205074
hannover,https://www.hannover.de/Leben-in-der-Region-Hannover/Gesundheit/Gesundheitsschutz/Gesundheitstipps/Kopfläuse-–-was-tun,0.4799456152277362,1471,706,0.0,19,16,0.4751470983028412,0.46498980285520053,0.3881019830028329,0.054384772263766146,0.0169971671388102,0.26784500339904826,0.19688385269121814,0.05982324949014276,0.0764872521246459,0.05166553365057784,0.0339943342776204
hannover,https://www.hannover.de/Leben-in-der-Region-Hannover/Gesundheit/Gesundheitsschutz/Gesundheitstipps/Der-Erkältung-vorbeugen,0.9042407660738714,1462,1322,0.16666666666666666,6,18,0.7537146210670471,0.45075239398084815,0.4122541603630862,0.04856361149110807,0.03177004538577912,0.2086183310533516,0.1815431164901664,0.10191518467852258,0.09001512859304085,0.05677154582763338,0.030257186081694403
hannover,https://www.hannover.de/Leben-in-der-Region-Hannover/Gesundheit/Gesundheitsschutz/Gesundheitstipps/Hautkrebsfrüherkennung,1.055393586005831,343,362,0.125,16,12,0.6059348583221436,0.5014577259475219,0.4088397790055249,0.09329446064139942,0.013812154696132596,0.2944606413994169,0.21823204419889503,0.052478134110787174,0.09116022099447514,0.04081632653061225,0.027624309392265192
hannover,https://www.hannover.de/Kultur-Freizeit/Naherholung/Raus-in-die-Natur/Radfahren,15.5,6,93,1.0,1,1,0.8464697599411011,0.6666666666666666,0.40860215053763443,0.0,0.03225806451612903,0.5,0.22580645161290322,0.16666666666666666,0.10752688172043011,0.0,0.05376344086021506
hannover,https://www.hannover.de/Kultur-Freizeit/Naherholung/Raus-in-die-Natur/Radfahren/Radeln-am-Mittellandkanal,1.4385593220338984,472,679,0.4838709677419355,31,44,0.7641199231147766,0.4894067796610169,0.41531664212076586,0.0423728813559322,0.025036818851251842,0.3305084745762712,0.2857142857142857,0.05084745762711865,0.050073637702503684,0.0614406779661017,0.033873343151693665
hannover,https://www.hannover.de/Kultur-Freizeit/Naherholung/Raus-in-die-Natur/Radfahren/Die-Hofladenrouten,1.7003891050583657,257,437,0.8888888888888888,9,19,0.6713883876800537,0.4669260700389105,0.43478260869565216,0.0622568093385214,0.06178489702517163,0.3424124513618677,0.28604118993135014,0.019455252918287938,0.038901601830663615,0.0311284046692607,0.013729977116704805
hannover,https://www.hannover.de/Kultur-Freizeit/Naherholung/Raus-in-die-Natur/Radfahren/Kulturroute,1.1818181818181819,319,377,0.4772727272727273,44,38,0.8131848573684692,0.4827586206896552,0.4217506631299735,0.034482758620689655,0.029177718832891247,0.4012539184952978,0.3076923076923077,0.03134796238244514,0.03713527851458886,0.04075235109717868,0.029177718832891247
hannover,https://www.hannover.de/Kultur-Freizeit/Naherholung/Raus-in-die-Natur/Moore-in-der-Region-Hannover/Nordhannoversche-Moorroute/Die-Nordhannoversche-Moorroute,1.9956140350877194,228,455,0.2857142857142857,14,26,0.7037550210952759,0.5350877192982456,0.4175824175824176,0.08771929824561403,0.041758241758241756,0.2894736842105263,0.26373626373626374,0.07894736842105263,0.06153846153846154,0.043859649122807015,0.03076923076923077
hannover,https://www.hannover.de/Kultur-Freizeit/Naherholung/Raus-in-die-Natur/Radfahren/Grüner-Ring/Der-Grüne-Ring,2.0913461538461537,208,435,0.625,8,22,0.9465147256851196,0.49038461538461536,0.4482758620689655,0.09134615384615384,0.08735632183908046,0.2692307692307692,0.24597701149425288,0.09134615384615384,0.04827586206896552,0.0625,0.029885057471264367
hannover,https://www.hannover.de/Kultur-Freizeit/Naherholung/Raus-in-die-Natur/Radfahren/Der-Deisterkreisel,1.245939675174014,431,537,0.52,25,26,0.8284430503845215,0.46635730858468677,0.3985102420856611,0.04408352668213457,0.03165735567970205,0.3225058004640371,0.2756052141527002,0.04408352668213457,0.048417132216014895,0.06728538283062645,0.0297951582867784
hannover,https://www.hannover.de/Kultur-Freizeit/Naherholung/Raus-in-die-Natur/Moore-in-der-Region-Hannover/Moor-Erlebnispfad-Resse/Der-Moor-Erlebnispfad/Moorerlebnisse-für-fast-Alle,1.9865951742627346,373,741,0.1111111111111111,9,15,0.5699050426483154,0.47989276139410186,0.41970310391363025,0.05630026809651475,0.018893387314439947,0.257372654155496,0.24696356275303644,0.07238605898123325,0.0796221322537112,0.02412868632707775,0.02564102564102564
hannover,https://www.hannover.de/Kultur-Freizeit/Naherholung/Raus-in-die-Natur/Moore-in-der-Region-Hannover/Moor-Erlebnispfad-Resse/Der-Moor-Erlebnispfad/Moor-mit-den-Sinnen-erleben,1.6897435897435897,390,659,0.0,3,15,0.734967827796936,0.45897435897435895,0.40364188163884673,0.035897435897435895,0.021244309559939303,0.2128205128205128,0.19726858877086495,0.11538461538461539,0.09711684370257967,0.038461538461538464,0.024279210925644917
hannover,https://www.hannover.de/Kultur-Freizeit/Naherholung/Raus-in-die-Natur/Moore-in-der-Region-Hannover/Moor-Erlebnispfad-Resse/Der-Moor-Erlebnispfad/Moorwissen,0.9421768707482994,588,554,0.0,14,13,0.5457686185836792,0.45918367346938777,0.4296028880866426,0.06972789115646258,0.023465703971119134,0.28231292517006806,0.2527075812274368,0.05782312925170068,0.08844765342960288,0.025510204081632654,0.021660649819494584
hannover,https://www.hannover.de/Kultur-Freizeit/Geschichte-Geschichten/Erinnerungskultur/ZeitZentrum-Zivilcourage/Bildungsangebote,1.2547770700636942,628,788,0.07142857142857142,14,25,0.5386661887168884,0.4570063694267516,0.3870558375634518,0.04777070063694268,0.021573604060913704,0.2627388535031847,0.23604060913705582,0.06687898089171974,0.07487309644670051,0.04936305732484077,0.021573604060913704
hannover,https://www.hannover.de/Kultur-Freizeit/Geschichte-Geschichten/Erinnerungskultur/ZeitZentrum-Zivilcourage/Ihr-Besuch,1.7545454545454546,990,1737,0.23076923076923078,39,44,0.5000181198120117,0.4505050505050505,0.4058721934369603,0.06363636363636363,0.0333909038572251,0.28686868686868683,0.2504317789291883,0.05858585858585859,0.06217616580310881,0.03838383838383838,0.018998272884283247
hannover,https://www.hannover.de/Kultur-Freizeit/Geschichte-Geschichten/Erinnerungskultur/ZeitZentrum-Zivilcourage/Über-uns/Von-der-Idee-zur-Eröffnung-des-ZeitZentrum-Zivilcourage,0.7696811971372804,1537,1183,0.2,60,36,0.5825808048248291,0.47625243981782694,0.40490278951817416,0.06766428106701367,0.032121724429416736,0.32270657124268054,0.2688081149619611,0.0468445022771633,0.0676246830092984,0.04424202992843201,0.03127641589180051
hannover,https://www.hannover.de/Kultur-Freizeit/Geschichte-Geschichten/Erinnerungskultur/Gedenkstätte-Ahlem/Die-Gedenkstätte-heute,1.6607669616519174,339,563,0.4,10,19,0.46065226197242737,0.45722713864306785,0.4227353463587922,0.05014749262536873,0.0497335701598579,0.2949852507374631,0.26465364120781526,0.07964601769911504,0.0674955595026643,0.035398230088495575,0.015985790408525755
hannover,https://www.hannover.de/Kultur-Freizeit/Geschichte-Geschichten/Erinnerungskultur/Gedenkstätte-Ahlem/Führungen-und-pädagogisches-Angebot,1.4879725085910653,582,866,0.23076923076923078,13,21,0.572102427482605,0.48109965635738833,0.4018475750577367,0.07731958762886598,0.03579676674364896,0.30412371134020616,0.25635103926096997,0.054982817869415807,0.06928406466512702,0.0429553264604811,0.017321016166281754
hannover,https://www.hannover.de/Leben-in-der-Region-Hannover/Soziales/Kinder-Jugendliche/Grundschulzeit/Einschulungskompass/Sprache,1.051334702258727,487,512,0.2,5,12,0.8829315900802612,0.37166324435318276,0.390625,0.018480492813141684,0.009765625,0.16632443531827515,0.21875,0.11909650924024641,0.099609375,0.04928131416837782,0.021484375
hannover,https://www.hannover.de/Leben-in-der-Region-Hannover/Soziales/Kinder-Jugendliche/Grundschulzeit/Einschulungskompass/Das-machen-Kinder-mit-4-5-6-Jahren,1.1228070175438596,114,128,0.5,2,1,0.7809435129165649,0.42105263157894735,0.375,0.02631578947368421,0.015625,0.17543859649122806,0.1640625,0.11403508771929824,0.078125,0.05263157894736842,0.0078125
hannover,https://www.hannover.de/Leben-in-der-Region-Hannover/Soziales/Kinder-Jugendliche/Grundschulzeit/Einschulungskompass/Das-machen-Kinder-mit-4-5-6-Jahren/Das-machen-viele-Kinder-mit-4-Jahren,1.3154848046309695,691,909,0.1111111111111111,9,15,0.8667389154434204,0.36903039073806077,0.40264026402640263,0.01447178002894356,0.0165016501650165,0.1736613603473227,0.23322332233223322,0.13024602026049203,0.0968096809680968,0.049204052098408106,0.0319031903190319
hannover,https://www.hannover.de/Leben-in-der-Region-Hannover/Soziales/Kinder-Jugendliche/Grundschulzeit/Einschulungskompass/Das-machen-Kinder-mit-4-5-6-Jahren/Das-machen-viele-Kinder-mit-5-Jahren,1.1157125456760049,821,916,0.1111111111111111,9,17,0.8877599239349365,0.4043848964677223,0.4192139737991266,0.020706455542021926,0.018558951965065504,0.1656516443361754,0.2368995633187773,0.1278928136419001,0.10043668122270742,0.0389768574908648,0.034934497816593885
hannover,https://www.hannover.de/Leben-in-der-Region-Hannover/Soziales/Kinder-Jugendliche/Grundschulzeit/Einschulungskompass/Das-machen-Kinder-mit-4-5-6-Jahren/Das-machen-viele-Kinder-mit-6-Jahren,1.2090261282660333,842,1018,0.0,5,17,0.8218275308609009,0.37054631828978624,0.42534381139489197,0.014251781472684086,0.021611001964636542,0.18646080760095013,0.2504911591355599,0.11163895486935867,0.09332023575638507,0.03800475059382423,0.03143418467583497
hannover,https://www.hannover.de/Leben-in-der-Region-Hannover/Soziales/Kinder-Jugendliche/Grundschulzeit/Einschulungskompass/Informationen-für-die-Zeit-vor-der-Einschulung,0.5379310344827586,145,78,0.0,1,2,0.7058656215667725,0.41379310344827586,0.34615384615384615,0.041379310344827586,0.0,0.1793103448275862,0.16666666666666666,0.09655172413793103,0.10256410256410256,0.027586206896551724,0.02564102564102564
hannover,https://www.hannover.de/Leben-in-der-Region-Hannover/Soziales/Kinder-Jugendliche/Grundschulzeit/Einschulungskompass/Informationen-für-die-Zeit-vor-der-Einschulung/Der-Kindergarten-in-der-Schulvorbereitung,1.6393162393162393,585,959,0.0,8,20,0.7090795040130615,0.4358974358974359,0.40041710114702816,0.03418803418803419,0.021897810218978103,0.21196581196581196,0.23670490093847757,0.13333333333333333,0.09176225234619395,0.04444444444444444,0.026068821689259645
hannover,https://www.hannover.de/Leben-in-der-Region-Hannover/Soziales/Kinder-Jugendliche/Grundschulzeit/Einschulungskompass/Informationen-für-die-Zeit-vor-der-Einschulung/Bevor-Ihr-Kind-in-die-Schule-kommt,1.3196644920782852,1073,1416,0.2,15,29,0.6960694193840027,0.40354147250698974,0.3905367231638418,0.014911463187325256,0.020480225988700564,0.2348555452003728,0.22740112994350284,0.09319664492078285,0.0826271186440678,0.04287045666356011,0.01977401129943503
hannover,https://www.hannover.de/Leben-in-der-Region-Hannover/Soziales/Kinder-Jugendliche/Grundschulzeit/Einschulungskompass/Informationen-für-die-Zeit-vor-der-Einschulung/Was-passiert-in-der-Grundschule,1.7354988399071927,431,748,0.25,4,14,0.8921247720718384,0.3990719257540603,0.393048128342246,0.02320185614849188,0.01871657754010695,0.23433874709976799,0.24064171122994654,0.11136890951276102,0.08957219251336898,0.04176334106728538,0.03074866310160428
hannover,https://www.hannover.de/Leben-in-der-Region-Hannover/Soziales/Kinder-Jugendliche/Grundschulzeit/Einschulungskompass/Ideen-und-Informationen-für-zuhause,1.1610169491525424,118,137,0.0,1,3,0.685005784034729,0.3898305084745763,0.41605839416058393,0.01694915254237288,0.029197080291970802,0.15254237288135594,0.1897810218978102,0.13559322033898305,0.0948905109489051,0.05084745762711865,0.029197080291970802
hannover,https://www.hannover.de/Leben-in-der-Region-Hannover/Soziales/Kinder-Jugendliche/Grundschulzeit/Einschulungskompass/Ideen-und-Informationen-für-zuhause/Sportvereine,1.5155038759689923,258,391,0.3333333333333333,3,12,0.9035139679908752,0.437984496124031,0.4194373401534527,0.027131782945736434,0.03324808184143223,0.28294573643410853,0.2608695652173913,0.07364341085271318,0.08184143222506395,0.046511627906976744,0.020460358056265986
hannover,https://www.hannover.de/Leben-in-der-Region-Hannover/Soziales/Kinder-Jugendliche/Grundschulzeit/Einschulungskompass/Ideen-und-Informationen-für-zuhause/Bibliothek,1.7741046831955922,363,644,0.2,15,17,0.7255797386169434,0.43526170798898073,0.38975155279503104,0.013774104683195593,0.006211180124223602,0.26721763085399447,0.2577639751552795,0.10192837465564739,0.08695652173913043,0.03581267217630854,0.026397515527950312
hannover,https://www.hannover.de/Leben-in-der-Region-Hannover/Soziales/Kinder-Jugendliche/Grundschulzeit/Einschulungskompass/Ideen-und-Informationen-für-zuhause/Die-Eltern-zuhause,1.4603960396039604,606,885,0.0,3,22,0.8194502592086792,0.43399339933993397,0.40790960451977404,0.033003300330033,0.02598870056497175,0.25742574257425743,0.25536723163841807,0.08745874587458746,0.0768361581920904,0.041254125412541254,0.031638418079096044
hannover,https://www.hannover.de/Leben-in-der-Region-Hannover/Soziales/Kinder-Jugendliche/Grundschulzeit/Einschulungskompass/Ideen-und-Informationen-für-zuhause/Wochenplan,1.934256055363322,289,559,0.0,3,11,0.8040862083435059,0.43944636678200694,0.41323792486583183,0.01730103806228374,0.017889087656529516,0.2629757785467128,0.25402504472271914,0.08650519031141868,0.08228980322003578,0.04152249134948097,0.02146690518783542
hannover,https://www.hannover.de/Leben-in-der-Region-Hannover/Soziales/Kinder-Jugendliche/Grundschulzeit/Einschulungskompass/Ideen-und-Informationen-für-zuhause/Lernen-zuhause,1.3042362002567394,779,1016,0.14285714285714285,14,22,0.8639258742332458,0.4274711168164313,0.40846456692913385,0.01540436456996149,0.017716535433070866,0.22849807445442877,0.2253937007874016,0.09884467265725289,0.09251968503937008,0.030808729139922976,0.024606299212598423
hannover,https://www.hannover.de/Leben-in-der-Region-Hannover/Soziales/Kinder-Jugendliche/Grundschulzeit/Einschulungskompass/Ideen-und-Informationen-für-zuhause/Mein-Kind-geht-nicht-in-die-Schule,1.8006329113924051,316,569,0.42857142857142855,7,16,0.7982237339019775,0.38924050632911394,0.37434094903339193,0.0379746835443038,0.014059753954305799,0.2088607594936709,0.22319859402460457,0.06645569620253164,0.06854130052724078,0.04113924050632911,0.015817223198594025
hannover,https://www.hannover.de/Leben-in-der-Region-Hannover/Soziales/Kinder-Jugendliche/Grundschulzeit/Einschulungskompass/Kinder-mit-Förderbedarf,0.8347107438016529,121,101,0.0,1,1,0.8192490339279175,0.4049586776859504,0.38613861386138615,0.04132231404958678,0.0297029702970297,0.21487603305785125,0.1782178217821782,0.10743801652892562,0.1188118811881188,0.049586776859504134,0.0
hannover,https://www.hannover.de/Leben-in-der-Region-Hannover/Soziales/Kinder-Jugendliche/Grundschulzeit/Einschulungskompass/Kinder-mit-Förderbedarf/Kinder-mit-Förderbedarf-in-der-Grundschule,2.327272727272727,165,384,0.0,1,9,0.8807685971260071,0.3939393939393939,0.4270833333333333,0.012121212121212121,0.026041666666666668,0.24848484848484848,0.2552083333333333,0.11515151515151516,0.09375,0.06060606060606061,0.015625
hannover,https://www.hannover.de/Leben-in-der-Region-Hannover/Soziales/Kinder-Jugendliche/Grundschulzeit/Einschulungskompass/Kinder-mit-Förderbedarf/Hilfe-für-Ihr-Kind,1.316564417177914,815,1073,0.20833333333333334,24,32,0.8573093414306641,0.452760736196319,0.40540540540540543,0.0343558282208589,0.0260950605778192,0.29447852760736193,0.2581547064305685,0.08834355828220859,0.0782851817334576,0.04294478527607362,0.023299161230195715
hannover,https://www.hannover.de/Leben-in-der-Region-Hannover/Soziales/Kinder-Jugendliche/Grundschulzeit/Einschulungskompass/Kinder-mit-Förderbedarf/Informationen-für-Eltern-von-Kindern-mit-Behinderungen,2.4645669291338583,127,313,0.16666666666666666,6,15,0.9639711380004883,0.44881889763779526,0.3865814696485623,0.023622047244094488,0.022364217252396165,0.29133858267716534,0.2587859424920128,0.09448818897637795,0.07348242811501597,0.05511811023622047,0.022364217252396165
hannover,https://www.hannover.de/Leben-in-der-Region-Hannover/Soziales/Kinder-Jugendliche/Grundschulzeit/Einschulungskompass/Spielen,1.8866396761133604,494,932,0.0,3,17,0.8803883790969849,0.4331983805668016,0.4227467811158798,0.024291497975708502,0.022532188841201718,0.20647773279352225,0.22317596566523604,0.12550607287449392,0.09012875536480687,0.032388663967611336,0.02467811158798283
hannover,https://www.hannover.de/Leben-in-der-Region-Hannover/Soziales/Kinder-Jugendliche/Grundschulzeit/Einschulungskompass/Das-machen-Kinder-mit-4-5-6-Jahren/Das-machen-viele-Kinder-mit-4-Jahren,1.3154848046309695,691,909,0.1111111111111111,9,15,0.8667389154434204,0.36903039073806077,0.40264026402640263,0.01447178002894356,0.0165016501650165,0.1736613603473227,0.23322332233223322,0.13024602026049203,0.0968096809680968,0.049204052098408106,0.0319031903190319
hannover,https://www.hannover.de/Leben-in-der-Region-Hannover/Soziales/Kinder-Jugendliche/Grundschulzeit/Einschulungskompass/Das-machen-Kinder-mit-4-5-6-Jahren/Das-machen-viele-Kinder-mit-5-Jahren,1.1157125456760049,821,916,0.1111111111111111,9,17,0.8877599239349365,0.4043848964677223,0.4192139737991266,0.020706455542021926,0.018558951965065504,0.1656516443361754,0.2368995633187773,0.1278928136419001,0.10043668122270742,0.0389768574908648,0.034934497816593885
hannover,https://www.hannover.de/Leben-in-der-Region-Hannover/Soziales/Kinder-Jugendliche/Grundschulzeit/Einschulungskompass/Das-machen-Kinder-mit-4-5-6-Jahren/Das-machen-viele-Kinder-mit-6-Jahren,1.2090261282660333,842,1018,0.0,5,17,0.8218275308609009,0.37054631828978624,0.42534381139489197,0.014251781472684086,0.021611001964636542,0.18646080760095013,0.2504911591355599,0.11163895486935867,0.09332023575638507,0.03800475059382423,0.03143418467583497
hannover,https://www.hannover.de/Leben-in-der-Region-Hannover/Soziales/Kinder-Jugendliche/Grundschulzeit/Einschulungskompass/Informationen-für-die-Zeit-vor-der-Einschulung/Bevor-Ihr-Kind-in-die-Schule-kommt,1.3196644920782852,1073,1416,0.2,15,29,0.6960694193840027,0.40354147250698974,0.3905367231638418,0.014911463187325256,0.020480225988700564,0.2348555452003728,0.22740112994350284,0.09319664492078285,0.0826271186440678,0.04287045666356011,0.01977401129943503
hannover,https://www.hannover.de/Leben-in-der-Region-Hannover/Soziales/Kinder-Jugendliche/Grundschulzeit/Einschulungskompass/Informationen-für-die-Zeit-vor-der-Einschulung/Der-Kindergarten-in-der-Schulvorbereitung,1.6393162393162393,585,959,0.0,8,20,0.7090795040130615,0.4358974358974359,0.40041710114702816,0.03418803418803419,0.021897810218978103,0.21196581196581196,0.23670490093847757,0.13333333333333333,0.09176225234619395,0.04444444444444444,0.026068821689259645
hannover,https://www.hannover.de/Leben-in-der-Region-Hannover/Soziales/Kinder-Jugendliche/Grundschulzeit/Einschulungskompass/Informationen-für-die-Zeit-vor-der-Einschulung/Was-passiert-in-der-Grundschule,1.7354988399071927,431,748,0.25,4,14,0.8921247720718384,0.3990719257540603,0.393048128342246,0.02320185614849188,0.01871657754010695,0.23433874709976799,0.24064171122994654,0.11136890951276102,0.08957219251336898,0.04176334106728538,0.03074866310160428
hannover,https://www.hannover.de/Leben-in-der-Region-Hannover/Soziales/Kinder-Jugendliche/Grundschulzeit/Einschulungskompass/Ideen-und-Informationen-für-zuhause/Bibliothek,1.7741046831955922,363,644,0.2,15,17,0.7255797386169434,0.43526170798898073,0.38975155279503104,0.013774104683195593,0.006211180124223602,0.26721763085399447,0.2577639751552795,0.10192837465564739,0.08695652173913043,0.03581267217630854,0.026397515527950312
hannover,https://www.hannover.de/Leben-in-der-Region-Hannover/Soziales/Kinder-Jugendliche/Grundschulzeit/Einschulungskompass/Ideen-und-Informationen-für-zuhause/Die-Eltern-zuhause,1.4603960396039604,606,885,0.0,3,22,0.8194502592086792,0.43399339933993397,0.40790960451977404,0.033003300330033,0.02598870056497175,0.25742574257425743,0.25536723163841807,0.08745874587458746,0.0768361581920904,0.041254125412541254,0.031638418079096044
hannover,https://www.hannover.de/Leben-in-der-Region-Hannover/Soziales/Kinder-Jugendliche/Grundschulzeit/Einschulungskompass/Ideen-und-Informationen-für-zuhause/Lernen-zuhause,1.3042362002567394,779,1016,0.14285714285714285,14,22,0.8639258742332458,0.4274711168164313,0.40846456692913385,0.01540436456996149,0.017716535433070866,0.22849807445442877,0.2253937007874016,0.09884467265725289,0.09251968503937008,0.030808729139922976,0.024606299212598423
hannover,https://www.hannover.de/Leben-in-der-Region-Hannover/Soziales/Kinder-Jugendliche/Grundschulzeit/Einschulungskompass/Ideen-und-Informationen-für-zuhause/Mein-Kind-geht-nicht-in-die-Schule,1.8006329113924051,316,569,0.42857142857142855,7,16,0.7982237339019775,0.38924050632911394,0.37434094903339193,0.0379746835443038,0.014059753954305799,0.2088607594936709,0.22319859402460457,0.06645569620253164,0.06854130052724078,0.04113924050632911,0.015817223198594025
hannover,https://www.hannover.de/Leben-in-der-Region-Hannover/Soziales/Kinder-Jugendliche/Grundschulzeit/Einschulungskompass/Ideen-und-Informationen-für-zuhause/Sportvereine,1.5155038759689923,258,391,0.3333333333333333,3,12,0.9035139679908752,0.437984496124031,0.4194373401534527,0.027131782945736434,0.03324808184143223,0.28294573643410853,0.2608695652173913,0.07364341085271318,0.08184143222506395,0.046511627906976744,0.020460358056265986
hannover,https://www.hannover.de/Leben-in-der-Region-Hannover/Soziales/Kinder-Jugendliche/Grundschulzeit/Einschulungskompass/Ideen-und-Informationen-für-zuhause/Wochenplan,1.934256055363322,289,559,0.0,3,11,0.8040862083435059,0.43944636678200694,0.41323792486583183,0.01730103806228374,0.017889087656529516,0.2629757785467128,0.25402504472271914,0.08650519031141868,0.08228980322003578,0.04152249134948097,0.02146690518783542
hannover,https://www.hannover.de/Leben-in-der-Region-Hannover/Soziales/Kinder-Jugendliche/Grundschulzeit/Einschulungskompass/Kinder-mit-Förderbedarf/Hilfe-für-Ihr-Kind,1.316564417177914,815,1073,0.20833333333333334,24,32,0.8573093414306641,0.452760736196319,0.40540540540540543,0.0343558282208589,0.0260950605778192,0.29447852760736193,0.2581547064305685,0.08834355828220859,0.0782851817334576,0.04294478527607362,0.023299161230195715
hannover,https://www.hannover.de/Leben-in-der-Region-Hannover/Soziales/Kinder-Jugendliche/Grundschulzeit/Einschulungskompass/Kinder-mit-Förderbedarf/Informationen-für-Eltern-von-Kindern-mit-Behinderungen,2.4645669291338583,127,313,0.16666666666666666,6,15,0.9639711380004883,0.44881889763779526,0.3865814696485623,0.023622047244094488,0.022364217252396165,0.29133858267716534,0.2587859424920128,0.09448818897637795,0.07348242811501597,0.05511811023622047,0.022364217252396165
hannover,https://www.hannover.de/Leben-in-der-Region-Hannover/Soziales/Kinder-Jugendliche/Grundschulzeit/Einschulungskompass/Kinder-mit-Förderbedarf/Kinder-mit-Förderbedarf-in-der-Grundschule,2.327272727272727,165,384,0.0,1,9,0.8807685971260071,0.3939393939393939,0.4270833333333333,0.012121212121212121,0.026041666666666668,0.24848484848484848,0.2552083333333333,0.11515151515151516,0.09375,0.06060606060606061,0.015625
hannover,https://www.hannover.de/Leben-in-der-Region-Hannover/Soziales/Sozialleistungen-weitere-Hilfen/Sozialhilfe,0.9512605042016806,595,566,0.375,8,9,0.7859143018722534,0.4638655462184874,0.4416961130742049,0.05714285714285714,0.03356890459363958,0.3058823529411765,0.2897526501766784,0.05546218487394958,0.07420494699646643,0.04369747899159664,0.026501766784452298
hannover,https://www.hannover.de/Leben-in-der-Region-Hannover/Soziales/Sozialleistungen-weitere-Hilfen/Bildungs-und-Teilhabepaket/Leitfaden-für-Mitarbeitende-in-Kindertageseinrichtungen-Kindertagesbetreuung/Kosten-für-Tagesausflüge-der-Kita,2.5455820476858344,713,1815,0.4666666666666667,15,40,0.450168251991272,0.3899018232819074,0.3928374655647383,0.015427769985974754,0.012121212121212121,0.2510518934081346,0.25234159779614324,0.07433380084151472,0.07272727272727272,0.02664796633941094,0.024793388429752067
hannover,https://www.hannover.de/Leben-in-der-Region-Hannover/Soziales/Sozialleistungen-weitere-Hilfen/Bildungs-und-Teilhabepaket/Leitfaden-für-Mitarbeitende-in-Kindertageseinrichtungen-Kindertagesbetreuung/Kosten-für-mehrtägige-Fahrten-der-Kita,2.3771353482260182,761,1809,0.42857142857142855,14,34,0.3869498074054718,0.39421813403416556,0.3946932006633499,0.022339027595269383,0.013266998341625208,0.25624178712220763,0.26036484245439473,0.06964520367936924,0.07296849087893864,0.03679369250985545,0.027086788280818133
hannover,https://www.hannover.de/Leben-in-der-Region-Hannover/Soziales/Sozialleistungen-weitere-Hilfen/Bildungs-und-Teilhabepaket/Leitfaden-für-Mitarbeitende-in-Kindertageseinrichtungen-Kindertagesbetreuung/Kosten-für-Mittagsverpflegung,2.289073305670816,723,1655,0.6923076923076923,13,31,0.7400844693183899,0.40802213001383125,0.39637462235649545,0.030428769017980636,0.012084592145015106,0.22821576763485477,0.24833836858006042,0.08437067773167359,0.0797583081570997,0.04011065006915629,0.025981873111782478
hannover,https://www.hannover.de/Leben-in-der-Region-Hannover/Soziales/Sozialleistungen-weitere-Hilfen/Bildungs-und-Teilhabepaket/Leitfaden-für-Mitarbeitende-in-Kindertageseinrichtungen-Kindertagesbetreuung/Kosten-für-Teilhabeaktivitäten,2.0536992840095465,838,1721,0.4375,16,44,0.4885697364807129,0.4152744630071599,0.39105171411969786,0.034606205250596656,0.0168506682161534,0.26610978520286394,0.2568274259151656,0.06801909307875895,0.06798373038930854,0.029832935560859187,0.026147588611272515
hannover,https://www.hannover.de/Leben-in-der-Region-Hannover/Soziales/Sozialleistungen-weitere-Hilfen/Bildungs-und-Teilhabepaket/Leitfaden-für-Mitarbeitende-in-Kindertageseinrichtungen-Kindertagesbetreuung/Häufig-gestellte-Fragen,3.31864406779661,295,979,0.15384615384615385,13,29,0.6698706150054932,0.4,0.39632277834525026,0.030508474576271188,0.012257405515832482,0.26101694915254237,0.2757916241062308,0.0847457627118644,0.07048008171603677,0.020338983050847456,0.02553626149131767
hannover,"https://www.hannover.de/Leben-in-der-Region-Hannover/Soziales/Familie-Partnerschaft/Beratung-Unterstützung/Beratung-für-Eltern,-Kinder-und-Jugendliche/Familien-und-Erziehungsberatung/Beratungsstellen-für-Eltern,-Kinder-und-Jugendliche-der-Region-Hannover/Beratungsstelle-für-Eltern,-Kinder-und-Jugendliche-Burgdorf/Gruppenangebot-für-Mütter-mit-Kindern-im-ersten-Lebensjahr",0.8561525129982669,577,494,0.75,4,9,0.8334218859672546,0.44020797227036396,0.3825910931174089,0.05545927209705372,0.020242914979757085,0.2270363951473137,0.242914979757085,0.07105719237435008,0.04048582995951417,0.04332755632582322,0.02631578947368421
hannover,https://www.hannover.de/Kultur-Freizeit/Geschichte-Geschichten/Erinnerungskultur/ZeitZentrum-Zivilcourage/Über-uns/Von-der-Idee-zur-Eröffnung-des-ZeitZentrum-Zivilcourage,0.7696811971372804,1537,1183,0.2,60,36,0.5825808048248291,0.47625243981782694,0.40490278951817416,0.06766428106701367,0.032121724429416736,0.32270657124268054,0.2688081149619611,0.0468445022771633,0.0676246830092984,0.04424202992843201,0.03127641589180051
hannover,https://www.hannover.de/Kultur-Freizeit/Geschichte-Geschichten/Erinnerungskultur/ZeitZentrum-Zivilcourage/Ihr-Besuch,1.7545454545454546,990,1737,0.23076923076923078,39,44,0.5000181198120117,0.4505050505050505,0.4058721934369603,0.06363636363636363,0.0333909038572251,0.28686868686868683,0.2504317789291883,0.05858585858585859,0.06217616580310881,0.03838383838383838,0.018998272884283247
hannover,https://www.hannover.de/Kultur-Freizeit/Geschichte-Geschichten/Erinnerungskultur/ZeitZentrum-Zivilcourage/Über-uns/Von-der-Idee-zur-Eröffnung-des-ZeitZentrum-Zivilcourage,0.7696811971372804,1537,1183,0.2,60,36,0.5825808048248291,0.47625243981782694,0.40490278951817416,0.06766428106701367,0.032121724429416736,0.32270657124268054,0.2688081149619611,0.0468445022771633,0.0676246830092984,0.04424202992843201,0.03127641589180051
hannover,https://www.hannover.de/Kultur-Freizeit/Geschichte-Geschichten/Erinnerungskultur/ZeitZentrum-Zivilcourage/Bildungsangebote,1.2547770700636942,628,788,0.07142857142857142,14,25,0.5386661887168884,0.4570063694267516,0.3870558375634518,0.04777070063694268,0.021573604060913704,0.2627388535031847,0.23604060913705582,0.06687898089171974,0.07487309644670051,0.04936305732484077,0.021573604060913704
hannover,https://www.hannover.de/Leben-in-der-Region-Hannover/Soziales/Sozialleistungen-weitere-Hilfen/Bildungs-und-Teilhabepaket/Leitfaden-für-Mitarbeitende-in-Kindertageseinrichtungen-Kindertagesbetreuung,1.6379310344827587,696,1140,0.37037037037037035,27,31,0.6855217814445496,0.4382183908045977,0.41754385964912283,0.041666666666666664,0.027192982456140352,0.3146551724137931,0.2780701754385965,0.05459770114942529,0.06842105263157895,0.03735632183908046,0.02456140350877193
hannover,https://www.hannover.de/Leben-in-der-Region-Hannover/Soziales/Sozialleistungen-weitere-Hilfen/Bildungs-und-Teilhabepaket/Leitfaden-für-Mitarbeitende-in-Kindertageseinrichtungen-Kindertagesbetreuung/Kosten-für-mehrtägige-Fahrten-der-Kita,2.3771353482260182,761,1809,0.42857142857142855,14,34,0.3869498074054718,0.39421813403416556,0.3946932006633499,0.022339027595269383,0.013266998341625208,0.25624178712220763,0.26036484245439473,0.06964520367936924,0.07296849087893864,0.03679369250985545,0.027086788280818133
hannover,https://www.hannover.de/Leben-in-der-Region-Hannover/Soziales/Sozialleistungen-weitere-Hilfen/Bildungs-und-Teilhabepaket/Leitfaden-für-Mitarbeitende-in-Kindertageseinrichtungen-Kindertagesbetreuung/Kosten-für-Mittagsverpflegung,2.289073305670816,723,1655,0.6923076923076923,13,31,0.7400844693183899,0.40802213001383125,0.39637462235649545,0.030428769017980636,0.012084592145015106,0.22821576763485477,0.24833836858006042,0.08437067773167359,0.0797583081570997,0.04011065006915629,0.025981873111782478
hannover,https://www.hannover.de/Leben-in-der-Region-Hannover/Soziales/Sozialleistungen-weitere-Hilfen/Bildungs-und-Teilhabepaket/Leitfaden-für-Mitarbeitende-in-Kindertageseinrichtungen-Kindertagesbetreuung/Kosten-für-Teilhabeaktivitäten,2.0536992840095465,838,1721,0.4375,16,44,0.4885697364807129,0.4152744630071599,0.39105171411969786,0.034606205250596656,0.0168506682161534,0.26610978520286394,0.2568274259151656,0.06801909307875895,0.06798373038930854,0.029832935560859187,0.026147588611272515
hannover,https://www.hannover.de/Leben-in-der-Region-Hannover/Soziales/Sozialleistungen-weitere-Hilfen/Bildungs-und-Teilhabepaket/Leitfaden-für-Mitarbeitende-in-Kindertageseinrichtungen-Kindertagesbetreuung/Häufig-gestellte-Fragen,3.31864406779661,295,979,0.15384615384615385,13,29,0.6698706150054932,0.4,0.39632277834525026,0.030508474576271188,0.012257405515832482,0.26101694915254237,0.2757916241062308,0.0847457627118644,0.07048008171603677,0.020338983050847456,0.02553626149131767
hannover,https://www.hannover.de/Leben-in-der-Region-Hannover/Soziales/Sozialleistungen-weitere-Hilfen/Bildungs-und-Teilhabepaket/Leitfaden-für-Mitarbeitende-in-Kindertageseinrichtungen-Kindertagesbetreuung/Kosten-für-Tagesausflüge-der-Kita,2.5455820476858344,713,1815,0.4666666666666667,15,40,0.450168251991272,0.3899018232819074,0.3928374655647383,0.015427769985974754,0.012121212121212121,0.2510518934081346,0.25234159779614324,0.07433380084151472,0.07272727272727272,0.02664796633941094,0.024793388429752067
hannover,"https://www.hannover.de/Leben-in-der-Region-Hannover/Soziales/Familie-Partnerschaft/Beratung-Unterstützung/Beratung-für-Eltern,-Kinder-und-Jugendliche/Familien-und-Erziehungsberatung/Beratungsstellen-für-Eltern,-Kinder-und-Jugendliche-der-Region-Hannover/Beratungsstelle-für-Eltern,-Kinder-und-Jugendliche-Burgdorf",0.6759259259259259,216,146,0.6666666666666666,9,11,0.8623440861701965,0.44907407407407407,0.3424657534246575,0.018518518518518517,0.0136986301369863,0.3194444444444445,0.26712328767123283,0.032407407407407406,0.0410958904109589,0.07870370370370369,0.03424657534246575
hannover,"https://www.hannover.de/Leben-in-der-Region-Hannover/Soziales/Familie-Partnerschaft/Beratung-Unterstützung/Beratung-für-Eltern,-Kinder-und-Jugendliche/Familien-und-Erziehungsberatung",1.6728395061728396,162,271,0.75,4,6,0.7150338888168335,0.41975308641975306,0.3948339483394834,0.037037037037037035,0.033210332103321034,0.25925925925925924,0.2656826568265683,0.06172839506172839,0.055350553505535055,0.030864197530864196,0.04059040590405904
hannover,"https://www.hannover.de/Leben-in-der-Region-Hannover/Soziales/Familie-Partnerschaft/Beratung-Unterstützung/Beratung-für-Eltern,-Kinder-und-Jugendliche/Familien-und-Erziehungsberatung/Beratungsstellen-für-Eltern,-Kinder-und-Jugendliche-der-Region-Hannover",0.75,404,303,0.3333333333333333,3,7,0.8480256795883179,0.41336633663366334,0.3696369636963696,0.03217821782178218,0.013201320132013201,0.24257425742574257,0.22442244224422442,0.06435643564356436,0.08250825082508251,0.06188118811881188,0.0297029702970297
apotheken,https://www.apotheken-umschau.de/krankheiten-symptome/augenkrankheiten/wie-kann-man-weitsichtigkeit-behandeln-733661.html,0.4445023449713392,1919,853,0.0,22,4,0.7182340621948242,0.4705575820739969,0.47596717467760846,0.0594059405940594,0.03399765533411489,0.23397602918186555,0.246189917936694,0.08389786347055758,0.09378663540445487,0.04950495049504951,0.01875732708089097
apotheken,https://www.apotheken-umschau.de/medikamente/heilpflanzen/baldrian-schlaffoerdernd-und-beruhigend-732989.html,1.0774976657329598,1071,1154,0.8918918918918919,37,42,0.8619383573532104,0.4892623716153128,0.49566724436741766,0.05228758169934641,0.038128249566724434,0.29038281979458447,0.28596187175043325,0.08123249299719888,0.09185441941074524,0.0392156862745098,0.016464471403812825
apotheken,https://www.apotheken-umschau.de/krankheiten-symptome/magen-und-darmerkrankungen/magenschleimhautentzuendung-symptome-diagnose-behandlung-739927.html,0.6143896523848019,1237,760,0.0,20,9,0.6326029300689697,0.4850444624090542,0.4934210526315789,0.06386418755052546,0.04078947368421053,0.24090541632983026,0.25394736842105264,0.09620048504446241,0.10394736842105264,0.0549717057396928,0.017105263157894738
apotheken,https://www.apotheken-umschau.de/krankheiten-symptome/psychische-krankheiten/zwangsstoerung-ursachen-symptome-und-behandlung-1473831.html,0.732185273159145,1684,1233,0.0,27,11,0.7078531384468079,0.47921615201900236,0.46877534468775345,0.0510688836104513,0.042173560421735604,0.22980997624703087,0.24736415247364152,0.1003562945368171,0.09164639091646391,0.06353919239904988,0.029197080291970802
apotheken,https://www.apotheken-umschau.de/krankheiten-symptome/infektionskrankheiten/mandelentzuendung-tonsillitis-735745.html,0.6792307692307692,1300,883,0.10714285714285714,28,7,0.6222231984138489,0.4723076923076923,0.4881087202718007,0.05384615384615385,0.04077010192525481,0.26076923076923075,0.2378255945639864,0.07923076923076923,0.1087202718006795,0.05538461538461538,0.03510758776896942
apotheken,https://www.apotheken-umschau.de/news/reisedurchfall-welche-medikamente-laut-stiftung-warentest-helfen-715693.html,0.6331658291457286,1194,756,0.10344827586206896,29,9,0.6753211617469788,0.4731993299832496,0.47883597883597884,0.032663316582914576,0.03439153439153439,0.2420435510887772,0.26322751322751325,0.09212730318257957,0.09788359788359788,0.059463986599664995,0.03571428571428571
apotheken,https://www.apotheken-umschau.de/diagnose/diagnoseverfahren/darmspiegelung-gruende-vorteile-risiken-734823.html,0.7003179650238474,1258,881,0.0,16,9,0.804513692855835,0.4642289348171701,0.47219069239500566,0.04133545310015898,0.022701475595913734,0.2599364069952305,0.26220204313280365,0.08585055643879173,0.10102156640181612,0.04848966613672496,0.018161180476730987
apotheken,https://www.apotheken-umschau.de/medikamente/basiswissen/antibiotika-richtig-einnehmen-715399.html,1.1297229219143576,794,897,0.18181818181818182,11,10,0.8078515529632568,0.45843828715365237,0.5027870680044593,0.03400503778337532,0.044593088071348944,0.21788413098236775,0.2508361204013378,0.10831234256926953,0.10033444816053512,0.04785894206549118,0.016722408026755852
apotheken,https://www.apotheken-umschau.de/e-health/mit-digitalen-helfern-gegen-die-migraene-837681.html,0.8462709284627092,657,556,0.13333333333333333,15,8,0.744091808795929,0.5083713850837138,0.4712230215827338,0.0441400304414003,0.02158273381294964,0.2526636225266362,0.2266187050359712,0.1187214611872146,0.1079136690647482,0.0563165905631659,0.02158273381294964
apotheken,https://www.apotheken-umschau.de/krankheiten-symptome/hautkrankheiten/neurodermitis-symptome-und-behandlung-734571.html,0.2106,5000,1053,0.04838709677419355,62,10,0.5889104604721069,0.4944,0.47198480531813863,0.0708,0.0389363722697056,0.25279999999999997,0.258309591642925,0.0754,0.07407407407407407,0.0554,0.035137701804368475
apotheken,https://www.apotheken-umschau.de/krankheiten-symptome/erkrankungen-der-weiblichen-geschlechtsorgane/wechseljahre-beginn-symptome-hilfe-bei-beschwerden-736281.html,2.5241157556270095,311,785,0.047619047619047616,21,7,0.7959619164466858,0.45016077170418006,0.4726114649681529,0.03858520900321544,0.03821656050955414,0.34083601286173637,0.2522292993630573,0.03858520900321544,0.07388535031847134,0.03858520900321544,0.01910828025477707
apotheken,https://www.apotheken-umschau.de/krankheiten-symptome/diabetes/typ-1/diabetes-mellitus-typ-1-808607.html,0.8244734202607823,997,822,0.07407407407407407,27,11,0.8305217027664185,0.5035105315947843,0.4781021897810219,0.07622868605817452,0.0340632603406326,0.2768304914744233,0.2749391727493917,0.0641925777331996,0.09975669099756691,0.03811434302908726,0.0170316301703163
apotheken,https://www.apotheken-umschau.de/krankheiten-symptome/lausbefall-735073.html,0.5790452572845629,1613,934,0.038461538461538464,26,8,0.4765244126319885,0.5034097954122753,0.4785867237687366,0.040297582145071294,0.04068522483940043,0.24736515809051457,0.2537473233404711,0.08927464352138871,0.10492505353319058,0.05145691258524489,0.021413276231263382
apotheken,https://www.apotheken-umschau.de/gesund-bleiben/sex/verhuetung-kupferspirale-713663.html,0.45295295295295296,1998,905,0.0,32,9,0.6447505950927734,0.46596596596596596,0.43867403314917125,0.042042042042042045,0.020994475138121547,0.22022022022022023,0.2386740331491713,0.09059059059059059,0.09502762430939227,0.05405405405405406,0.01878453038674033
apotheken,https://www.apotheken-umschau.de/krankheiten-symptome/magen-und-darmerkrankungen/stuhlgang-was-die-ausscheidungen-verraten-738911.html,0.871931696905016,937,817,0.0,15,12,0.713795006275177,0.5176093916755603,0.4847001223990208,0.0768409818569904,0.037943696450428395,0.29882604055496265,0.2423500611995104,0.06830309498399147,0.08445532435740515,0.05976520811099253,0.023255813953488372
apotheken,https://www.apotheken-umschau.de/therapie/erste-hilfe/knochenbruch-768031.html,1.893150684931507,365,691,0.0,3,5,0.6736211776733398,0.4958904109589041,0.48914616497829233,0.06301369863013699,0.06222865412445731,0.23561643835616436,0.2243125904486252,0.10410958904109589,0.0955137481910275,0.03287671232876712,0.017366136034732273
apotheken,https://www.apotheken-umschau.de/medikamente/heilpflanzen/indischer-flohsamen-pflanzliches-mittel-gegen-verstopfung-736369.html,1.2479892761394102,746,931,0.07692307692307693,13,9,0.6000543832778931,0.4624664879356568,0.48012889366272826,0.028150134048257374,0.04081632653061224,0.23458445040214476,0.23630504833512353,0.10991957104557641,0.10204081632653061,0.05093833780160858,0.01288936627282492
apotheken,https://www.apotheken-umschau.de/krankheiten-symptome/gelenks-und-knochenerkrankungen/oberschenkelhalsbruch-schenkelhalsfraktur-748873.html,0.5517941773865944,1477,815,0.07407407407407407,27,9,0.4528811573982239,0.48408937034529453,0.48957055214723927,0.06364251861882193,0.05030674846625767,0.2559241706161137,0.2441717791411043,0.07244414353419093,0.08466257668711656,0.04671631685849695,0.013496932515337423
apotheken,https://www.apotheken-umschau.de/e-health/medfluencer-wie-medizin-influencer-wissen-vermitteln-839261.html,0.8114457831325301,1660,1347,0.10638297872340426,47,39,0.46822407841682434,0.48012048192771084,0.4684484038604306,0.07349397590361446,0.04602821083890126,0.258433734939759,0.2635486265775798,0.07710843373493977,0.08092056421677803,0.0716867469879518,0.02301410541945063
apotheken,https://www.apotheken-umschau.de/krankheiten-symptome/schilddruesenueberfunktion-ursachen-symptome-behandlung-734417.html,0.3291492329149233,2868,944,0.01818181818181818,55,8,0.5180332660675049,0.499302649930265,0.4904661016949153,0.07078103207810321,0.026483050847457626,0.28172942817294283,0.25,0.07322175732217573,0.1027542372881356,0.04218967921896792,0.014830508474576272
apotheken,https://www.apotheken-umschau.de/e-health/erste-hilfe-apps-wie-das-smartphone-im-notfall-unterstuetzt-837689.html,1.3532710280373832,535,724,0.23076923076923078,13,14,0.7796587944030762,0.5009345794392523,0.4585635359116022,0.041121495327102804,0.027624309392265192,0.23738317757009347,0.2513812154696133,0.10093457943925234,0.10497237569060773,0.044859813084112146,0.012430939226519336
apotheken,https://www.apotheken-umschau.de/krankheiten-symptome/neurologische-erkrankungen/lumbale-spinalkanalstenose-wirbelkanalstenose-735261.html,0.35547984099943214,1761,626,0.047619047619047616,42,11,0.7818268537521362,0.46564452015900054,0.4744408945686901,0.0653038046564452,0.036741214057507986,0.2657580919931857,0.24920127795527156,0.06643952299829642,0.08306709265175719,0.03577512776831346,0.022364217252396165
apotheken,https://www.apotheken-umschau.de/therapie/erste-hilfe/herzstillstand-so-geht-erste-hilfe-766175.html,0.20507960576194087,2638,541,0.02702702702702703,37,6,0.5026412010192871,0.45489006823351025,0.47504621072088726,0.0356330553449583,0.05545286506469501,0.2202426080363912,0.21811460258780035,0.10272934040940106,0.10166358595194085,0.05458680818802123,0.011090573012939002
apotheken,https://www.apotheken-umschau.de/krankheiten-symptome/geschlechtskrankheiten/syphilis-lues-733965.html,0.8521400778210116,1542,1314,0.03571428571428571,28,11,0.7521344423294067,0.48378728923476005,0.4893455098934551,0.062905317769131,0.04185692541856925,0.25810635538261995,0.2480974124809741,0.07846952010376135,0.08295281582952815,0.04798962386511024,0.0167427701674277
apotheken,https://www.apotheken-umschau.de/krankheiten-symptome/magen-und-darmerkrankungen/magen-zwoelffingerdarmgeschwuer-734637.html,0.33400171870524203,3491,1166,0.0625,64,17,0.5549015402793884,0.4663420223431681,0.4528301886792453,0.04841019765110283,0.01972555746140652,0.25465482669722145,0.2555746140651801,0.07676883414494415,0.09348198970840481,0.0389573188198224,0.025728987993138937
apotheken,https://www.apotheken-umschau.de/medikamente/wirkstoffe/l-thyroxin-wirkung-nebenwirkungen-anwendungstipps-719751.html,0.8280141843971631,1128,934,0.0625,16,11,0.7491317391395569,0.48226950354609927,0.49785867237687365,0.0398936170212766,0.0417558886509636,0.2677304964539007,0.2773019271948608,0.08865248226950355,0.07922912205567452,0.044326241134751775,0.011777301927194861
apotheken,https://www.apotheken-umschau.de/medikamente/heilpflanzen/traubensilberkerze-pflanzliche-hilfe-in-den-wechseljahren-736517.html,1.3242105263157895,475,629,0.0,10,5,0.4172914922237396,0.4842105263157895,0.48330683624801274,0.042105263157894736,0.03815580286168521,0.27157894736842103,0.27980922098569155,0.09894736842105263,0.09538950715421304,0.037894736842105266,0.022257551669316374
apotheken,https://www.apotheken-umschau.de/krankheiten-symptome/herz-kreislauf-erkrankungen/thrombose-ursachen-therapien-und-vorbeugung-740009.html,0.2726745870762098,3451,941,0.045454545454545456,66,9,0.5631493330001831,0.5015937409446537,0.48352816153028694,0.05505650536076499,0.03506907545164718,0.2570269487105187,0.24867162592986186,0.09098811938568531,0.09670563230605739,0.04288611996522747,0.019128586609989374
apotheken,https://www.apotheken-umschau.de/therapie/therapiearten/defibrillator-neustart-fuer-das-herz-745527.html,0.7070588235294117,850,601,0.15789473684210525,19,17,0.705602765083313,0.48,0.4908485856905158,0.047058823529411764,0.04991680532445923,0.26,0.24958402662229617,0.09176470588235294,0.1064891846921797,0.05176470588235294,0.011647254575707155
apotheken,https://www.apotheken-umschau.de/krankheiten-symptome/gelenks-und-knochenerkrankungen/rueckenschmerzen-was-hilft-734999.html,0.3588379705400982,2444,877,0.0,42,8,0.6384429931640625,0.4918166939443535,0.4789053591790194,0.058919803600654665,0.053591790193842644,0.26063829787234044,0.24287343215507412,0.07692307692307693,0.08779931584948689,0.06096563011456628,0.02394526795895097
apotheken,https://www.apotheken-umschau.de/krankheiten-symptome/magen-und-darmerkrankungen/haemorrhoiden-ratgeber-739383.html,0.6231276213301378,1669,1040,0.03225806451612903,31,8,0.33157292008399963,0.5038945476333133,0.48846153846153845,0.07549430796884361,0.051923076923076926,0.25284601557819053,0.2423076923076923,0.09047333732774117,0.08653846153846154,0.046135410425404436,0.015384615384615385
apotheken,https://www.apotheken-umschau.de/krankheiten-symptome/infektionskrankheiten/richtig-inhalieren-so-geht-s-708809.html,0.6285714285714286,945,594,0.0,4,7,0.7762172222137451,0.48677248677248675,0.48484848484848486,0.07936507936507936,0.050505050505050504,0.22116402116402115,0.2356902356902357,0.09523809523809523,0.09764309764309764,0.050793650793650794,0.02861952861952862
apotheken,https://www.apotheken-umschau.de/krankheiten-symptome/augenkrankheiten/kurzsichtigkeit-ursachen-und-therapie-733871.html,0.8476394849785408,932,790,0.0,11,6,0.6405833959579468,0.48175965665236054,0.46835443037974683,0.06866952789699571,0.03670886075949367,0.2532188841201717,0.2417721518987342,0.09012875536480687,0.09113924050632911,0.0536480686695279,0.021518987341772152
apotheken,https://www.apotheken-umschau.de/krankheiten-symptome/psychische-krankheiten/woran-man-eine-bipolare-stoerung-erkennt-718449.html,0.7222884386174017,1678,1212,0.0,27,8,0.7565748691558838,0.4761620977353993,0.5057755775577558,0.06912991656734208,0.07425742574257425,0.23480333730631703,0.23184818481848185,0.08224076281287247,0.09570957095709572,0.05065554231227652,0.023927392739273926
apotheken,https://www.apotheken-umschau.de/krankheiten-symptome/gelenks-und-knochenerkrankungen/sehnenscheidenentzuendung-ursachen-beschwerden-behandlung-735129.html,0.4429945054945055,1456,645,0.0,21,5,0.5840193033218384,0.46153846153846156,0.4558139534883721,0.0521978021978022,0.03255813953488372,0.24175824175824176,0.22790697674418603,0.08104395604395605,0.10697674418604651,0.04807692307692308,0.021705426356589147
apotheken,https://www.apotheken-umschau.de/therapie/erste-hilfe/fremdkoerper-im-auge-766147.html,1.2649842271293374,317,401,0.0,2,4,0.8435942530632019,0.4384858044164038,0.4763092269326683,0.056782334384858045,0.0399002493765586,0.2018927444794953,0.2518703241895262,0.08832807570977919,0.09975062344139651,0.04731861198738171,0.0024937655860349127
apotheken,https://www.apotheken-umschau.de/krankheiten-symptome/symptome/sodbrennen-welche-medikamente-helfen-716665.html,0.9432739059967585,617,582,0.14285714285714285,7,7,0.5835643410682678,0.4651539708265802,0.4896907216494845,0.02593192868719611,0.037800687285223365,0.22366288492706646,0.2594501718213058,0.11507293354943274,0.10824742268041238,0.03403565640194489,0.022336769759450172
apotheken,https://www.apotheken-umschau.de/gesund-bleiben/vorsorge/impfungen-fuer-kinder-und-erwachsene-708063.html,0.5171323141802847,1897,981,0.1935483870967742,31,17,0.6963838338851929,0.46599894570374273,0.4872579001019368,0.040063257775434895,0.0254841997961264,0.2261465471797575,0.2599388379204893,0.09857670005271481,0.10295616717635066,0.047970479704797044,0.00815494393476045
apotheken,https://www.apotheken-umschau.de/medikamente/heilpflanzen/arnika-helfer-bei-kleinen-verletzungen-732973.html,1.858695652173913,276,513,0.14285714285714285,7,12,0.749004602432251,0.4891304347826087,0.4873294346978557,0.05434782608695652,0.029239766081871343,0.2934782608695652,0.2709551656920078,0.08695652173913043,0.10526315789473684,0.03985507246376811,0.017543859649122806
apotheken,https://www.apotheken-umschau.de/krankheiten-symptome/herz-kreislauf-erkrankungen/herzbeutelentzuendung-perikarditis-734271.html,0.4228480761602539,2521,1066,0.0625,48,14,0.6051461696624756,0.45656485521618406,0.4821763602251407,0.07021023403411344,0.04784240150093809,0.2506941689805633,0.2523452157598499,0.06862356207854026,0.08911819887429644,0.03927013090043634,0.014071294559099438
apotheken,https://www.apotheken-umschau.de/krankheiten-symptome/symptome/fieber-richtig-messen-so-geht-s-717301.html,1.0,954,954,0.0,13,11,0.6752854585647583,0.46645702306079667,0.4580712788259958,0.025157232704402517,0.02410901467505241,0.2368972746331237,0.24737945492662472,0.08909853249475891,0.0859538784067086,0.039832285115303984,0.016771488469601678
apotheken,https://www.apotheken-umschau.de/krankheiten-symptome/augenkrankheiten/gerstenkorn-wie-es-entsteht-und-wieder-weggeht-733561.html,1.012962962962963,1080,1094,0.05263157894736842,19,12,0.5318161249160767,0.4537037037037037,0.46617915904936014,0.03796296296296296,0.026508226691042046,0.22222222222222224,0.23217550274223034,0.1,0.10237659963436929,0.05092592592592592,0.016453382084095063
apotheken,https://www.apotheken-umschau.de/e-health/e-rezept/e-rezept-723151.html,0.5401459854014599,1507,814,0.14285714285714285,35,18,0.6362063884735107,0.4299933642999336,0.44226044226044225,0.043132050431320505,0.028255528255528257,0.23224950232249503,0.22358722358722358,0.08294625082946251,0.10810810810810811,0.0378234903782349,0.012285012285012284
apotheken,https://www.apotheken-umschau.de/krankheiten-symptome/magen-und-darmerkrankungen/akute-bauchspeicheldruesenentzuendung-734221.html,0.34710193204530315,1501,521,0.11428571428571428,35,10,0.6892794370651245,0.4876748834110593,0.4817658349328215,0.057961359093937376,0.044145873320537425,0.2798134576948701,0.2437619961612284,0.0759493670886076,0.1017274472168906,0.030646235842771485,0.015355086372360844
apotheken,https://www.apotheken-umschau.de/e-health/telemedizin-der-digitale-draht-zur-arztpraxis-837657.html,0.7938432835820896,1072,851,0.13333333333333333,15,9,0.7003289461135864,0.4766791044776119,0.47591069330199764,0.06809701492537314,0.03290246768507638,0.24906716417910446,0.27614571092831963,0.08488805970149253,0.09048178613396005,0.06902985074626866,0.01762632197414806
apotheken,https://www.apotheken-umschau.de/krankheiten-symptome/magen-und-darmerkrankungen/analfissur-afterriss-734043.html,0.43361128928800513,1559,676,0.0975609756097561,41,10,0.7599124908447266,0.4765875561257216,0.46745562130177515,0.05644644002565747,0.042899408284023666,0.2443874278383579,0.2544378698224852,0.08723540731237973,0.09319526627218935,0.0391276459268762,0.020710059171597635
apotheken,https://www.apotheken-umschau.de/medikamente/heilpflanzen/johanniskraut-pflanzliches-mittel-gegen-depression-733191.html,1.2199312714776633,582,710,0.14285714285714285,21,13,0.7028024792671204,0.506872852233677,0.5112676056338028,0.058419243986254296,0.04929577464788732,0.28350515463917525,0.2676056338028169,0.0859106529209622,0.10704225352112676,0.03951890034364261,0.014084507042253521
apotheken,https://www.apotheken-umschau.de/krankheiten-symptome/zahnkrankheiten/karies-733975.html,0.7518710420264825,1737,1306,0.08,25,10,0.6444487571716309,0.5025906735751295,0.4877488514548239,0.059297639608520435,0.02526799387442573,0.24640184225676454,0.25267993874425726,0.0955670696603339,0.10260336906584992,0.050662061024755324,0.0222052067381317
apotheken,https://www.apotheken-umschau.de/krankheiten-symptome/diabetes/folgeerkrankungen/diabetische-retinopathie-und-makulopathie-808755.html,27.689655172413794,29,803,1.0,0,0,0.5328745245933533,0.4827586206896552,0.47073474470734744,0.034482758620689655,0.06973848069738481,0.27586206896551724,0.22665006226650064,0.13793103448275862,0.09713574097135741,0.0,0.019925280199252802
apotheken,https://www.apotheken-umschau.de/krankheiten-symptome/hautkrankheiten/kraetze-ansteckung-symptome-und-behandlung-739623.html,0.33348017621145376,2270,757,0.03125,32,9,0.4772411584854126,0.4775330396475771,0.48877146631439894,0.05462555066079295,0.043593130779392336,0.24008810572687223,0.26552179656538966,0.0841409691629956,0.09114927344782034,0.05374449339207049,0.017173051519154558
apotheken,https://www.apotheken-umschau.de/krankheiten-symptome/infektionskrankheiten/hiv-infektion-aids-834345.html,0.524546827794562,2648,1389,0.07692307692307693,52,11,0.6697635650634766,0.4709214501510574,0.48524118070554356,0.04833836858006042,0.02663786897048236,0.252643504531722,0.26565874730021594,0.08421450151057402,0.09287257019438445,0.047960725075528704,0.017998560115190784
apotheken,https://www.apotheken-umschau.de/medikamente/heilpflanzen/lindert-teufelskralle-gelenkschmerzen-733503.html,1.2076612903225807,496,599,0.07692307692307693,13,7,0.593344509601593,0.49193548387096775,0.4958263772954925,0.04233870967741935,0.03672787979966611,0.2560483870967742,0.2904841402337229,0.10887096774193548,0.1001669449081803,0.046370967741935484,0.01669449081803005
apotheken,https://www.apotheken-umschau.de/krankheiten-symptome/hautkrankheiten/kaelteschaeden-wie-sie-richtig-reagieren-742217.html,0.3748558246828143,2601,975,0.023255813953488372,43,11,0.5965552926063538,0.45636293733179545,0.48717948717948717,0.05228758169934641,0.05435897435897436,0.21799307958477507,0.22153846153846155,0.09111880046136102,0.10564102564102563,0.050365244136870435,0.02358974358974359
apotheken,https://www.apotheken-umschau.de/krankheiten-symptome/symptome/schilddruese-was-ist-ein-kropf-713381.html,1.03886925795053,566,588,0.0,9,6,0.38683271408081055,0.4787985865724382,0.47619047619047616,0.04063604240282685,0.02891156462585034,0.2597173144876325,0.24149659863945577,0.09363957597173145,0.10204081632653061,0.0353356890459364,0.008503401360544217
apotheken,https://www.apotheken-umschau.de/krankheiten-symptome/gelenks-und-knochenerkrankungen/bandscheibenvorfall-symptome-diagnose-therapie-740735.html,0.6473520249221184,1605,1039,0.0,29,8,0.704594612121582,0.4616822429906542,0.47256977863330124,0.04236760124610592,0.04234841193455245,0.24984423676012463,0.24542829643888353,0.07912772585669782,0.09720885466794996,0.06105919003115265,0.019249278152069296
apotheken,https://www.apotheken-umschau.de/gesund-bleiben/sex/verhuetung-kondom-707741.html,1.2671300893743793,1007,1276,0.09090909090909091,11,10,0.6157618761062622,0.46772591857000995,0.4663009404388715,0.04270109235352532,0.022727272727272728,0.20754716981132076,0.22884012539184953,0.08738828202581926,0.09639498432601881,0.04766633565044687,0.028996865203761758
apotheken,https://www.apotheken-umschau.de/krankheiten-symptome/zahnkrankheiten/parodontitis-symptome-diagnose-therapie-vorbeugen-733985.html,0.6572164948453608,1940,1275,0.03571428571428571,28,14,0.670065701007843,0.49226804123711343,0.48,0.050515463917525774,0.027450980392156862,0.2618556701030928,0.2454901960784314,0.088659793814433,0.10823529411764705,0.04845360824742268,0.0196078431372549
apotheken,https://www.apotheken-umschau.de/krankheiten-symptome/psychische-krankheiten/phobien-phobische-stoerung-738661.html,0.26858275520317143,4036,1084,0.10638297872340426,47,12,0.7898404598236084,0.4729930624380575,0.48523985239852396,0.060703666997026756,0.05350553505535055,0.2346382556987116,0.25276752767527677,0.09018830525272548,0.0959409594095941,0.04831516352824579,0.023062730627306273
apotheken,https://www.apotheken-umschau.de/krankheiten-symptome/erkrankungen-der-ohren/akute-mittelohrentzuendung-erkennen-und-behandeln-734211.html,0.3510514018691589,1712,601,0.07317073170731707,41,8,0.34720706939697266,0.45385514018691586,0.47753743760399336,0.036214953271028034,0.05823627287853577,0.24766355140186916,0.24126455906821964,0.09813084112149532,0.08652246256239601,0.04380841121495327,0.02329450915141431
apotheken,https://www.apotheken-umschau.de/diagnose/laborwerte/grosses-blutbild-weisse-blutkoerperchen-unter-der-lupe-742561.html,0.5716612377850163,1228,702,0.05555555555555555,18,7,0.5930793285369873,0.4812703583061889,0.4943019943019943,0.07573289902280131,0.07264957264957266,0.2736156351791531,0.27350427350427353,0.06677524429967427,0.0754985754985755,0.043973941368078175,0.01566951566951567
apotheken,https://www.apotheken-umschau.de/krankheiten-symptome/was-tun-bei-einer-lebensmittel-vergiftung-738111.html,0.7392290249433107,1323,978,0.0,29,10,0.7124689221382141,0.47845804988662133,0.5,0.05139833711262283,0.03885480572597137,0.254724111866969,0.26175869120654394,0.08616780045351474,0.08282208588957055,0.049886621315192746,0.03067484662576687
apotheken,https://www.apotheken-umschau.de/gesund-bleiben/sex/verhuetungsring-713727.html,0.7973531844499586,1209,964,0.06666666666666667,15,7,0.670127272605896,0.46567411083540117,0.44190871369294604,0.04466501240694789,0.028008298755186723,0.24731182795698925,0.229253112033195,0.08354011579818031,0.09232365145228216,0.0380479735318445,0.014522821576763486
apotheken,https://www.apotheken-umschau.de/therapie/erste-hilfe/herzinfarkt-und-schlaganfall-768023.html,2.039568345323741,278,567,0.0,3,4,0.45820775628089905,0.43884892086330934,0.47442680776014107,0.05755395683453238,0.06878306878306878,0.20863309352517986,0.2257495590828924,0.08633093525179857,0.09347442680776014,0.046762589928057555,0.02292768959435626
apotheken,https://www.apotheken-umschau.de/krankheiten-symptome/infektionskrankheiten/coronavirus/corona-nachweis-die-testverfahren-im-ueberblick-724147.html,0.2722731057452123,3603,981,0.1134020618556701,97,28,0.5932353138923645,0.4768248681654177,0.4536187563710499,0.055509297807382736,0.027522935779816515,0.24507354981959478,0.25688073394495414,0.08159866777685262,0.09276248725790011,0.03913405495420483,0.013251783893985729
apotheken,https://www.apotheken-umschau.de/krankheiten-symptome/neurologische-erkrankungen/multiple-sklerose-ms-ursachen-symptome-verlauf-behandlung-735343.html,0.5106277805239743,2023,1033,0.02040816326530612,49,12,0.7464321851730347,0.5061789421651013,0.510164569215876,0.07068709836875926,0.041626331074540175,0.2847256549678695,0.271055179090029,0.0726643598615917,0.09874152952565343,0.04844290657439446,0.01936108422071636
apotheken,https://www.apotheken-umschau.de/krankheiten-symptome/psychische-krankheiten/schlafstoerungen-ursachen-therapien-und-selbsthilfe-1004699.html,0.43660041124057575,2918,1274,0.0,71,8,0.7413086891174316,0.4866346812885538,0.4803767660910518,0.04043865661411926,0.03218210361067504,0.2577107607950651,0.22841444270015698,0.08533241946538725,0.10910518053375197,0.039753255654557916,0.026687598116169546
apotheken,https://www.apotheken-umschau.de/e-health/familienplanung-per-app-kann-das-funktionieren-837741.html,1.3198804185351272,669,883,0.3,10,21,0.5545794367790222,0.484304932735426,0.46319365798414497,0.03736920777279522,0.035107587768969425,0.24514200298953662,0.24235560588901472,0.09267563527653214,0.09513023782559456,0.03736920777279522,0.01698754246885617
apotheken,https://www.apotheken-umschau.de/e-health/hilfreich-und-bequem-blutdruck-digital-managen-837737.html,1.3579881656804733,676,918,0.1111111111111111,9,13,0.5913174748420715,0.507396449704142,0.4662309368191721,0.047337278106508875,0.04139433551198257,0.2618343195266272,0.23638344226579522,0.10798816568047337,0.09803921568627451,0.03550295857988166,0.015250544662309368
apotheken,https://www.apotheken-umschau.de/krankheiten-symptome/gelenks-und-knochenerkrankungen/schluesselbeinbruch-740679.html,0.5963718820861678,1323,789,0.13333333333333333,30,10,0.8085309267044067,0.4656084656084656,0.458808618504436,0.05291005291005291,0.04055766793409379,0.26152683295540435,0.24207858048162229,0.06878306878306878,0.09759188846641319,0.04383975812547241,0.016476552598225603
apotheken,https://www.apotheken-umschau.de/therapie/erste-hilfe/bewusstlose-lagern-766053.html,2.0276923076923077,325,659,0.0,1,9,0.7132389545440674,0.4369230769230769,0.4992412746585736,0.027692307692307693,0.07132018209408195,0.20923076923076925,0.20182094081942337,0.11692307692307692,0.09711684370257967,0.05846153846153846,0.012139605462822459
apotheken,https://www.apotheken-umschau.de/medikamente/basiswissen/schmerzmittel-welches-hilft-wann-717725.html,0.6773455377574371,1311,888,0.0,34,8,0.4364559054374695,0.4996186117467582,0.5,0.06331045003813883,0.028153153153153154,0.24866514111365368,0.26013513513513514,0.08695652173913043,0.10247747747747747,0.038901601830663615,0.02477477477477477
apotheken,https://www.apotheken-umschau.de/krankheiten-symptome/infektionskrankheiten/eileiterentzuendung-und-eierstockentzuendung-adnexitis-734141.html,0.6406779661016949,1180,756,0.043478260869565216,23,6,0.42639824748039246,0.48135593220338985,0.4695767195767196,0.06610169491525424,0.027777777777777776,0.27796610169491526,0.2671957671957672,0.06949152542372881,0.09391534391534391,0.04745762711864407,0.03968253968253968
apotheken,https://www.apotheken-umschau.de/medikamente/wirkstoffe/tilidin-wirkung-nebenwirkungen-wichtige-hinweise-718755.html,1.1591263650546022,641,743,0.0,2,6,0.8653696179389954,0.4711388455538221,0.49125168236877526,0.0421216848673947,0.029609690444145357,0.26521060842433697,0.2543741588156124,0.10140405616224649,0.10497981157469717,0.059282371294851796,0.018842530282637954
apotheken,https://www.apotheken-umschau.de/e-health/zyklus-apps-die-digitalen-perioden-tracker-837667.html,1.0087847730600292,683,689,0.3333333333333333,3,13,0.5742582082748413,0.4890190336749634,0.4731494920174166,0.05417276720351391,0.03193033381712627,0.21376281112737922,0.23802612481857766,0.10248901903367497,0.10304789550072568,0.06442166910688141,0.01741654571843251
apotheken,https://www.apotheken-umschau.de/krankheiten-symptome/gelenks-und-knochenerkrankungen/hexenschuss-was-tun-wenn-ploetzlich-nichts-mehr-geht-735041.html,0.5539383561643836,1168,647,0.0,17,5,0.6928297877311707,0.4700342465753425,0.4667697063369397,0.05136986301369863,0.05409582689335394,0.22773972602739725,0.2241112828438949,0.08904109589041095,0.08964451313755796,0.05736301369863013,0.0231839258114374
apotheken,https://www.apotheken-umschau.de/krankheiten-symptome/rheumatische-erkrankungen/rheuma-erkennen-und-behandeln-708001.html,1.2439862542955327,291,362,0.16666666666666666,6,6,0.8846062421798706,0.5120274914089347,0.4861878453038674,0.0859106529209622,0.04419889502762431,0.23711340206185566,0.24861878453038674,0.08934707903780069,0.10773480662983426,0.041237113402061855,0.027624309392265192
apotheken,https://www.apotheken-umschau.de/krankheiten-symptome/psychische-krankheiten/alkoholsucht-alkoholabhaengigkeit-736931.html,0.6482260974143115,1663,1078,0.10526315789473684,19,18,0.7934550046920776,0.5033072760072159,0.4897959183673469,0.07276007215874924,0.03710575139146568,0.2579675285628382,0.2523191094619666,0.08538785327720987,0.09740259740259741,0.052315093205051115,0.01391465677179963
apotheken,https://www.apotheken-umschau.de/therapie/therapiearten/psychotherapien-welche-es-gibt-wann-sie-helfen-832635.html,0.5663675011809164,2117,1199,0.07142857142857142,14,10,0.6266015768051147,0.4624468587623996,0.475396163469558,0.05762871988663203,0.0408673894912427,0.23948984411903637,0.26688907422852376,0.09163911195087387,0.09591326105087573,0.06235238545111006,0.02835696413678065
apotheken,https://www.apotheken-umschau.de/krankheiten-symptome/magen-und-darmerkrankungen/laktoseintoleranz-milchzucker-unvertraeglichkeit-738977.html,0.41673894189071986,2306,961,0.03225806451612903,31,8,0.8171416521072388,0.4852558542931483,0.4703433922996878,0.060711188204683436,0.021852237252861603,0.2432784041630529,0.26638917793964617,0.07372072853425846,0.09573361082206035,0.03772766695576756,0.019771071800208116
apotheken,https://www.apotheken-umschau.de/krankheiten-symptome/magen-und-darmerkrankungen/gallensteine-behandlung-nicht-immer-noetig-735451.html,0.35421074904782057,2363,837,0.12,50,12,0.41869527101516724,0.4845535336436733,0.4755077658303465,0.05162928480744816,0.03942652329749104,0.2568768514600085,0.24611708482676226,0.08252221752010157,0.0967741935483871,0.04274227676682184,0.021505376344086023
apotheken,https://www.apotheken-umschau.de/therapie/erste-hilfe/bei-kindern/was-tun-bei-vergiftungen-790123.html,1.3201970443349753,609,804,0.0,7,23,0.5115628838539124,0.4367816091954023,0.4601990049751244,0.034482758620689655,0.043532338308457715,0.22660098522167488,0.2462686567164179,0.11330049261083744,0.09825870646766169,0.05911330049261084,0.01990049751243781
apotheken,https://www.bundesgesundheitsministerium.de/service/begriffe-von-a-z/c/chronisch-kranke-menschen.html,1.023688663282572,591,605,0.3333333333333333,6,16,0.5531415343284607,0.5228426395939086,0.5008264462809917,0.10998307952622674,0.05454545454545454,0.27580372250423013,0.2809917355371901,0.06429780033840947,0.08429752066115702,0.050761421319796954,0.01983471074380165
apotheken,https://www.apotheken-umschau.de/medikamente/heilpflanzen/cayennepfeffer-hilfreich-gegen-schmerzen-735803.html,1.1967213114754098,488,584,0.1,10,7,0.6630897521972656,0.48975409836065575,0.4828767123287671,0.045081967213114756,0.03767123287671233,0.24385245901639344,0.24143835616438356,0.11270491803278689,0.10445205479452055,0.04918032786885246,0.018835616438356163
apotheken,https://www.apotheken-umschau.de/krankheiten-symptome/adipositas-733691.html,0.31089160384715364,3847,1196,0.07317073170731707,41,12,0.6409392952919006,0.5011697426566155,0.479933110367893,0.06732518845853912,0.03678929765886288,0.24148687288796464,0.25501672240802675,0.08448141408890045,0.09698996655518395,0.0590070184559397,0.019230769230769232
apotheken,https://www.apotheken-umschau.de/krankheiten-symptome/was-sind-seltene-krankheiten-und-wo-finden-betroffene-hilfe-947953.html,0.35308056872037913,2532,894,0.05357142857142857,56,18,0.3670262396335602,0.48459715639810425,0.4519015659955257,0.06200631911532385,0.03243847874720358,0.22985781990521326,0.26733780760626397,0.07780410742496051,0.08501118568232663,0.05173775671406003,0.03467561521252797
apotheken,https://www.apotheken-umschau.de/krankheiten-symptome/zahnkrankheiten/zahnwurzelentzuendung-743571.html,0.48324324324324325,1850,894,0.030303030303030304,33,4,0.2634303867816925,0.48,0.4843400447427293,0.04756756756756757,0.021252796420581657,0.24054054054054055,0.2505592841163311,0.0891891891891892,0.11409395973154363,0.04216216216216216,0.021252796420581654
apotheken,https://www.apotheken-umschau.de/therapie/erste-hilfe/erste-hilfe-wunden-richtig-versorgen-766065.html,1.211498973305955,974,1180,0.0,8,11,0.8022913336753845,0.4938398357289528,0.4711864406779661,0.050308008213552365,0.027966101694915254,0.21868583162217659,0.21694915254237288,0.11601642710472279,0.11864406779661017,0.044147843942505136,0.019491525423728815
apotheken,https://www.apotheken-umschau.de/krankheiten-symptome/hautkrankheiten/nagelbettentzuendung-symptome-und-behandlung-738987.html,0.5905639913232104,1844,1089,0.07142857142857142,28,10,0.559749186038971,0.4745119305856833,0.48484848484848486,0.05368763557483731,0.04315886134067952,0.2380694143167028,0.23507805325987144,0.09815618221258135,0.09733700642791551,0.07429501084598698,0.020202020202020204
apotheken,https://www.apotheken-umschau.de/mein-koerper/augen/der-einfache-netzhaut-check-706475.html,4.076595744680851,235,958,0.0,13,9,0.10984721779823303,0.42127659574468085,0.4780793319415449,0.0425531914893617,0.04801670146137787,0.2,0.22755741127348644,0.09361702127659574,0.10542797494780794,0.029787234042553193,0.016701461377870562
apotheken,https://www.apotheken-umschau.de/krankheiten-symptome/gelenks-und-knochenerkrankungen/rueckenschmerzen-was-hilft-734999.html,0.31873977086743044,2444,779,0.0,42,10,0.5770896673202515,0.4918166939443535,0.5083440308087291,0.058919803600654665,0.06546854942233633,0.26063829787234044,0.27471116816431324,0.07692307692307693,0.08600770218228498,0.06096563011456628,0.020539152759948654
apotheken,https://www.apotheken-umschau.de/therapie/therapiearten/wadenwickel-richtig-anwenden-so-geht-s-743397.html,0.7193744569939183,1151,828,0.05,40,8,0.5657355785369873,0.49609035621198955,0.46618357487922707,0.04865334491746308,0.027777777777777776,0.26151172893136404,0.24758454106280192,0.08688097306689835,0.0929951690821256,0.046046915725456126,0.026570048309178744
apotheken,https://www.apotheken-umschau.de/krankheiten-symptome/gelenks-und-knochenerkrankungen/rueckenschmerzen-was-hilft-734999.html,0.33101472995090014,2444,809,0.0,42,9,0.55778568983078,0.4918166939443535,0.4820766378244747,0.058919803600654665,0.06674907292954264,0.26063829787234044,0.2373300370828183,0.07692307692307693,0.09517923362175525,0.06096563011456628,0.021013597033374534
apotheken,https://www.apotheken-umschau.de/krankheiten-symptome/augenkrankheiten/grauer-star-linsentruebung-katarakt-symptome-operation-733619.html,0.829916476841306,1317,1093,0.07142857142857142,42,14,0.7197823524475098,0.510250569476082,0.4977127172918573,0.08959757023538345,0.059469350411710885,0.2619589977220957,0.23330283623055809,0.07668944570994685,0.10612991765782251,0.0387243735763098,0.022872827081427266
apotheken,https://www.apotheken-umschau.de/krankheiten-symptome/infektionskrankheiten/kehlkopfentzuendung-laryngitis-was-tun-736737.html,0.7254391672088484,1537,1115,0.10810810810810811,37,17,0.4265536963939667,0.4690956408588159,0.46905829596412557,0.05855562784645413,0.034080717488789235,0.23292127521145087,0.24215246636771298,0.09564085881587508,0.09417040358744394,0.04554326610279766,0.016143497757847534
apotheken,https://www.apotheken-umschau.de/krankheiten-symptome/gelenks-und-knochenerkrankungen/distale-radiusfraktur-beim-erwachsenen-748561.html,0.5340095465393795,1676,895,0.02631578947368421,38,6,0.7314459681510925,0.4677804295942721,0.4849162011173184,0.06563245823389022,0.05810055865921788,0.27088305489260145,0.24581005586592178,0.06443914081145585,0.08603351955307263,0.03997613365155131,0.0111731843575419
apotheken,https://www.apotheken-umschau.de/medikamente/basiswissen/tropfen-wie-sie-das-fluessige-arzneimittel-richtig-anwenden-769637.html,1.7679671457905544,487,861,0.18181818181818182,11,9,0.6395118832588196,0.46406570841889117,0.4889663182346109,0.04106776180698152,0.0429732868757259,0.23819301848049282,0.21951219512195122,0.1026694045174538,0.09291521486643438,0.04722792607802875,0.016260162601626018
apotheken,https://www.apotheken-umschau.de/krankheiten-symptome/krebs/lungenkrebs-symptome-verlauf-therapie-737681.html,0.5247349823321554,2264,1188,0.03389830508474576,59,8,0.7926382422447205,0.4876325088339223,0.4713804713804714,0.04549469964664311,0.04040404040404041,0.2676678445229682,0.25084175084175087,0.09408127208480566,0.09511784511784512,0.04284452296819788,0.010942760942760943
apotheken,https://www.apotheken-umschau.de/therapie/erste-hilfe/verbrennungen-und-verbruehungen-768119.html,0.9005076142131979,985,887,0.043478260869565216,23,8,0.4865613579750061,0.5309644670050762,0.4746335963923337,0.0883248730964467,0.04509582863585118,0.31065989847715736,0.22998872604284104,0.06700507614213198,0.0834272829763247,0.03959390862944162,0.014656144306651634
apotheken,https://www.apotheken-umschau.de/krankheiten-symptome/herz-kreislauf-erkrankungen/besenreiser-schoenheitsmakel-oder-gefaehrlich-742693.html,0.7642857142857142,980,749,0.06666666666666667,15,9,0.6985071897506714,0.48367346938775513,0.4712950600801068,0.04795918367346939,0.03204272363150868,0.23469387755102042,0.2349799732977303,0.11020408163265306,0.1041388518024032,0.04081632653061225,0.02403204272363151
apotheken,https://www.apotheken-umschau.de/krankheiten-symptome/infektionskrankheiten/erkaeltung/erkaeltung-wie-lange-ist-man-ansteckend-713279.html,2.5022727272727274,440,1101,0.16666666666666666,6,9,0.7207105159759521,0.4318181818181818,0.47593097184377836,0.01818181818181818,0.035422343324250684,0.19545454545454546,0.22706630336058128,0.10227272727272728,0.10717529518619437,0.06136363636363636,0.02815622161671208
apotheken,https://www.apotheken-umschau.de/krankheiten-symptome/infektionskrankheiten/coronavirus/medikamente-gegen-covid-19-die-verschiedenen-ansaetze-723603.html,0.6242183058555998,1759,1098,0.1206896551724138,58,18,0.738182783126831,0.49403069926094373,0.52367941712204,0.07447413303013076,0.06466302367941712,0.26606026151222284,0.2714025500910747,0.07902217168845935,0.10018214936247723,0.03752131893121091,0.012750455373406194
apotheken,https://www.apotheken-umschau.de/therapie/erste-hilfe/insektenstich-768005.html,1.4857768052516411,457,679,0.2,5,11,0.7516506910324097,0.4551422319474836,0.4683357879234168,0.045951859956236324,0.033873343151693665,0.22757111597374177,0.24889543446244478,0.09190371991247265,0.09131075110456553,0.0525164113785558,0.017673048600883652
apotheken,https://www.apotheken-umschau.de/krankheiten-symptome/gelenks-und-knochenerkrankungen/schleimbeutelentzuendung-bursitis-735103.html,0.5150482680295286,1761,907,0.07142857142857142,28,12,0.31539618968963623,0.46280522430437254,0.48511576626240355,0.059057353776263484,0.03969128996692393,0.24190800681431007,0.25027563395810365,0.07950028392958547,0.09812568908489526,0.05394662123793299,0.018743109151047408
apotheken,https://www.apotheken-umschau.de/medikamente/wirkstoffe/was-ist-amlodipin-wie-wirkt-es-750237.html,0.7337559429477021,1262,926,0.05555555555555555,18,8,0.689451277256012,0.4595879556259905,0.4946004319654428,0.04595879556259905,0.042116630669546434,0.25356576862123614,0.27645788336933047,0.08874801901743265,0.08531317494600432,0.05309033280507131,0.011879049676025918
apotheken,https://www.apotheken-umschau.de/krankheiten-symptome/zahnkrankheiten/zahnfleischentzuendung-was-hilft-733995.html,0.875,1496,1309,0.05555555555555555,18,19,0.7289006114006042,0.47927807486631013,0.47593582887700536,0.05748663101604278,0.025210084033613446,0.25066844919786097,0.24675324675324675,0.08890374331550802,0.10847975553857907,0.05280748663101604,0.02826585179526356
apotheken,https://www.apotheken-umschau.de/medikamente/wirkstoffe/citalopram-wirkung-anwendung-und-nebenwirkungen-939111.html,1.361169102296451,479,652,0.07692307692307693,13,7,0.7715822458267212,0.4551148225469729,0.4938650306748466,0.05636743215031315,0.02607361963190184,0.25052192066805845,0.2469325153374233,0.08559498956158663,0.1058282208588957,0.03549060542797495,0.01687116564417178
apotheken,https://www.apotheken-umschau.de/gesund-bleiben/sex/verhuetung-die-pille-707733.html,0.2692913385826772,3810,1026,0.0,55,7,0.6205748319625854,0.4902887139107612,0.47855750487329435,0.06404199475065617,0.04873294346978557,0.23963254593175853,0.2573099415204678,0.08005249343832022,0.09161793372319688,0.04304461942257218,0.01949317738791423
apotheken,https://www.apotheken-umschau.de/gesund-bleiben/ernaehrung/ingwer-gesund-und-vielseitig-713089.html,0.5644876325088339,1132,639,0.0,40,5,0.7936751246452332,0.4911660777385159,0.5054773082942097,0.045936395759717315,0.03129890453834116,0.30123674911660775,0.28482003129890454,0.06448763250883392,0.09546165884194054,0.036219081272084806,0.01564945226917058
apotheken,https://www.apotheken-umschau.de/krankheiten-symptome/symptome/ohrenschmerzen-ursachen-diagnose-therapie-739175.html,1.4780092592592593,864,1277,0.08333333333333333,24,12,0.6871008276939392,0.4930555555555556,0.47141738449490994,0.041666666666666664,0.02192638997650744,0.2835648148148148,0.27094753328112764,0.07407407407407407,0.09005481597494126,0.05555555555555555,0.022709475332811275
apotheken,https://www.apotheken-umschau.de/krankheiten-symptome/infektionskrankheiten/fusspilz-symptome-und-behandlung-737271.html,0.6457579412947326,2487,1606,0.0,30,6,0.8299394249916077,0.501005227181343,0.47073474470734744,0.05910735826296743,0.025529265255292654,0.23924406915963006,0.23599003735990037,0.09449135504624046,0.10460772104607721,0.06312826698833936,0.0211706102117061
apotheken,https://www.apotheken-umschau.de/krankheiten-symptome/psychische-krankheiten/depressive-verstimmung-736827.html,0.9812695109261186,961,943,0.0,25,7,0.7058228850364685,0.49739854318418314,0.44644750795334043,0.09053069719042664,0.051961823966065745,0.2601456815816857,0.20360551431601273,0.06763787721123829,0.10180275715800637,0.05515088449531738,0.032873806998939555
apotheken,https://www.apotheken-umschau.de/medikamente/wirkstoffe/schmerzmittel-fiebersenker-paracetamol-wirkung-dosierung-nebenwirkungen-911255.html,1.343915343915344,567,762,0.5,10,10,0.7599252462387085,0.48148148148148145,0.48031496062992124,0.03880070546737213,0.03280839895013123,0.2839506172839506,0.27296587926509186,0.08818342151675485,0.08792650918635171,0.04409171075837742,0.026246719160104987
apotheken,https://www.apotheken-umschau.de/medikamente/heilpflanzen/echter-thymian-hilfreich-gegen-husten-733477.html,1.1958568738229756,531,635,0.058823529411764705,17,9,0.6804673671722412,0.4839924670433145,0.46771653543307085,0.035781544256120526,0.03622047244094488,0.2843691148775895,0.25984251968503935,0.10734463276836158,0.10078740157480315,0.05649717514124294,0.02047244094488189
apotheken,https://www.apotheken-umschau.de/krankheiten-symptome/gelenks-und-knochenerkrankungen/osteoporose-ursachen-therapie-vorbeugung-734881.html,0.43283582089552236,2077,899,0.021739130434782608,46,7,0.6983075737953186,0.49109292248435243,0.4838709677419355,0.04718343765045739,0.030033370411568408,0.2831006259027443,0.25695216907675195,0.08570052961001444,0.09010011123470522,0.03996148290804044,0.01446051167964405
apotheken,https://www.apotheken-umschau.de/krankheiten-symptome/psychische-krankheiten/posttraumatische-belastungsstoerung-ptbs-740879.html,1.3853868194842407,698,967,0.2,10,10,0.8589637279510498,0.49426934097421205,0.47466390899689764,0.09169054441260745,0.038262668045501554,0.26217765042979946,0.24612202688728024,0.06876790830945559,0.10444674250258532,0.054441260744985676,0.022750775594622543
apotheken,https://www.apotheken-umschau.de/krankheiten-symptome/atemwegserkrankungen/asthma-736647.html,0.6058965102286402,1662,1007,0.0,14,8,0.6294044256210327,0.4855595667870036,0.5034756703078451,0.05776173285198556,0.0605759682224429,0.24127557160048135,0.24826216484607747,0.10288808664259928,0.09334657398212512,0.04693140794223827,0.015888778550148957
apotheken,https://www.apotheken-umschau.de/krankheiten-symptome/herz-kreislauf-erkrankungen/niedriger-blutdruck-hypotonie-734171.html,0.3238029624526352,2903,940,0.046511627906976744,43,7,0.553514838218689,0.4657251119531519,0.5,0.06062693765070617,0.07021276595744681,0.24250775060282467,0.2585106382978723,0.07509472959007923,0.07765957446808511,0.04925938684119876,0.022340425531914895
apotheken,https://www.apotheken-umschau.de/therapie/therapiearten/bluttransfusion-erklaert-gruende-ablauf-und-risiken-743337.html,0.6575107296137339,1165,766,0.15384615384615385,13,15,0.7670342922210693,0.46180257510729616,0.5091383812010444,0.054935622317596564,0.033942558746736295,0.24806866952789697,0.2754569190600522,0.08497854077253218,0.09660574412532637,0.041201716738197426,0.014360313315926894
apotheken,https://www.apotheken-umschau.de/medikamente/wirkstoffe/diclofenac-wirkung-anwendung-nebenwirkungen-718715.html,0.7461928934010152,985,735,0.07692307692307693,13,7,0.871864378452301,0.4720812182741117,0.4993197278911565,0.046700507614213196,0.04081632653061224,0.2609137055837563,0.28027210884353737,0.09340101522842639,0.09251700680272108,0.05380710659898477,0.031292517006802724
apotheken,https://www.apotheken-umschau.de/krankheiten-symptome/symptome/schnupfen-rhinitis-736785.html,0.5567961165048544,2060,1147,0.0,42,7,0.7480113506317139,0.49466019417475726,0.4864864864864865,0.06699029126213592,0.041848299912816043,0.25922330097087376,0.23626852659110725,0.09077669902912622,0.1011333914559721,0.04514563106796117,0.014821272885789015
apotheken,https://www.apotheken-umschau.de/krankheiten-symptome/hautkrankheiten/lippenherpes-ursachen-therapie-vorbeugen-734287.html,0.4315625,3200,1381,0.5555555555555556,72,54,0.6534644961357117,0.480625,0.4663287472845764,0.0521875,0.04055032585083273,0.2603125,0.28964518464880523,0.08875,0.08110065170166546,0.0515625,0.018102824040550327
apotheken,https://www.apotheken-umschau.de/gesund-bleiben/sex/verhuetungsstaebchen-hormonimplantat-707749.html,0.74375,1120,833,0.07692307692307693,13,7,0.616919994354248,0.4758928571428571,0.44417767106842737,0.049107142857142856,0.026410564225690276,0.23482142857142857,0.24369747899159663,0.08125,0.09723889555822329,0.03125,0.013205282112845138
apotheken,https://www.apotheken-umschau.de/krankheiten-symptome/sportverletzungen/muskelfaserriss-und-muskelzerrung-735063.html,0.6387049300956585,1359,868,0.0,8,6,0.6625492572784424,0.4915378955114054,0.47119815668202764,0.0684326710816777,0.03225806451612903,0.2457689477557027,0.22465437788018433,0.09124356144223694,0.10368663594470046,0.046357615894039736,0.012672811059907835
apotheken,https://www.apotheken-umschau.de/krankheiten-symptome/sprunggelenkbruch-sprunggelenksfraktur-721307.html,0.4414996767937944,1547,683,0.06666666666666667,30,15,0.3035810589790344,0.486748545572075,0.4480234260614934,0.06140917905623788,0.03513909224011713,0.2553329023917259,0.2445095168374817,0.07110536522301228,0.10834553440702782,0.04201680672268908,0.021961932650073207
apotheken,https://www.apotheken-umschau.de/gesund-bleiben/sex/verhuetungspflaster-707745.html,0.7453516572352465,1237,922,0.0,19,6,0.6182507276535034,0.4874696847210994,0.447939262472885,0.05254648342764753,0.03796095444685466,0.2570735650767987,0.23535791757049893,0.08164915117219078,0.09761388286334056,0.04850444624090541,0.01843817787418655
apotheken,https://www.apotheken-umschau.de/medikamente/wirkstoffe/ibuprofen-wie-es-wirkt-wechselwirkungen-tipps-718699.html,0.6480529022777369,1361,882,0.0,19,4,0.87111496925354,0.47171197648787655,0.5,0.0426157237325496,0.045351473922902494,0.25128581925055105,0.26870748299319724,0.09257898603967671,0.09410430839002268,0.0455547391623806,0.022675736961451247
apotheken,https://www.apotheken-umschau.de/krankheiten-symptome/symptome/sodbrennen-moegliche-gruende-und-selbsthilfe-737629.html,0.6663829787234042,1175,783,0.1111111111111111,18,9,0.48510149121284485,0.4748936170212766,0.47381864623243936,0.04595744680851064,0.035759897828863345,0.2519148936170213,0.2707535121328225,0.09191489361702128,0.10855683269476372,0.05106382978723405,0.010217113665389528
apotheken,https://www.apotheken-umschau.de/krankheiten-symptome/neurologische-erkrankungen/parkinson-krankheit-symptome-ursachen-therapie-733737.html,0.42108731466227345,3035,1278,0.0425531914893617,47,13,0.5686201453208923,0.49357495881383856,0.5054773082942097,0.05502471169686985,0.06259780907668232,0.2546952224052718,0.24960876369327073,0.09752883031301483,0.09076682316118936,0.04942339373970346,0.025039123630672927
apotheken,https://www.apotheken-umschau.de/medikamente/basiswissen/magensaeureblocker-wirkung-und-nebenwirkungen-718281.html,0.6112994350282486,885,541,0.0,27,8,0.46316415071487427,0.4903954802259887,0.47504621072088726,0.03728813559322034,0.027726432532347505,0.24745762711864408,0.24029574861367836,0.096045197740113,0.11090573012939002,0.04745762711864407,0.018484288354898338
apotheken,https://www.apotheken-umschau.de/krankheiten-symptome/symptome/husten-welche-hausmittel-helfen-715983.html,1.0657318141980718,1141,1216,0.5238095238095238,21,22,0.45200610160827637,0.4802804557405784,0.48601973684210525,0.04294478527607362,0.04111842105263158,0.24715162138475022,0.26973684210526316,0.10341805433829973,0.09046052631578948,0.05521472392638037,0.02055921052631579
apotheken,https://www.apotheken-umschau.de/krankheiten-symptome/sportverletzungen/baenderriss-am-sprunggelenk-741491.html,0.49393939393939396,1980,978,0.03333333333333333,30,9,0.6477537155151367,0.4803030303030303,0.4560327198364008,0.07222222222222222,0.027607361963190184,0.24696969696969698,0.23006134969325154,0.07373737373737374,0.10940695296523517,0.045959595959595964,0.018404907975460124
apotheken,https://www.apotheken-umschau.de/krankheiten-symptome/atemwegserkrankungen/akute-bronchitis-anzeichen-verlauf-behandlung-736657.html,0.8040885860306644,1174,944,0.0625,16,11,0.7259972095489502,0.4838160136286201,0.4915254237288136,0.05792163543441227,0.0635593220338983,0.2563884156729131,0.22563559322033896,0.08773424190800681,0.09322033898305085,0.046848381601362864,0.01694915254237288
apotheken,https://www.apotheken-umschau.de/krankheiten-symptome/kinderkrankheiten/was-sind-ringelroeteln-790543.html,0.5744544287548139,1558,895,0.10344827586206896,29,13,0.5376176834106445,0.48010269576379977,0.47039106145251397,0.0699614890885751,0.03240223463687151,0.2573812580231065,0.24357541899441343,0.07188703465982028,0.09832402234636871,0.0417201540436457,0.030167597765363128
apotheken,https://www.apotheken-umschau.de/krankheiten-symptome/rheumatische-erkrankungen/morbus-bechterew-spondylitis-ankylosans-740995.html,0.3410244577757268,2167,739,0.02702702702702703,37,9,0.5813908576965332,0.5043839409321643,0.4925575101488498,0.046608214120904476,0.036535859269282815,0.2773419473927088,0.2774018944519621,0.0904476234425473,0.08930987821380243,0.04291647438855561,0.009472259810554804
apotheken,https://www.apotheken-umschau.de/therapie/erste-hilfe/erste-hilfe-fuer-die-seele-766133.html,1.8758620689655172,145,272,0.0,4,6,0.35643282532691956,0.41379310344827586,0.41544117647058826,0.06206896551724138,0.01838235294117647,0.19310344827586207,0.1838235294117647,0.0896551724137931,0.09926470588235294,0.027586206896551724,0.01838235294117647
apotheken,https://www.apotheken-umschau.de/krankheiten-symptome/schilddruesenunterfunktion-symptome-und-behandlung-734397.html,0.46218487394957986,1785,825,0.0,28,8,0.5159567594528198,0.5014005602240896,0.45575757575757575,0.07058823529411765,0.024242424242424242,0.28739495798319326,0.24000000000000002,0.07170868347338935,0.1006060606060606,0.04985994397759104,0.020606060606060607
apotheken,https://www.apotheken-umschau.de/gesund-bleiben/sex/verhuetung-dreimonatsspritze-depotspritze-707987.html,0.9503205128205128,1248,1186,0.0,9,11,0.7498505711555481,0.4775641025641026,0.4502529510961214,0.05448717948717949,0.02951096121416526,0.24278846153846154,0.2327150084317032,0.08974358974358974,0.10286677908937605,0.04967948717948718,0.02023608768971332
apotheken,https://www.apotheken-umschau.de/medikamente/heilpflanzen/pfefferminze-hilfreich-gegen-kopf-und-bauchschmerzen-733337.html,1.109546165884194,639,709,0.2,15,13,0.7135672569274902,0.4835680751173709,0.48660084626234135,0.03599374021909233,0.036671368124118475,0.2895148669796557,0.2820874471086037,0.09859154929577464,0.10860366713681241,0.0406885758998435,0.012693935119887164
apotheken,https://www.apotheken-umschau.de/krankheiten-symptome/infektionskrankheiten/noroviren-hochansteckend-und-meldepflichtig-735861.html,0.8058252427184466,1236,996,0.1,30,11,0.7908360958099365,0.48220064724919093,0.4919678714859438,0.03964401294498382,0.03313253012048193,0.2313915857605178,0.2359437751004016,0.09951456310679611,0.10140562248995984,0.06229773462783171,0.019076305220883532
apotheken,https://www.apotheken-umschau.de/krankheiten-symptome/kinderkrankheiten/mumps-789601.html,0.7864164432529044,1119,880,0.07142857142857142,28,21,0.8604612350463867,0.46380697050938335,0.48068181818181815,0.05183199285075961,0.03295454545454545,0.26005361930294907,0.26136363636363635,0.0777479892761394,0.09318181818181819,0.04647006255585344,0.015909090909090907
apotheken,https://www.apotheken-umschau.de/krankheiten-symptome/gelenks-und-knochenerkrankungen/arthrose-der-hand-und-fingergelenke-733759.html,0.34234721471065443,1849,633,0.15789473684210525,19,10,0.6212828159332275,0.4889129259058951,0.4676145339652449,0.04597079502433748,0.04107424960505529,0.2531097890751758,0.23696682464454977,0.09085992428339643,0.09320695102685624,0.04542996214169821,0.028436018957345974
apotheken,https://www.apotheken-umschau.de/krankheiten-symptome/nieren-und-harnwegserkrankungen/nierenbeckenentzuendung-symptome-und-behandlung-733919.html,0.6426426426426426,1332,856,0.14285714285714285,14,11,0.3949820399284363,0.496996996996997,0.4696261682242991,0.052552552552552555,0.029205607476635514,0.25825825825825827,0.24182242990654207,0.0915915915915916,0.08878504672897196,0.04279279279279279,0.014018691588785047
apotheken,https://www.apotheken-umschau.de/therapie/erste-hilfe/bewusstlose-lagern-766053.html,2.646153846153846,325,860,0.0,1,9,0.5076143145561218,0.4369230769230769,0.4906976744186046,0.027692307692307693,0.07790697674418605,0.20923076923076925,0.2674418604651163,0.11692307692307692,0.07441860465116279,0.05846153846153846,0.01627906976744186
apotheken,https://www.apotheken-umschau.de/krankheiten-symptome/infektionskrankheiten/pfeiffersches-druesenfieber-symptome-ansteckung-behandlung-734069.html,0.38404648705758054,1893,727,0.16279069767441862,43,15,0.6301244497299194,0.5081880612783941,0.4718019257221458,0.08716323296354993,0.04264099037138927,0.2556788166930798,0.2558459422283356,0.07290015847860538,0.08803301237964237,0.05071315372424723,0.024759284731774415
apotheken,https://www.apotheken-umschau.de/therapie/erste-hilfe/blutungen-768015.html,1.0642570281124497,498,530,0.0,9,7,0.6837674975395203,0.4578313253012048,0.45849056603773586,0.04819277108433735,0.026415094339622643,0.2248995983935743,0.22264150943396227,0.1144578313253012,0.10377358490566038,0.05220883534136546,0.007547169811320755
apotheken,https://www.apotheken-umschau.de/krankheiten-symptome/augenkrankheiten/bindehautentzuendung-konjunktivitis-733551.html,0.40974212034383956,1745,715,0.04,25,7,0.5753108263015747,0.4687679083094556,0.46153846153846156,0.056160458452722065,0.03636363636363636,0.228080229226361,0.23216783216783216,0.09799426934097422,0.1076923076923077,0.044126074498567334,0.030769230769230767
apotheken,https://www.apotheken-umschau.de/krankheiten-symptome/diabetes/typ-2/diabetes-mellitus-typ-2-808639.html,0.8573913043478261,1150,986,0.0,18,14,0.7881886959075928,0.4895652173913044,0.49391480730223125,0.06086956521739131,0.05476673427991886,0.2739130434782609,0.2667342799188641,0.08521739130434783,0.09026369168356999,0.043478260869565216,0.011156186612576065
apotheken,https://www.apotheken-umschau.de/krankheiten-symptome/hautkrankheiten/kaelteschaeden-wie-sie-richtig-reagieren-742217.html,0.35947712418300654,2601,935,0.046511627906976744,43,12,0.7744554877281189,0.45636293733179545,0.49518716577540106,0.05228758169934641,0.06096256684491978,0.21799307958477507,0.2267379679144385,0.09111880046136102,0.09946524064171124,0.050365244136870435,0.020320855614973262
apotheken,https://www.apotheken-umschau.de/krankheiten-symptome/psychische-krankheiten/nikotinabhaengigkeit-737301.html,0.4630541871921182,1421,658,0.0,23,7,0.7926297187805176,0.5095003518648838,0.47720364741641336,0.0752990851513019,0.034954407294832825,0.27023223082336384,0.24468085106382978,0.0844475721323012,0.10790273556231003,0.04644616467276566,0.0182370820668693
apotheken,https://www.apotheken-umschau.de/krankheiten-symptome/nieren-und-harnwegserkrankungen/blasenentzuendung-erkennen-und-richtig-behandeln-733893.html,0.2641707487753674,2858,755,0.031746031746031744,63,11,0.6215121746063232,0.4828551434569629,0.4728476821192053,0.04933519944016795,0.03708609271523179,0.26906927921623514,0.24635761589403973,0.08642407277816655,0.08609271523178808,0.04198740377886634,0.015894039735099338
apotheken,https://www.apotheken-umschau.de/krankheiten-symptome/allergien/was-ist-eine-arzneimittelallergie-745317.html,0.7709648331830478,1109,855,0.0,30,11,0.7716690301895142,0.4833183047790803,0.45964912280701753,0.05320108205590622,0.026900584795321637,0.2705139765554554,0.25614035087719295,0.08385933273219116,0.09239766081871345,0.03877366997294861,0.01871345029239766
apotheken,https://www.apotheken-umschau.de/krankheiten-symptome/herz-kreislauf-erkrankungen/was-kann-man-gegen-krampfadern-tun-734539.html,0.15720284827460287,5477,861,0.04225352112676056,71,8,0.2789652645587921,0.49662223845170717,0.47502903600464574,0.07960562351652364,0.04413472706155633,0.25123242651086364,0.26016260162601623,0.0746759174730692,0.0975609756097561,0.04491509950702939,0.026713124274099886
apotheken,https://www.apotheken-umschau.de/medikamente/basiswissen/medikamente-was-sind-wechselwirkungen-721855.html,0.7541729893778453,659,497,0.0,9,5,0.7745887041091919,0.4658573596358118,0.4949698189134809,0.0409711684370258,0.03822937625754527,0.21547799696509864,0.22535211267605634,0.09863429438543247,0.11267605633802817,0.0622154779969651,0.03219315895372234
apotheken,https://www.apotheken-umschau.de/krankheiten-symptome/infektionskrankheiten/coronavirus/coronavirus-was-sie-jetzt-wissen-muessen-723211.html,0.612374405076679,1891,1158,0.10869565217391304,46,19,0.5204156637191772,0.4701216287678477,0.4680483592400691,0.05658381808566896,0.037132987910189985,0.2548915917503966,0.24352331606217614,0.07932310946589106,0.10362694300518134,0.04442094130089899,0.02245250431778929
apotheken,https://www.apotheken-umschau.de/krankheiten-symptome/infektionskrankheiten/fruehsommer-meningoenzephalitis-fsme-vorbeugen-erkennen-und-behandeln-737137.html,0.6666666666666666,1299,866,0.08571428571428572,35,13,0.7673591375350952,0.48729792147806006,0.4722863741339492,0.05696689761354888,0.03464203233256351,0.27559661277906083,0.24249422632794457,0.07544264819091609,0.09699769053117784,0.05080831408775982,0.016166281755196306
apotheken,https://www.apotheken-umschau.de/krankheiten-symptome/atemwegserkrankungen/schlafapnoe-symptome-und-behandlung-736763.html,0.8246268656716418,1340,1105,0.06060606060606061,33,10,0.7148650288581848,0.4917910447761194,0.47149321266968325,0.06865671641791045,0.02262443438914027,0.2873134328358209,0.2253393665158371,0.07835820895522388,0.11040723981900452,0.05074626865671642,0.01809954751131222
apotheken,https://www.apotheken-umschau.de/medikamente/heilpflanzen/baerentraube-pflanzlicher-helfer-bei-blasenentzuendung-733005.html,1.6417445482866044,321,527,0.5,4,9,0.676689863204956,0.4735202492211838,0.4857685009487666,0.024922118380062305,0.03225806451612903,0.26791277258566976,0.25806451612903225,0.09968847352024922,0.09108159392789374,0.04984423676012461,0.013282732447817837
apotheken,https://www.apotheken-umschau.de/krankheiten-symptome/entzuendung-der-gallenblase-cholezystitis-744145.html,0.5566343042071198,927,516,0.19047619047619047,21,10,0.5494976043701172,0.4638619201725998,0.46511627906976744,0.05717367853290183,0.027131782945736434,0.2524271844660194,0.2674418604651163,0.0895361380798274,0.09689922480620156,0.04638619201725998,0.007751937984496124
apotheken,https://www.apotheken-umschau.de/krankheiten-symptome/symptome/nachtschweiss-diagnose-ursachen-therapie-1003595.html,0.6763122476446837,1486,1005,0.07142857142857142,28,8,0.6351410150527954,0.5013458950201884,0.47960199004975124,0.059892328398384924,0.027860696517412936,0.27994616419919244,0.23681592039800997,0.06998654104979811,0.1054726368159204,0.03297442799461642,0.024875621890547265
apotheken,https://www.apotheken-umschau.de/krankheiten-symptome/infektionskrankheiten/coronavirus/die-wichtigsten-fakten-zur-corona-impfung-723499.html,0.8587962962962963,1728,1484,0.15942028985507245,69,37,0.7674713134765625,0.4537037037037037,0.46630727762803237,0.05324074074074074,0.03032345013477089,0.26041666666666663,0.25404312668463613,0.06365740740740741,0.0977088948787062,0.03819444444444445,0.013477088948787061
apotheken,https://www.apotheken-umschau.de/familie/freizeit-alltag/recht-finanzen-familie/telefonische-krankschreibung-regeln-rechte-und-tipps-1036441.html,0.7473753280839895,1524,1139,0.02857142857142857,35,20,0.07223567366600037,0.473753280839895,0.41878841088674273,0.051181102362204724,0.021071115013169446,0.24015748031496065,0.2370500438981563,0.08005249343832022,0.07989464442493416,0.04461942257217848,0.033362598770851626
wiesbaden,https://www.wiesbaden.de/vv/oe/05/34/Stadtpolizei-Verkehr,1.1612903225806452,279,324,0.0,6,4,0.8816458582878113,0.46953405017921146,0.4104938271604938,0.05017921146953405,0.030864197530864196,0.3333333333333333,0.27469135802469136,0.04659498207885305,0.06481481481481481,0.03942652329749104,0.024691358024691357
wiesbaden,https://www.wiesbaden.de/leben-in-wiesbaden/freizeit/natur-erleben/stadtwald/stadtwald-multitalent,0.610051993067591,577,352,0.13333333333333333,15,16,0.6083556413650513,0.47660311958405543,0.5255681818181818,0.05719237435008666,0.125,0.2582322357019064,0.31534090909090906,0.06759098786828423,0.04261363636363636,0.04852686308492201,0.05113636363636364
wiesbaden,https://www.wiesbaden.de/vv/produkte/34/Grossraum-und-Schwerverkehr-Ausnahmen-und-Erlaubnisse,0.6288659793814433,97,61,0.0,5,0,0.6687008142471313,0.3711340206185567,0.4918032786885246,0.020618556701030927,0.03278688524590164,0.28865979381443296,0.21311475409836064,0.030927835051546393,0.08196721311475409,0.020618556701030927,0.0819672131147541
wiesbaden,https://www.wiesbaden.de/leben-in-wiesbaden/gesellschaft-soziales/inklusion/arbeitskreis-inklusion-und-barrierefreiheit,1.1666666666666667,210,245,0.25,8,4,0.6545795798301697,0.42857142857142855,0.4163265306122449,0.06190476190476191,0.02857142857142857,0.319047619047619,0.24489795918367346,0.01904761904761905,0.09795918367346938,0.05238095238095238,0.0326530612244898
wiesbaden,https://www.wiesbaden.de/rathaus/smart-city/sensor-bike,0.648,500,324,0.4,15,14,0.8001513481140137,0.486,0.42592592592592593,0.06,0.033950617283950615,0.286,0.24691358024691357,0.078,0.08024691358024691,0.044,0.027777777777777776
wiesbaden,https://www.wiesbaden.de/vv/produkte/34/Haltverbote-bei-Baustellen-Lieferungen,0.18360655737704917,305,56,0.1,10,2,0.45606252551078796,0.4557377049180328,0.44642857142857145,0.04590163934426229,0.0,0.30491803278688523,0.25,0.029508196721311476,0.125,0.01639344262295082,0.03571428571428571
wiesbaden,https://www.wiesbaden.de/vv/produkte/51/jugendarbeit-wi-and-you/Inklusion-fuer-Kinder-und-Jugendliche-Beratung-und-Information,0.7077625570776256,219,155,0.2,5,5,0.7976285219192505,0.4337899543378995,0.44516129032258067,0.0410958904109589,0.0,0.319634703196347,0.2838709677419355,0.0273972602739726,0.1032258064516129,0.0730593607305936,0.04516129032258065
wiesbaden,https://www.wiesbaden.de/rathaus/smart-city/smart-city-in-wiesbaden,0.7841140529531568,491,385,0.36363636363636365,11,10,0.8160078525543213,0.4786150712830957,0.44415584415584414,0.05295315682281059,0.025974025974025976,0.29327902240325865,0.24415584415584415,0.07128309572301425,0.09610389610389611,0.06313645621181263,0.033766233766233764
wiesbaden,https://www.wiesbaden.de/rathaus/smart-city/smart-ubilabs,1.1554770318021201,283,327,1.0,3,7,0.728598952293396,0.45936395759717313,0.4434250764525994,0.06713780918727916,0.024464831804281346,0.2579505300353357,0.24464831804281345,0.08833922261484099,0.09785932721712538,0.0706713780918728,0.01834862385321101
wiesbaden,https://www.wiesbaden.de/rathaus/smart-city/mobile-datenmessung,0.8344370860927153,302,252,0.25,8,9,0.6724903583526611,0.5132450331125827,0.47619047619047616,0.10264900662251655,0.06349206349206349,0.3112582781456954,0.2261904761904762,0.052980132450331126,0.06746031746031746,0.06622516556291391,0.03571428571428571
wiesbaden,https://www.wiesbaden.de/vv/produkte/34/Bewohnerparken-Ausnahmegenehmigungen,0.24414715719063546,299,73,0.0,14,0,0.673913836479187,0.4414715719063545,0.5205479452054794,0.016722408026755852,0.0684931506849315,0.3678929765886288,0.2328767123287671,0.026755852842809364,0.0958904109589041,0.023411371237458196,0.0
wiesbaden,https://www.wiesbaden.de/kultur/kultur-erleben/film/filmstadt-wiesbaden,0.4983164983164983,297,148,0.125,24,13,0.5155285596847534,0.48484848484848486,0.4797297297297297,0.10774410774410774,0.060810810810810814,0.3400673400673401,0.31081081081081086,0.03367003367003367,0.08108108108108109,0.06734006734006734,0.02702702702702703
wiesbaden,https://www.wiesbaden.de/vv/produkte/34/Aufgrabungen-Genehmigung-beantragen,0.8571428571428571,112,96,0.0,5,0,0.7879941463470459,0.39285714285714285,0.40625,0.044642857142857144,0.0,0.2767857142857143,0.2604166666666667,0.03571428571428571,0.14583333333333334,0.026785714285714284,0.010416666666666666
wiesbaden,https://www.wiesbaden.de/vv/oe/05/34/Stadtpolizei-Gefahrenabwehr,0.9742268041237113,388,378,0.25,16,14,0.8813768625259399,0.47680412371134023,0.4365079365079365,0.06443298969072164,0.047619047619047616,0.3427835051546392,0.291005291005291,0.030927835051546393,0.07142857142857142,0.04381443298969072,0.047619047619047616
wiesbaden,https://www.wiesbaden.de/kultur/kultur-erleben/film/caligari,1.1746031746031746,126,148,0.6923076923076923,13,13,0.884602427482605,0.48412698412698413,0.4797297297297297,0.0873015873015873,0.060810810810810814,0.31746031746031744,0.31081081081081086,0.047619047619047616,0.08108108108108109,0.015873015873015872,0.02702702702702703
wiesbaden,https://www.wiesbaden.de/vv/produkte/34/Behindertenparkplaetze,0.5586854460093896,213,119,0.0,9,1,0.8971889019012451,0.45539906103286387,0.44537815126050423,0.07042253521126761,0.08403361344537816,0.29107981220657275,0.2689075630252101,0.046948356807511735,0.06722689075630252,0.028169014084507043,0.01680672268907563
wiesbaden,https://www.wiesbaden.de/vv/produkte/34/Handwerkerparkausweis-fuer-die-Region-Frankfurt-Rhein-Main,0.22945205479452055,292,67,0.0,12,4,0.6249493360519409,0.4383561643835616,0.3880597014925373,0.05821917808219178,0.014925373134328358,0.3047945205479452,0.22388059701492535,0.04452054794520548,0.07462686567164178,0.023972602739726026,0.0
wiesbaden,https://www.wiesbaden.de/rathaus/smart-city/,0.5905096660808435,569,336,0.1,20,9,0.792900800704956,0.48857644991212656,0.46130952380952384,0.07381370826010544,0.041666666666666664,0.2688927943760984,0.2470238095238095,0.070298769771529,0.09523809523809523,0.061511423550087874,0.02976190476190476
wiesbaden,https://www.wiesbaden.de/kultur/kultur-erleben/film/murnau-filmtheater,1.4653465346534653,101,148,0.0,9,13,0.46341586112976074,0.48514851485148514,0.4797297297297297,0.10891089108910891,0.060810810810810814,0.32673267326732675,0.31081081081081086,0.039603960396039604,0.08108108108108109,0.06930693069306931,0.02702702702702703
wiesbaden,https://www.wiesbaden.de/leben-in-wiesbaden/umwelt-natur-klima/nachhaltiges-wirtschaften/oekoprofit_klub,0.2080745341614907,322,67,0.13043478260869565,23,4,0.857332170009613,0.593167701863354,0.44776119402985076,0.046583850931677016,0.07462686567164178,0.5093167701863354,0.3134328358208955,0.024844720496894408,0.04477611940298507,0.06521739130434782,0.08955223880597014
wiesbaden,https://www.wiesbaden.de/vv/oe/05/34/Verwarngeldstelle,0.9166666666666666,252,231,0.18181818181818182,11,9,0.7591599225997925,0.46825396825396826,0.39826839826839827,0.03968253968253968,0.012987012987012988,0.34920634920634924,0.22943722943722944,0.04365079365079365,0.09523809523809523,0.027777777777777776,0.012987012987012988
wiesbaden,https://www.wiesbaden.de/vv/oe/07/31/ordnungsamt,0.2324159021406728,327,76,0.2857142857142857,7,2,0.8136007189750671,0.3119266055045872,0.4342105263157895,0.03363914373088685,0.0,0.21100917431192662,0.2894736842105263,0.03669724770642202,0.07894736842105263,0.05504587155963303,0.07894736842105263
wiesbaden,https://www.wiesbaden.de/rathaus/smart-city/stadtteil-app,1.0465116279069768,172,180,0.3333333333333333,9,5,0.8844112753868103,0.46511627906976744,0.4388888888888889,0.029069767441860465,0.03333333333333333,0.3081395348837209,0.25,0.08139534883720931,0.09444444444444444,0.06395348837209303,0.022222222222222223
wiesbaden,https://www.wiesbaden.de/leben-in-wiesbaden/umwelt-natur-klima/luftqualitaet/lufthygiene,0.3673469387755102,490,180,0.11764705882352941,17,9,0.867071807384491,0.4714285714285714,0.5,0.07346938775510205,0.06666666666666667,0.2816326530612245,0.29444444444444445,0.06326530612244897,0.05,0.030612244897959183,0.03333333333333333
wiesbaden,https://www.wiesbaden.de/leben-in-wiesbaden/gesellschaft-soziales/engagement/aktionswoche-wiesbaden-engagiert,0.6336898395721925,374,237,0.2222222222222222,9,9,0.7958104610443115,0.4679144385026738,0.4472573839662447,0.058823529411764705,0.0379746835443038,0.286096256684492,0.2320675105485232,0.08021390374331551,0.11814345991561181,0.03743315508021391,0.02109704641350211
wiesbaden,https://www.wiesbaden.de/rathaus/smart-city/Smart-City-in-Wiesbaden_159092_159093,1.6515151515151516,132,218,0.5,4,8,0.6466777324676514,0.4696969696969697,0.45871559633027525,0.03787878787878788,0.03669724770642202,0.23484848484848486,0.2522935779816514,0.07575757575757576,0.09174311926605505,0.06060606060606061,0.013761467889908258
wiesbaden,https://www.wiesbaden.de/leben-in-wiesbaden/umwelt-natur-klima/nachhaltiges-wirtschaften/fortgeschrittene,1.8611111111111112,36,67,1.0,1,4,0.9192101955413818,0.5,0.44776119402985076,0.1111111111111111,0.07462686567164178,0.3333333333333333,0.3134328358208955,0.027777777777777776,0.04477611940298507,0.08333333333333333,0.08955223880597014
wiesbaden,https://www.wiesbaden.de/vv/produkte/34/Altkleidercontainer-Sondernutzungserlaubnis-beantragen,0.5375,160,86,0.16666666666666666,6,1,0.7939115762710571,0.425,0.47674418604651164,0.06875,0.09302325581395349,0.25,0.2441860465116279,0.0625,0.10465116279069768,0.025,0.011627906976744186
wiesbaden,https://www.wiesbaden.de/vv/produkte/34/Online-Anhoerung,1.1761006289308176,159,187,0.0,5,3,0.8389935493469238,0.4779874213836478,0.4385026737967914,0.05660377358490566,0.016042780748663103,0.3018867924528302,0.24064171122994651,0.07547169811320754,0.09090909090909091,0.0440251572327044,0.0641711229946524
wiesbaden,https://www.wiesbaden.de/rathaus/smart-city/smart-city-kampagne,2.8684210526315788,76,218,0.0,5,8,0.5916136503219604,0.5394736842105263,0.45871559633027525,0.10526315789473684,0.03669724770642202,0.3157894736842105,0.2522935779816514,0.05263157894736842,0.09174311926605505,0.05263157894736842,0.013761467889908258
wiesbaden,https://www.wiesbaden.de/rathaus/smart-city/digitaler-zwilling,1.2151777137367916,1041,1265,0.3333333333333333,18,28,0.7537229657173157,0.5110470701248799,0.46403162055335967,0.09510086455331412,0.06877470355731226,0.2689721421709894,0.23873517786561263,0.07588856868395773,0.08300395256916997,0.07588856868395773,0.028458498023715414
wiesbaden,https://www.wiesbaden.de/vv/produkte/51/Verfahrenslotse-junge-Menschen-Behinderung,0.42857142857142855,322,138,0.75,12,10,0.767013430595398,0.4161490683229814,0.39855072463768115,0.027950310559006212,0.007246376811594203,0.2763975155279503,0.2753623188405797,0.07453416149068323,0.10144927536231885,0.043478260869565216,0.036231884057971016
wiesbaden,https://www.wiesbaden.de/vv/produkte/34/Umzug-und-Ausnahmegenehmigung,0.35784313725490197,204,73,0.125,8,2,0.7020168900489807,0.4215686274509804,0.3972602739726027,0.024509803921568627,0.0273972602739726,0.3284313725490196,0.2602739726027397,0.029411764705882353,0.0684931506849315,0.029411764705882353,0.0410958904109589
wiesbaden,https://www.wiesbaden.de/vv/produkte/34/Umweltzone-Ausnahmegenehmigungen-zum-Befahren,0.3162393162393162,234,74,0.0,8,2,0.8995273113250732,0.39316239316239315,0.3918918918918919,0.042735042735042736,0.02702702702702703,0.2948717948717949,0.25675675675675674,0.02564102564102564,0.08108108108108109,0.017094017094017096,0.013513513513513514
wiesbaden,https://www.wiesbaden.de/rathaus/smart-city/virtuelle_stadtentwicklung,1.047008547008547,234,245,0.3333333333333333,6,8,0.8072744607925415,0.5341880341880342,0.4816326530612245,0.10256410256410256,0.0326530612244898,0.2692307692307692,0.24489795918367346,0.10256410256410256,0.11428571428571428,0.042735042735042736,0.012244897959183673
wiesbaden,https://www.wiesbaden.de/vv/oe/05/34/stabstelle-oeffentlichkeitsarbeit-amtskoordination/stabstelle-oeffentlichkeitsarbeit-amtskoordination,0.20930232558139536,344,72,0.07692307692307693,13,1,0.8456228971481323,0.46511627906976744,0.4027777777777778,0.02616279069767442,0.0,0.35755813953488375,0.2222222222222222,0.0436046511627907,0.09722222222222222,0.046511627906976744,0.041666666666666664
wiesbaden,https://www.wiesbaden.de/vv/produkte/34/Ordnungswidrigkeiten-im-Strassenverkehr,1.218978102189781,411,501,0.0,7,6,0.8696209788322449,0.44038929440389296,0.3932135728542914,0.051094890510948905,0.021956087824351298,0.22627737226277372,0.18762475049900199,0.0827250608272506,0.11177644710578842,0.05596107055961071,0.03792415169660679
wiesbaden,https://www.wiesbaden.de/vv/oe/02/15-1/amt-fuer-innovation-organisation-und-digitalisierung,0.5791044776119403,335,194,0.25,12,9,0.8578930497169495,0.5014925373134328,0.4793814432989691,0.04477611940298507,0.07216494845360824,0.3611940298507462,0.24742268041237114,0.041791044776119404,0.09278350515463918,0.08358208955223881,0.08247422680412371
wiesbaden,https://www.wiesbaden.de/leben-in-wiesbaden/umwelt-natur-klima/luftqualitaet/luftreinhalteplan,0.48517520215633425,371,180,0.09523809523809523,21,9,0.6994166374206543,0.4609164420485175,0.5,0.05390835579514825,0.06666666666666667,0.31266846361185985,0.29444444444444445,0.06199460916442048,0.05,0.05660377358490566,0.03333333333333333
wiesbaden,https://www.wiesbaden.de/kultur/kultur-erleben/film/natourale,0.6788990825688074,218,148,0.16666666666666666,12,13,0.3550298810005188,0.481651376146789,0.4797297297297297,0.07339449541284404,0.060810810810810814,0.30733944954128445,0.31081081081081086,0.06422018348623854,0.08108108108108109,0.06880733944954129,0.02702702702702703
wiesbaden,https://www.wiesbaden.de/leben-in-wiesbaden/umwelt-natur-klima/nachhaltiges-wirtschaften/netzwerk,0.15331807780320367,437,67,0.03333333333333333,30,4,0.8250004649162292,0.5354691075514875,0.44776119402985076,0.05263157894736842,0.07462686567164178,0.41189931350114417,0.3134328358208955,0.036613272311212815,0.04477611940298507,0.07093821510297482,0.08955223880597014
